Case ID,44A Mission Type,44A Payload (kg),44A Range (km),44A Endurance (min),44A Cruise Speed (km/h),44A Takeoff,44A Landing,44A Environment,44A Budget,Handoff Lossless,Pipeline Status,Physical Validation Status,Configuration,MTOW (kg),Calculated Mass (kg),Mass Conservation Status,Mass Diff (kg),Structural Mass (kg),Propulsion Mass (kg),Avionics Mass (kg),Payload Mass (kg),Battery Mass (kg),Wingspan (m),Wing Area (m2),Aspect Ratio,Root Chord (m),Tip Chord (m),Taper Ratio,Planform,Fuselage Length (m),Fuselage Width (m),Fuselage Height (m),Tail Config,Motor,Propeller,Battery,CG Location x (m),Static Margin,Static Margin Status,Achieved Range (km),Achieved Endurance (min),Achieved Speed (km/h),Stall Speed (km/h),Climb Rate (m/s),Takeoff Dist (m),Landing Dist (m),Performance Status,Propulsion Status,Electrical Status,Geometry Status,Failed Stage,Failure Category,Failure Reason,Technical Detail,Execution Time (ms),Iterations,Converged
1,DISASTER_RESPONSE,3.7,37.8,103.5,109.3,CATAPULT,BELLY_LANDING,FOREST,70303.64,True,FAILED,NOT_EVALUATED,Conventional,,,NOT_EVALUATED,,,,,,,,,,,,,,,,,,,,,,,NOT_EVALUATED,,,,,,,,NOT_EVALUATED,NOT_EVALUATED,NOT_EVALUATED,NOT_EVALUATED,CONVERGENCE,PROPULSION_FAILURE,Subsystem execution failed with exception: PropulsionOptimizer failed: PropulsionOptimizer failed: No feasible design candidates found.; Convergence failed: Subsystem execution failed with exception: PropulsionOptimizer failed: PropulsionOptimizer failed: No feasible design candidates found.,"Status: PROPULSION_INFEASIBLE, Warnings: 0, Iterations: 0",3278.41,0,False
8,TRAINING,1.38,94.5,76.7,67.8,HAND_LAUNCH,PARACHUTE,DESERT,79043.73,True,FAILED,NOT_EVALUATED,Conventional,,,NOT_EVALUATED,,,,,,,,,,,,,,,,,,,,,,,NOT_EVALUATED,,,,,,,,NOT_EVALUATED,NOT_EVALUATED,NOT_EVALUATED,NOT_EVALUATED,AVIONICS_SIZING,DATABASE_LIMITATION,COMPONENT_DATABASE_LIMITATION: Required communication range (94.50 km) exceeds the maximum range available in the telemetry catalog (80.00 km).,"Status: COMPONENT_DATABASE_LIMITATION, Warnings: 0, Iterations: 0",6.32,0,False
10,SECURITY,8.18,29.8,48.7,87.3,RUNWAY,RUNWAY,MOUNTAIN,72509.3,True,FAILED,NOT_EVALUATED,Conventional,,,NOT_EVALUATED,,,,,,,,,,,,,,,,,,,,,,,NOT_EVALUATED,,,,,,,,NOT_EVALUATED,NOT_EVALUATED,NOT_EVALUATED,NOT_EVALUATED,FUSELAGE_SIZING,SIZING_FAILURE,"Sized fuselage width (0.44 m) exceeds wing root chord (0.39 m), which causes extreme aerodynamic blockage and drag. Select a more slender fuselage profile.","Status: SIZING_INFEASIBLE, Warnings: 0, Iterations: 0",5.36,0,False
12,RESEARCH,4.78,35.6,97.5,88.7,CATAPULT,NET_RECOVERY,RURAL,22324.88,True,FAILED,NOT_EVALUATED,Conventional,,,NOT_EVALUATED,,,,,,,,,,,,,,,,,,,,,,,NOT_EVALUATED,,,,,,,,NOT_EVALUATED,NOT_EVALUATED,NOT_EVALUATED,NOT_EVALUATED,CONVERGENCE,PROPULSION_FAILURE,Subsystem execution failed with exception: PropulsionOptimizer failed: PropulsionOptimizer failed: No feasible design candidates found.; Convergence failed: Subsystem execution failed with exception: PropulsionOptimizer failed: PropulsionOptimizer failed: No feasible design candidates found.,"Status: PROPULSION_INFEASIBLE, Warnings: 0, Iterations: 0",3292.46,0,False
19,TRAINING,2.53,90.7,49.0,105.3,RUNWAY,RUNWAY,RURAL,78642.05,True,FAILED,NOT_EVALUATED,Conventional,,,NOT_EVALUATED,,,,,,,,,,,,,,,,,,,,,,,NOT_EVALUATED,,,,,,,,NOT_EVALUATED,NOT_EVALUATED,NOT_EVALUATED,NOT_EVALUATED,AVIONICS_SIZING,DATABASE_LIMITATION,COMPONENT_DATABASE_LIMITATION: Required communication range (90.70 km) exceeds the maximum range available in the telemetry catalog (80.00 km).,"Status: COMPONENT_DATABASE_LIMITATION, Warnings: 0, Iterations: 0",8.09,0,False
21,SURVEY,1.45,81.4,77.3,73.9,HAND_LAUNCH,BELLY_LANDING,RURAL,48848.73,True,FAILED,NOT_EVALUATED,Conventional,,,NOT_EVALUATED,,,,,,,,,,,,,,,,,,,,,,,NOT_EVALUATED,,,,,,,,NOT_EVALUATED,NOT_EVALUATED,NOT_EVALUATED,NOT_EVALUATED,AVIONICS_SIZING,DATABASE_LIMITATION,COMPONENT_DATABASE_LIMITATION: Required communication range (81.40 km) exceeds the maximum range available in the telemetry catalog (80.00 km).,"Status: COMPONENT_DATABASE_LIMITATION, Warnings: 0, Iterations: 0",5.78,0,False
22,TRAINING,2.51,67.4,124.2,103.4,RUNWAY,RUNWAY,FOREST,8983.92,True,EXCEPTION,NOT_EVALUATED,Conventional,,,NOT_EVALUATED,,,,,,,,,,,,,,,,,,,,,,,NOT_EVALUATED,,,,,,,,NOT_EVALUATED,NOT_EVALUATED,NOT_EVALUATED,NOT_EVALUATED,CONVERGENCE,INTERNAL_EXCEPTION,Design compliance score (76.0%) is below the minimum required safety compliance boundary (85.0%).,"Status: INTERNAL_EXCEPTION, Warnings: 0, Iterations: 4",14792.21,4,False
27,SURVEY,20.32,33.4,64.6,68.8,RUNWAY,RUNWAY,MOUNTAIN,5254.26,True,EXCEPTION,NOT_EVALUATED,Conventional,,,NOT_EVALUATED,,,,,,,,,,,,,,,,,,,,,,,NOT_EVALUATED,,,,,,,,NOT_EVALUATED,NOT_EVALUATED,NOT_EVALUATED,NOT_EVALUATED,PROPULSION_SIZING,INTERNAL_EXCEPTION,PROPULSION_POWER_LIMIT: Sized power target of 5625.5 W exceeds maximum catalog motor power limit of 3400.0 W.,"Status: INTERNAL_EXCEPTION, Warnings: 0, Iterations: 0",3.76,0,False
58,CUSTOM,1.4,30.3,93.9,81.6,HAND_LAUNCH,RUNWAY,FOREST,30124.14,True,FAILED,NOT_EVALUATED,Conventional,,,NOT_EVALUATED,,,,,,,,,,,,,,,,,,,,,,,NOT_EVALUATED,,,,,,,,NOT_EVALUATED,NOT_EVALUATED,NOT_EVALUATED,NOT_EVALUATED,CONVERGENCE,PROPULSION_FAILURE,Subsystem execution failed with exception: PropulsionOptimizer failed: PropulsionOptimizer failed: No feasible design candidates found.; Convergence failed: Subsystem execution failed with exception: PropulsionOptimizer failed: PropulsionOptimizer failed: No feasible design candidates found.,"Status: PROPULSION_INFEASIBLE, Warnings: 0, Iterations: 1",6598.57,1,False
75,SURVEY,14.63,39.5,36.5,63.6,RUNWAY,RUNWAY,DESERT,67434.84,True,FAILED,NOT_EVALUATED,Conventional,,,NOT_EVALUATED,,,,,,,,,,,,,,,,,,,,,,,NOT_EVALUATED,,,,,,,,NOT_EVALUATED,NOT_EVALUATED,NOT_EVALUATED,NOT_EVALUATED,CONVERGENCE,PROPULSION_FAILURE,Subsystem execution failed with exception: PropulsionOptimizer failed: PropulsionOptimizer failed: No feasible design candidates found.; Convergence failed: Subsystem execution failed with exception: PropulsionOptimizer failed: PropulsionOptimizer failed: No feasible design candidates found.,"Status: PROPULSION_INFEASIBLE, Warnings: 0, Iterations: 0",3652.08,0,False
99,MILITARY,22.44,36.3,56.7,76.5,RUNWAY,RUNWAY,DESERT,28793.9,True,FAILED,NOT_EVALUATED,Conventional,,,NOT_EVALUATED,,,,,,,,,,,,,,,,,,,,,,,NOT_EVALUATED,,,,,,,,NOT_EVALUATED,NOT_EVALUATED,NOT_EVALUATED,NOT_EVALUATED,FUSELAGE_SIZING,SIZING_FAILURE,"Sized fuselage width (0.73 m) exceeds wing root chord (0.65 m), which causes extreme aerodynamic blockage and drag. Select a more slender fuselage profile.","Status: SIZING_INFEASIBLE, Warnings: 0, Iterations: 0",4.39,0,False
101,SECURITY,3.91,81.6,148.2,86.5,CATAPULT,PARACHUTE,FOREST,67819.88,True,FAILED,NOT_EVALUATED,Conventional,,,NOT_EVALUATED,,,,,,,,,,,,,,,,,,,,,,,NOT_EVALUATED,,,,,,,,NOT_EVALUATED,NOT_EVALUATED,NOT_EVALUATED,NOT_EVALUATED,FUSELAGE_SIZING,SIZING_FAILURE,"Sized fuselage width (0.31 m) exceeds wing root chord (0.27 m), which causes extreme aerodynamic blockage and drag. Select a more slender fuselage profile.","Status: SIZING_INFEASIBLE, Warnings: 0, Iterations: 0",5.37,0,False
106,SECURITY,1.44,106.1,136.4,102.1,RUNWAY,RUNWAY,DESERT,26736.15,True,FAILED,NOT_EVALUATED,Conventional,,,NOT_EVALUATED,,,,,,,,,,,,,,,,,,,,,,,NOT_EVALUATED,,,,,,,,NOT_EVALUATED,NOT_EVALUATED,NOT_EVALUATED,NOT_EVALUATED,FUSELAGE_SIZING,SIZING_FAILURE,"Sized fuselage width (0.19 m) exceeds wing root chord (0.16 m), which causes extreme aerodynamic blockage and drag. Select a more slender fuselage profile.","Status: SIZING_INFEASIBLE, Warnings: 0, Iterations: 0",4.44,0,False
110,DELIVERY,1.45,37.3,96.7,74.1,CATAPULT,BELLY_LANDING,DESERT,15492.75,True,FAILED,NOT_EVALUATED,Conventional,,,NOT_EVALUATED,,,,,,,,,,,,,,,,,,,,,,,NOT_EVALUATED,,,,,,,,NOT_EVALUATED,NOT_EVALUATED,NOT_EVALUATED,NOT_EVALUATED,PROPULSION_SIZING,DATABASE_LIMITATION,"COMPONENT_DATABASE_LIMITATION: Lightest available component of type 'Cargo' in database weighs 2.00 kg, which exceeds the maximum allowed structural payload limit of 1.52 kg.","Status: COMPONENT_DATABASE_LIMITATION, Warnings: 0, Iterations: 0",2.62,0,False
114,DELIVERY,2.36,34.5,120.1,75.3,HAND_LAUNCH,RUNWAY,FOREST,73737.29,True,FAILED,NOT_EVALUATED,Conventional,,,NOT_EVALUATED,,,,,,,,,,,,,,,,,,,,,,,NOT_EVALUATED,,,,,,,,NOT_EVALUATED,NOT_EVALUATED,NOT_EVALUATED,NOT_EVALUATED,CONVERGENCE,PROPULSION_FAILURE,Subsystem execution failed with exception: PropulsionOptimizer failed: PropulsionOptimizer failed: No feasible design candidates found.; Convergence failed: Subsystem execution failed with exception: PropulsionOptimizer failed: PropulsionOptimizer failed: No feasible design candidates found.,"Status: PROPULSION_INFEASIBLE, Warnings: 0, Iterations: 0",3351.9,0,False
125,RESEARCH,4.26,88.1,90.4,109.8,RUNWAY,PARACHUTE,MOUNTAIN,12345.96,True,FAILED,NOT_EVALUATED,Conventional,,,NOT_EVALUATED,,,,,,,,,,,,,,,,,,,,,,,NOT_EVALUATED,,,,,,,,NOT_EVALUATED,NOT_EVALUATED,NOT_EVALUATED,NOT_EVALUATED,AVIONICS_SIZING,DATABASE_LIMITATION,COMPONENT_DATABASE_LIMITATION: Required communication range (88.10 km) exceeds the maximum range available in the telemetry catalog (80.00 km).,"Status: COMPONENT_DATABASE_LIMITATION, Warnings: 0, Iterations: 0",5.22,0,False
130,CUSTOM,1.83,34.1,71.2,82.9,RUNWAY,RUNWAY,DESERT,33774.42,True,EXCEPTION,NOT_EVALUATED,Conventional,,,NOT_EVALUATED,,,,,,,,,,,,,,,,,,,,,,,NOT_EVALUATED,,,,,,,,NOT_EVALUATED,NOT_EVALUATED,NOT_EVALUATED,NOT_EVALUATED,CONVERGENCE,INTERNAL_EXCEPTION,Design compliance score (76.0%) is below the minimum required safety compliance boundary (85.0%).,"Status: INTERNAL_EXCEPTION, Warnings: 0, Iterations: 6",22570.45,6,False
154,DISASTER_RESPONSE,23.0,16.0,83.7,61.7,RUNWAY,RUNWAY,DESERT,16909.15,True,EXCEPTION,NOT_EVALUATED,Conventional,,,NOT_EVALUATED,,,,,,,,,,,,,,,,,,,,,,,NOT_EVALUATED,,,,,,,,NOT_EVALUATED,NOT_EVALUATED,NOT_EVALUATED,NOT_EVALUATED,PROPULSION_SIZING,INTERNAL_EXCEPTION,PROPULSION_POWER_LIMIT: Sized power target of 6367.4 W exceeds maximum catalog motor power limit of 3400.0 W.,"Status: INTERNAL_EXCEPTION, Warnings: 0, Iterations: 0",5.88,0,False
155,SECURITY,1.16,45.8,81.6,59.4,RUNWAY,RUNWAY,MOUNTAIN,68852.59,True,FAILED,NOT_EVALUATED,Conventional,,,NOT_EVALUATED,,,,,,,,,,,,,,,,,,,,,,,NOT_EVALUATED,,,,,,,,NOT_EVALUATED,NOT_EVALUATED,NOT_EVALUATED,NOT_EVALUATED,FUSELAGE_SIZING,SIZING_FAILURE,"Sized fuselage width (0.17 m) exceeds wing root chord (0.15 m), which causes extreme aerodynamic blockage and drag. Select a more slender fuselage profile.","Status: SIZING_INFEASIBLE, Warnings: 0, Iterations: 0",8.53,0,False
156,MAPPING,3.23,44.3,51.7,57.7,HAND_LAUNCH,RUNWAY,FOREST,29421.69,True,FAILED,NOT_EVALUATED,Conventional,,,NOT_EVALUATED,,,,,,,,,,,,,,,,,,,,,,,NOT_EVALUATED,,,,,,,,NOT_EVALUATED,NOT_EVALUATED,NOT_EVALUATED,NOT_EVALUATED,CONVERGENCE,PROPULSION_FAILURE,Subsystem execution failed with exception: PropulsionOptimizer failed: PropulsionOptimizer failed: No feasible design candidates found.; Convergence failed: Subsystem execution failed with exception: PropulsionOptimizer failed: PropulsionOptimizer failed: No feasible design candidates found.,"Status: PROPULSION_INFEASIBLE, Warnings: 0, Iterations: 1",6605.75,1,False
161,CUSTOM,2.21,98.1,105.6,103.7,HAND_LAUNCH,BELLY_LANDING,RURAL,35349.99,True,FAILED,NOT_EVALUATED,Conventional,,,NOT_EVALUATED,,,,,,,,,,,,,,,,,,,,,,,NOT_EVALUATED,,,,,,,,NOT_EVALUATED,NOT_EVALUATED,NOT_EVALUATED,NOT_EVALUATED,AVIONICS_SIZING,DATABASE_LIMITATION,COMPONENT_DATABASE_LIMITATION: Required communication range (98.10 km) exceeds the maximum range available in the telemetry catalog (80.00 km).,"Status: COMPONENT_DATABASE_LIMITATION, Warnings: 0, Iterations: 0",2.98,0,False
171,MILITARY,15.17,63.4,60.7,50.6,RUNWAY,RUNWAY,DESERT,7643.34,True,FAILED,NOT_EVALUATED,Conventional,,,NOT_EVALUATED,,,,,,,,,,,,,,,,,,,,,,,NOT_EVALUATED,,,,,,,,NOT_EVALUATED,NOT_EVALUATED,NOT_EVALUATED,NOT_EVALUATED,FUSELAGE_SIZING,SIZING_FAILURE,"Sized fuselage width (0.60 m) exceeds wing root chord (0.53 m), which causes extreme aerodynamic blockage and drag. Select a more slender fuselage profile.","Status: SIZING_INFEASIBLE, Warnings: 0, Iterations: 0",2.85,0,False
173,MILITARY,1.86,67.3,72.9,53.3,RUNWAY,PARACHUTE,DESERT,65379.84,True,FAILED,NOT_EVALUATED,Conventional,,,NOT_EVALUATED,,,,,,,,,,,,,,,,,,,,,,,NOT_EVALUATED,,,,,,,,NOT_EVALUATED,NOT_EVALUATED,NOT_EVALUATED,NOT_EVALUATED,FUSELAGE_SIZING,SIZING_FAILURE,"Sized fuselage width (0.21 m) exceeds wing root chord (0.19 m), which causes extreme aerodynamic blockage and drag. Select a more slender fuselage profile.","Status: SIZING_INFEASIBLE, Warnings: 0, Iterations: 0",2.9,0,False
180,SURVEY,4.77,35.7,111.8,100.3,HAND_LAUNCH,BELLY_LANDING,FOREST,69171.68,True,FAILED,NOT_EVALUATED,Conventional,,,NOT_EVALUATED,,,,,,,,,,,,,,,,,,,,,,,NOT_EVALUATED,,,,,,,,NOT_EVALUATED,NOT_EVALUATED,NOT_EVALUATED,NOT_EVALUATED,CONVERGENCE,PROPULSION_FAILURE,Subsystem execution failed with exception: PropulsionOptimizer failed: PropulsionOptimizer failed: No feasible design candidates found.; Convergence failed: Subsystem execution failed with exception: PropulsionOptimizer failed: PropulsionOptimizer failed: No feasible design candidates found.,"Status: PROPULSION_INFEASIBLE, Warnings: 0, Iterations: 0",2991.1,0,False
184,SECURITY,1.33,37.1,149.3,95.2,HAND_LAUNCH,NET_RECOVERY,FOREST,65561.35,True,FAILED,NOT_EVALUATED,Conventional,,,NOT_EVALUATED,,,,,,,,,,,,,,,,,,,,,,,NOT_EVALUATED,,,,,,,,NOT_EVALUATED,NOT_EVALUATED,NOT_EVALUATED,NOT_EVALUATED,FUSELAGE_SIZING,SIZING_FAILURE,"Sized fuselage width (0.18 m) exceeds wing root chord (0.16 m), which causes extreme aerodynamic blockage and drag. Select a more slender fuselage profile.","Status: SIZING_INFEASIBLE, Warnings: 0, Iterations: 0",5.63,0,False
188,MAPPING,20.77,16.5,56.7,78.3,RUNWAY,RUNWAY,DESERT,52670.39,True,EXCEPTION,NOT_EVALUATED,Conventional,,,NOT_EVALUATED,,,,,,,,,,,,,,,,,,,,,,,NOT_EVALUATED,,,,,,,,NOT_EVALUATED,NOT_EVALUATED,NOT_EVALUATED,NOT_EVALUATED,PROPULSION_SIZING,INTERNAL_EXCEPTION,PROPULSION_POWER_LIMIT: Sized power target of 5750.0 W exceeds maximum catalog motor power limit of 3400.0 W.,"Status: INTERNAL_EXCEPTION, Warnings: 0, Iterations: 0",2.86,0,False
191,CUSTOM,3.97,64.5,86.5,103.4,RUNWAY,NET_RECOVERY,RURAL,44845.67,True,EXCEPTION,NOT_EVALUATED,Conventional,,,NOT_EVALUATED,,,,,,,,,,,,,,,,,,,,,,,NOT_EVALUATED,,,,,,,,NOT_EVALUATED,NOT_EVALUATED,NOT_EVALUATED,NOT_EVALUATED,CONVERGENCE,INTERNAL_EXCEPTION,Design compliance score (76.0%) is below the minimum required safety compliance boundary (85.0%).,"Status: INTERNAL_EXCEPTION, Warnings: 0, Iterations: 6",24070.28,6,False
192,SECURITY,3.25,33.4,103.9,92.5,CATAPULT,NET_RECOVERY,FOREST,30138.6,True,FAILED,NOT_EVALUATED,Conventional,,,NOT_EVALUATED,,,,,,,,,,,,,,,,,,,,,,,NOT_EVALUATED,,,,,,,,NOT_EVALUATED,NOT_EVALUATED,NOT_EVALUATED,NOT_EVALUATED,FUSELAGE_SIZING,SIZING_FAILURE,"Sized fuselage width (0.28 m) exceeds wing root chord (0.25 m), which causes extreme aerodynamic blockage and drag. Select a more slender fuselage profile.","Status: SIZING_INFEASIBLE, Warnings: 0, Iterations: 0",3.55,0,False
193,SURVEY,3.36,94.5,83.7,51.6,RUNWAY,BELLY_LANDING,DESERT,62566.57,True,FAILED,NOT_EVALUATED,Conventional,,,NOT_EVALUATED,,,,,,,,,,,,,,,,,,,,,,,NOT_EVALUATED,,,,,,,,NOT_EVALUATED,NOT_EVALUATED,NOT_EVALUATED,NOT_EVALUATED,AVIONICS_SIZING,DATABASE_LIMITATION,COMPONENT_DATABASE_LIMITATION: Required communication range (94.50 km) exceeds the maximum range available in the telemetry catalog (80.00 km).,"Status: COMPONENT_DATABASE_LIMITATION, Warnings: 0, Iterations: 0",2.31,0,False
202,TRAINING,1.72,84.0,136.3,93.2,CATAPULT,PARACHUTE,MOUNTAIN,20440.02,True,FAILED,NOT_EVALUATED,Conventional,,,NOT_EVALUATED,,,,,,,,,,,,,,,,,,,,,,,NOT_EVALUATED,,,,,,,,NOT_EVALUATED,NOT_EVALUATED,NOT_EVALUATED,NOT_EVALUATED,AVIONICS_SIZING,DATABASE_LIMITATION,COMPONENT_DATABASE_LIMITATION: Required communication range (84.00 km) exceeds the maximum range available in the telemetry catalog (80.00 km).,"Status: COMPONENT_DATABASE_LIMITATION, Warnings: 0, Iterations: 0",2.18,0,False
204,CUSTOM,4.71,47.3,48.0,55.0,CATAPULT,NET_RECOVERY,DESERT,52694.31,True,FAILED,NOT_EVALUATED,Conventional,,,NOT_EVALUATED,,,,,,,,,,,,,,,,,,,,,,,NOT_EVALUATED,,,,,,,,NOT_EVALUATED,NOT_EVALUATED,NOT_EVALUATED,NOT_EVALUATED,CONVERGENCE,PROPULSION_FAILURE,Subsystem execution failed with exception: PropulsionOptimizer failed: PropulsionOptimizer failed: No feasible design candidates found.; Convergence failed: Subsystem execution failed with exception: PropulsionOptimizer failed: PropulsionOptimizer failed: No feasible design candidates found.,"Status: PROPULSION_INFEASIBLE, Warnings: 0, Iterations: 0",2965.39,0,False
211,SURVEY,4.34,56.6,137.1,90.8,CATAPULT,PARACHUTE,RURAL,32998.25,True,FAILED,NOT_EVALUATED,Conventional,,,NOT_EVALUATED,,,,,,,,,,,,,,,,,,,,,,,NOT_EVALUATED,,,,,,,,NOT_EVALUATED,NOT_EVALUATED,NOT_EVALUATED,NOT_EVALUATED,CONVERGENCE,PROPULSION_FAILURE,Subsystem execution failed with exception: PropulsionOptimizer failed: PropulsionOptimizer failed: No feasible design candidates found.; Convergence failed: Subsystem execution failed with exception: PropulsionOptimizer failed: PropulsionOptimizer failed: No feasible design candidates found.,"Status: PROPULSION_INFEASIBLE, Warnings: 0, Iterations: 0",3007.24,0,False
218,MILITARY,3.92,110.4,135.6,60.7,CATAPULT,NET_RECOVERY,DESERT,56881.03,True,FAILED,NOT_EVALUATED,Conventional,,,NOT_EVALUATED,,,,,,,,,,,,,,,,,,,,,,,NOT_EVALUATED,,,,,,,,NOT_EVALUATED,NOT_EVALUATED,NOT_EVALUATED,NOT_EVALUATED,FUSELAGE_SIZING,SIZING_FAILURE,"Sized fuselage width (0.31 m) exceeds wing root chord (0.27 m), which causes extreme aerodynamic blockage and drag. Select a more slender fuselage profile.","Status: SIZING_INFEASIBLE, Warnings: 0, Iterations: 0",2.65,0,False
220,RESEARCH,1.68,71.5,58.2,104.8,RUNWAY,RUNWAY,DESERT,79934.08,True,FAILED,NOT_EVALUATED,Conventional,,,NOT_EVALUATED,,,,,,,,,,,,,,,,,,,,,,,NOT_EVALUATED,,,,,,,,NOT_EVALUATED,NOT_EVALUATED,NOT_EVALUATED,NOT_EVALUATED,PROPULSION_SIZING,DATABASE_LIMITATION,"COMPONENT_DATABASE_LIMITATION: Lightest available component of type 'Scientific Instruments' in database weighs 1.80 kg, which exceeds the maximum allowed structural payload limit of 1.76 kg.","Status: COMPONENT_DATABASE_LIMITATION, Warnings: 0, Iterations: 0",2.08,0,False
222,DELIVERY,1.94,101.1,123.3,65.9,HAND_LAUNCH,NET_RECOVERY,RURAL,7392.6,True,FAILED,NOT_EVALUATED,Conventional,,,NOT_EVALUATED,,,,,,,,,,,,,,,,,,,,,,,NOT_EVALUATED,,,,,,,,NOT_EVALUATED,NOT_EVALUATED,NOT_EVALUATED,NOT_EVALUATED,AVIONICS_SIZING,DATABASE_LIMITATION,COMPONENT_DATABASE_LIMITATION: Required communication range (101.10 km) exceeds the maximum range available in the telemetry catalog (80.00 km).,"Status: COMPONENT_DATABASE_LIMITATION, Warnings: 0, Iterations: 0",2.3,0,False
225,TRAINING,4.43,69.0,117.2,62.6,RUNWAY,BELLY_LANDING,RURAL,7076.77,True,EXCEPTION,NOT_EVALUATED,Conventional,,,NOT_EVALUATED,,,,,,,,,,,,,,,,,,,,,,,NOT_EVALUATED,,,,,,,,NOT_EVALUATED,NOT_EVALUATED,NOT_EVALUATED,NOT_EVALUATED,CONVERGENCE,INTERNAL_EXCEPTION,Design compliance score (76.0%) is below the minimum required safety compliance boundary (85.0%).,"Status: INTERNAL_EXCEPTION, Warnings: 0, Iterations: 6",24470.71,6,False
231,TRAINING,4.61,110.8,60.4,89.9,CATAPULT,BELLY_LANDING,RURAL,54807.42,True,FAILED,NOT_EVALUATED,Conventional,,,NOT_EVALUATED,,,,,,,,,,,,,,,,,,,,,,,NOT_EVALUATED,,,,,,,,NOT_EVALUATED,NOT_EVALUATED,NOT_EVALUATED,NOT_EVALUATED,AVIONICS_SIZING,DATABASE_LIMITATION,COMPONENT_DATABASE_LIMITATION: Required communication range (110.80 km) exceeds the maximum range available in the telemetry catalog (80.00 km).,"Status: COMPONENT_DATABASE_LIMITATION, Warnings: 0, Iterations: 0",3.93,0,False
238,DELIVERY,2.22,69.8,113.4,72.4,HAND_LAUNCH,PARACHUTE,RURAL,60448.9,True,FAILED,NOT_EVALUATED,Conventional,,,NOT_EVALUATED,,,,,,,,,,,,,,,,,,,,,,,NOT_EVALUATED,,,,,,,,NOT_EVALUATED,NOT_EVALUATED,NOT_EVALUATED,NOT_EVALUATED,CONVERGENCE,PROPULSION_FAILURE,Subsystem execution failed with exception: PropulsionOptimizer failed: PropulsionOptimizer failed: No feasible design candidates found.; Convergence failed: Subsystem execution failed with exception: PropulsionOptimizer failed: PropulsionOptimizer failed: No feasible design candidates found.,"Status: PROPULSION_INFEASIBLE, Warnings: 0, Iterations: 0",3797.92,0,False
239,SECURITY,1.76,112.3,108.5,53.3,HAND_LAUNCH,PARACHUTE,DESERT,32002.68,True,FAILED,NOT_EVALUATED,Conventional,,,NOT_EVALUATED,,,,,,,,,,,,,,,,,,,,,,,NOT_EVALUATED,,,,,,,,NOT_EVALUATED,NOT_EVALUATED,NOT_EVALUATED,NOT_EVALUATED,FUSELAGE_SIZING,SIZING_FAILURE,"Sized fuselage width (0.21 m) exceeds wing root chord (0.18 m), which causes extreme aerodynamic blockage and drag. Select a more slender fuselage profile.","Status: SIZING_INFEASIBLE, Warnings: 0, Iterations: 0",3.58,0,False
243,AGRICULTURE,3.86,114.0,83.6,78.0,RUNWAY,BELLY_LANDING,RURAL,60285.63,True,FAILED,NOT_EVALUATED,Conventional,,,NOT_EVALUATED,,,,,,,,,,,,,,,,,,,,,,,NOT_EVALUATED,,,,,,,,NOT_EVALUATED,NOT_EVALUATED,NOT_EVALUATED,NOT_EVALUATED,AVIONICS_SIZING,DATABASE_LIMITATION,COMPONENT_DATABASE_LIMITATION: Required communication range (114.00 km) exceeds the maximum range available in the telemetry catalog (80.00 km).,"Status: COMPONENT_DATABASE_LIMITATION, Warnings: 0, Iterations: 0",2.58,0,False
247,MILITARY,4.49,71.3,68.0,59.1,RUNWAY,NET_RECOVERY,RURAL,48258.68,True,FAILED,NOT_EVALUATED,Conventional,,,NOT_EVALUATED,,,,,,,,,,,,,,,,,,,,,,,NOT_EVALUATED,,,,,,,,NOT_EVALUATED,NOT_EVALUATED,NOT_EVALUATED,NOT_EVALUATED,FUSELAGE_SIZING,SIZING_FAILURE,"Sized fuselage width (0.33 m) exceeds wing root chord (0.29 m), which causes extreme aerodynamic blockage and drag. Select a more slender fuselage profile.","Status: SIZING_INFEASIBLE, Warnings: 0, Iterations: 0",2.48,0,False
248,RESEARCH,4.94,36.7,48.2,63.6,RUNWAY,BELLY_LANDING,DESERT,76825.67,True,FAILED,NOT_EVALUATED,Conventional,,,NOT_EVALUATED,,,,,,,,,,,,,,,,,,,,,,,NOT_EVALUATED,,,,,,,,NOT_EVALUATED,NOT_EVALUATED,NOT_EVALUATED,NOT_EVALUATED,CONVERGENCE,PROPULSION_FAILURE,Subsystem execution failed with exception: PropulsionOptimizer failed: PropulsionOptimizer failed: No feasible design candidates found.; Convergence failed: Subsystem execution failed with exception: PropulsionOptimizer failed: PropulsionOptimizer failed: No feasible design candidates found.,"Status: PROPULSION_INFEASIBLE, Warnings: 0, Iterations: 1",7991.86,1,False
259,DELIVERY,3.86,28.4,114.8,102.6,CATAPULT,PARACHUTE,FOREST,24106.06,True,FAILED,NOT_EVALUATED,Conventional,,,NOT_EVALUATED,,,,,,,,,,,,,,,,,,,,,,,NOT_EVALUATED,,,,,,,,NOT_EVALUATED,NOT_EVALUATED,NOT_EVALUATED,NOT_EVALUATED,CONVERGENCE,PROPULSION_FAILURE,Subsystem execution failed with exception: PropulsionOptimizer failed: PropulsionOptimizer failed: No feasible design candidates found.; Convergence failed: Subsystem execution failed with exception: PropulsionOptimizer failed: PropulsionOptimizer failed: No feasible design candidates found.,"Status: PROPULSION_INFEASIBLE, Warnings: 0, Iterations: 0",3967.1,0,False
268,DISASTER_RESPONSE,4.63,30.5,111.0,58.1,HAND_LAUNCH,BELLY_LANDING,DESERT,11338.12,True,FAILED,NOT_EVALUATED,Conventional,,,NOT_EVALUATED,,,,,,,,,,,,,,,,,,,,,,,NOT_EVALUATED,,,,,,,,NOT_EVALUATED,NOT_EVALUATED,NOT_EVALUATED,NOT_EVALUATED,CONVERGENCE,PROPULSION_FAILURE,Subsystem execution failed with exception: PropulsionOptimizer failed: PropulsionOptimizer failed: No feasible design candidates found.; Convergence failed: Subsystem execution failed with exception: PropulsionOptimizer failed: PropulsionOptimizer failed: No feasible design candidates found.,"Status: PROPULSION_INFEASIBLE, Warnings: 0, Iterations: 0",4017.57,0,False
271,RESEARCH,4.99,93.5,121.7,57.7,HAND_LAUNCH,BELLY_LANDING,MOUNTAIN,76726.31,True,FAILED,NOT_EVALUATED,Conventional,,,NOT_EVALUATED,,,,,,,,,,,,,,,,,,,,,,,NOT_EVALUATED,,,,,,,,NOT_EVALUATED,NOT_EVALUATED,NOT_EVALUATED,NOT_EVALUATED,AVIONICS_SIZING,DATABASE_LIMITATION,COMPONENT_DATABASE_LIMITATION: Required communication range (93.50 km) exceeds the maximum range available in the telemetry catalog (80.00 km).,"Status: COMPONENT_DATABASE_LIMITATION, Warnings: 0, Iterations: 0",6.11,0,False
274,DISASTER_RESPONSE,2.41,41.4,124.8,104.6,HAND_LAUNCH,RUNWAY,RURAL,13266.89,True,FAILED,NOT_EVALUATED,Conventional,,,NOT_EVALUATED,,,,,,,,,,,,,,,,,,,,,,,NOT_EVALUATED,,,,,,,,NOT_EVALUATED,NOT_EVALUATED,NOT_EVALUATED,NOT_EVALUATED,CONVERGENCE,PROPULSION_FAILURE,Subsystem execution failed with exception: PropulsionOptimizer failed: PropulsionOptimizer failed: No feasible design candidates found.; Convergence failed: Subsystem execution failed with exception: PropulsionOptimizer failed: PropulsionOptimizer failed: No feasible design candidates found.,"Status: PROPULSION_INFEASIBLE, Warnings: 0, Iterations: 0",3876.88,0,False
275,MILITARY,4.15,104.8,129.3,93.5,CATAPULT,BELLY_LANDING,FOREST,42506.78,True,FAILED,NOT_EVALUATED,Conventional,,,NOT_EVALUATED,,,,,,,,,,,,,,,,,,,,,,,NOT_EVALUATED,,,,,,,,NOT_EVALUATED,NOT_EVALUATED,NOT_EVALUATED,NOT_EVALUATED,FUSELAGE_SIZING,SIZING_FAILURE,"Sized fuselage width (0.32 m) exceeds wing root chord (0.28 m), which causes extreme aerodynamic blockage and drag. Select a more slender fuselage profile.","Status: SIZING_INFEASIBLE, Warnings: 0, Iterations: 0",3.5,0,False
281,DELIVERY,4.75,65.6,133.7,96.5,HAND_LAUNCH,RUNWAY,MOUNTAIN,63707.21,True,FAILED,NOT_EVALUATED,Conventional,,,NOT_EVALUATED,,,,,,,,,,,,,,,,,,,,,,,NOT_EVALUATED,,,,,,,,NOT_EVALUATED,NOT_EVALUATED,NOT_EVALUATED,NOT_EVALUATED,CONVERGENCE,PROPULSION_FAILURE,Subsystem execution failed with exception: PropulsionOptimizer failed: PropulsionOptimizer failed: No feasible design candidates found.; Convergence failed: Subsystem execution failed with exception: PropulsionOptimizer failed: PropulsionOptimizer failed: No feasible design candidates found.,"Status: PROPULSION_INFEASIBLE, Warnings: 0, Iterations: 0",4073.14,0,False
285,AGRICULTURE,2.17,92.0,48.9,90.6,CATAPULT,RUNWAY,FOREST,60716.35,True,FAILED,NOT_EVALUATED,Conventional,,,NOT_EVALUATED,,,,,,,,,,,,,,,,,,,,,,,NOT_EVALUATED,,,,,,,,NOT_EVALUATED,NOT_EVALUATED,NOT_EVALUATED,NOT_EVALUATED,AVIONICS_SIZING,DATABASE_LIMITATION,COMPONENT_DATABASE_LIMITATION: Required communication range (92.00 km) exceeds the maximum range available in the telemetry catalog (80.00 km).,"Status: COMPONENT_DATABASE_LIMITATION, Warnings: 0, Iterations: 0",4.05,0,False
291,SURVEY,1.08,56.1,139.4,74.7,RUNWAY,BELLY_LANDING,RURAL,7466.88,True,FAILED,NOT_EVALUATED,Conventional,,,NOT_EVALUATED,,,,,,,,,,,,,,,,,,,,,,,NOT_EVALUATED,,,,,,,,NOT_EVALUATED,NOT_EVALUATED,NOT_EVALUATED,NOT_EVALUATED,VERIFICATION,VERIFICATION_FAILURE,Aircraft design failed verification compliance checks.; Aircraft design failed verification compliance checks.,"Status: VERIFICATION_FAILED, Warnings: 0, Iterations: 5",20848.48,5,True
294,CUSTOM,3.2,75.2,72.6,108.2,CATAPULT,PARACHUTE,DESERT,17954.02,True,FAILED,NOT_EVALUATED,Conventional,,,NOT_EVALUATED,,,,,,,,,,,,,,,,,,,,,,,NOT_EVALUATED,,,,,,,,NOT_EVALUATED,NOT_EVALUATED,NOT_EVALUATED,NOT_EVALUATED,CONVERGENCE,PROPULSION_FAILURE,Subsystem execution failed with exception: PropulsionOptimizer failed: PropulsionOptimizer failed: No feasible design candidates found.; Convergence failed: Subsystem execution failed with exception: PropulsionOptimizer failed: PropulsionOptimizer failed: No feasible design candidates found.,"Status: PROPULSION_INFEASIBLE, Warnings: 0, Iterations: 0",4010.87,0,False
298,MILITARY,3.04,110.5,125.3,90.5,RUNWAY,NET_RECOVERY,DESERT,20704.68,True,FAILED,NOT_EVALUATED,Conventional,,,NOT_EVALUATED,,,,,,,,,,,,,,,,,,,,,,,NOT_EVALUATED,,,,,,,,NOT_EVALUATED,NOT_EVALUATED,NOT_EVALUATED,NOT_EVALUATED,FUSELAGE_SIZING,SIZING_FAILURE,"Sized fuselage width (0.27 m) exceeds wing root chord (0.24 m), which causes extreme aerodynamic blockage and drag. Select a more slender fuselage profile.","Status: SIZING_INFEASIBLE, Warnings: 0, Iterations: 0",3.48,0,False
301,SECURITY,1.66,42.2,103.9,65.1,CATAPULT,NET_RECOVERY,MOUNTAIN,43717.51,True,FAILED,NOT_EVALUATED,Conventional,,,NOT_EVALUATED,,,,,,,,,,,,,,,,,,,,,,,NOT_EVALUATED,,,,,,,,NOT_EVALUATED,NOT_EVALUATED,NOT_EVALUATED,NOT_EVALUATED,FUSELAGE_SIZING,SIZING_FAILURE,"Sized fuselage width (0.20 m) exceeds wing root chord (0.18 m), which causes extreme aerodynamic blockage and drag. Select a more slender fuselage profile.","Status: SIZING_INFEASIBLE, Warnings: 0, Iterations: 0",5.21,0,False
304,SURVEY,2.92,46.0,58.1,63.3,CATAPULT,PARACHUTE,FOREST,23248.69,True,FAILED,NOT_EVALUATED,Conventional,,,NOT_EVALUATED,,,,,,,,,,,,,,,,,,,,,,,NOT_EVALUATED,,,,,,,,NOT_EVALUATED,NOT_EVALUATED,NOT_EVALUATED,NOT_EVALUATED,CONVERGENCE,CONVERGENCE_FAILURE,Oscillation detected: design state at iteration 6 matches state at iteration 4.; Convergence failed: Oscillation detected: design state at iteration 6 matches state at iteration 4.,"Status: NON_CONVERGED, Warnings: 0, Iterations: 6",24440.41,6,False
305,MAPPING,4.99,27.7,109.1,95.4,CATAPULT,BELLY_LANDING,DESERT,34535.5,True,FAILED,NOT_EVALUATED,Conventional,,,NOT_EVALUATED,,,,,,,,,,,,,,,,,,,,,,,NOT_EVALUATED,,,,,,,,NOT_EVALUATED,NOT_EVALUATED,NOT_EVALUATED,NOT_EVALUATED,CONVERGENCE,PROPULSION_FAILURE,Subsystem execution failed with exception: PropulsionOptimizer failed: PropulsionOptimizer failed: No feasible design candidates found.; Convergence failed: Subsystem execution failed with exception: PropulsionOptimizer failed: PropulsionOptimizer failed: No feasible design candidates found.,"Status: PROPULSION_INFEASIBLE, Warnings: 0, Iterations: 0",4021.14,0,False
306,CUSTOM,16.03,41.3,20.3,48.9,RUNWAY,RUNWAY,DESERT,17569.61,True,INVALID_INPUT,NOT_EVALUATED,Conventional,,,NOT_EVALUATED,,,,,,,,,,,,,,,,,,,,,,,NOT_EVALUATED,,,,,,,,NOT_EVALUATED,NOT_EVALUATED,NOT_EVALUATED,NOT_EVALUATED,MISSION_TRANSLATION,INVALID_REQUIREMENTS,Mission range (41.3 km) is physically inconsistent with cruise speed (48.9 km/h) and flight time (20.3 min). Max theoretical range is 16.5 km.,"Status: INVALID_REQUIREMENTS, Warnings: 0, Iterations: 0",0.28,0,False
315,CUSTOM,1.07,103.2,105.7,53.3,HAND_LAUNCH,NET_RECOVERY,MOUNTAIN,36440.4,True,FAILED,NOT_EVALUATED,Conventional,,,NOT_EVALUATED,,,,,,,,,,,,,,,,,,,,,,,NOT_EVALUATED,,,,,,,,NOT_EVALUATED,NOT_EVALUATED,NOT_EVALUATED,NOT_EVALUATED,AVIONICS_SIZING,DATABASE_LIMITATION,COMPONENT_DATABASE_LIMITATION: Required communication range (103.20 km) exceeds the maximum range available in the telemetry catalog (80.00 km).,"Status: COMPONENT_DATABASE_LIMITATION, Warnings: 0, Iterations: 0",3.02,0,False
322,TRAINING,4.28,82.8,68.6,88.4,RUNWAY,RUNWAY,FOREST,27619.08,True,FAILED,NOT_EVALUATED,Conventional,,,NOT_EVALUATED,,,,,,,,,,,,,,,,,,,,,,,NOT_EVALUATED,,,,,,,,NOT_EVALUATED,NOT_EVALUATED,NOT_EVALUATED,NOT_EVALUATED,AVIONICS_SIZING,DATABASE_LIMITATION,COMPONENT_DATABASE_LIMITATION: Required communication range (82.80 km) exceeds the maximum range available in the telemetry catalog (80.00 km).,"Status: COMPONENT_DATABASE_LIMITATION, Warnings: 0, Iterations: 0",3.12,0,False
326,DELIVERY,1.46,63.2,73.5,50.9,CATAPULT,PARACHUTE,FOREST,34066.71,True,FAILED,NOT_EVALUATED,Conventional,,,NOT_EVALUATED,,,,,,,,,,,,,,,,,,,,,,,NOT_EVALUATED,,,,,,,,NOT_EVALUATED,NOT_EVALUATED,NOT_EVALUATED,NOT_EVALUATED,PROPULSION_SIZING,DATABASE_LIMITATION,"COMPONENT_DATABASE_LIMITATION: Lightest available component of type 'Cargo' in database weighs 2.00 kg, which exceeds the maximum allowed structural payload limit of 1.53 kg.","Status: COMPONENT_DATABASE_LIMITATION, Warnings: 0, Iterations: 0",3.21,0,False
327,MILITARY,16.1,55.9,40.9,67.0,RUNWAY,RUNWAY,DESERT,76978.17,True,FAILED,NOT_EVALUATED,Conventional,,,NOT_EVALUATED,,,,,,,,,,,,,,,,,,,,,,,NOT_EVALUATED,,,,,,,,NOT_EVALUATED,NOT_EVALUATED,NOT_EVALUATED,NOT_EVALUATED,FUSELAGE_SIZING,SIZING_FAILURE,"Sized fuselage width (0.62 m) exceeds wing root chord (0.55 m), which causes extreme aerodynamic blockage and drag. Select a more slender fuselage profile.","Status: SIZING_INFEASIBLE, Warnings: 0, Iterations: 0",3.66,0,False
338,RESEARCH,8.52,34.0,85.8,50.1,RUNWAY,RUNWAY,MOUNTAIN,16781.13,True,FAILED,NOT_EVALUATED,Conventional,,,NOT_EVALUATED,,,,,,,,,,,,,,,,,,,,,,,NOT_EVALUATED,,,,,,,,NOT_EVALUATED,NOT_EVALUATED,NOT_EVALUATED,NOT_EVALUATED,PERFORMANCE_SIZING,PERFORMANCE_FAILURE,"Cruise speed (50.1 kmh) is below the minimum safe cruise speed boundary (50.4 kmh, representing a 30.0% safety margin above clean stall).","Status: PERFORMANCE_INFEASIBLE, Warnings: 0, Iterations: 0",8.29,0,False
341,MAPPING,4.43,32.3,149.3,104.6,RUNWAY,RUNWAY,FOREST,49397.91,True,FAILED,NOT_EVALUATED,Conventional,,,NOT_EVALUATED,,,,,,,,,,,,,,,,,,,,,,,NOT_EVALUATED,,,,,,,,NOT_EVALUATED,NOT_EVALUATED,NOT_EVALUATED,NOT_EVALUATED,CONVERGENCE,PROPULSION_FAILURE,Subsystem execution failed with exception: PropulsionOptimizer failed: PropulsionOptimizer failed: No feasible design candidates found.; Convergence failed: Subsystem execution failed with exception: PropulsionOptimizer failed: PropulsionOptimizer failed: No feasible design candidates found.,"Status: PROPULSION_INFEASIBLE, Warnings: 0, Iterations: 0",4204.74,0,False
342,DISASTER_RESPONSE,4.24,91.4,66.0,53.7,CATAPULT,NET_RECOVERY,DESERT,33588.72,True,INVALID_INPUT,NOT_EVALUATED,Conventional,,,NOT_EVALUATED,,,,,,,,,,,,,,,,,,,,,,,NOT_EVALUATED,,,,,,,,NOT_EVALUATED,NOT_EVALUATED,NOT_EVALUATED,NOT_EVALUATED,MISSION_TRANSLATION,INVALID_REQUIREMENTS,Mission range (91.4 km) is physically inconsistent with cruise speed (53.7 km/h) and flight time (66.0 min). Max theoretical range is 59.1 km.,"Status: INVALID_REQUIREMENTS, Warnings: 0, Iterations: 0",0.29,0,False
345,MAPPING,3.12,33.5,70.0,98.1,CATAPULT,RUNWAY,RURAL,60757.41,True,FAILED,NOT_EVALUATED,Conventional,,,NOT_EVALUATED,,,,,,,,,,,,,,,,,,,,,,,NOT_EVALUATED,,,,,,,,NOT_EVALUATED,NOT_EVALUATED,NOT_EVALUATED,NOT_EVALUATED,CONVERGENCE,PROPULSION_FAILURE,Subsystem execution failed with exception: PropulsionOptimizer failed: PropulsionOptimizer failed: No feasible design candidates found.; Convergence failed: Subsystem execution failed with exception: PropulsionOptimizer failed: PropulsionOptimizer failed: No feasible design candidates found.,"Status: PROPULSION_INFEASIBLE, Warnings: 0, Iterations: 0",3959.31,0,False
354,TRAINING,1.43,36.3,136.0,65.4,HAND_LAUNCH,RUNWAY,MOUNTAIN,11449.79,True,FAILED,NOT_EVALUATED,Conventional,,,NOT_EVALUATED,,,,,,,,,,,,,,,,,,,,,,,NOT_EVALUATED,,,,,,,,NOT_EVALUATED,NOT_EVALUATED,NOT_EVALUATED,NOT_EVALUATED,PERFORMANCE_SIZING,PERFORMANCE_FAILURE,"Cruise speed (65.4 kmh) is below the minimum safe cruise speed boundary (67.9 kmh, representing a 20.0% safety margin above clean stall).","Status: PERFORMANCE_INFEASIBLE, Warnings: 0, Iterations: 0",3.46,0,False
356,MAPPING,2.52,114.1,114.9,94.8,CATAPULT,RUNWAY,RURAL,72080.75,True,FAILED,NOT_EVALUATED,Conventional,,,NOT_EVALUATED,,,,,,,,,,,,,,,,,,,,,,,NOT_EVALUATED,,,,,,,,NOT_EVALUATED,NOT_EVALUATED,NOT_EVALUATED,NOT_EVALUATED,AVIONICS_SIZING,DATABASE_LIMITATION,COMPONENT_DATABASE_LIMITATION: Required communication range (114.10 km) exceeds the maximum range available in the telemetry catalog (80.00 km).,"Status: COMPONENT_DATABASE_LIMITATION, Warnings: 0, Iterations: 0",3.24,0,False
359,CUSTOM,4.15,49.8,50.8,79.0,HAND_LAUNCH,BELLY_LANDING,RURAL,31469.74,True,FAILED,NOT_EVALUATED,Conventional,,,NOT_EVALUATED,,,,,,,,,,,,,,,,,,,,,,,NOT_EVALUATED,,,,,,,,NOT_EVALUATED,NOT_EVALUATED,NOT_EVALUATED,NOT_EVALUATED,CONVERGENCE,PROPULSION_FAILURE,Subsystem execution failed with exception: PropulsionOptimizer failed: PropulsionOptimizer failed: No feasible design candidates found.; Convergence failed: Subsystem execution failed with exception: PropulsionOptimizer failed: PropulsionOptimizer failed: No feasible design candidates found.,"Status: PROPULSION_INFEASIBLE, Warnings: 0, Iterations: 0",4019.12,0,False
365,DELIVERY,8.08,25.7,21.8,60.6,RUNWAY,RUNWAY,DESERT,23936.33,True,FAILED,NOT_EVALUATED,Conventional,,,NOT_EVALUATED,,,,,,,,,,,,,,,,,,,,,,,NOT_EVALUATED,,,,,,,,NOT_EVALUATED,NOT_EVALUATED,NOT_EVALUATED,NOT_EVALUATED,CONVERGENCE,PROPULSION_FAILURE,Subsystem execution failed with exception: PropulsionOptimizer failed: PropulsionOptimizer failed: No feasible design candidates found.; Convergence failed: Subsystem execution failed with exception: PropulsionOptimizer failed: PropulsionOptimizer failed: No feasible design candidates found.,"Status: PROPULSION_INFEASIBLE, Warnings: 0, Iterations: 0",4198.91,0,False
377,TRAINING,3.09,67.5,60.9,106.1,CATAPULT,PARACHUTE,MOUNTAIN,73939.07,True,FAILED,NOT_EVALUATED,Conventional,,,NOT_EVALUATED,,,,,,,,,,,,,,,,,,,,,,,NOT_EVALUATED,,,,,,,,NOT_EVALUATED,NOT_EVALUATED,NOT_EVALUATED,NOT_EVALUATED,CONVERGENCE,PROPULSION_FAILURE,Subsystem execution failed with exception: PropulsionOptimizer failed: PropulsionOptimizer failed: No feasible design candidates found.; Convergence failed: Subsystem execution failed with exception: PropulsionOptimizer failed: PropulsionOptimizer failed: No feasible design candidates found.,"Status: PROPULSION_INFEASIBLE, Warnings: 0, Iterations: 0",3810.28,0,False
386,AGRICULTURE,2.74,28.3,62.5,76.1,HAND_LAUNCH,PARACHUTE,DESERT,64053.18,True,FAILED,NOT_EVALUATED,Conventional,,,NOT_EVALUATED,,,,,,,,,,,,,,,,,,,,,,,NOT_EVALUATED,,,,,,,,NOT_EVALUATED,NOT_EVALUATED,NOT_EVALUATED,NOT_EVALUATED,CONVERGENCE,PROPULSION_FAILURE,Subsystem execution failed with exception: PropulsionOptimizer failed: PropulsionOptimizer failed: No feasible design candidates found.; Convergence failed: Subsystem execution failed with exception: PropulsionOptimizer failed: PropulsionOptimizer failed: No feasible design candidates found.,"Status: PROPULSION_INFEASIBLE, Warnings: 0, Iterations: 1",7766.82,1,False
389,TRAINING,13.28,31.8,24.8,62.0,RUNWAY,RUNWAY,MOUNTAIN,76547.75,True,EXCEPTION,NOT_EVALUATED,Conventional,,,NOT_EVALUATED,,,,,,,,,,,,,,,,,,,,,,,NOT_EVALUATED,,,,,,,,NOT_EVALUATED,NOT_EVALUATED,NOT_EVALUATED,NOT_EVALUATED,PERFORMANCE_SIZING,INTERNAL_EXCEPTION,Sized maximum flight range (30.1 km) is below mission range requirement (31.8 km).,"Status: INTERNAL_EXCEPTION, Warnings: 0, Iterations: 0",4.5,0,False
392,SECURITY,1.62,81.3,84.6,98.4,HAND_LAUNCH,NET_RECOVERY,RURAL,3240.89,True,FAILED,NOT_EVALUATED,Conventional,,,NOT_EVALUATED,,,,,,,,,,,,,,,,,,,,,,,NOT_EVALUATED,,,,,,,,NOT_EVALUATED,NOT_EVALUATED,NOT_EVALUATED,NOT_EVALUATED,FUSELAGE_SIZING,SIZING_FAILURE,"Sized fuselage width (0.20 m) exceeds wing root chord (0.17 m), which causes extreme aerodynamic blockage and drag. Select a more slender fuselage profile.","Status: SIZING_INFEASIBLE, Warnings: 0, Iterations: 0",3.64,0,False
397,CUSTOM,22.85,47.2,39.3,67.2,RUNWAY,RUNWAY,MOUNTAIN,21356.21,True,EXCEPTION,NOT_EVALUATED,Conventional,,,NOT_EVALUATED,,,,,,,,,,,,,,,,,,,,,,,NOT_EVALUATED,,,,,,,,NOT_EVALUATED,NOT_EVALUATED,NOT_EVALUATED,NOT_EVALUATED,PROPULSION_SIZING,INTERNAL_EXCEPTION,PROPULSION_POWER_LIMIT: Sized power target of 6325.8 W exceeds maximum catalog motor power limit of 3400.0 W.,"Status: INTERNAL_EXCEPTION, Warnings: 0, Iterations: 0",2.97,0,False
399,TRAINING,4.98,111.5,140.7,69.0,HAND_LAUNCH,BELLY_LANDING,DESERT,63499.95,True,FAILED,NOT_EVALUATED,Conventional,,,NOT_EVALUATED,,,,,,,,,,,,,,,,,,,,,,,NOT_EVALUATED,,,,,,,,NOT_EVALUATED,NOT_EVALUATED,NOT_EVALUATED,NOT_EVALUATED,AVIONICS_SIZING,DATABASE_LIMITATION,COMPONENT_DATABASE_LIMITATION: Required communication range (111.50 km) exceeds the maximum range available in the telemetry catalog (80.00 km).,"Status: COMPONENT_DATABASE_LIMITATION, Warnings: 0, Iterations: 0",2.9,0,False
405,DELIVERY,3.84,94.6,148.7,106.7,CATAPULT,RUNWAY,FOREST,32529.95,True,FAILED,NOT_EVALUATED,Conventional,,,NOT_EVALUATED,,,,,,,,,,,,,,,,,,,,,,,NOT_EVALUATED,,,,,,,,NOT_EVALUATED,NOT_EVALUATED,NOT_EVALUATED,NOT_EVALUATED,AVIONICS_SIZING,DATABASE_LIMITATION,COMPONENT_DATABASE_LIMITATION: Required communication range (94.60 km) exceeds the maximum range available in the telemetry catalog (80.00 km).,"Status: COMPONENT_DATABASE_LIMITATION, Warnings: 0, Iterations: 0",4.39,0,False
406,RESEARCH,4.17,85.2,50.5,67.4,RUNWAY,RUNWAY,MOUNTAIN,19981.35,True,INVALID_INPUT,NOT_EVALUATED,Conventional,,,NOT_EVALUATED,,,,,,,,,,,,,,,,,,,,,,,NOT_EVALUATED,,,,,,,,NOT_EVALUATED,NOT_EVALUATED,NOT_EVALUATED,NOT_EVALUATED,MISSION_TRANSLATION,INVALID_REQUIREMENTS,Mission range (85.2 km) is physically inconsistent with cruise speed (67.4 km/h) and flight time (50.5 min). Max theoretical range is 56.7 km.,"Status: INVALID_REQUIREMENTS, Warnings: 0, Iterations: 0",0.24,0,False
416,RESEARCH,3.36,50.8,100.4,76.6,RUNWAY,NET_RECOVERY,RURAL,57889.14,True,FAILED,NOT_EVALUATED,Conventional,,,NOT_EVALUATED,,,,,,,,,,,,,,,,,,,,,,,NOT_EVALUATED,,,,,,,,NOT_EVALUATED,NOT_EVALUATED,NOT_EVALUATED,NOT_EVALUATED,CONVERGENCE,PROPULSION_FAILURE,Subsystem execution failed with exception: PropulsionOptimizer failed: PropulsionOptimizer failed: No feasible design candidates found.; Convergence failed: Subsystem execution failed with exception: PropulsionOptimizer failed: PropulsionOptimizer failed: No feasible design candidates found.,"Status: PROPULSION_INFEASIBLE, Warnings: 0, Iterations: 1",7826.51,1,False
417,MILITARY,3.59,108.3,91.9,99.8,HAND_LAUNCH,NET_RECOVERY,FOREST,16664.64,True,FAILED,NOT_EVALUATED,Conventional,,,NOT_EVALUATED,,,,,,,,,,,,,,,,,,,,,,,NOT_EVALUATED,,,,,,,,NOT_EVALUATED,NOT_EVALUATED,NOT_EVALUATED,NOT_EVALUATED,FUSELAGE_SIZING,SIZING_FAILURE,"Sized fuselage width (0.29 m) exceeds wing root chord (0.26 m), which causes extreme aerodynamic blockage and drag. Select a more slender fuselage profile.","Status: SIZING_INFEASIBLE, Warnings: 0, Iterations: 0",3.61,0,False
418,MILITARY,2.89,72.0,142.6,67.5,CATAPULT,PARACHUTE,RURAL,71590.9,True,FAILED,NOT_EVALUATED,Conventional,,,NOT_EVALUATED,,,,,,,,,,,,,,,,,,,,,,,NOT_EVALUATED,,,,,,,,NOT_EVALUATED,NOT_EVALUATED,NOT_EVALUATED,NOT_EVALUATED,FUSELAGE_SIZING,SIZING_FAILURE,"Sized fuselage width (0.26 m) exceeds wing root chord (0.23 m), which causes extreme aerodynamic blockage and drag. Select a more slender fuselage profile.","Status: SIZING_INFEASIBLE, Warnings: 0, Iterations: 0",3.4,0,False
420,CUSTOM,1.32,35.3,142.3,74.9,RUNWAY,NET_RECOVERY,MOUNTAIN,28597.34,True,FAILED,NOT_EVALUATED,Conventional,,,NOT_EVALUATED,,,,,,,,,,,,,,,,,,,,,,,NOT_EVALUATED,,,,,,,,NOT_EVALUATED,NOT_EVALUATED,NOT_EVALUATED,NOT_EVALUATED,VERIFICATION,VERIFICATION_FAILURE,Aircraft design failed verification compliance checks.; Aircraft design failed verification compliance checks.,"Status: VERIFICATION_FAILED, Warnings: 0, Iterations: 5",20332.05,5,True
428,SECURITY,2.26,100.6,137.8,94.2,RUNWAY,PARACHUTE,MOUNTAIN,2012.03,True,FAILED,NOT_EVALUATED,Conventional,,,NOT_EVALUATED,,,,,,,,,,,,,,,,,,,,,,,NOT_EVALUATED,,,,,,,,NOT_EVALUATED,NOT_EVALUATED,NOT_EVALUATED,NOT_EVALUATED,FUSELAGE_SIZING,SIZING_FAILURE,"Sized fuselage width (0.23 m) exceeds wing root chord (0.21 m), which causes extreme aerodynamic blockage and drag. Select a more slender fuselage profile.","Status: SIZING_INFEASIBLE, Warnings: 0, Iterations: 0",3.52,0,False
429,DELIVERY,3.04,105.9,134.6,66.6,CATAPULT,RUNWAY,FOREST,29190.4,True,FAILED,NOT_EVALUATED,Conventional,,,NOT_EVALUATED,,,,,,,,,,,,,,,,,,,,,,,NOT_EVALUATED,,,,,,,,NOT_EVALUATED,NOT_EVALUATED,NOT_EVALUATED,NOT_EVALUATED,AVIONICS_SIZING,DATABASE_LIMITATION,COMPONENT_DATABASE_LIMITATION: Required communication range (105.90 km) exceeds the maximum range available in the telemetry catalog (80.00 km).,"Status: COMPONENT_DATABASE_LIMITATION, Warnings: 0, Iterations: 0",9.53,0,False
433,TRAINING,10.59,62.5,23.4,52.8,RUNWAY,RUNWAY,DESERT,53647.96,True,INVALID_INPUT,NOT_EVALUATED,Conventional,,,NOT_EVALUATED,,,,,,,,,,,,,,,,,,,,,,,NOT_EVALUATED,,,,,,,,NOT_EVALUATED,NOT_EVALUATED,NOT_EVALUATED,NOT_EVALUATED,MISSION_TRANSLATION,INVALID_REQUIREMENTS,Mission range (62.5 km) is physically inconsistent with cruise speed (52.8 km/h) and flight time (23.4 min). Max theoretical range is 20.6 km.,"Status: INVALID_REQUIREMENTS, Warnings: 0, Iterations: 0",0.38,0,False
440,DELIVERY,3.44,29.3,47.8,81.2,CATAPULT,NET_RECOVERY,FOREST,16637.11,True,FAILED,NOT_EVALUATED,Conventional,,,NOT_EVALUATED,,,,,,,,,,,,,,,,,,,,,,,NOT_EVALUATED,,,,,,,,NOT_EVALUATED,NOT_EVALUATED,NOT_EVALUATED,NOT_EVALUATED,CONVERGENCE,PROPULSION_FAILURE,Subsystem execution failed with exception: PropulsionOptimizer failed: PropulsionOptimizer failed: No feasible design candidates found.; Convergence failed: Subsystem execution failed with exception: PropulsionOptimizer failed: PropulsionOptimizer failed: No feasible design candidates found.,"Status: PROPULSION_INFEASIBLE, Warnings: 0, Iterations: 0",3874.49,0,False
448,MAPPING,2.16,42.9,58.8,61.7,CATAPULT,RUNWAY,MOUNTAIN,3306.37,True,FAILED,NOT_EVALUATED,Conventional,,,NOT_EVALUATED,,,,,,,,,,,,,,,,,,,,,,,NOT_EVALUATED,,,,,,,,NOT_EVALUATED,NOT_EVALUATED,NOT_EVALUATED,NOT_EVALUATED,CONVERGENCE,PROPULSION_FAILURE,Subsystem execution failed with exception: PropulsionOptimizer failed: PropulsionOptimizer failed: No feasible design candidates found.; Convergence failed: Subsystem execution failed with exception: PropulsionOptimizer failed: PropulsionOptimizer failed: No feasible design candidates found.,"Status: PROPULSION_INFEASIBLE, Warnings: 0, Iterations: 1",7942.46,1,False
450,SECURITY,4.49,70.5,119.6,98.0,RUNWAY,RUNWAY,RURAL,36410.28,True,FAILED,NOT_EVALUATED,Conventional,,,NOT_EVALUATED,,,,,,,,,,,,,,,,,,,,,,,NOT_EVALUATED,,,,,,,,NOT_EVALUATED,NOT_EVALUATED,NOT_EVALUATED,NOT_EVALUATED,FUSELAGE_SIZING,SIZING_FAILURE,"Sized fuselage width (0.33 m) exceeds wing root chord (0.29 m), which causes extreme aerodynamic blockage and drag. Select a more slender fuselage profile.","Status: SIZING_INFEASIBLE, Warnings: 0, Iterations: 0",5.22,0,False
451,AGRICULTURE,1.52,97.9,114.0,61.8,HAND_LAUNCH,NET_RECOVERY,MOUNTAIN,62119.08,True,FAILED,NOT_EVALUATED,Conventional,,,NOT_EVALUATED,,,,,,,,,,,,,,,,,,,,,,,NOT_EVALUATED,,,,,,,,NOT_EVALUATED,NOT_EVALUATED,NOT_EVALUATED,NOT_EVALUATED,AVIONICS_SIZING,DATABASE_LIMITATION,COMPONENT_DATABASE_LIMITATION: Required communication range (97.90 km) exceeds the maximum range available in the telemetry catalog (80.00 km).,"Status: COMPONENT_DATABASE_LIMITATION, Warnings: 0, Iterations: 0",3.35,0,False
453,SURVEY,8.33,38.6,66.2,65.4,RUNWAY,RUNWAY,DESERT,79323.3,True,FAILED,NOT_EVALUATED,Conventional,,,NOT_EVALUATED,,,,,,,,,,,,,,,,,,,,,,,NOT_EVALUATED,,,,,,,,NOT_EVALUATED,NOT_EVALUATED,NOT_EVALUATED,NOT_EVALUATED,CONVERGENCE,PROPULSION_FAILURE,Subsystem execution failed with exception: PropulsionOptimizer failed: PropulsionOptimizer failed: No feasible design candidates found.; Convergence failed: Subsystem execution failed with exception: PropulsionOptimizer failed: PropulsionOptimizer failed: No feasible design candidates found.,"Status: PROPULSION_INFEASIBLE, Warnings: 0, Iterations: 0",3858.43,0,False
463,MAPPING,4.74,99.6,80.8,97.3,CATAPULT,NET_RECOVERY,DESERT,75024.32,True,FAILED,NOT_EVALUATED,Conventional,,,NOT_EVALUATED,,,,,,,,,,,,,,,,,,,,,,,NOT_EVALUATED,,,,,,,,NOT_EVALUATED,NOT_EVALUATED,NOT_EVALUATED,NOT_EVALUATED,AVIONICS_SIZING,DATABASE_LIMITATION,COMPONENT_DATABASE_LIMITATION: Required communication range (99.60 km) exceeds the maximum range available in the telemetry catalog (80.00 km).,"Status: COMPONENT_DATABASE_LIMITATION, Warnings: 0, Iterations: 0",6.08,0,False
466,TRAINING,1.17,114.7,77.0,84.9,RUNWAY,BELLY_LANDING,RURAL,69345.08,True,FAILED,NOT_EVALUATED,Conventional,,,NOT_EVALUATED,,,,,,,,,,,,,,,,,,,,,,,NOT_EVALUATED,,,,,,,,NOT_EVALUATED,NOT_EVALUATED,NOT_EVALUATED,NOT_EVALUATED,AVIONICS_SIZING,DATABASE_LIMITATION,COMPONENT_DATABASE_LIMITATION: Required communication range (114.70 km) exceeds the maximum range available in the telemetry catalog (80.00 km).,"Status: COMPONENT_DATABASE_LIMITATION, Warnings: 0, Iterations: 0",3.57,0,False
491,MAPPING,1.03,34.3,98.3,74.8,CATAPULT,NET_RECOVERY,FOREST,59392.38,True,FAILED,NOT_EVALUATED,Conventional,,,NOT_EVALUATED,,,,,,,,,,,,,,,,,,,,,,,NOT_EVALUATED,,,,,,,,NOT_EVALUATED,NOT_EVALUATED,NOT_EVALUATED,NOT_EVALUATED,VERIFICATION,VERIFICATION_FAILURE,Aircraft design failed verification compliance checks.; Aircraft design failed verification compliance checks.,"Status: VERIFICATION_FAILED, Warnings: 0, Iterations: 5",19875.58,5,True
494,RESEARCH,1.05,46.0,84.5,81.3,RUNWAY,PARACHUTE,RURAL,7968.96,True,FAILED,NOT_EVALUATED,Conventional,,,NOT_EVALUATED,,,,,,,,,,,,,,,,,,,,,,,NOT_EVALUATED,,,,,,,,NOT_EVALUATED,NOT_EVALUATED,NOT_EVALUATED,NOT_EVALUATED,PROPULSION_SIZING,DATABASE_LIMITATION,"COMPONENT_DATABASE_LIMITATION: Lightest available component of type 'Scientific Instruments' in database weighs 1.80 kg, which exceeds the maximum allowed structural payload limit of 1.10 kg.","Status: COMPONENT_DATABASE_LIMITATION, Warnings: 0, Iterations: 0",3.81,0,False
495,RESEARCH,1.47,40.4,136.3,98.7,CATAPULT,BELLY_LANDING,FOREST,25383.72,True,FAILED,NOT_EVALUATED,Conventional,,,NOT_EVALUATED,,,,,,,,,,,,,,,,,,,,,,,NOT_EVALUATED,,,,,,,,NOT_EVALUATED,NOT_EVALUATED,NOT_EVALUATED,NOT_EVALUATED,PROPULSION_SIZING,DATABASE_LIMITATION,"COMPONENT_DATABASE_LIMITATION: Lightest available component of type 'Scientific Instruments' in database weighs 1.80 kg, which exceeds the maximum allowed structural payload limit of 1.54 kg.","Status: COMPONENT_DATABASE_LIMITATION, Warnings: 0, Iterations: 0",3.33,0,False
498,RESEARCH,4.88,33.4,98.2,75.4,RUNWAY,NET_RECOVERY,MOUNTAIN,69047.69,True,FAILED,NOT_EVALUATED,Conventional,,,NOT_EVALUATED,,,,,,,,,,,,,,,,,,,,,,,NOT_EVALUATED,,,,,,,,NOT_EVALUATED,NOT_EVALUATED,NOT_EVALUATED,NOT_EVALUATED,CONVERGENCE,PROPULSION_FAILURE,Subsystem execution failed with exception: PropulsionOptimizer failed: PropulsionOptimizer failed: No feasible design candidates found.; Convergence failed: Subsystem execution failed with exception: PropulsionOptimizer failed: PropulsionOptimizer failed: No feasible design candidates found.,"Status: PROPULSION_INFEASIBLE, Warnings: 0, Iterations: 0",3880.78,0,False
507,TRAINING,3.97,89.0,59.0,103.7,CATAPULT,BELLY_LANDING,MOUNTAIN,10650.26,True,FAILED,NOT_EVALUATED,Conventional,,,NOT_EVALUATED,,,,,,,,,,,,,,,,,,,,,,,NOT_EVALUATED,,,,,,,,NOT_EVALUATED,NOT_EVALUATED,NOT_EVALUATED,NOT_EVALUATED,AVIONICS_SIZING,DATABASE_LIMITATION,COMPONENT_DATABASE_LIMITATION: Required communication range (89.00 km) exceeds the maximum range available in the telemetry catalog (80.00 km).,"Status: COMPONENT_DATABASE_LIMITATION, Warnings: 0, Iterations: 0",2.96,0,False
520,SURVEY,4.79,68.6,132.4,55.5,CATAPULT,NET_RECOVERY,RURAL,66449.39,True,FAILED,NOT_EVALUATED,Conventional,,,NOT_EVALUATED,,,,,,,,,,,,,,,,,,,,,,,NOT_EVALUATED,,,,,,,,NOT_EVALUATED,NOT_EVALUATED,NOT_EVALUATED,NOT_EVALUATED,CONVERGENCE,PROPULSION_FAILURE,Subsystem execution failed with exception: PropulsionOptimizer failed: PropulsionOptimizer failed: No feasible design candidates found.; Convergence failed: Subsystem execution failed with exception: PropulsionOptimizer failed: PropulsionOptimizer failed: No feasible design candidates found.,"Status: PROPULSION_INFEASIBLE, Warnings: 0, Iterations: 0",3959.22,0,False
524,AGRICULTURE,3.1,65.4,103.5,74.4,CATAPULT,RUNWAY,DESERT,21832.38,True,FAILED,NOT_EVALUATED,Conventional,,,NOT_EVALUATED,,,,,,,,,,,,,,,,,,,,,,,NOT_EVALUATED,,,,,,,,NOT_EVALUATED,NOT_EVALUATED,NOT_EVALUATED,NOT_EVALUATED,CONVERGENCE,PROPULSION_FAILURE,Subsystem execution failed with exception: PropulsionOptimizer failed: PropulsionOptimizer failed: No feasible design candidates found.; Convergence failed: Subsystem execution failed with exception: PropulsionOptimizer failed: PropulsionOptimizer failed: No feasible design candidates found.,"Status: PROPULSION_INFEASIBLE, Warnings: 0, Iterations: 0",3802.8,0,False
527,MAPPING,2.83,85.7,63.1,56.3,HAND_LAUNCH,RUNWAY,DESERT,70056.44,True,FAILED,NOT_EVALUATED,Conventional,,,NOT_EVALUATED,,,,,,,,,,,,,,,,,,,,,,,NOT_EVALUATED,,,,,,,,NOT_EVALUATED,NOT_EVALUATED,NOT_EVALUATED,NOT_EVALUATED,AVIONICS_SIZING,DATABASE_LIMITATION,COMPONENT_DATABASE_LIMITATION: Required communication range (85.70 km) exceeds the maximum range available in the telemetry catalog (80.00 km).,"Status: COMPONENT_DATABASE_LIMITATION, Warnings: 0, Iterations: 0",5.32,0,False
534,CUSTOM,2.53,99.4,136.6,105.6,RUNWAY,PARACHUTE,DESERT,60743.22,True,FAILED,NOT_EVALUATED,Conventional,,,NOT_EVALUATED,,,,,,,,,,,,,,,,,,,,,,,NOT_EVALUATED,,,,,,,,NOT_EVALUATED,NOT_EVALUATED,NOT_EVALUATED,NOT_EVALUATED,AVIONICS_SIZING,DATABASE_LIMITATION,COMPONENT_DATABASE_LIMITATION: Required communication range (99.40 km) exceeds the maximum range available in the telemetry catalog (80.00 km).,"Status: COMPONENT_DATABASE_LIMITATION, Warnings: 0, Iterations: 0",3.16,0,False
546,MILITARY,3.09,105.0,47.0,78.9,RUNWAY,PARACHUTE,FOREST,58848.17,True,INVALID_INPUT,NOT_EVALUATED,Conventional,,,NOT_EVALUATED,,,,,,,,,,,,,,,,,,,,,,,NOT_EVALUATED,,,,,,,,NOT_EVALUATED,NOT_EVALUATED,NOT_EVALUATED,NOT_EVALUATED,MISSION_TRANSLATION,INVALID_REQUIREMENTS,Mission range (105.0 km) is physically inconsistent with cruise speed (78.9 km/h) and flight time (47.0 min). Max theoretical range is 61.8 km.,"Status: INVALID_REQUIREMENTS, Warnings: 0, Iterations: 0",0.28,0,False
549,SECURITY,4.36,56.4,100.4,59.8,CATAPULT,BELLY_LANDING,MOUNTAIN,47783.65,True,FAILED,NOT_EVALUATED,Conventional,,,NOT_EVALUATED,,,,,,,,,,,,,,,,,,,,,,,NOT_EVALUATED,,,,,,,,NOT_EVALUATED,NOT_EVALUATED,NOT_EVALUATED,NOT_EVALUATED,FUSELAGE_SIZING,SIZING_FAILURE,"Sized fuselage width (0.32 m) exceeds wing root chord (0.29 m), which causes extreme aerodynamic blockage and drag. Select a more slender fuselage profile.","Status: SIZING_INFEASIBLE, Warnings: 0, Iterations: 0",3.29,0,False
550,SECURITY,3.84,67.2,56.9,100.2,HAND_LAUNCH,RUNWAY,DESERT,42352.79,True,FAILED,NOT_EVALUATED,Conventional,,,NOT_EVALUATED,,,,,,,,,,,,,,,,,,,,,,,NOT_EVALUATED,,,,,,,,NOT_EVALUATED,NOT_EVALUATED,NOT_EVALUATED,NOT_EVALUATED,FUSELAGE_SIZING,SIZING_FAILURE,"Sized fuselage width (0.30 m) exceeds wing root chord (0.27 m), which causes extreme aerodynamic blockage and drag. Select a more slender fuselage profile.","Status: SIZING_INFEASIBLE, Warnings: 0, Iterations: 0",4.69,0,False
559,MILITARY,1.35,78.4,130.9,50.3,CATAPULT,RUNWAY,DESERT,60084.79,True,FAILED,NOT_EVALUATED,Conventional,,,NOT_EVALUATED,,,,,,,,,,,,,,,,,,,,,,,NOT_EVALUATED,,,,,,,,NOT_EVALUATED,NOT_EVALUATED,NOT_EVALUATED,NOT_EVALUATED,FUSELAGE_SIZING,SIZING_FAILURE,"Sized fuselage width (0.18 m) exceeds wing root chord (0.16 m), which causes extreme aerodynamic blockage and drag. Select a more slender fuselage profile.","Status: SIZING_INFEASIBLE, Warnings: 0, Iterations: 0",3.25,0,False
560,CUSTOM,1.09,78.8,54.6,59.4,CATAPULT,RUNWAY,MOUNTAIN,78239.53,True,FAILED,NOT_EVALUATED,Conventional,,,NOT_EVALUATED,,,,,,,,,,,,,,,,,,,,,,,NOT_EVALUATED,,,,,,,,NOT_EVALUATED,NOT_EVALUATED,NOT_EVALUATED,NOT_EVALUATED,PERFORMANCE_SIZING,PERFORMANCE_FAILURE,"Sized maximum flight range (63.6 km) is below mission range requirement (78.8 km).; Cruise speed (59.4 kmh) is below the minimum safe cruise speed boundary (65.6 kmh, representing a 20.0% safety margin above clean stall).","Status: PERFORMANCE_INFEASIBLE, Warnings: 0, Iterations: 0",3.48,0,False
561,DELIVERY,1.43,105.5,126.4,90.1,RUNWAY,PARACHUTE,DESERT,40116.59,True,FAILED,NOT_EVALUATED,Conventional,,,NOT_EVALUATED,,,,,,,,,,,,,,,,,,,,,,,NOT_EVALUATED,,,,,,,,NOT_EVALUATED,NOT_EVALUATED,NOT_EVALUATED,NOT_EVALUATED,PROPULSION_SIZING,DATABASE_LIMITATION,"COMPONENT_DATABASE_LIMITATION: Lightest available component of type 'Cargo' in database weighs 2.00 kg, which exceeds the maximum allowed structural payload limit of 1.50 kg.","Status: COMPONENT_DATABASE_LIMITATION, Warnings: 0, Iterations: 0",2.57,0,False
564,AGRICULTURE,2.93,28.8,134.1,83.4,RUNWAY,BELLY_LANDING,MOUNTAIN,40249.18,True,FAILED,NOT_EVALUATED,Conventional,,,NOT_EVALUATED,,,,,,,,,,,,,,,,,,,,,,,NOT_EVALUATED,,,,,,,,NOT_EVALUATED,NOT_EVALUATED,NOT_EVALUATED,NOT_EVALUATED,VERIFICATION,VERIFICATION_FAILURE,Aircraft design failed verification compliance checks.; Aircraft design failed verification compliance checks.,"Status: VERIFICATION_FAILED, Warnings: 0, Iterations: 5",19538.12,5,True
567,DISASTER_RESPONSE,4.86,68.5,58.6,103.7,CATAPULT,RUNWAY,FOREST,73338.73,True,FAILED,NOT_EVALUATED,Conventional,,,NOT_EVALUATED,,,,,,,,,,,,,,,,,,,,,,,NOT_EVALUATED,,,,,,,,NOT_EVALUATED,NOT_EVALUATED,NOT_EVALUATED,NOT_EVALUATED,CONVERGENCE,PROPULSION_FAILURE,Subsystem execution failed with exception: PropulsionOptimizer failed: PropulsionOptimizer failed: No feasible design candidates found.; Convergence failed: Subsystem execution failed with exception: PropulsionOptimizer failed: PropulsionOptimizer failed: No feasible design candidates found.,"Status: PROPULSION_INFEASIBLE, Warnings: 0, Iterations: 0",3800.79,0,False
571,DISASTER_RESPONSE,3.62,100.0,48.2,76.6,HAND_LAUNCH,PARACHUTE,FOREST,6403.13,True,INVALID_INPUT,NOT_EVALUATED,Conventional,,,NOT_EVALUATED,,,,,,,,,,,,,,,,,,,,,,,NOT_EVALUATED,,,,,,,,NOT_EVALUATED,NOT_EVALUATED,NOT_EVALUATED,NOT_EVALUATED,MISSION_TRANSLATION,INVALID_REQUIREMENTS,Mission range (100.0 km) is physically inconsistent with cruise speed (76.6 km/h) and flight time (48.2 min). Max theoretical range is 61.5 km.,"Status: INVALID_REQUIREMENTS, Warnings: 0, Iterations: 0",0.34,0,False
581,AGRICULTURE,4.41,29.6,45.5,63.8,HAND_LAUNCH,PARACHUTE,DESERT,22437.69,True,FAILED,NOT_EVALUATED,Conventional,,,NOT_EVALUATED,,,,,,,,,,,,,,,,,,,,,,,NOT_EVALUATED,,,,,,,,NOT_EVALUATED,NOT_EVALUATED,NOT_EVALUATED,NOT_EVALUATED,CONVERGENCE,PROPULSION_FAILURE,Subsystem execution failed with exception: PropulsionOptimizer failed: PropulsionOptimizer failed: No feasible design candidates found.; Convergence failed: Subsystem execution failed with exception: PropulsionOptimizer failed: PropulsionOptimizer failed: No feasible design candidates found.,"Status: PROPULSION_INFEASIBLE, Warnings: 0, Iterations: 0",3830.87,0,False
583,SURVEY,3.08,52.9,149.8,98.4,HAND_LAUNCH,RUNWAY,DESERT,18078.05,True,FAILED,NOT_EVALUATED,Conventional,,,NOT_EVALUATED,,,,,,,,,,,,,,,,,,,,,,,NOT_EVALUATED,,,,,,,,NOT_EVALUATED,NOT_EVALUATED,NOT_EVALUATED,NOT_EVALUATED,CONVERGENCE,PROPULSION_FAILURE,Subsystem execution failed with exception: PropulsionOptimizer failed: PropulsionOptimizer failed: No feasible design candidates found.; Convergence failed: Subsystem execution failed with exception: PropulsionOptimizer failed: PropulsionOptimizer failed: No feasible design candidates found.,"Status: PROPULSION_INFEASIBLE, Warnings: 0, Iterations: 0",3915.17,0,False
592,SURVEY,20.66,70.2,82.4,69.9,RUNWAY,RUNWAY,RURAL,66706.64,True,EXCEPTION,NOT_EVALUATED,Conventional,,,NOT_EVALUATED,,,,,,,,,,,,,,,,,,,,,,,NOT_EVALUATED,,,,,,,,NOT_EVALUATED,NOT_EVALUATED,NOT_EVALUATED,NOT_EVALUATED,PROPULSION_SIZING,INTERNAL_EXCEPTION,PROPULSION_POWER_LIMIT: Sized power target of 5719.6 W exceeds maximum catalog motor power limit of 3400.0 W.,"Status: INTERNAL_EXCEPTION, Warnings: 0, Iterations: 0",3.11,0,False
601,MILITARY,1.3,32.9,64.2,92.0,RUNWAY,RUNWAY,MOUNTAIN,77650.56,True,FAILED,NOT_EVALUATED,Conventional,,,NOT_EVALUATED,,,,,,,,,,,,,,,,,,,,,,,NOT_EVALUATED,,,,,,,,NOT_EVALUATED,NOT_EVALUATED,NOT_EVALUATED,NOT_EVALUATED,FUSELAGE_SIZING,SIZING_FAILURE,"Sized fuselage width (0.18 m) exceeds wing root chord (0.16 m), which causes extreme aerodynamic blockage and drag. Select a more slender fuselage profile.","Status: SIZING_INFEASIBLE, Warnings: 0, Iterations: 0",3.96,0,False
604,AGRICULTURE,4.39,31.0,133.7,99.0,CATAPULT,BELLY_LANDING,MOUNTAIN,29996.18,True,FAILED,NOT_EVALUATED,Conventional,,,NOT_EVALUATED,,,,,,,,,,,,,,,,,,,,,,,NOT_EVALUATED,,,,,,,,NOT_EVALUATED,NOT_EVALUATED,NOT_EVALUATED,NOT_EVALUATED,CONVERGENCE,PROPULSION_FAILURE,Subsystem execution failed with exception: PropulsionOptimizer failed: PropulsionOptimizer failed: No feasible design candidates found.; Convergence failed: Subsystem execution failed with exception: PropulsionOptimizer failed: PropulsionOptimizer failed: No feasible design candidates found.,"Status: PROPULSION_INFEASIBLE, Warnings: 0, Iterations: 0",3811.49,0,False
608,TRAINING,16.3,74.3,72.3,78.2,RUNWAY,RUNWAY,DESERT,4814.86,True,EXCEPTION,NOT_EVALUATED,Conventional,,,NOT_EVALUATED,,,,,,,,,,,,,,,,,,,,,,,NOT_EVALUATED,,,,,,,,NOT_EVALUATED,NOT_EVALUATED,NOT_EVALUATED,NOT_EVALUATED,PROPULSION_SIZING,INTERNAL_EXCEPTION,PROPULSION_POWER_LIMIT: Sized power target of 4512.5 W exceeds maximum catalog motor power limit of 3400.0 W.,"Status: INTERNAL_EXCEPTION, Warnings: 0, Iterations: 0",2.94,0,False
609,SURVEY,3.48,86.2,127.3,67.1,RUNWAY,PARACHUTE,RURAL,13727.77,True,FAILED,NOT_EVALUATED,Conventional,,,NOT_EVALUATED,,,,,,,,,,,,,,,,,,,,,,,NOT_EVALUATED,,,,,,,,NOT_EVALUATED,NOT_EVALUATED,NOT_EVALUATED,NOT_EVALUATED,AVIONICS_SIZING,DATABASE_LIMITATION,COMPONENT_DATABASE_LIMITATION: Required communication range (86.20 km) exceeds the maximum range available in the telemetry catalog (80.00 km).,"Status: COMPONENT_DATABASE_LIMITATION, Warnings: 0, Iterations: 0",5.52,0,False
615,MILITARY,2.85,66.2,124.1,94.1,RUNWAY,BELLY_LANDING,MOUNTAIN,5925.89,True,FAILED,NOT_EVALUATED,Conventional,,,NOT_EVALUATED,,,,,,,,,,,,,,,,,,,,,,,NOT_EVALUATED,,,,,,,,NOT_EVALUATED,NOT_EVALUATED,NOT_EVALUATED,NOT_EVALUATED,FUSELAGE_SIZING,SIZING_FAILURE,"Sized fuselage width (0.26 m) exceeds wing root chord (0.23 m), which causes extreme aerodynamic blockage and drag. Select a more slender fuselage profile.","Status: SIZING_INFEASIBLE, Warnings: 0, Iterations: 0",4.91,0,False
621,SECURITY,3.09,84.5,129.7,82.7,CATAPULT,NET_RECOVERY,RURAL,20448.38,True,FAILED,NOT_EVALUATED,Conventional,,,NOT_EVALUATED,,,,,,,,,,,,,,,,,,,,,,,NOT_EVALUATED,,,,,,,,NOT_EVALUATED,NOT_EVALUATED,NOT_EVALUATED,NOT_EVALUATED,FUSELAGE_SIZING,SIZING_FAILURE,"Sized fuselage width (0.27 m) exceeds wing root chord (0.24 m), which causes extreme aerodynamic blockage and drag. Select a more slender fuselage profile.","Status: SIZING_INFEASIBLE, Warnings: 0, Iterations: 0",3.37,0,False
625,MAPPING,20.27,35.7,59.2,72.2,RUNWAY,RUNWAY,RURAL,50981.5,True,EXCEPTION,NOT_EVALUATED,Conventional,,,NOT_EVALUATED,,,,,,,,,,,,,,,,,,,,,,,NOT_EVALUATED,,,,,,,,NOT_EVALUATED,NOT_EVALUATED,NOT_EVALUATED,NOT_EVALUATED,PROPULSION_SIZING,INTERNAL_EXCEPTION,PROPULSION_POWER_LIMIT: Sized power target of 5611.6 W exceeds maximum catalog motor power limit of 3400.0 W.,"Status: INTERNAL_EXCEPTION, Warnings: 0, Iterations: 0",3.11,0,False
629,MAPPING,4.92,60.8,60.1,68.1,CATAPULT,NET_RECOVERY,FOREST,11446.18,True,FAILED,NOT_EVALUATED,Conventional,,,NOT_EVALUATED,,,,,,,,,,,,,,,,,,,,,,,NOT_EVALUATED,,,,,,,,NOT_EVALUATED,NOT_EVALUATED,NOT_EVALUATED,NOT_EVALUATED,CONVERGENCE,PROPULSION_FAILURE,Subsystem execution failed with exception: PropulsionOptimizer failed: PropulsionOptimizer failed: No feasible design candidates found.; Convergence failed: Subsystem execution failed with exception: PropulsionOptimizer failed: PropulsionOptimizer failed: No feasible design candidates found.,"Status: PROPULSION_INFEASIBLE, Warnings: 0, Iterations: 0",3794.49,0,False
640,MILITARY,17.23,79.1,60.0,72.9,RUNWAY,RUNWAY,MOUNTAIN,9082.82,True,FAILED,NOT_EVALUATED,Conventional,,,NOT_EVALUATED,,,,,,,,,,,,,,,,,,,,,,,NOT_EVALUATED,,,,,,,,NOT_EVALUATED,NOT_EVALUATED,NOT_EVALUATED,NOT_EVALUATED,FUSELAGE_SIZING,SIZING_FAILURE,"Sized fuselage width (0.64 m) exceeds wing root chord (0.57 m), which causes extreme aerodynamic blockage and drag. Select a more slender fuselage profile.","Status: SIZING_INFEASIBLE, Warnings: 0, Iterations: 0",3.4,0,False
641,MAPPING,2.54,64.9,46.4,87.9,HAND_LAUNCH,NET_RECOVERY,DESERT,19908.45,True,EXCEPTION,NOT_EVALUATED,Conventional,,,NOT_EVALUATED,,,,,,,,,,,,,,,,,,,,,,,NOT_EVALUATED,,,,,,,,NOT_EVALUATED,NOT_EVALUATED,NOT_EVALUATED,NOT_EVALUATED,CONVERGENCE,INTERNAL_EXCEPTION,Design compliance score (76.0%) is below the minimum required safety compliance boundary (85.0%).,"Status: INTERNAL_EXCEPTION, Warnings: 0, Iterations: 5",20298.17,5,False
642,DISASTER_RESPONSE,3.94,32.3,132.8,91.4,RUNWAY,BELLY_LANDING,FOREST,60551.81,True,FAILED,NOT_EVALUATED,Conventional,,,NOT_EVALUATED,,,,,,,,,,,,,,,,,,,,,,,NOT_EVALUATED,,,,,,,,NOT_EVALUATED,NOT_EVALUATED,NOT_EVALUATED,NOT_EVALUATED,CONVERGENCE,PROPULSION_FAILURE,Subsystem execution failed with exception: PropulsionOptimizer failed: PropulsionOptimizer failed: No feasible design candidates found.; Convergence failed: Subsystem execution failed with exception: PropulsionOptimizer failed: PropulsionOptimizer failed: No feasible design candidates found.,"Status: PROPULSION_INFEASIBLE, Warnings: 0, Iterations: 0",3923.15,0,False
643,MILITARY,2.08,64.4,127.1,101.2,HAND_LAUNCH,RUNWAY,DESERT,6476.82,True,FAILED,NOT_EVALUATED,Conventional,,,NOT_EVALUATED,,,,,,,,,,,,,,,,,,,,,,,NOT_EVALUATED,,,,,,,,NOT_EVALUATED,NOT_EVALUATED,NOT_EVALUATED,NOT_EVALUATED,FUSELAGE_SIZING,SIZING_FAILURE,"Sized fuselage width (0.22 m) exceeds wing root chord (0.20 m), which causes extreme aerodynamic blockage and drag. Select a more slender fuselage profile.","Status: SIZING_INFEASIBLE, Warnings: 0, Iterations: 0",3.41,0,False
647,CUSTOM,3.65,75.8,80.4,83.2,RUNWAY,PARACHUTE,RURAL,46770.74,True,EXCEPTION,NOT_EVALUATED,Conventional,,,NOT_EVALUATED,,,,,,,,,,,,,,,,,,,,,,,NOT_EVALUATED,,,,,,,,NOT_EVALUATED,NOT_EVALUATED,NOT_EVALUATED,NOT_EVALUATED,CONVERGENCE,INTERNAL_EXCEPTION,Design compliance score (76.0%) is below the minimum required safety compliance boundary (85.0%).,"Status: INTERNAL_EXCEPTION, Warnings: 0, Iterations: 5",20532.23,5,False
649,SURVEY,3.45,65.4,76.9,98.5,HAND_LAUNCH,BELLY_LANDING,RURAL,77375.77,True,FAILED,NOT_EVALUATED,Conventional,,,NOT_EVALUATED,,,,,,,,,,,,,,,,,,,,,,,NOT_EVALUATED,,,,,,,,NOT_EVALUATED,NOT_EVALUATED,NOT_EVALUATED,NOT_EVALUATED,CONVERGENCE,PROPULSION_FAILURE,Subsystem execution failed with exception: PropulsionOptimizer failed: PropulsionOptimizer failed: No feasible design candidates found.; Convergence failed: Subsystem execution failed with exception: PropulsionOptimizer failed: PropulsionOptimizer failed: No feasible design candidates found.,"Status: PROPULSION_INFEASIBLE, Warnings: 0, Iterations: 0",3837.59,0,False
668,DISASTER_RESPONSE,3.84,79.5,65.3,57.8,RUNWAY,PARACHUTE,FOREST,67930.55,True,EXCEPTION,NOT_EVALUATED,Conventional,,,NOT_EVALUATED,,,,,,,,,,,,,,,,,,,,,,,NOT_EVALUATED,,,,,,,,NOT_EVALUATED,NOT_EVALUATED,NOT_EVALUATED,NOT_EVALUATED,PERFORMANCE_SIZING,INTERNAL_EXCEPTION,Sized maximum flight range (74.0 km) is below mission range requirement (79.5 km).,"Status: INTERNAL_EXCEPTION, Warnings: 0, Iterations: 0",4.88,0,False
670,MILITARY,3.26,71.1,81.7,93.6,RUNWAY,NET_RECOVERY,DESERT,19658.86,True,FAILED,NOT_EVALUATED,Conventional,,,NOT_EVALUATED,,,,,,,,,,,,,,,,,,,,,,,NOT_EVALUATED,,,,,,,,NOT_EVALUATED,NOT_EVALUATED,NOT_EVALUATED,NOT_EVALUATED,FUSELAGE_SIZING,SIZING_FAILURE,"Sized fuselage width (0.28 m) exceeds wing root chord (0.25 m), which causes extreme aerodynamic blockage and drag. Select a more slender fuselage profile.","Status: SIZING_INFEASIBLE, Warnings: 0, Iterations: 0",3.12,0,False
684,TRAINING,3.25,79.4,56.5,110.0,CATAPULT,NET_RECOVERY,DESERT,19627.88,True,FAILED,NOT_EVALUATED,Conventional,,,NOT_EVALUATED,,,,,,,,,,,,,,,,,,,,,,,NOT_EVALUATED,,,,,,,,NOT_EVALUATED,NOT_EVALUATED,NOT_EVALUATED,NOT_EVALUATED,CONVERGENCE,PROPULSION_FAILURE,Subsystem execution failed with exception: PropulsionOptimizer failed: PropulsionOptimizer failed: No feasible design candidates found.; Convergence failed: Subsystem execution failed with exception: PropulsionOptimizer failed: PropulsionOptimizer failed: No feasible design candidates found.,"Status: PROPULSION_INFEASIBLE, Warnings: 0, Iterations: 0",3739.32,0,False
695,MAPPING,11.16,41.9,70.9,81.2,RUNWAY,RUNWAY,RURAL,68521.47,True,FAILED,NOT_EVALUATED,Conventional,,,NOT_EVALUATED,,,,,,,,,,,,,,,,,,,,,,,NOT_EVALUATED,,,,,,,,NOT_EVALUATED,NOT_EVALUATED,NOT_EVALUATED,NOT_EVALUATED,CONVERGENCE,PROPULSION_FAILURE,Subsystem execution failed with exception: PropulsionOptimizer failed: PropulsionOptimizer failed: No feasible design candidates found.; Convergence failed: Subsystem execution failed with exception: PropulsionOptimizer failed: PropulsionOptimizer failed: No feasible design candidates found.,"Status: PROPULSION_INFEASIBLE, Warnings: 0, Iterations: 0",3803.07,0,False
702,MAPPING,21.36,75.9,85.4,53.9,RUNWAY,RUNWAY,MOUNTAIN,62048.56,True,EXCEPTION,NOT_EVALUATED,Conventional,,,NOT_EVALUATED,,,,,,,,,,,,,,,,,,,,,,,NOT_EVALUATED,,,,,,,,NOT_EVALUATED,NOT_EVALUATED,NOT_EVALUATED,NOT_EVALUATED,PROPULSION_SIZING,INTERNAL_EXCEPTION,PROPULSION_POWER_LIMIT: Sized power target of 5913.3 W exceeds maximum catalog motor power limit of 3400.0 W.,"Status: INTERNAL_EXCEPTION, Warnings: 0, Iterations: 0",2.9,0,False
707,CUSTOM,3.14,96.5,57.0,62.0,HAND_LAUNCH,PARACHUTE,FOREST,68494.23,True,INVALID_INPUT,NOT_EVALUATED,Conventional,,,NOT_EVALUATED,,,,,,,,,,,,,,,,,,,,,,,NOT_EVALUATED,,,,,,,,NOT_EVALUATED,NOT_EVALUATED,NOT_EVALUATED,NOT_EVALUATED,MISSION_TRANSLATION,INVALID_REQUIREMENTS,Mission range (96.5 km) is physically inconsistent with cruise speed (62.0 km/h) and flight time (57.0 min). Max theoretical range is 58.9 km.,"Status: INVALID_REQUIREMENTS, Warnings: 0, Iterations: 0",0.26,0,False
724,SECURITY,2.23,105.7,70.5,59.0,CATAPULT,NET_RECOVERY,RURAL,72737.18,True,INVALID_INPUT,NOT_EVALUATED,Conventional,,,NOT_EVALUATED,,,,,,,,,,,,,,,,,,,,,,,NOT_EVALUATED,,,,,,,,NOT_EVALUATED,NOT_EVALUATED,NOT_EVALUATED,NOT_EVALUATED,MISSION_TRANSLATION,INVALID_REQUIREMENTS,Mission range (105.7 km) is physically inconsistent with cruise speed (59.0 km/h) and flight time (70.5 min). Max theoretical range is 69.3 km.,"Status: INVALID_REQUIREMENTS, Warnings: 0, Iterations: 0",0.25,0,False
725,CUSTOM,3.06,74.8,133.6,64.7,HAND_LAUNCH,BELLY_LANDING,DESERT,63840.37,True,FAILED,NOT_EVALUATED,Conventional,,,NOT_EVALUATED,,,,,,,,,,,,,,,,,,,,,,,NOT_EVALUATED,,,,,,,,NOT_EVALUATED,NOT_EVALUATED,NOT_EVALUATED,NOT_EVALUATED,CONVERGENCE,PROPULSION_FAILURE,Subsystem execution failed with exception: PropulsionOptimizer failed: PropulsionOptimizer failed: No feasible design candidates found.; Convergence failed: Subsystem execution failed with exception: PropulsionOptimizer failed: PropulsionOptimizer failed: No feasible design candidates found.,"Status: PROPULSION_INFEASIBLE, Warnings: 0, Iterations: 0",3785.09,0,False
735,AGRICULTURE,2.6,72.2,115.8,100.7,CATAPULT,NET_RECOVERY,FOREST,9045.21,True,FAILED,NOT_EVALUATED,Conventional,,,NOT_EVALUATED,,,,,,,,,,,,,,,,,,,,,,,NOT_EVALUATED,,,,,,,,NOT_EVALUATED,NOT_EVALUATED,NOT_EVALUATED,NOT_EVALUATED,CONVERGENCE,PROPULSION_FAILURE,Subsystem execution failed with exception: PropulsionOptimizer failed: PropulsionOptimizer failed: No feasible design candidates found.; Convergence failed: Subsystem execution failed with exception: PropulsionOptimizer failed: PropulsionOptimizer failed: No feasible design candidates found.,"Status: PROPULSION_INFEASIBLE, Warnings: 0, Iterations: 0",3702.88,0,False
738,AGRICULTURE,1.11,48.3,111.6,82.8,CATAPULT,PARACHUTE,RURAL,12612.47,True,FAILED,NOT_EVALUATED,Conventional,,,NOT_EVALUATED,,,,,,,,,,,,,,,,,,,,,,,NOT_EVALUATED,,,,,,,,NOT_EVALUATED,NOT_EVALUATED,NOT_EVALUATED,NOT_EVALUATED,CONVERGENCE,SIZING_FAILURE,Subsystem execution failed with exception: FuselageOptimizer failed: FuselageOptimizer failed: No feasible design candidates found.; Convergence failed: Subsystem execution failed with exception: FuselageOptimizer failed: FuselageOptimizer failed: No feasible design candidates found.,"Status: SIZING_INFEASIBLE, Warnings: 0, Iterations: 0",1058.54,0,False
764,SURVEY,4.89,74.1,77.0,106.3,CATAPULT,RUNWAY,MOUNTAIN,45648.19,True,FAILED,NOT_EVALUATED,Conventional,,,NOT_EVALUATED,,,,,,,,,,,,,,,,,,,,,,,NOT_EVALUATED,,,,,,,,NOT_EVALUATED,NOT_EVALUATED,NOT_EVALUATED,NOT_EVALUATED,CONVERGENCE,PROPULSION_FAILURE,Subsystem execution failed with exception: PropulsionOptimizer failed: PropulsionOptimizer failed: No feasible design candidates found.; Convergence failed: Subsystem execution failed with exception: PropulsionOptimizer failed: PropulsionOptimizer failed: No feasible design candidates found.,"Status: PROPULSION_INFEASIBLE, Warnings: 0, Iterations: 0",3850.08,0,False
770,CUSTOM,4.23,71.1,118.7,57.8,CATAPULT,RUNWAY,FOREST,64808.82,True,FAILED,NOT_EVALUATED,Conventional,,,NOT_EVALUATED,,,,,,,,,,,,,,,,,,,,,,,NOT_EVALUATED,,,,,,,,NOT_EVALUATED,NOT_EVALUATED,NOT_EVALUATED,NOT_EVALUATED,CONVERGENCE,PROPULSION_FAILURE,Subsystem execution failed with exception: PropulsionOptimizer failed: PropulsionOptimizer failed: No feasible design candidates found.; Convergence failed: Subsystem execution failed with exception: PropulsionOptimizer failed: PropulsionOptimizer failed: No feasible design candidates found.,"Status: PROPULSION_INFEASIBLE, Warnings: 0, Iterations: 0",3751.5,0,False
772,DELIVERY,2.5,51.6,62.1,58.8,RUNWAY,RUNWAY,FOREST,37314.2,True,FAILED,NOT_EVALUATED,Conventional,,,NOT_EVALUATED,,,,,,,,,,,,,,,,,,,,,,,NOT_EVALUATED,,,,,,,,NOT_EVALUATED,NOT_EVALUATED,NOT_EVALUATED,NOT_EVALUATED,PERFORMANCE_SIZING,PERFORMANCE_FAILURE,"Cruise speed (58.8 kmh) is below the minimum safe cruise speed boundary (59.4 kmh, representing a 35.0% safety margin above clean stall).","Status: PERFORMANCE_INFEASIBLE, Warnings: 0, Iterations: 0",4.99,0,False
775,CUSTOM,3.24,103.0,62.2,100.7,CATAPULT,NET_RECOVERY,FOREST,2719.31,True,FAILED,NOT_EVALUATED,Conventional,,,NOT_EVALUATED,,,,,,,,,,,,,,,,,,,,,,,NOT_EVALUATED,,,,,,,,NOT_EVALUATED,NOT_EVALUATED,NOT_EVALUATED,NOT_EVALUATED,AVIONICS_SIZING,DATABASE_LIMITATION,COMPONENT_DATABASE_LIMITATION: Required communication range (103.00 km) exceeds the maximum range available in the telemetry catalog (80.00 km).,"Status: COMPONENT_DATABASE_LIMITATION, Warnings: 0, Iterations: 0",3.21,0,False
782,SECURITY,1.52,94.1,101.0,73.9,CATAPULT,PARACHUTE,MOUNTAIN,18371.23,True,FAILED,NOT_EVALUATED,Conventional,,,NOT_EVALUATED,,,,,,,,,,,,,,,,,,,,,,,NOT_EVALUATED,,,,,,,,NOT_EVALUATED,NOT_EVALUATED,NOT_EVALUATED,NOT_EVALUATED,FUSELAGE_SIZING,SIZING_FAILURE,"Sized fuselage width (0.19 m) exceeds wing root chord (0.17 m), which causes extreme aerodynamic blockage and drag. Select a more slender fuselage profile.","Status: SIZING_INFEASIBLE, Warnings: 0, Iterations: 0",3.52,0,False
784,AGRICULTURE,1.59,95.7,89.0,62.3,HAND_LAUNCH,RUNWAY,DESERT,2062.35,True,FAILED,NOT_EVALUATED,Conventional,,,NOT_EVALUATED,,,,,,,,,,,,,,,,,,,,,,,NOT_EVALUATED,,,,,,,,NOT_EVALUATED,NOT_EVALUATED,NOT_EVALUATED,NOT_EVALUATED,AVIONICS_SIZING,DATABASE_LIMITATION,COMPONENT_DATABASE_LIMITATION: Required communication range (95.70 km) exceeds the maximum range available in the telemetry catalog (80.00 km).,"Status: COMPONENT_DATABASE_LIMITATION, Warnings: 0, Iterations: 0",6.55,0,False
785,DISASTER_RESPONSE,2.77,107.5,149.5,109.4,RUNWAY,NET_RECOVERY,FOREST,34442.22,True,FAILED,NOT_EVALUATED,Conventional,,,NOT_EVALUATED,,,,,,,,,,,,,,,,,,,,,,,NOT_EVALUATED,,,,,,,,NOT_EVALUATED,NOT_EVALUATED,NOT_EVALUATED,NOT_EVALUATED,AVIONICS_SIZING,DATABASE_LIMITATION,COMPONENT_DATABASE_LIMITATION: Required communication range (107.50 km) exceeds the maximum range available in the telemetry catalog (80.00 km).,"Status: COMPONENT_DATABASE_LIMITATION, Warnings: 0, Iterations: 0",3.22,0,False
796,TRAINING,4.53,92.7,98.7,97.4,HAND_LAUNCH,RUNWAY,RURAL,45705.03,True,FAILED,NOT_EVALUATED,Conventional,,,NOT_EVALUATED,,,,,,,,,,,,,,,,,,,,,,,NOT_EVALUATED,,,,,,,,NOT_EVALUATED,NOT_EVALUATED,NOT_EVALUATED,NOT_EVALUATED,AVIONICS_SIZING,DATABASE_LIMITATION,COMPONENT_DATABASE_LIMITATION: Required communication range (92.70 km) exceeds the maximum range available in the telemetry catalog (80.00 km).,"Status: COMPONENT_DATABASE_LIMITATION, Warnings: 0, Iterations: 0",3.02,0,False
797,SECURITY,1.27,74.6,130.8,97.1,RUNWAY,BELLY_LANDING,MOUNTAIN,78155.43,True,FAILED,NOT_EVALUATED,Conventional,,,NOT_EVALUATED,,,,,,,,,,,,,,,,,,,,,,,NOT_EVALUATED,,,,,,,,NOT_EVALUATED,NOT_EVALUATED,NOT_EVALUATED,NOT_EVALUATED,FUSELAGE_SIZING,SIZING_FAILURE,"Sized fuselage width (0.17 m) exceeds wing root chord (0.15 m), which causes extreme aerodynamic blockage and drag. Select a more slender fuselage profile.","Status: SIZING_INFEASIBLE, Warnings: 0, Iterations: 0",6.43,0,False
811,AGRICULTURE,1.76,101.8,65.0,81.0,CATAPULT,NET_RECOVERY,DESERT,40776.67,True,FAILED,NOT_EVALUATED,Conventional,,,NOT_EVALUATED,,,,,,,,,,,,,,,,,,,,,,,NOT_EVALUATED,,,,,,,,NOT_EVALUATED,NOT_EVALUATED,NOT_EVALUATED,NOT_EVALUATED,AVIONICS_SIZING,DATABASE_LIMITATION,COMPONENT_DATABASE_LIMITATION: Required communication range (101.80 km) exceeds the maximum range available in the telemetry catalog (80.00 km).,"Status: COMPONENT_DATABASE_LIMITATION, Warnings: 0, Iterations: 0",4.94,0,False
820,TRAINING,4.24,68.8,68.1,95.5,RUNWAY,NET_RECOVERY,DESERT,21553.07,True,EXCEPTION,NOT_EVALUATED,Conventional,,,NOT_EVALUATED,,,,,,,,,,,,,,,,,,,,,,,NOT_EVALUATED,,,,,,,,NOT_EVALUATED,NOT_EVALUATED,NOT_EVALUATED,NOT_EVALUATED,CONVERGENCE,INTERNAL_EXCEPTION,Design compliance score (76.0%) is below the minimum required safety compliance boundary (85.0%).,"Status: INTERNAL_EXCEPTION, Warnings: 0, Iterations: 5",20292.86,5,False
823,DELIVERY,3.88,87.6,108.8,78.2,HAND_LAUNCH,PARACHUTE,RURAL,55961.16,True,FAILED,NOT_EVALUATED,Conventional,,,NOT_EVALUATED,,,,,,,,,,,,,,,,,,,,,,,NOT_EVALUATED,,,,,,,,NOT_EVALUATED,NOT_EVALUATED,NOT_EVALUATED,NOT_EVALUATED,AVIONICS_SIZING,DATABASE_LIMITATION,COMPONENT_DATABASE_LIMITATION: Required communication range (87.60 km) exceeds the maximum range available in the telemetry catalog (80.00 km).,"Status: COMPONENT_DATABASE_LIMITATION, Warnings: 0, Iterations: 0",3.29,0,False
825,CUSTOM,11.9,10.3,61.0,61.1,RUNWAY,RUNWAY,MOUNTAIN,37916.18,True,FAILED,NOT_EVALUATED,Conventional,,,NOT_EVALUATED,,,,,,,,,,,,,,,,,,,,,,,NOT_EVALUATED,,,,,,,,NOT_EVALUATED,NOT_EVALUATED,NOT_EVALUATED,NOT_EVALUATED,CONVERGENCE,PROPULSION_FAILURE,Subsystem execution failed with exception: PropulsionOptimizer failed: PropulsionOptimizer failed: No feasible design candidates found.; Convergence failed: Subsystem execution failed with exception: PropulsionOptimizer failed: PropulsionOptimizer failed: No feasible design candidates found.,"Status: PROPULSION_INFEASIBLE, Warnings: 0, Iterations: 0",3849.81,0,False
838,RESEARCH,20.04,20.1,66.2,75.8,RUNWAY,RUNWAY,MOUNTAIN,63223.42,True,EXCEPTION,NOT_EVALUATED,Conventional,,,NOT_EVALUATED,,,,,,,,,,,,,,,,,,,,,,,NOT_EVALUATED,,,,,,,,NOT_EVALUATED,NOT_EVALUATED,NOT_EVALUATED,NOT_EVALUATED,PROPULSION_SIZING,INTERNAL_EXCEPTION,PROPULSION_POWER_LIMIT: Sized power target of 5603.0 W exceeds maximum catalog motor power limit of 3400.0 W.,"Status: INTERNAL_EXCEPTION, Warnings: 0, Iterations: 0",3.34,0,False
840,MILITARY,2.25,89.7,77.8,104.3,RUNWAY,BELLY_LANDING,RURAL,12447.98,True,FAILED,NOT_EVALUATED,Conventional,,,NOT_EVALUATED,,,,,,,,,,,,,,,,,,,,,,,NOT_EVALUATED,,,,,,,,NOT_EVALUATED,NOT_EVALUATED,NOT_EVALUATED,NOT_EVALUATED,FUSELAGE_SIZING,SIZING_FAILURE,"Sized fuselage width (0.23 m) exceeds wing root chord (0.21 m), which causes extreme aerodynamic blockage and drag. Select a more slender fuselage profile.","Status: SIZING_INFEASIBLE, Warnings: 0, Iterations: 0",4.0,0,False
841,RESEARCH,3.4,92.9,141.8,84.9,RUNWAY,BELLY_LANDING,RURAL,39798.36,True,FAILED,NOT_EVALUATED,Conventional,,,NOT_EVALUATED,,,,,,,,,,,,,,,,,,,,,,,NOT_EVALUATED,,,,,,,,NOT_EVALUATED,NOT_EVALUATED,NOT_EVALUATED,NOT_EVALUATED,AVIONICS_SIZING,DATABASE_LIMITATION,COMPONENT_DATABASE_LIMITATION: Required communication range (92.90 km) exceeds the maximum range available in the telemetry catalog (80.00 km).,"Status: COMPONENT_DATABASE_LIMITATION, Warnings: 0, Iterations: 0",5.69,0,False
842,MAPPING,2.0,41.9,99.3,74.4,RUNWAY,PARACHUTE,FOREST,12665.3,True,EXCEPTION,NOT_EVALUATED,Conventional,,,NOT_EVALUATED,,,,,,,,,,,,,,,,,,,,,,,NOT_EVALUATED,,,,,,,,NOT_EVALUATED,NOT_EVALUATED,NOT_EVALUATED,NOT_EVALUATED,CONVERGENCE,INTERNAL_EXCEPTION,Design compliance score (76.0%) is below the minimum required safety compliance boundary (85.0%).,"Status: INTERNAL_EXCEPTION, Warnings: 0, Iterations: 5",20191.82,5,False
843,AGRICULTURE,4.6,106.0,114.2,79.4,CATAPULT,PARACHUTE,FOREST,49144.35,True,FAILED,NOT_EVALUATED,Conventional,,,NOT_EVALUATED,,,,,,,,,,,,,,,,,,,,,,,NOT_EVALUATED,,,,,,,,NOT_EVALUATED,NOT_EVALUATED,NOT_EVALUATED,NOT_EVALUATED,AVIONICS_SIZING,DATABASE_LIMITATION,COMPONENT_DATABASE_LIMITATION: Required communication range (106.00 km) exceeds the maximum range available in the telemetry catalog (80.00 km).,"Status: COMPONENT_DATABASE_LIMITATION, Warnings: 0, Iterations: 0",3.25,0,False
852,SECURITY,4.1,95.4,121.3,54.4,CATAPULT,NET_RECOVERY,MOUNTAIN,77651.47,True,FAILED,NOT_EVALUATED,Conventional,,,NOT_EVALUATED,,,,,,,,,,,,,,,,,,,,,,,NOT_EVALUATED,,,,,,,,NOT_EVALUATED,NOT_EVALUATED,NOT_EVALUATED,NOT_EVALUATED,FUSELAGE_SIZING,SIZING_FAILURE,"Sized fuselage width (0.31 m) exceeds wing root chord (0.28 m), which causes extreme aerodynamic blockage and drag. Select a more slender fuselage profile.","Status: SIZING_INFEASIBLE, Warnings: 0, Iterations: 0",4.21,0,False
856,SECURITY,14.47,44.9,38.0,69.9,RUNWAY,RUNWAY,MOUNTAIN,8730.54,True,FAILED,NOT_EVALUATED,Conventional,,,NOT_EVALUATED,,,,,,,,,,,,,,,,,,,,,,,NOT_EVALUATED,,,,,,,,NOT_EVALUATED,NOT_EVALUATED,NOT_EVALUATED,NOT_EVALUATED,FUSELAGE_SIZING,SIZING_FAILURE,"Sized fuselage width (0.59 m) exceeds wing root chord (0.52 m), which causes extreme aerodynamic blockage and drag. Select a more slender fuselage profile.","Status: SIZING_INFEASIBLE, Warnings: 0, Iterations: 0",4.71,0,False
867,DISASTER_RESPONSE,1.03,111.3,65.0,80.2,RUNWAY,RUNWAY,FOREST,14971.7,True,FAILED,NOT_EVALUATED,Conventional,,,NOT_EVALUATED,,,,,,,,,,,,,,,,,,,,,,,NOT_EVALUATED,,,,,,,,NOT_EVALUATED,NOT_EVALUATED,NOT_EVALUATED,NOT_EVALUATED,AVIONICS_SIZING,DATABASE_LIMITATION,COMPONENT_DATABASE_LIMITATION: Required communication range (111.30 km) exceeds the maximum range available in the telemetry catalog (80.00 km).,"Status: COMPONENT_DATABASE_LIMITATION, Warnings: 0, Iterations: 0",3.33,0,False
868,AGRICULTURE,3.05,101.9,134.7,77.8,CATAPULT,BELLY_LANDING,RURAL,23853.37,True,FAILED,NOT_EVALUATED,Conventional,,,NOT_EVALUATED,,,,,,,,,,,,,,,,,,,,,,,NOT_EVALUATED,,,,,,,,NOT_EVALUATED,NOT_EVALUATED,NOT_EVALUATED,NOT_EVALUATED,AVIONICS_SIZING,DATABASE_LIMITATION,COMPONENT_DATABASE_LIMITATION: Required communication range (101.90 km) exceeds the maximum range available in the telemetry catalog (80.00 km).,"Status: COMPONENT_DATABASE_LIMITATION, Warnings: 0, Iterations: 0",3.31,0,False
873,RESEARCH,4.23,33.1,129.2,86.8,RUNWAY,PARACHUTE,DESERT,40034.55,True,FAILED,NOT_EVALUATED,Conventional,,,NOT_EVALUATED,,,,,,,,,,,,,,,,,,,,,,,NOT_EVALUATED,,,,,,,,NOT_EVALUATED,NOT_EVALUATED,NOT_EVALUATED,NOT_EVALUATED,CONVERGENCE,PROPULSION_FAILURE,Subsystem execution failed with exception: PropulsionOptimizer failed: PropulsionOptimizer failed: No feasible design candidates found.; Convergence failed: Subsystem execution failed with exception: PropulsionOptimizer failed: PropulsionOptimizer failed: No feasible design candidates found.,"Status: PROPULSION_INFEASIBLE, Warnings: 0, Iterations: 0",3951.38,0,False
882,SURVEY,4.58,43.7,131.9,92.9,RUNWAY,NET_RECOVERY,RURAL,6607.79,True,FAILED,NOT_EVALUATED,Conventional,,,NOT_EVALUATED,,,,,,,,,,,,,,,,,,,,,,,NOT_EVALUATED,,,,,,,,NOT_EVALUATED,NOT_EVALUATED,NOT_EVALUATED,NOT_EVALUATED,CONVERGENCE,PROPULSION_FAILURE,Subsystem execution failed with exception: PropulsionOptimizer failed: PropulsionOptimizer failed: No feasible design candidates found.; Convergence failed: Subsystem execution failed with exception: PropulsionOptimizer failed: PropulsionOptimizer failed: No feasible design candidates found.,"Status: PROPULSION_INFEASIBLE, Warnings: 0, Iterations: 0",3962.89,0,False
886,MILITARY,1.72,112.7,93.7,67.6,HAND_LAUNCH,BELLY_LANDING,MOUNTAIN,13662.2,True,FAILED,NOT_EVALUATED,Conventional,,,NOT_EVALUATED,,,,,,,,,,,,,,,,,,,,,,,NOT_EVALUATED,,,,,,,,NOT_EVALUATED,NOT_EVALUATED,NOT_EVALUATED,NOT_EVALUATED,FUSELAGE_SIZING,SIZING_FAILURE,"Sized fuselage width (0.20 m) exceeds wing root chord (0.18 m), which causes extreme aerodynamic blockage and drag. Select a more slender fuselage profile.","Status: SIZING_INFEASIBLE, Warnings: 0, Iterations: 0",3.25,0,False
888,DISASTER_RESPONSE,17.33,36.2,31.3,79.1,RUNWAY,RUNWAY,MOUNTAIN,75915.24,True,EXCEPTION,NOT_EVALUATED,Conventional,,,NOT_EVALUATED,,,,,,,,,,,,,,,,,,,,,,,NOT_EVALUATED,,,,,,,,NOT_EVALUATED,NOT_EVALUATED,NOT_EVALUATED,NOT_EVALUATED,PROPULSION_SIZING,INTERNAL_EXCEPTION,PROPULSION_POWER_LIMIT: Sized power target of 4797.6 W exceeds maximum catalog motor power limit of 3400.0 W.,"Status: INTERNAL_EXCEPTION, Warnings: 0, Iterations: 0",4.45,0,False
889,MILITARY,1.53,73.1,135.5,52.3,HAND_LAUNCH,RUNWAY,FOREST,48649.68,True,FAILED,NOT_EVALUATED,Conventional,,,NOT_EVALUATED,,,,,,,,,,,,,,,,,,,,,,,NOT_EVALUATED,,,,,,,,NOT_EVALUATED,NOT_EVALUATED,NOT_EVALUATED,NOT_EVALUATED,FUSELAGE_SIZING,SIZING_FAILURE,"Sized fuselage width (0.19 m) exceeds wing root chord (0.17 m), which causes extreme aerodynamic blockage and drag. Select a more slender fuselage profile.","Status: SIZING_INFEASIBLE, Warnings: 0, Iterations: 0",3.34,0,False
893,AGRICULTURE,22.57,16.8,48.7,69.7,RUNWAY,RUNWAY,DESERT,78186.63,True,EXCEPTION,NOT_EVALUATED,Conventional,,,NOT_EVALUATED,,,,,,,,,,,,,,,,,,,,,,,NOT_EVALUATED,,,,,,,,NOT_EVALUATED,NOT_EVALUATED,NOT_EVALUATED,NOT_EVALUATED,PROPULSION_SIZING,INTERNAL_EXCEPTION,PROPULSION_POWER_LIMIT: Sized power target of 6449.0 W exceeds maximum catalog motor power limit of 3400.0 W.,"Status: INTERNAL_EXCEPTION, Warnings: 0, Iterations: 0",3.08,0,False
900,CUSTOM,3.27,95.2,125.5,104.6,CATAPULT,PARACHUTE,MOUNTAIN,76975.54,True,FAILED,NOT_EVALUATED,Conventional,,,NOT_EVALUATED,,,,,,,,,,,,,,,,,,,,,,,NOT_EVALUATED,,,,,,,,NOT_EVALUATED,NOT_EVALUATED,NOT_EVALUATED,NOT_EVALUATED,AVIONICS_SIZING,DATABASE_LIMITATION,COMPONENT_DATABASE_LIMITATION: Required communication range (95.20 km) exceeds the maximum range available in the telemetry catalog (80.00 km).,"Status: COMPONENT_DATABASE_LIMITATION, Warnings: 0, Iterations: 0",3.15,0,False
919,RESEARCH,2.72,116.8,146.8,55.0,CATAPULT,RUNWAY,RURAL,62998.54,True,FAILED,NOT_EVALUATED,Conventional,,,NOT_EVALUATED,,,,,,,,,,,,,,,,,,,,,,,NOT_EVALUATED,,,,,,,,NOT_EVALUATED,NOT_EVALUATED,NOT_EVALUATED,NOT_EVALUATED,AVIONICS_SIZING,DATABASE_LIMITATION,COMPONENT_DATABASE_LIMITATION: Required communication range (116.80 km) exceeds the maximum range available in the telemetry catalog (80.00 km).,"Status: COMPONENT_DATABASE_LIMITATION, Warnings: 0, Iterations: 0",4.97,0,False
929,TRAINING,3.17,57.1,103.1,85.2,HAND_LAUNCH,BELLY_LANDING,FOREST,30952.91,True,FAILED,NOT_EVALUATED,Conventional,,,NOT_EVALUATED,,,,,,,,,,,,,,,,,,,,,,,NOT_EVALUATED,,,,,,,,NOT_EVALUATED,NOT_EVALUATED,NOT_EVALUATED,NOT_EVALUATED,CONVERGENCE,PROPULSION_FAILURE,Subsystem execution failed with exception: PropulsionOptimizer failed: PropulsionOptimizer failed: No feasible design candidates found.; Convergence failed: Subsystem execution failed with exception: PropulsionOptimizer failed: PropulsionOptimizer failed: No feasible design candidates found.,"Status: PROPULSION_INFEASIBLE, Warnings: 0, Iterations: 0",3915.93,0,False
930,DELIVERY,2.16,99.7,59.3,66.7,HAND_LAUNCH,BELLY_LANDING,MOUNTAIN,31498.78,True,INVALID_INPUT,NOT_EVALUATED,Conventional,,,NOT_EVALUATED,,,,,,,,,,,,,,,,,,,,,,,NOT_EVALUATED,,,,,,,,NOT_EVALUATED,NOT_EVALUATED,NOT_EVALUATED,NOT_EVALUATED,MISSION_TRANSLATION,INVALID_REQUIREMENTS,Mission range (99.7 km) is physically inconsistent with cruise speed (66.7 km/h) and flight time (59.3 min). Max theoretical range is 65.9 km.,"Status: INVALID_REQUIREMENTS, Warnings: 0, Iterations: 0",0.42,0,False
931,SECURITY,24.0,51.1,31.7,47.7,RUNWAY,RUNWAY,RURAL,70724.56,True,INVALID_INPUT,NOT_EVALUATED,Conventional,,,NOT_EVALUATED,,,,,,,,,,,,,,,,,,,,,,,NOT_EVALUATED,,,,,,,,NOT_EVALUATED,NOT_EVALUATED,NOT_EVALUATED,NOT_EVALUATED,MISSION_TRANSLATION,INVALID_REQUIREMENTS,Mission range (51.1 km) is physically inconsistent with cruise speed (47.7 km/h) and flight time (31.7 min). Max theoretical range is 25.2 km.,"Status: INVALID_REQUIREMENTS, Warnings: 0, Iterations: 0",0.4,0,False
935,MILITARY,11.21,33.1,57.9,70.5,RUNWAY,RUNWAY,MOUNTAIN,6017.92,True,FAILED,NOT_EVALUATED,Conventional,,,NOT_EVALUATED,,,,,,,,,,,,,,,,,,,,,,,NOT_EVALUATED,,,,,,,,NOT_EVALUATED,NOT_EVALUATED,NOT_EVALUATED,NOT_EVALUATED,FUSELAGE_SIZING,SIZING_FAILURE,"Sized fuselage width (0.52 m) exceeds wing root chord (0.46 m), which causes extreme aerodynamic blockage and drag. Select a more slender fuselage profile.","Status: SIZING_INFEASIBLE, Warnings: 0, Iterations: 0",3.52,0,False
940,MAPPING,3.43,47.8,84.7,68.0,RUNWAY,RUNWAY,MOUNTAIN,48439.79,True,EXCEPTION,NOT_EVALUATED,Conventional,,,NOT_EVALUATED,,,,,,,,,,,,,,,,,,,,,,,NOT_EVALUATED,,,,,,,,NOT_EVALUATED,NOT_EVALUATED,NOT_EVALUATED,NOT_EVALUATED,CONVERGENCE,INTERNAL_EXCEPTION,Design compliance score (76.0%) is below the minimum required safety compliance boundary (85.0%).,"Status: INTERNAL_EXCEPTION, Warnings: 0, Iterations: 5",20180.92,5,False
944,MILITARY,3.8,111.5,131.2,65.2,CATAPULT,NET_RECOVERY,RURAL,8002.3,True,FAILED,NOT_EVALUATED,Conventional,,,NOT_EVALUATED,,,,,,,,,,,,,,,,,,,,,,,NOT_EVALUATED,,,,,,,,NOT_EVALUATED,NOT_EVALUATED,NOT_EVALUATED,NOT_EVALUATED,FUSELAGE_SIZING,SIZING_FAILURE,"Sized fuselage width (0.30 m) exceeds wing root chord (0.27 m), which causes extreme aerodynamic blockage and drag. Select a more slender fuselage profile.","Status: SIZING_INFEASIBLE, Warnings: 0, Iterations: 0",4.46,0,False
945,MAPPING,4.82,92.5,128.9,70.8,CATAPULT,BELLY_LANDING,DESERT,36973.4,True,FAILED,NOT_EVALUATED,Conventional,,,NOT_EVALUATED,,,,,,,,,,,,,,,,,,,,,,,NOT_EVALUATED,,,,,,,,NOT_EVALUATED,NOT_EVALUATED,NOT_EVALUATED,NOT_EVALUATED,AVIONICS_SIZING,DATABASE_LIMITATION,COMPONENT_DATABASE_LIMITATION: Required communication range (92.50 km) exceeds the maximum range available in the telemetry catalog (80.00 km).,"Status: COMPONENT_DATABASE_LIMITATION, Warnings: 0, Iterations: 0",5.19,0,False
946,SECURITY,17.98,12.4,54.7,57.3,RUNWAY,RUNWAY,RURAL,54471.09,True,FAILED,NOT_EVALUATED,Conventional,,,NOT_EVALUATED,,,,,,,,,,,,,,,,,,,,,,,NOT_EVALUATED,,,,,,,,NOT_EVALUATED,NOT_EVALUATED,NOT_EVALUATED,NOT_EVALUATED,FUSELAGE_SIZING,SIZING_FAILURE,"Sized fuselage width (0.66 m) exceeds wing root chord (0.58 m), which causes extreme aerodynamic blockage and drag. Select a more slender fuselage profile.","Status: SIZING_INFEASIBLE, Warnings: 0, Iterations: 0",3.71,0,False
947,SECURITY,4.44,29.7,45.8,61.2,RUNWAY,RUNWAY,MOUNTAIN,6608.27,True,FAILED,NOT_EVALUATED,Conventional,,,NOT_EVALUATED,,,,,,,,,,,,,,,,,,,,,,,NOT_EVALUATED,,,,,,,,NOT_EVALUATED,NOT_EVALUATED,NOT_EVALUATED,NOT_EVALUATED,FUSELAGE_SIZING,SIZING_FAILURE,"Sized fuselage width (0.33 m) exceeds wing root chord (0.29 m), which causes extreme aerodynamic blockage and drag. Select a more slender fuselage profile.","Status: SIZING_INFEASIBLE, Warnings: 0, Iterations: 0",3.36,0,False
955,RESEARCH,4.18,63.9,133.4,84.9,RUNWAY,BELLY_LANDING,DESERT,5796.48,True,FAILED,NOT_EVALUATED,Conventional,,,NOT_EVALUATED,,,,,,,,,,,,,,,,,,,,,,,NOT_EVALUATED,,,,,,,,NOT_EVALUATED,NOT_EVALUATED,NOT_EVALUATED,NOT_EVALUATED,CONVERGENCE,PROPULSION_FAILURE,Subsystem execution failed with exception: PropulsionOptimizer failed: PropulsionOptimizer failed: No feasible design candidates found.; Convergence failed: Subsystem execution failed with exception: PropulsionOptimizer failed: PropulsionOptimizer failed: No feasible design candidates found.,"Status: PROPULSION_INFEASIBLE, Warnings: 0, Iterations: 0",3837.87,0,False
962,DISASTER_RESPONSE,1.35,78.9,71.9,63.0,HAND_LAUNCH,PARACHUTE,RURAL,71705.79,True,FAILED,NOT_EVALUATED,Conventional,,,NOT_EVALUATED,,,,,,,,,,,,,,,,,,,,,,,NOT_EVALUATED,,,,,,,,NOT_EVALUATED,NOT_EVALUATED,NOT_EVALUATED,NOT_EVALUATED,PERFORMANCE_SIZING,PERFORMANCE_FAILURE,"Cruise speed (63.0 kmh) is below the minimum safe cruise speed boundary (63.6 kmh, representing a 20.0% safety margin above clean stall).","Status: PERFORMANCE_INFEASIBLE, Warnings: 0, Iterations: 0",4.11,0,False
964,DELIVERY,1.63,112.1,58.5,88.5,CATAPULT,NET_RECOVERY,MOUNTAIN,4971.09,True,FAILED,NOT_EVALUATED,Conventional,,,NOT_EVALUATED,,,,,,,,,,,,,,,,,,,,,,,NOT_EVALUATED,,,,,,,,NOT_EVALUATED,NOT_EVALUATED,NOT_EVALUATED,NOT_EVALUATED,PROPULSION_SIZING,DATABASE_LIMITATION,"COMPONENT_DATABASE_LIMITATION: Lightest available component of type 'Cargo' in database weighs 2.00 kg, which exceeds the maximum allowed structural payload limit of 1.71 kg.","Status: COMPONENT_DATABASE_LIMITATION, Warnings: 0, Iterations: 0",2.84,0,False
969,RESEARCH,4.39,69.6,72.6,71.4,HAND_LAUNCH,PARACHUTE,RURAL,24889.27,True,FAILED,NOT_EVALUATED,Conventional,,,NOT_EVALUATED,,,,,,,,,,,,,,,,,,,,,,,NOT_EVALUATED,,,,,,,,NOT_EVALUATED,NOT_EVALUATED,NOT_EVALUATED,NOT_EVALUATED,CONVERGENCE,PROPULSION_FAILURE,Subsystem execution failed with exception: PropulsionOptimizer failed: PropulsionOptimizer failed: No feasible design candidates found.; Convergence failed: Subsystem execution failed with exception: PropulsionOptimizer failed: PropulsionOptimizer failed: No feasible design candidates found.,"Status: PROPULSION_INFEASIBLE, Warnings: 0, Iterations: 0",3701.52,0,False
976,TRAINING,3.07,104.2,105.0,55.1,CATAPULT,PARACHUTE,MOUNTAIN,71826.81,True,FAILED,NOT_EVALUATED,Conventional,,,NOT_EVALUATED,,,,,,,,,,,,,,,,,,,,,,,NOT_EVALUATED,,,,,,,,NOT_EVALUATED,NOT_EVALUATED,NOT_EVALUATED,NOT_EVALUATED,AVIONICS_SIZING,DATABASE_LIMITATION,COMPONENT_DATABASE_LIMITATION: Required communication range (104.20 km) exceeds the maximum range available in the telemetry catalog (80.00 km).,"Status: COMPONENT_DATABASE_LIMITATION, Warnings: 0, Iterations: 0",3.11,0,False
985,SURVEY,19.43,45.7,35.5,42.1,RUNWAY,RUNWAY,RURAL,51573.55,True,INVALID_INPUT,NOT_EVALUATED,Conventional,,,NOT_EVALUATED,,,,,,,,,,,,,,,,,,,,,,,NOT_EVALUATED,,,,,,,,NOT_EVALUATED,NOT_EVALUATED,NOT_EVALUATED,NOT_EVALUATED,MISSION_TRANSLATION,INVALID_REQUIREMENTS,Stall speed target (45.0 km/h) must be less than cruise speed (42.1 km/h); Mission range (45.7 km) is physically inconsistent with cruise speed (42.1 km/h) and flight time (35.5 min). Max theoretical range is 24.9 km.,"Status: INVALID_REQUIREMENTS, Warnings: 0, Iterations: 0",0.32,0,False
992,RESEARCH,1.96,75.0,142.1,96.7,RUNWAY,RUNWAY,RURAL,65793.03,True,FAILED,NOT_EVALUATED,Conventional,,,NOT_EVALUATED,,,,,,,,,,,,,,,,,,,,,,,NOT_EVALUATED,,,,,,,,NOT_EVALUATED,NOT_EVALUATED,NOT_EVALUATED,NOT_EVALUATED,CONVERGENCE,SIZING_FAILURE,Subsystem execution failed with exception: MassPropertiesOptimizer failed: MassPropertiesOptimizer failed: No feasible design candidates found.; Convergence failed: Subsystem execution failed with exception: MassPropertiesOptimizer failed: MassPropertiesOptimizer failed: No feasible design candidates found.,"Status: SIZING_INFEASIBLE, Warnings: 0, Iterations: 1",7902.18,1,False
995,CUSTOM,2.38,29.6,137.4,79.0,RUNWAY,BELLY_LANDING,DESERT,41508.94,True,EXCEPTION,NOT_EVALUATED,Conventional,,,NOT_EVALUATED,,,,,,,,,,,,,,,,,,,,,,,NOT_EVALUATED,,,,,,,,NOT_EVALUATED,NOT_EVALUATED,NOT_EVALUATED,NOT_EVALUATED,CONVERGENCE,INTERNAL_EXCEPTION,Design compliance score (76.0%) is below the minimum required safety compliance boundary (85.0%).,"Status: INTERNAL_EXCEPTION, Warnings: 0, Iterations: 3",12034.8,3,False
1000,SURVEY,1.01,62.8,88.0,80.9,CATAPULT,BELLY_LANDING,RURAL,59576.97,True,FAILED,NOT_EVALUATED,Conventional,,,NOT_EVALUATED,,,,,,,,,,,,,,,,,,,,,,,NOT_EVALUATED,,,,,,,,NOT_EVALUATED,NOT_EVALUATED,NOT_EVALUATED,NOT_EVALUATED,VERIFICATION,VERIFICATION_FAILURE,Aircraft design failed verification compliance checks.; Aircraft design failed verification compliance checks.,"Status: VERIFICATION_FAILED, Warnings: 0, Iterations: 5",20172.26,5,True
1010,SURVEY,4.51,116.5,97.5,99.5,RUNWAY,RUNWAY,DESERT,60821.85,True,FAILED,NOT_EVALUATED,Conventional,,,NOT_EVALUATED,,,,,,,,,,,,,,,,,,,,,,,NOT_EVALUATED,,,,,,,,NOT_EVALUATED,NOT_EVALUATED,NOT_EVALUATED,NOT_EVALUATED,AVIONICS_SIZING,DATABASE_LIMITATION,COMPONENT_DATABASE_LIMITATION: Required communication range (116.50 km) exceeds the maximum range available in the telemetry catalog (80.00 km).,"Status: COMPONENT_DATABASE_LIMITATION, Warnings: 0, Iterations: 0",3.12,0,False
1018,DELIVERY,9.04,51.6,37.2,42.9,RUNWAY,RUNWAY,DESERT,78538.65,True,INVALID_INPUT,NOT_EVALUATED,Conventional,,,NOT_EVALUATED,,,,,,,,,,,,,,,,,,,,,,,NOT_EVALUATED,,,,,,,,NOT_EVALUATED,NOT_EVALUATED,NOT_EVALUATED,NOT_EVALUATED,MISSION_TRANSLATION,INVALID_REQUIREMENTS,Stall speed target (45.0 km/h) must be less than cruise speed (42.9 km/h); Mission range (51.6 km) is physically inconsistent with cruise speed (42.9 km/h) and flight time (37.2 min). Max theoretical range is 26.6 km.,"Status: INVALID_REQUIREMENTS, Warnings: 0, Iterations: 0",0.23,0,False
1038,RESEARCH,4.29,92.5,112.1,95.4,RUNWAY,NET_RECOVERY,MOUNTAIN,43095.73,True,FAILED,NOT_EVALUATED,Conventional,,,NOT_EVALUATED,,,,,,,,,,,,,,,,,,,,,,,NOT_EVALUATED,,,,,,,,NOT_EVALUATED,NOT_EVALUATED,NOT_EVALUATED,NOT_EVALUATED,AVIONICS_SIZING,DATABASE_LIMITATION,COMPONENT_DATABASE_LIMITATION: Required communication range (92.50 km) exceeds the maximum range available in the telemetry catalog (80.00 km).,"Status: COMPONENT_DATABASE_LIMITATION, Warnings: 0, Iterations: 0",4.44,0,False
1040,DELIVERY,3.03,34.2,51.7,66.8,HAND_LAUNCH,BELLY_LANDING,FOREST,77292.0,True,FAILED,NOT_EVALUATED,Conventional,,,NOT_EVALUATED,,,,,,,,,,,,,,,,,,,,,,,NOT_EVALUATED,,,,,,,,NOT_EVALUATED,NOT_EVALUATED,NOT_EVALUATED,NOT_EVALUATED,CONVERGENCE,PROPULSION_FAILURE,Subsystem execution failed with exception: PropulsionOptimizer failed: PropulsionOptimizer failed: No feasible design candidates found.; Convergence failed: Subsystem execution failed with exception: PropulsionOptimizer failed: PropulsionOptimizer failed: No feasible design candidates found.,"Status: PROPULSION_INFEASIBLE, Warnings: 0, Iterations: 0",3803.16,0,False
1041,DELIVERY,1.88,101.3,48.7,103.6,CATAPULT,BELLY_LANDING,MOUNTAIN,76486.8,True,FAILED,NOT_EVALUATED,Conventional,,,NOT_EVALUATED,,,,,,,,,,,,,,,,,,,,,,,NOT_EVALUATED,,,,,,,,NOT_EVALUATED,NOT_EVALUATED,NOT_EVALUATED,NOT_EVALUATED,PROPULSION_SIZING,DATABASE_LIMITATION,"COMPONENT_DATABASE_LIMITATION: Lightest available component of type 'Cargo' in database weighs 2.00 kg, which exceeds the maximum allowed structural payload limit of 1.97 kg.","Status: COMPONENT_DATABASE_LIMITATION, Warnings: 0, Iterations: 0",2.61,0,False
1043,MILITARY,4.55,93.9,73.6,55.8,CATAPULT,RUNWAY,DESERT,34936.46,True,FAILED,NOT_EVALUATED,Conventional,,,NOT_EVALUATED,,,,,,,,,,,,,,,,,,,,,,,NOT_EVALUATED,,,,,,,,NOT_EVALUATED,NOT_EVALUATED,NOT_EVALUATED,NOT_EVALUATED,FUSELAGE_SIZING,SIZING_FAILURE,"Sized fuselage width (0.33 m) exceeds wing root chord (0.29 m), which causes extreme aerodynamic blockage and drag. Select a more slender fuselage profile.","Status: SIZING_INFEASIBLE, Warnings: 0, Iterations: 0",4.75,0,False
1046,CUSTOM,4.51,63.7,59.5,88.6,HAND_LAUNCH,BELLY_LANDING,DESERT,4463.42,True,FAILED,NOT_EVALUATED,Conventional,,,NOT_EVALUATED,,,,,,,,,,,,,,,,,,,,,,,NOT_EVALUATED,,,,,,,,NOT_EVALUATED,NOT_EVALUATED,NOT_EVALUATED,NOT_EVALUATED,CONVERGENCE,PROPULSION_FAILURE,Subsystem execution failed with exception: PropulsionOptimizer failed: PropulsionOptimizer failed: No feasible design candidates found.; Convergence failed: Subsystem execution failed with exception: PropulsionOptimizer failed: PropulsionOptimizer failed: No feasible design candidates found.,"Status: PROPULSION_INFEASIBLE, Warnings: 0, Iterations: 0",3831.08,0,False
1056,AGRICULTURE,16.73,17.6,43.7,76.2,RUNWAY,RUNWAY,RURAL,30618.87,True,EXCEPTION,NOT_EVALUATED,Conventional,,,NOT_EVALUATED,,,,,,,,,,,,,,,,,,,,,,,NOT_EVALUATED,,,,,,,,NOT_EVALUATED,NOT_EVALUATED,NOT_EVALUATED,NOT_EVALUATED,PROPULSION_SIZING,INTERNAL_EXCEPTION,PROPULSION_POWER_LIMIT: Sized power target of 4780.3 W exceeds maximum catalog motor power limit of 3400.0 W.,"Status: INTERNAL_EXCEPTION, Warnings: 0, Iterations: 0",7.14,0,False
1058,DELIVERY,11.02,25.6,54.4,75.3,RUNWAY,RUNWAY,RURAL,43160.42,True,FAILED,NOT_EVALUATED,Conventional,,,NOT_EVALUATED,,,,,,,,,,,,,,,,,,,,,,,NOT_EVALUATED,,,,,,,,NOT_EVALUATED,NOT_EVALUATED,NOT_EVALUATED,NOT_EVALUATED,MASS_SIZING,MASS_FAILURE,Calculated takeoff weight (28.60 kg) exceeds maximum takeoff weight limit constraint (25.00 kg).,"Status: MTOW_LIMIT_EXCEEDED, Warnings: 0, Iterations: 0",4.26,0,False
1060,CUSTOM,4.12,43.1,127.7,80.7,HAND_LAUNCH,BELLY_LANDING,MOUNTAIN,34345.52,True,FAILED,NOT_EVALUATED,Conventional,,,NOT_EVALUATED,,,,,,,,,,,,,,,,,,,,,,,NOT_EVALUATED,,,,,,,,NOT_EVALUATED,NOT_EVALUATED,NOT_EVALUATED,NOT_EVALUATED,CONVERGENCE,PROPULSION_FAILURE,Subsystem execution failed with exception: PropulsionOptimizer failed: PropulsionOptimizer failed: No feasible design candidates found.; Convergence failed: Subsystem execution failed with exception: PropulsionOptimizer failed: PropulsionOptimizer failed: No feasible design candidates found.,"Status: PROPULSION_INFEASIBLE, Warnings: 0, Iterations: 0",3880.31,0,False
1061,MAPPING,1.91,53.7,107.0,99.2,CATAPULT,NET_RECOVERY,RURAL,12082.48,True,EXCEPTION,NOT_EVALUATED,Conventional,,,NOT_EVALUATED,,,,,,,,,,,,,,,,,,,,,,,NOT_EVALUATED,,,,,,,,NOT_EVALUATED,NOT_EVALUATED,NOT_EVALUATED,NOT_EVALUATED,CONVERGENCE,INTERNAL_EXCEPTION,Design compliance score (76.0%) is below the minimum required safety compliance boundary (85.0%).,"Status: INTERNAL_EXCEPTION, Warnings: 0, Iterations: 4",16147.32,4,False
1062,CUSTOM,3.85,105.4,66.6,56.7,RUNWAY,PARACHUTE,FOREST,12956.53,True,INVALID_INPUT,NOT_EVALUATED,Conventional,,,NOT_EVALUATED,,,,,,,,,,,,,,,,,,,,,,,NOT_EVALUATED,,,,,,,,NOT_EVALUATED,NOT_EVALUATED,NOT_EVALUATED,NOT_EVALUATED,MISSION_TRANSLATION,INVALID_REQUIREMENTS,Mission range (105.4 km) is physically inconsistent with cruise speed (56.7 km/h) and flight time (66.6 min). Max theoretical range is 62.9 km.,"Status: INVALID_REQUIREMENTS, Warnings: 0, Iterations: 0",0.31,0,False
1064,SURVEY,1.11,117.0,131.0,100.3,HAND_LAUNCH,PARACHUTE,FOREST,67741.13,True,FAILED,NOT_EVALUATED,Conventional,,,NOT_EVALUATED,,,,,,,,,,,,,,,,,,,,,,,NOT_EVALUATED,,,,,,,,NOT_EVALUATED,NOT_EVALUATED,NOT_EVALUATED,NOT_EVALUATED,AVIONICS_SIZING,DATABASE_LIMITATION,COMPONENT_DATABASE_LIMITATION: Required communication range (117.00 km) exceeds the maximum range available in the telemetry catalog (80.00 km).,"Status: COMPONENT_DATABASE_LIMITATION, Warnings: 0, Iterations: 0",3.02,0,False
1072,SECURITY,18.14,45.0,23.2,46.4,RUNWAY,RUNWAY,RURAL,74770.18,True,INVALID_INPUT,NOT_EVALUATED,Conventional,,,NOT_EVALUATED,,,,,,,,,,,,,,,,,,,,,,,NOT_EVALUATED,,,,,,,,NOT_EVALUATED,NOT_EVALUATED,NOT_EVALUATED,NOT_EVALUATED,MISSION_TRANSLATION,INVALID_REQUIREMENTS,Mission range (45.0 km) is physically inconsistent with cruise speed (46.4 km/h) and flight time (23.2 min). Max theoretical range is 17.9 km.,"Status: INVALID_REQUIREMENTS, Warnings: 0, Iterations: 0",0.28,0,False
1094,SURVEY,3.15,109.9,108.8,61.0,RUNWAY,RUNWAY,DESERT,17846.27,True,FAILED,NOT_EVALUATED,Conventional,,,NOT_EVALUATED,,,,,,,,,,,,,,,,,,,,,,,NOT_EVALUATED,,,,,,,,NOT_EVALUATED,NOT_EVALUATED,NOT_EVALUATED,NOT_EVALUATED,AVIONICS_SIZING,DATABASE_LIMITATION,COMPONENT_DATABASE_LIMITATION: Required communication range (109.90 km) exceeds the maximum range available in the telemetry catalog (80.00 km).,"Status: COMPONENT_DATABASE_LIMITATION, Warnings: 0, Iterations: 0",4.96,0,False
1104,DISASTER_RESPONSE,10.87,67.7,70.8,81.0,RUNWAY,RUNWAY,DESERT,9998.61,True,FAILED,NOT_EVALUATED,Conventional,,,NOT_EVALUATED,,,,,,,,,,,,,,,,,,,,,,,NOT_EVALUATED,,,,,,,,NOT_EVALUATED,NOT_EVALUATED,NOT_EVALUATED,NOT_EVALUATED,CONVERGENCE,PROPULSION_FAILURE,Subsystem execution failed with exception: PropulsionOptimizer failed: PropulsionOptimizer failed: No feasible design candidates found.; Convergence failed: Subsystem execution failed with exception: PropulsionOptimizer failed: PropulsionOptimizer failed: No feasible design candidates found.,"Status: PROPULSION_INFEASIBLE, Warnings: 0, Iterations: 0",3920.13,0,False
1112,SURVEY,2.2,27.9,92.3,69.8,RUNWAY,NET_RECOVERY,RURAL,25329.95,True,EXCEPTION,NOT_EVALUATED,Conventional,,,NOT_EVALUATED,,,,,,,,,,,,,,,,,,,,,,,NOT_EVALUATED,,,,,,,,NOT_EVALUATED,NOT_EVALUATED,NOT_EVALUATED,NOT_EVALUATED,CONVERGENCE,INTERNAL_EXCEPTION,Design compliance score (76.0%) is below the minimum required safety compliance boundary (85.0%).,"Status: INTERNAL_EXCEPTION, Warnings: 0, Iterations: 5",22631.95,5,False
1116,DELIVERY,3.49,51.4,62.3,61.9,HAND_LAUNCH,BELLY_LANDING,FOREST,56842.57,True,FAILED,NOT_EVALUATED,Conventional,,,NOT_EVALUATED,,,,,,,,,,,,,,,,,,,,,,,NOT_EVALUATED,,,,,,,,NOT_EVALUATED,NOT_EVALUATED,NOT_EVALUATED,NOT_EVALUATED,CONVERGENCE,PROPULSION_FAILURE,Subsystem execution failed with exception: PropulsionOptimizer failed: PropulsionOptimizer failed: No feasible design candidates found.; Convergence failed: Subsystem execution failed with exception: PropulsionOptimizer failed: PropulsionOptimizer failed: No feasible design candidates found.,"Status: PROPULSION_INFEASIBLE, Warnings: 0, Iterations: 0",3753.91,0,False
1120,SURVEY,2.93,51.4,84.4,106.0,HAND_LAUNCH,NET_RECOVERY,RURAL,2538.16,True,FAILED,NOT_EVALUATED,Conventional,,,NOT_EVALUATED,,,,,,,,,,,,,,,,,,,,,,,NOT_EVALUATED,,,,,,,,NOT_EVALUATED,NOT_EVALUATED,NOT_EVALUATED,NOT_EVALUATED,CONVERGENCE,PROPULSION_FAILURE,Subsystem execution failed with exception: PropulsionOptimizer failed: PropulsionOptimizer failed: No feasible design candidates found.; Convergence failed: Subsystem execution failed with exception: PropulsionOptimizer failed: PropulsionOptimizer failed: No feasible design candidates found.,"Status: PROPULSION_INFEASIBLE, Warnings: 0, Iterations: 0",3783.29,0,False
1121,CUSTOM,4.71,79.3,141.5,85.7,HAND_LAUNCH,NET_RECOVERY,DESERT,12183.96,True,FAILED,NOT_EVALUATED,Conventional,,,NOT_EVALUATED,,,,,,,,,,,,,,,,,,,,,,,NOT_EVALUATED,,,,,,,,NOT_EVALUATED,NOT_EVALUATED,NOT_EVALUATED,NOT_EVALUATED,CONVERGENCE,PROPULSION_FAILURE,Subsystem execution failed with exception: PropulsionOptimizer failed: PropulsionOptimizer failed: No feasible design candidates found.; Convergence failed: Subsystem execution failed with exception: PropulsionOptimizer failed: PropulsionOptimizer failed: No feasible design candidates found.,"Status: PROPULSION_INFEASIBLE, Warnings: 0, Iterations: 0",3849.88,0,False
1122,TRAINING,1.4,51.9,141.1,56.6,RUNWAY,NET_RECOVERY,DESERT,64721.26,True,FAILED,NOT_EVALUATED,Conventional,,,NOT_EVALUATED,,,,,,,,,,,,,,,,,,,,,,,NOT_EVALUATED,,,,,,,,NOT_EVALUATED,NOT_EVALUATED,NOT_EVALUATED,NOT_EVALUATED,PERFORMANCE_SIZING,PERFORMANCE_FAILURE,"Cruise speed (56.6 kmh) is below the minimum safe cruise speed boundary (68.3 kmh, representing a 20.0% safety margin above clean stall).","Status: PERFORMANCE_INFEASIBLE, Warnings: 0, Iterations: 0",5.54,0,False
1133,DISASTER_RESPONSE,2.75,57.3,55.6,53.0,RUNWAY,NET_RECOVERY,MOUNTAIN,60488.1,True,EXCEPTION,NOT_EVALUATED,Conventional,,,NOT_EVALUATED,,,,,,,,,,,,,,,,,,,,,,,NOT_EVALUATED,,,,,,,,NOT_EVALUATED,NOT_EVALUATED,NOT_EVALUATED,NOT_EVALUATED,CONVERGENCE,INTERNAL_EXCEPTION,Design compliance score (76.0%) is below the minimum required safety compliance boundary (85.0%).,"Status: INTERNAL_EXCEPTION, Warnings: 0, Iterations: 5",23433.87,5,False
1138,CUSTOM,1.99,48.0,102.0,101.9,HAND_LAUNCH,RUNWAY,MOUNTAIN,70894.7,True,FAILED,NOT_EVALUATED,Conventional,,,NOT_EVALUATED,,,,,,,,,,,,,,,,,,,,,,,NOT_EVALUATED,,,,,,,,NOT_EVALUATED,NOT_EVALUATED,NOT_EVALUATED,NOT_EVALUATED,CONVERGENCE,PROPULSION_FAILURE,Subsystem execution failed with exception: PropulsionOptimizer failed: PropulsionOptimizer failed: No feasible design candidates found.; Convergence failed: Subsystem execution failed with exception: PropulsionOptimizer failed: PropulsionOptimizer failed: No feasible design candidates found.,"Status: PROPULSION_INFEASIBLE, Warnings: 0, Iterations: 1",8226.18,1,False
1139,DELIVERY,3.29,104.5,104.9,67.6,RUNWAY,PARACHUTE,DESERT,12012.72,True,FAILED,NOT_EVALUATED,Conventional,,,NOT_EVALUATED,,,,,,,,,,,,,,,,,,,,,,,NOT_EVALUATED,,,,,,,,NOT_EVALUATED,NOT_EVALUATED,NOT_EVALUATED,NOT_EVALUATED,AVIONICS_SIZING,DATABASE_LIMITATION,COMPONENT_DATABASE_LIMITATION: Required communication range (104.50 km) exceeds the maximum range available in the telemetry catalog (80.00 km).,"Status: COMPONENT_DATABASE_LIMITATION, Warnings: 0, Iterations: 0",3.34,0,False
1148,AGRICULTURE,2.58,31.3,71.6,87.7,CATAPULT,NET_RECOVERY,MOUNTAIN,62124.88,True,FAILED,NOT_EVALUATED,Conventional,,,NOT_EVALUATED,,,,,,,,,,,,,,,,,,,,,,,NOT_EVALUATED,,,,,,,,NOT_EVALUATED,NOT_EVALUATED,NOT_EVALUATED,NOT_EVALUATED,CONVERGENCE,PROPULSION_FAILURE,Subsystem execution failed with exception: PropulsionOptimizer failed: PropulsionOptimizer failed: No feasible design candidates found.; Convergence failed: Subsystem execution failed with exception: PropulsionOptimizer failed: PropulsionOptimizer failed: No feasible design candidates found.,"Status: PROPULSION_INFEASIBLE, Warnings: 0, Iterations: 1",7797.01,1,False
1151,TRAINING,2.72,112.6,100.8,50.8,HAND_LAUNCH,NET_RECOVERY,FOREST,48490.98,True,FAILED,NOT_EVALUATED,Conventional,,,NOT_EVALUATED,,,,,,,,,,,,,,,,,,,,,,,NOT_EVALUATED,,,,,,,,NOT_EVALUATED,NOT_EVALUATED,NOT_EVALUATED,NOT_EVALUATED,AVIONICS_SIZING,DATABASE_LIMITATION,COMPONENT_DATABASE_LIMITATION: Required communication range (112.60 km) exceeds the maximum range available in the telemetry catalog (80.00 km).,"Status: COMPONENT_DATABASE_LIMITATION, Warnings: 0, Iterations: 0",5.35,0,False
1163,AGRICULTURE,3.78,104.1,84.6,69.3,HAND_LAUNCH,NET_RECOVERY,MOUNTAIN,19104.06,True,FAILED,NOT_EVALUATED,Conventional,,,NOT_EVALUATED,,,,,,,,,,,,,,,,,,,,,,,NOT_EVALUATED,,,,,,,,NOT_EVALUATED,NOT_EVALUATED,NOT_EVALUATED,NOT_EVALUATED,AVIONICS_SIZING,DATABASE_LIMITATION,COMPONENT_DATABASE_LIMITATION: Required communication range (104.10 km) exceeds the maximum range available in the telemetry catalog (80.00 km).,"Status: COMPONENT_DATABASE_LIMITATION, Warnings: 0, Iterations: 0",3.22,0,False
1164,MILITARY,3.23,77.3,60.2,59.5,HAND_LAUNCH,PARACHUTE,MOUNTAIN,39155.03,True,FAILED,NOT_EVALUATED,Conventional,,,NOT_EVALUATED,,,,,,,,,,,,,,,,,,,,,,,NOT_EVALUATED,,,,,,,,NOT_EVALUATED,NOT_EVALUATED,NOT_EVALUATED,NOT_EVALUATED,FUSELAGE_SIZING,SIZING_FAILURE,"Sized fuselage width (0.28 m) exceeds wing root chord (0.25 m), which causes extreme aerodynamic blockage and drag. Select a more slender fuselage profile.","Status: SIZING_INFEASIBLE, Warnings: 0, Iterations: 0",3.38,0,False
1178,SECURITY,3.82,77.1,104.6,95.7,CATAPULT,NET_RECOVERY,RURAL,6030.26,True,FAILED,NOT_EVALUATED,Conventional,,,NOT_EVALUATED,,,,,,,,,,,,,,,,,,,,,,,NOT_EVALUATED,,,,,,,,NOT_EVALUATED,NOT_EVALUATED,NOT_EVALUATED,NOT_EVALUATED,FUSELAGE_SIZING,SIZING_FAILURE,"Sized fuselage width (0.30 m) exceeds wing root chord (0.27 m), which causes extreme aerodynamic blockage and drag. Select a more slender fuselage profile.","Status: SIZING_INFEASIBLE, Warnings: 0, Iterations: 0",8.29,0,False
1189,RESEARCH,1.57,74.2,51.1,99.9,CATAPULT,BELLY_LANDING,DESERT,67161.25,True,FAILED,NOT_EVALUATED,Conventional,,,NOT_EVALUATED,,,,,,,,,,,,,,,,,,,,,,,NOT_EVALUATED,,,,,,,,NOT_EVALUATED,NOT_EVALUATED,NOT_EVALUATED,NOT_EVALUATED,PROPULSION_SIZING,DATABASE_LIMITATION,"COMPONENT_DATABASE_LIMITATION: Lightest available component of type 'Scientific Instruments' in database weighs 1.80 kg, which exceeds the maximum allowed structural payload limit of 1.65 kg.","Status: COMPONENT_DATABASE_LIMITATION, Warnings: 0, Iterations: 0",3.03,0,False
1195,DELIVERY,4.12,60.2,99.3,104.7,CATAPULT,RUNWAY,DESERT,42374.68,True,FAILED,NOT_EVALUATED,Conventional,,,NOT_EVALUATED,,,,,,,,,,,,,,,,,,,,,,,NOT_EVALUATED,,,,,,,,NOT_EVALUATED,NOT_EVALUATED,NOT_EVALUATED,NOT_EVALUATED,CONVERGENCE,PROPULSION_FAILURE,Subsystem execution failed with exception: PropulsionOptimizer failed: PropulsionOptimizer failed: No feasible design candidates found.; Convergence failed: Subsystem execution failed with exception: PropulsionOptimizer failed: PropulsionOptimizer failed: No feasible design candidates found.,"Status: PROPULSION_INFEASIBLE, Warnings: 0, Iterations: 0",4282.06,0,False
1196,CUSTOM,3.45,48.0,110.8,62.8,CATAPULT,BELLY_LANDING,RURAL,67163.8,True,FAILED,NOT_EVALUATED,Conventional,,,NOT_EVALUATED,,,,,,,,,,,,,,,,,,,,,,,NOT_EVALUATED,,,,,,,,NOT_EVALUATED,NOT_EVALUATED,NOT_EVALUATED,NOT_EVALUATED,CONVERGENCE,PROPULSION_FAILURE,Subsystem execution failed with exception: PropulsionOptimizer failed: PropulsionOptimizer failed: No feasible design candidates found.; Convergence failed: Subsystem execution failed with exception: PropulsionOptimizer failed: PropulsionOptimizer failed: No feasible design candidates found.,"Status: PROPULSION_INFEASIBLE, Warnings: 0, Iterations: 0",4023.97,0,False
1200,MILITARY,4.59,43.4,52.6,105.3,RUNWAY,PARACHUTE,DESERT,3130.63,True,FAILED,NOT_EVALUATED,Conventional,,,NOT_EVALUATED,,,,,,,,,,,,,,,,,,,,,,,NOT_EVALUATED,,,,,,,,NOT_EVALUATED,NOT_EVALUATED,NOT_EVALUATED,NOT_EVALUATED,FUSELAGE_SIZING,SIZING_FAILURE,"Sized fuselage width (0.33 m) exceeds wing root chord (0.29 m), which causes extreme aerodynamic blockage and drag. Select a more slender fuselage profile.","Status: SIZING_INFEASIBLE, Warnings: 0, Iterations: 0",8.53,0,False
1201,DELIVERY,1.85,81.0,90.2,85.8,RUNWAY,RUNWAY,MOUNTAIN,74925.94,True,FAILED,NOT_EVALUATED,Conventional,,,NOT_EVALUATED,,,,,,,,,,,,,,,,,,,,,,,NOT_EVALUATED,,,,,,,,NOT_EVALUATED,NOT_EVALUATED,NOT_EVALUATED,NOT_EVALUATED,PROPULSION_SIZING,DATABASE_LIMITATION,"COMPONENT_DATABASE_LIMITATION: Lightest available component of type 'Cargo' in database weighs 2.00 kg, which exceeds the maximum allowed structural payload limit of 1.94 kg.","Status: COMPONENT_DATABASE_LIMITATION, Warnings: 0, Iterations: 0",3.9,0,False
1203,MAPPING,5.0,91.0,117.9,70.4,HAND_LAUNCH,NET_RECOVERY,DESERT,72349.89,True,FAILED,NOT_EVALUATED,Conventional,,,NOT_EVALUATED,,,,,,,,,,,,,,,,,,,,,,,NOT_EVALUATED,,,,,,,,NOT_EVALUATED,NOT_EVALUATED,NOT_EVALUATED,NOT_EVALUATED,AVIONICS_SIZING,DATABASE_LIMITATION,COMPONENT_DATABASE_LIMITATION: Required communication range (91.00 km) exceeds the maximum range available in the telemetry catalog (80.00 km).,"Status: COMPONENT_DATABASE_LIMITATION, Warnings: 0, Iterations: 0",3.0,0,False
1204,MAPPING,17.6,73.6,58.9,53.3,RUNWAY,RUNWAY,RURAL,13351.03,True,EXCEPTION,NOT_EVALUATED,Conventional,,,NOT_EVALUATED,,,,,,,,,,,,,,,,,,,,,,,NOT_EVALUATED,,,,,,,,NOT_EVALUATED,NOT_EVALUATED,NOT_EVALUATED,NOT_EVALUATED,PROPULSION_SIZING,INTERNAL_EXCEPTION,PROPULSION_POWER_LIMIT: Sized power target of 4872.4 W exceeds maximum catalog motor power limit of 3400.0 W.,"Status: INTERNAL_EXCEPTION, Warnings: 0, Iterations: 0",4.03,0,False
1213,MAPPING,1.92,96.3,63.6,82.4,HAND_LAUNCH,NET_RECOVERY,RURAL,70304.21,True,FAILED,NOT_EVALUATED,Conventional,,,NOT_EVALUATED,,,,,,,,,,,,,,,,,,,,,,,NOT_EVALUATED,,,,,,,,NOT_EVALUATED,NOT_EVALUATED,NOT_EVALUATED,NOT_EVALUATED,AVIONICS_SIZING,DATABASE_LIMITATION,COMPONENT_DATABASE_LIMITATION: Required communication range (96.30 km) exceeds the maximum range available in the telemetry catalog (80.00 km).,"Status: COMPONENT_DATABASE_LIMITATION, Warnings: 0, Iterations: 0",3.24,0,False
1217,AGRICULTURE,4.83,104.1,112.2,51.7,RUNWAY,RUNWAY,MOUNTAIN,11250.21,True,FAILED,NOT_EVALUATED,Conventional,,,NOT_EVALUATED,,,,,,,,,,,,,,,,,,,,,,,NOT_EVALUATED,,,,,,,,NOT_EVALUATED,NOT_EVALUATED,NOT_EVALUATED,NOT_EVALUATED,AVIONICS_SIZING,DATABASE_LIMITATION,COMPONENT_DATABASE_LIMITATION: Required communication range (104.10 km) exceeds the maximum range available in the telemetry catalog (80.00 km).,"Status: COMPONENT_DATABASE_LIMITATION, Warnings: 0, Iterations: 0",3.93,0,False
1229,MILITARY,1.99,80.8,61.5,106.6,HAND_LAUNCH,NET_RECOVERY,DESERT,43079.39,True,FAILED,NOT_EVALUATED,Conventional,,,NOT_EVALUATED,,,,,,,,,,,,,,,,,,,,,,,NOT_EVALUATED,,,,,,,,NOT_EVALUATED,NOT_EVALUATED,NOT_EVALUATED,NOT_EVALUATED,FUSELAGE_SIZING,SIZING_FAILURE,"Sized fuselage width (0.22 m) exceeds wing root chord (0.19 m), which causes extreme aerodynamic blockage and drag. Select a more slender fuselage profile.","Status: SIZING_INFEASIBLE, Warnings: 0, Iterations: 0",3.28,0,False
1234,TRAINING,24.85,50.2,40.5,44.7,RUNWAY,RUNWAY,DESERT,16381.23,True,INVALID_INPUT,NOT_EVALUATED,Conventional,,,NOT_EVALUATED,,,,,,,,,,,,,,,,,,,,,,,NOT_EVALUATED,,,,,,,,NOT_EVALUATED,NOT_EVALUATED,NOT_EVALUATED,NOT_EVALUATED,MISSION_TRANSLATION,INVALID_REQUIREMENTS,Stall speed target (45.0 km/h) must be less than cruise speed (44.7 km/h); Mission range (50.2 km) is physically inconsistent with cruise speed (44.7 km/h) and flight time (40.5 min). Max theoretical range is 30.2 km.,"Status: INVALID_REQUIREMENTS, Warnings: 0, Iterations: 0",0.24,0,False
1242,DISASTER_RESPONSE,4.03,86.0,120.9,81.0,RUNWAY,PARACHUTE,DESERT,46306.75,True,FAILED,NOT_EVALUATED,Conventional,,,NOT_EVALUATED,,,,,,,,,,,,,,,,,,,,,,,NOT_EVALUATED,,,,,,,,NOT_EVALUATED,NOT_EVALUATED,NOT_EVALUATED,NOT_EVALUATED,AVIONICS_SIZING,DATABASE_LIMITATION,COMPONENT_DATABASE_LIMITATION: Required communication range (86.00 km) exceeds the maximum range available in the telemetry catalog (80.00 km).,"Status: COMPONENT_DATABASE_LIMITATION, Warnings: 0, Iterations: 0",4.0,0,False
1249,SECURITY,1.53,116.1,146.9,67.6,RUNWAY,BELLY_LANDING,DESERT,72669.78,True,FAILED,NOT_EVALUATED,Conventional,,,NOT_EVALUATED,,,,,,,,,,,,,,,,,,,,,,,NOT_EVALUATED,,,,,,,,NOT_EVALUATED,NOT_EVALUATED,NOT_EVALUATED,NOT_EVALUATED,FUSELAGE_SIZING,SIZING_FAILURE,"Sized fuselage width (0.19 m) exceeds wing root chord (0.17 m), which causes extreme aerodynamic blockage and drag. Select a more slender fuselage profile.","Status: SIZING_INFEASIBLE, Warnings: 0, Iterations: 0",34.38,0,False
1254,DELIVERY,4.55,38.6,122.4,63.9,HAND_LAUNCH,NET_RECOVERY,RURAL,39126.18,True,FAILED,NOT_EVALUATED,Conventional,,,NOT_EVALUATED,,,,,,,,,,,,,,,,,,,,,,,NOT_EVALUATED,,,,,,,,NOT_EVALUATED,NOT_EVALUATED,NOT_EVALUATED,NOT_EVALUATED,CONVERGENCE,PROPULSION_FAILURE,Subsystem execution failed with exception: PropulsionOptimizer failed: PropulsionOptimizer failed: No feasible design candidates found.; Convergence failed: Subsystem execution failed with exception: PropulsionOptimizer failed: PropulsionOptimizer failed: No feasible design candidates found.,"Status: PROPULSION_INFEASIBLE, Warnings: 0, Iterations: 0",4864.2,0,False
1255,AGRICULTURE,4.14,92.1,86.3,75.9,CATAPULT,NET_RECOVERY,MOUNTAIN,13455.24,True,FAILED,NOT_EVALUATED,Conventional,,,NOT_EVALUATED,,,,,,,,,,,,,,,,,,,,,,,NOT_EVALUATED,,,,,,,,NOT_EVALUATED,NOT_EVALUATED,NOT_EVALUATED,NOT_EVALUATED,AVIONICS_SIZING,DATABASE_LIMITATION,COMPONENT_DATABASE_LIMITATION: Required communication range (92.10 km) exceeds the maximum range available in the telemetry catalog (80.00 km).,"Status: COMPONENT_DATABASE_LIMITATION, Warnings: 0, Iterations: 0",4.99,0,False
1257,MILITARY,4.11,45.9,96.1,71.1,RUNWAY,RUNWAY,DESERT,42840.84,True,FAILED,NOT_EVALUATED,Conventional,,,NOT_EVALUATED,,,,,,,,,,,,,,,,,,,,,,,NOT_EVALUATED,,,,,,,,NOT_EVALUATED,NOT_EVALUATED,NOT_EVALUATED,NOT_EVALUATED,FUSELAGE_SIZING,SIZING_FAILURE,"Sized fuselage width (0.31 m) exceeds wing root chord (0.28 m), which causes extreme aerodynamic blockage and drag. Select a more slender fuselage profile.","Status: SIZING_INFEASIBLE, Warnings: 0, Iterations: 0",3.5,0,False
1262,SURVEY,1.4,99.0,121.9,95.0,RUNWAY,NET_RECOVERY,DESERT,25032.35,True,FAILED,NOT_EVALUATED,Conventional,,,NOT_EVALUATED,,,,,,,,,,,,,,,,,,,,,,,NOT_EVALUATED,,,,,,,,NOT_EVALUATED,NOT_EVALUATED,NOT_EVALUATED,NOT_EVALUATED,AVIONICS_SIZING,DATABASE_LIMITATION,COMPONENT_DATABASE_LIMITATION: Required communication range (99.00 km) exceeds the maximum range available in the telemetry catalog (80.00 km).,"Status: COMPONENT_DATABASE_LIMITATION, Warnings: 0, Iterations: 0",3.05,0,False
1269,RESEARCH,2.65,66.6,126.5,103.9,CATAPULT,PARACHUTE,DESERT,27215.86,True,FAILED,NOT_EVALUATED,Conventional,,,NOT_EVALUATED,,,,,,,,,,,,,,,,,,,,,,,NOT_EVALUATED,,,,,,,,NOT_EVALUATED,NOT_EVALUATED,NOT_EVALUATED,NOT_EVALUATED,CONVERGENCE,PROPULSION_FAILURE,Subsystem execution failed with exception: PropulsionOptimizer failed: PropulsionOptimizer failed: No feasible design candidates found.; Convergence failed: Subsystem execution failed with exception: PropulsionOptimizer failed: PropulsionOptimizer failed: No feasible design candidates found.,"Status: PROPULSION_INFEASIBLE, Warnings: 0, Iterations: 0",4690.06,0,False
1282,SECURITY,1.23,116.6,144.5,84.6,RUNWAY,BELLY_LANDING,FOREST,33622.95,True,FAILED,NOT_EVALUATED,Conventional,,,NOT_EVALUATED,,,,,,,,,,,,,,,,,,,,,,,NOT_EVALUATED,,,,,,,,NOT_EVALUATED,NOT_EVALUATED,NOT_EVALUATED,NOT_EVALUATED,FUSELAGE_SIZING,SIZING_FAILURE,"Sized fuselage width (0.17 m) exceeds wing root chord (0.15 m), which causes extreme aerodynamic blockage and drag. Select a more slender fuselage profile.","Status: SIZING_INFEASIBLE, Warnings: 0, Iterations: 0",6.97,0,False
1287,SECURITY,3.09,28.6,109.0,99.1,HAND_LAUNCH,RUNWAY,MOUNTAIN,62163.09,True,FAILED,NOT_EVALUATED,Conventional,,,NOT_EVALUATED,,,,,,,,,,,,,,,,,,,,,,,NOT_EVALUATED,,,,,,,,NOT_EVALUATED,NOT_EVALUATED,NOT_EVALUATED,NOT_EVALUATED,FUSELAGE_SIZING,SIZING_FAILURE,"Sized fuselage width (0.27 m) exceeds wing root chord (0.24 m), which causes extreme aerodynamic blockage and drag. Select a more slender fuselage profile.","Status: SIZING_INFEASIBLE, Warnings: 0, Iterations: 0",4.23,0,False
1296,DELIVERY,3.62,65.5,78.6,59.1,CATAPULT,PARACHUTE,RURAL,35231.84,True,FAILED,NOT_EVALUATED,Conventional,,,NOT_EVALUATED,,,,,,,,,,,,,,,,,,,,,,,NOT_EVALUATED,,,,,,,,NOT_EVALUATED,NOT_EVALUATED,NOT_EVALUATED,NOT_EVALUATED,CONVERGENCE,PROPULSION_FAILURE,Subsystem execution failed with exception: PropulsionOptimizer failed: PropulsionOptimizer failed: No feasible design candidates found.; Convergence failed: Subsystem execution failed with exception: PropulsionOptimizer failed: PropulsionOptimizer failed: No feasible design candidates found.,"Status: PROPULSION_INFEASIBLE, Warnings: 0, Iterations: 0",4853.4,0,False
1305,DISASTER_RESPONSE,3.42,70.8,50.0,58.0,CATAPULT,PARACHUTE,MOUNTAIN,18729.79,True,EXCEPTION,NOT_EVALUATED,Conventional,,,NOT_EVALUATED,,,,,,,,,,,,,,,,,,,,,,,NOT_EVALUATED,,,,,,,,NOT_EVALUATED,NOT_EVALUATED,NOT_EVALUATED,NOT_EVALUATED,PERFORMANCE_SIZING,INTERNAL_EXCEPTION,Sized maximum flight range (56.9 km) is below mission range requirement (70.8 km).,"Status: INTERNAL_EXCEPTION, Warnings: 0, Iterations: 0",10.4,0,False
1307,TRAINING,1.91,84.7,124.0,103.4,HAND_LAUNCH,PARACHUTE,MOUNTAIN,15247.2,True,FAILED,NOT_EVALUATED,Conventional,,,NOT_EVALUATED,,,,,,,,,,,,,,,,,,,,,,,NOT_EVALUATED,,,,,,,,NOT_EVALUATED,NOT_EVALUATED,NOT_EVALUATED,NOT_EVALUATED,AVIONICS_SIZING,DATABASE_LIMITATION,COMPONENT_DATABASE_LIMITATION: Required communication range (84.70 km) exceeds the maximum range available in the telemetry catalog (80.00 km).,"Status: COMPONENT_DATABASE_LIMITATION, Warnings: 0, Iterations: 0",6.43,0,False
1308,SURVEY,13.67,12.5,45.8,43.5,RUNWAY,RUNWAY,MOUNTAIN,62131.47,True,INVALID_INPUT,NOT_EVALUATED,Conventional,,,NOT_EVALUATED,,,,,,,,,,,,,,,,,,,,,,,NOT_EVALUATED,,,,,,,,NOT_EVALUATED,NOT_EVALUATED,NOT_EVALUATED,NOT_EVALUATED,MISSION_TRANSLATION,INVALID_REQUIREMENTS,Stall speed target (45.0 km/h) must be less than cruise speed (43.5 km/h),"Status: INVALID_REQUIREMENTS, Warnings: 0, Iterations: 0",0.43,0,False
1310,MILITARY,3.48,30.7,80.3,61.0,HAND_LAUNCH,PARACHUTE,FOREST,36825.37,True,FAILED,NOT_EVALUATED,Conventional,,,NOT_EVALUATED,,,,,,,,,,,,,,,,,,,,,,,NOT_EVALUATED,,,,,,,,NOT_EVALUATED,NOT_EVALUATED,NOT_EVALUATED,NOT_EVALUATED,FUSELAGE_SIZING,SIZING_FAILURE,"Sized fuselage width (0.29 m) exceeds wing root chord (0.26 m), which causes extreme aerodynamic blockage and drag. Select a more slender fuselage profile.","Status: SIZING_INFEASIBLE, Warnings: 0, Iterations: 0",3.69,0,False
1324,CUSTOM,3.24,86.2,96.6,97.3,HAND_LAUNCH,BELLY_LANDING,FOREST,76764.9,True,FAILED,NOT_EVALUATED,Conventional,,,NOT_EVALUATED,,,,,,,,,,,,,,,,,,,,,,,NOT_EVALUATED,,,,,,,,NOT_EVALUATED,NOT_EVALUATED,NOT_EVALUATED,NOT_EVALUATED,AVIONICS_SIZING,DATABASE_LIMITATION,COMPONENT_DATABASE_LIMITATION: Required communication range (86.20 km) exceeds the maximum range available in the telemetry catalog (80.00 km).,"Status: COMPONENT_DATABASE_LIMITATION, Warnings: 0, Iterations: 0",4.58,0,False
1325,DISASTER_RESPONSE,4.83,34.3,134.3,80.3,HAND_LAUNCH,NET_RECOVERY,FOREST,54718.87,True,FAILED,NOT_EVALUATED,Conventional,,,NOT_EVALUATED,,,,,,,,,,,,,,,,,,,,,,,NOT_EVALUATED,,,,,,,,NOT_EVALUATED,NOT_EVALUATED,NOT_EVALUATED,NOT_EVALUATED,CONVERGENCE,PROPULSION_FAILURE,Subsystem execution failed with exception: PropulsionOptimizer failed: PropulsionOptimizer failed: No feasible design candidates found.; Convergence failed: Subsystem execution failed with exception: PropulsionOptimizer failed: PropulsionOptimizer failed: No feasible design candidates found.,"Status: PROPULSION_INFEASIBLE, Warnings: 0, Iterations: 0",5332.65,0,False
1329,TRAINING,3.05,97.1,121.7,101.2,HAND_LAUNCH,PARACHUTE,DESERT,11096.5,True,FAILED,NOT_EVALUATED,Conventional,,,NOT_EVALUATED,,,,,,,,,,,,,,,,,,,,,,,NOT_EVALUATED,,,,,,,,NOT_EVALUATED,NOT_EVALUATED,NOT_EVALUATED,NOT_EVALUATED,AVIONICS_SIZING,DATABASE_LIMITATION,COMPONENT_DATABASE_LIMITATION: Required communication range (97.10 km) exceeds the maximum range available in the telemetry catalog (80.00 km).,"Status: COMPONENT_DATABASE_LIMITATION, Warnings: 0, Iterations: 0",3.97,0,False
1346,AGRICULTURE,3.39,109.9,139.6,60.1,HAND_LAUNCH,NET_RECOVERY,MOUNTAIN,57025.26,True,FAILED,NOT_EVALUATED,Conventional,,,NOT_EVALUATED,,,,,,,,,,,,,,,,,,,,,,,NOT_EVALUATED,,,,,,,,NOT_EVALUATED,NOT_EVALUATED,NOT_EVALUATED,NOT_EVALUATED,AVIONICS_SIZING,DATABASE_LIMITATION,COMPONENT_DATABASE_LIMITATION: Required communication range (109.90 km) exceeds the maximum range available in the telemetry catalog (80.00 km).,"Status: COMPONENT_DATABASE_LIMITATION, Warnings: 0, Iterations: 0",8.39,0,False
1350,DISASTER_RESPONSE,11.21,20.2,36.7,88.3,RUNWAY,RUNWAY,RURAL,48364.27,True,FAILED,NOT_EVALUATED,Conventional,,,NOT_EVALUATED,,,,,,,,,,,,,,,,,,,,,,,NOT_EVALUATED,,,,,,,,NOT_EVALUATED,NOT_EVALUATED,NOT_EVALUATED,NOT_EVALUATED,CONVERGENCE,PROPULSION_FAILURE,Subsystem execution failed with exception: PropulsionOptimizer failed: PropulsionOptimizer failed: No feasible design candidates found.; Convergence failed: Subsystem execution failed with exception: PropulsionOptimizer failed: PropulsionOptimizer failed: No feasible design candidates found.,"Status: PROPULSION_INFEASIBLE, Warnings: 0, Iterations: 0",5402.38,0,False
1353,CUSTOM,1.64,43.8,87.0,91.3,CATAPULT,PARACHUTE,FOREST,11665.52,True,FAILED,NOT_EVALUATED,Conventional,,,NOT_EVALUATED,,,,,,,,,,,,,,,,,,,,,,,NOT_EVALUATED,,,,,,,,NOT_EVALUATED,NOT_EVALUATED,NOT_EVALUATED,NOT_EVALUATED,VERIFICATION,VERIFICATION_FAILURE,Aircraft design failed verification compliance checks.; Aircraft design failed verification compliance checks.,"Status: VERIFICATION_FAILED, Warnings: 0, Iterations: 5",23267.98,5,True
1358,SECURITY,3.86,110.6,58.4,71.8,HAND_LAUNCH,BELLY_LANDING,MOUNTAIN,29883.08,True,INVALID_INPUT,NOT_EVALUATED,Conventional,,,NOT_EVALUATED,,,,,,,,,,,,,,,,,,,,,,,NOT_EVALUATED,,,,,,,,NOT_EVALUATED,NOT_EVALUATED,NOT_EVALUATED,NOT_EVALUATED,MISSION_TRANSLATION,INVALID_REQUIREMENTS,Mission range (110.6 km) is physically inconsistent with cruise speed (71.8 km/h) and flight time (58.4 min). Max theoretical range is 69.9 km.,"Status: INVALID_REQUIREMENTS, Warnings: 0, Iterations: 0",0.32,0,False
1372,MAPPING,4.32,85.9,102.1,73.7,CATAPULT,BELLY_LANDING,MOUNTAIN,45984.68,True,FAILED,NOT_EVALUATED,Conventional,,,NOT_EVALUATED,,,,,,,,,,,,,,,,,,,,,,,NOT_EVALUATED,,,,,,,,NOT_EVALUATED,NOT_EVALUATED,NOT_EVALUATED,NOT_EVALUATED,AVIONICS_SIZING,DATABASE_LIMITATION,COMPONENT_DATABASE_LIMITATION: Required communication range (85.90 km) exceeds the maximum range available in the telemetry catalog (80.00 km).,"Status: COMPONENT_DATABASE_LIMITATION, Warnings: 0, Iterations: 0",4.3,0,False
1380,SECURITY,1.17,45.7,72.5,94.2,CATAPULT,RUNWAY,MOUNTAIN,18088.81,True,FAILED,NOT_EVALUATED,Conventional,,,NOT_EVALUATED,,,,,,,,,,,,,,,,,,,,,,,NOT_EVALUATED,,,,,,,,NOT_EVALUATED,NOT_EVALUATED,NOT_EVALUATED,NOT_EVALUATED,FUSELAGE_SIZING,SIZING_FAILURE,"Sized fuselage width (0.17 m) exceeds wing root chord (0.15 m), which causes extreme aerodynamic blockage and drag. Select a more slender fuselage profile.","Status: SIZING_INFEASIBLE, Warnings: 0, Iterations: 0",3.84,0,False
1381,TRAINING,3.37,61.7,116.7,51.1,CATAPULT,BELLY_LANDING,FOREST,33038.58,True,FAILED,NOT_EVALUATED,Conventional,,,NOT_EVALUATED,,,,,,,,,,,,,,,,,,,,,,,NOT_EVALUATED,,,,,,,,NOT_EVALUATED,NOT_EVALUATED,NOT_EVALUATED,NOT_EVALUATED,PERFORMANCE_SIZING,PERFORMANCE_FAILURE,"Cruise speed (51.1 kmh) is below the minimum safe cruise speed boundary (55.0 kmh, representing a 20.0% safety margin above clean stall).","Status: PERFORMANCE_INFEASIBLE, Warnings: 0, Iterations: 0",3.82,0,False
1383,CUSTOM,4.08,97.9,92.0,57.1,CATAPULT,RUNWAY,FOREST,73836.22,True,FAILED,NOT_EVALUATED,Conventional,,,NOT_EVALUATED,,,,,,,,,,,,,,,,,,,,,,,NOT_EVALUATED,,,,,,,,NOT_EVALUATED,NOT_EVALUATED,NOT_EVALUATED,NOT_EVALUATED,AVIONICS_SIZING,DATABASE_LIMITATION,COMPONENT_DATABASE_LIMITATION: Required communication range (97.90 km) exceeds the maximum range available in the telemetry catalog (80.00 km).,"Status: COMPONENT_DATABASE_LIMITATION, Warnings: 0, Iterations: 0",8.43,0,False
1385,DISASTER_RESPONSE,2.68,49.1,90.9,90.1,HAND_LAUNCH,NET_RECOVERY,DESERT,16087.17,True,EXCEPTION,NOT_EVALUATED,Conventional,,,NOT_EVALUATED,,,,,,,,,,,,,,,,,,,,,,,NOT_EVALUATED,,,,,,,,NOT_EVALUATED,NOT_EVALUATED,NOT_EVALUATED,NOT_EVALUATED,CONVERGENCE,INTERNAL_EXCEPTION,Design compliance score (76.0%) is below the minimum required safety compliance boundary (85.0%).,"Status: INTERNAL_EXCEPTION, Warnings: 0, Iterations: 2",9992.31,2,False
1387,AGRICULTURE,2.59,53.3,52.7,60.2,CATAPULT,PARACHUTE,RURAL,54839.14,True,FAILED,NOT_EVALUATED,Conventional,,,NOT_EVALUATED,,,,,,,,,,,,,,,,,,,,,,,NOT_EVALUATED,,,,,,,,NOT_EVALUATED,NOT_EVALUATED,NOT_EVALUATED,NOT_EVALUATED,CONVERGENCE,PROPULSION_FAILURE,Subsystem execution failed with exception: PropulsionOptimizer failed: PropulsionOptimizer failed: No feasible design candidates found.; Convergence failed: Subsystem execution failed with exception: PropulsionOptimizer failed: PropulsionOptimizer failed: No feasible design candidates found.,"Status: PROPULSION_INFEASIBLE, Warnings: 0, Iterations: 1",9728.07,1,False
1406,CUSTOM,4.7,86.2,128.7,53.9,RUNWAY,BELLY_LANDING,FOREST,63302.05,True,FAILED,NOT_EVALUATED,Conventional,,,NOT_EVALUATED,,,,,,,,,,,,,,,,,,,,,,,NOT_EVALUATED,,,,,,,,NOT_EVALUATED,NOT_EVALUATED,NOT_EVALUATED,NOT_EVALUATED,AVIONICS_SIZING,DATABASE_LIMITATION,COMPONENT_DATABASE_LIMITATION: Required communication range (86.20 km) exceeds the maximum range available in the telemetry catalog (80.00 km).,"Status: COMPONENT_DATABASE_LIMITATION, Warnings: 0, Iterations: 0",15.85,0,False
1420,CUSTOM,3.96,104.8,91.5,81.2,CATAPULT,RUNWAY,MOUNTAIN,28277.53,True,FAILED,NOT_EVALUATED,Conventional,,,NOT_EVALUATED,,,,,,,,,,,,,,,,,,,,,,,NOT_EVALUATED,,,,,,,,NOT_EVALUATED,NOT_EVALUATED,NOT_EVALUATED,NOT_EVALUATED,AVIONICS_SIZING,DATABASE_LIMITATION,COMPONENT_DATABASE_LIMITATION: Required communication range (104.80 km) exceeds the maximum range available in the telemetry catalog (80.00 km).,"Status: COMPONENT_DATABASE_LIMITATION, Warnings: 0, Iterations: 0",7.28,0,False
1421,TRAINING,4.41,73.2,123.5,104.0,CATAPULT,BELLY_LANDING,MOUNTAIN,9815.15,True,FAILED,NOT_EVALUATED,Conventional,,,NOT_EVALUATED,,,,,,,,,,,,,,,,,,,,,,,NOT_EVALUATED,,,,,,,,NOT_EVALUATED,NOT_EVALUATED,NOT_EVALUATED,NOT_EVALUATED,CONVERGENCE,PROPULSION_FAILURE,Subsystem execution failed with exception: PropulsionOptimizer failed: PropulsionOptimizer failed: No feasible design candidates found.; Convergence failed: Subsystem execution failed with exception: PropulsionOptimizer failed: PropulsionOptimizer failed: No feasible design candidates found.,"Status: PROPULSION_INFEASIBLE, Warnings: 0, Iterations: 0",5600.04,0,False
1422,DISASTER_RESPONSE,2.15,98.4,146.5,98.0,HAND_LAUNCH,RUNWAY,MOUNTAIN,36643.3,True,FAILED,NOT_EVALUATED,Conventional,,,NOT_EVALUATED,,,,,,,,,,,,,,,,,,,,,,,NOT_EVALUATED,,,,,,,,NOT_EVALUATED,NOT_EVALUATED,NOT_EVALUATED,NOT_EVALUATED,AVIONICS_SIZING,DATABASE_LIMITATION,COMPONENT_DATABASE_LIMITATION: Required communication range (98.40 km) exceeds the maximum range available in the telemetry catalog (80.00 km).,"Status: COMPONENT_DATABASE_LIMITATION, Warnings: 0, Iterations: 0",3.18,0,False
1433,TRAINING,3.15,43.2,130.1,98.0,CATAPULT,RUNWAY,RURAL,8100.9,True,FAILED,NOT_EVALUATED,Conventional,,,NOT_EVALUATED,,,,,,,,,,,,,,,,,,,,,,,NOT_EVALUATED,,,,,,,,NOT_EVALUATED,NOT_EVALUATED,NOT_EVALUATED,NOT_EVALUATED,CONVERGENCE,PROPULSION_FAILURE,Subsystem execution failed with exception: PropulsionOptimizer failed: PropulsionOptimizer failed: No feasible design candidates found.; Convergence failed: Subsystem execution failed with exception: PropulsionOptimizer failed: PropulsionOptimizer failed: No feasible design candidates found.,"Status: PROPULSION_INFEASIBLE, Warnings: 0, Iterations: 0",4913.6,0,False
1437,SECURITY,3.44,28.7,130.0,61.3,CATAPULT,BELLY_LANDING,DESERT,54057.91,True,FAILED,NOT_EVALUATED,Conventional,,,NOT_EVALUATED,,,,,,,,,,,,,,,,,,,,,,,NOT_EVALUATED,,,,,,,,NOT_EVALUATED,NOT_EVALUATED,NOT_EVALUATED,NOT_EVALUATED,FUSELAGE_SIZING,SIZING_FAILURE,"Sized fuselage width (0.29 m) exceeds wing root chord (0.25 m), which causes extreme aerodynamic blockage and drag. Select a more slender fuselage profile.","Status: SIZING_INFEASIBLE, Warnings: 0, Iterations: 0",5.83,0,False
1448,AGRICULTURE,2.63,35.8,132.7,109.1,HAND_LAUNCH,RUNWAY,DESERT,38341.51,True,FAILED,NOT_EVALUATED,Conventional,,,NOT_EVALUATED,,,,,,,,,,,,,,,,,,,,,,,NOT_EVALUATED,,,,,,,,NOT_EVALUATED,NOT_EVALUATED,NOT_EVALUATED,NOT_EVALUATED,CONVERGENCE,PROPULSION_FAILURE,Subsystem execution failed with exception: PropulsionOptimizer failed: PropulsionOptimizer failed: No feasible design candidates found.; Convergence failed: Subsystem execution failed with exception: PropulsionOptimizer failed: PropulsionOptimizer failed: No feasible design candidates found.,"Status: PROPULSION_INFEASIBLE, Warnings: 0, Iterations: 0",4484.31,0,False
1455,CUSTOM,3.03,119.5,80.9,55.1,RUNWAY,BELLY_LANDING,FOREST,74864.54,True,INVALID_INPUT,NOT_EVALUATED,Conventional,,,NOT_EVALUATED,,,,,,,,,,,,,,,,,,,,,,,NOT_EVALUATED,,,,,,,,NOT_EVALUATED,NOT_EVALUATED,NOT_EVALUATED,NOT_EVALUATED,MISSION_TRANSLATION,INVALID_REQUIREMENTS,Mission range (119.5 km) is physically inconsistent with cruise speed (55.1 km/h) and flight time (80.9 min). Max theoretical range is 74.3 km.,"Status: INVALID_REQUIREMENTS, Warnings: 0, Iterations: 0",0.32,0,False
1463,TRAINING,1.27,67.9,48.0,56.9,HAND_LAUNCH,NET_RECOVERY,FOREST,47671.4,True,FAILED,NOT_EVALUATED,Conventional,,,NOT_EVALUATED,,,,,,,,,,,,,,,,,,,,,,,NOT_EVALUATED,,,,,,,,NOT_EVALUATED,NOT_EVALUATED,NOT_EVALUATED,NOT_EVALUATED,PERFORMANCE_SIZING,PERFORMANCE_FAILURE,"Sized maximum flight range (53.6 km) is below mission range requirement (67.9 km).; Cruise speed (56.9 kmh) is below the minimum safe cruise speed boundary (62.4 kmh, representing a 20.0% safety margin above clean stall).","Status: PERFORMANCE_INFEASIBLE, Warnings: 0, Iterations: 0",3.89,0,False
1477,SURVEY,4.74,85.5,131.7,85.8,CATAPULT,NET_RECOVERY,FOREST,29795.72,True,FAILED,NOT_EVALUATED,Conventional,,,NOT_EVALUATED,,,,,,,,,,,,,,,,,,,,,,,NOT_EVALUATED,,,,,,,,NOT_EVALUATED,NOT_EVALUATED,NOT_EVALUATED,NOT_EVALUATED,AVIONICS_SIZING,DATABASE_LIMITATION,COMPONENT_DATABASE_LIMITATION: Required communication range (85.50 km) exceeds the maximum range available in the telemetry catalog (80.00 km).,"Status: COMPONENT_DATABASE_LIMITATION, Warnings: 0, Iterations: 0",3.2,0,False
1479,SECURITY,1.95,74.7,55.8,94.5,HAND_LAUNCH,PARACHUTE,DESERT,61051.65,True,FAILED,NOT_EVALUATED,Conventional,,,NOT_EVALUATED,,,,,,,,,,,,,,,,,,,,,,,NOT_EVALUATED,,,,,,,,NOT_EVALUATED,NOT_EVALUATED,NOT_EVALUATED,NOT_EVALUATED,FUSELAGE_SIZING,SIZING_FAILURE,"Sized fuselage width (0.22 m) exceeds wing root chord (0.19 m), which causes extreme aerodynamic blockage and drag. Select a more slender fuselage profile.","Status: SIZING_INFEASIBLE, Warnings: 0, Iterations: 0",4.48,0,False
1488,RESEARCH,3.65,75.6,128.5,103.8,HAND_LAUNCH,BELLY_LANDING,FOREST,34996.39,True,FAILED,NOT_EVALUATED,Conventional,,,NOT_EVALUATED,,,,,,,,,,,,,,,,,,,,,,,NOT_EVALUATED,,,,,,,,NOT_EVALUATED,NOT_EVALUATED,NOT_EVALUATED,NOT_EVALUATED,CONVERGENCE,PROPULSION_FAILURE,Subsystem execution failed with exception: PropulsionOptimizer failed: PropulsionOptimizer failed: No feasible design candidates found.; Convergence failed: Subsystem execution failed with exception: PropulsionOptimizer failed: PropulsionOptimizer failed: No feasible design candidates found.,"Status: PROPULSION_INFEASIBLE, Warnings: 0, Iterations: 0",3976.82,0,False
1489,SURVEY,1.86,107.4,132.7,58.6,HAND_LAUNCH,RUNWAY,RURAL,44577.63,True,FAILED,NOT_EVALUATED,Conventional,,,NOT_EVALUATED,,,,,,,,,,,,,,,,,,,,,,,NOT_EVALUATED,,,,,,,,NOT_EVALUATED,NOT_EVALUATED,NOT_EVALUATED,NOT_EVALUATED,AVIONICS_SIZING,DATABASE_LIMITATION,COMPONENT_DATABASE_LIMITATION: Required communication range (107.40 km) exceeds the maximum range available in the telemetry catalog (80.00 km).,"Status: COMPONENT_DATABASE_LIMITATION, Warnings: 0, Iterations: 0",3.46,0,False
1496,SURVEY,22.86,61.1,61.9,85.7,RUNWAY,RUNWAY,DESERT,68268.46,True,EXCEPTION,NOT_EVALUATED,Conventional,,,NOT_EVALUATED,,,,,,,,,,,,,,,,,,,,,,,NOT_EVALUATED,,,,,,,,NOT_EVALUATED,NOT_EVALUATED,NOT_EVALUATED,NOT_EVALUATED,PROPULSION_SIZING,INTERNAL_EXCEPTION,PROPULSION_POWER_LIMIT: Sized power target of 6328.6 W exceeds maximum catalog motor power limit of 3400.0 W.,"Status: INTERNAL_EXCEPTION, Warnings: 0, Iterations: 0",3.91,0,False
1499,SECURITY,19.31,71.4,37.0,63.6,RUNWAY,RUNWAY,MOUNTAIN,50895.41,True,INVALID_INPUT,NOT_EVALUATED,Conventional,,,NOT_EVALUATED,,,,,,,,,,,,,,,,,,,,,,,NOT_EVALUATED,,,,,,,,NOT_EVALUATED,NOT_EVALUATED,NOT_EVALUATED,NOT_EVALUATED,MISSION_TRANSLATION,INVALID_REQUIREMENTS,Mission range (71.4 km) is physically inconsistent with cruise speed (63.6 km/h) and flight time (37.0 min). Max theoretical range is 39.2 km.,"Status: INVALID_REQUIREMENTS, Warnings: 0, Iterations: 0",0.27,0,False
1501,TRAINING,14.78,23.2,70.0,60.5,RUNWAY,RUNWAY,MOUNTAIN,22011.74,True,FAILED,NOT_EVALUATED,Conventional,,,NOT_EVALUATED,,,,,,,,,,,,,,,,,,,,,,,NOT_EVALUATED,,,,,,,,NOT_EVALUATED,NOT_EVALUATED,NOT_EVALUATED,NOT_EVALUATED,CONVERGENCE,PROPULSION_FAILURE,Subsystem execution failed with exception: PropulsionOptimizer failed: PropulsionOptimizer failed: No feasible design candidates found.; Convergence failed: Subsystem execution failed with exception: PropulsionOptimizer failed: PropulsionOptimizer failed: No feasible design candidates found.,"Status: PROPULSION_INFEASIBLE, Warnings: 0, Iterations: 0",4135.01,0,False
1504,DISASTER_RESPONSE,2.03,30.1,103.6,83.2,CATAPULT,NET_RECOVERY,DESERT,56032.19,True,EXCEPTION,NOT_EVALUATED,Conventional,,,NOT_EVALUATED,,,,,,,,,,,,,,,,,,,,,,,NOT_EVALUATED,,,,,,,,NOT_EVALUATED,NOT_EVALUATED,NOT_EVALUATED,NOT_EVALUATED,CONVERGENCE,INTERNAL_EXCEPTION,Design compliance score (76.0%) is below the minimum required safety compliance boundary (85.0%).,"Status: INTERNAL_EXCEPTION, Warnings: 0, Iterations: 4",16946.08,4,False
1505,AGRICULTURE,2.52,66.2,129.0,89.9,HAND_LAUNCH,PARACHUTE,DESERT,56397.38,True,FAILED,NOT_EVALUATED,Conventional,,,NOT_EVALUATED,,,,,,,,,,,,,,,,,,,,,,,NOT_EVALUATED,,,,,,,,NOT_EVALUATED,NOT_EVALUATED,NOT_EVALUATED,NOT_EVALUATED,CONVERGENCE,PROPULSION_FAILURE,Subsystem execution failed with exception: PropulsionOptimizer failed: PropulsionOptimizer failed: No feasible design candidates found.; Convergence failed: Subsystem execution failed with exception: PropulsionOptimizer failed: PropulsionOptimizer failed: No feasible design candidates found.,"Status: PROPULSION_INFEASIBLE, Warnings: 0, Iterations: 0",3870.05,0,False
1524,TRAINING,9.22,16.6,76.3,60.2,RUNWAY,RUNWAY,DESERT,40470.34,True,FAILED,NOT_EVALUATED,Conventional,,,NOT_EVALUATED,,,,,,,,,,,,,,,,,,,,,,,NOT_EVALUATED,,,,,,,,NOT_EVALUATED,NOT_EVALUATED,NOT_EVALUATED,NOT_EVALUATED,CONVERGENCE,PROPULSION_FAILURE,Subsystem execution failed with exception: PropulsionOptimizer failed: PropulsionOptimizer failed: No feasible design candidates found.; Convergence failed: Subsystem execution failed with exception: PropulsionOptimizer failed: PropulsionOptimizer failed: No feasible design candidates found.,"Status: PROPULSION_INFEASIBLE, Warnings: 0, Iterations: 0",4448.17,0,False
1525,MILITARY,15.87,25.8,44.8,60.9,RUNWAY,RUNWAY,RURAL,49196.6,True,FAILED,NOT_EVALUATED,Conventional,,,NOT_EVALUATED,,,,,,,,,,,,,,,,,,,,,,,NOT_EVALUATED,,,,,,,,NOT_EVALUATED,NOT_EVALUATED,NOT_EVALUATED,NOT_EVALUATED,FUSELAGE_SIZING,SIZING_FAILURE,"Sized fuselage width (0.62 m) exceeds wing root chord (0.55 m), which causes extreme aerodynamic blockage and drag. Select a more slender fuselage profile.","Status: SIZING_INFEASIBLE, Warnings: 0, Iterations: 0",3.58,0,False
1526,DISASTER_RESPONSE,4.28,66.9,84.5,93.8,RUNWAY,NET_RECOVERY,MOUNTAIN,2190.86,True,EXCEPTION,NOT_EVALUATED,Conventional,,,NOT_EVALUATED,,,,,,,,,,,,,,,,,,,,,,,NOT_EVALUATED,,,,,,,,NOT_EVALUATED,NOT_EVALUATED,NOT_EVALUATED,NOT_EVALUATED,CONVERGENCE,INTERNAL_EXCEPTION,Design compliance score (76.0%) is below the minimum required safety compliance boundary (85.0%).,"Status: INTERNAL_EXCEPTION, Warnings: 0, Iterations: 6",24904.64,6,False
1531,MILITARY,4.2,37.8,104.8,57.8,CATAPULT,PARACHUTE,FOREST,28348.54,True,FAILED,NOT_EVALUATED,Conventional,,,NOT_EVALUATED,,,,,,,,,,,,,,,,,,,,,,,NOT_EVALUATED,,,,,,,,NOT_EVALUATED,NOT_EVALUATED,NOT_EVALUATED,NOT_EVALUATED,FUSELAGE_SIZING,SIZING_FAILURE,"Sized fuselage width (0.32 m) exceeds wing root chord (0.28 m), which causes extreme aerodynamic blockage and drag. Select a more slender fuselage profile.","Status: SIZING_INFEASIBLE, Warnings: 0, Iterations: 0",6.64,0,False
1537,RESEARCH,4.6,51.5,85.1,86.0,RUNWAY,RUNWAY,DESERT,45774.06,True,FAILED,NOT_EVALUATED,Conventional,,,NOT_EVALUATED,,,,,,,,,,,,,,,,,,,,,,,NOT_EVALUATED,,,,,,,,NOT_EVALUATED,NOT_EVALUATED,NOT_EVALUATED,NOT_EVALUATED,CONVERGENCE,PROPULSION_FAILURE,Subsystem execution failed with exception: PropulsionOptimizer failed: PropulsionOptimizer failed: No feasible design candidates found.; Convergence failed: Subsystem execution failed with exception: PropulsionOptimizer failed: PropulsionOptimizer failed: No feasible design candidates found.,"Status: PROPULSION_INFEASIBLE, Warnings: 0, Iterations: 0",4268.21,0,False
1540,MAPPING,1.02,64.8,52.2,91.1,RUNWAY,NET_RECOVERY,RURAL,67363.22,True,FAILED,NOT_EVALUATED,Conventional,,,NOT_EVALUATED,,,,,,,,,,,,,,,,,,,,,,,NOT_EVALUATED,,,,,,,,NOT_EVALUATED,NOT_EVALUATED,NOT_EVALUATED,NOT_EVALUATED,VERIFICATION,VERIFICATION_FAILURE,Aircraft design failed verification compliance checks.; Aircraft design failed verification compliance checks.,"Status: VERIFICATION_FAILED, Warnings: 0, Iterations: 6",25152.19,6,True
1546,SURVEY,2.57,30.3,94.5,83.9,RUNWAY,RUNWAY,RURAL,71143.95,True,EXCEPTION,NOT_EVALUATED,Conventional,,,NOT_EVALUATED,,,,,,,,,,,,,,,,,,,,,,,NOT_EVALUATED,,,,,,,,NOT_EVALUATED,NOT_EVALUATED,NOT_EVALUATED,NOT_EVALUATED,CONVERGENCE,INTERNAL_EXCEPTION,Design compliance score (76.0%) is below the minimum required safety compliance boundary (85.0%).,"Status: INTERNAL_EXCEPTION, Warnings: 0, Iterations: 5",20854.65,5,False
1553,DISASTER_RESPONSE,1.96,108.1,47.0,63.6,RUNWAY,PARACHUTE,FOREST,51642.18,True,INVALID_INPUT,NOT_EVALUATED,Conventional,,,NOT_EVALUATED,,,,,,,,,,,,,,,,,,,,,,,NOT_EVALUATED,,,,,,,,NOT_EVALUATED,NOT_EVALUATED,NOT_EVALUATED,NOT_EVALUATED,MISSION_TRANSLATION,INVALID_REQUIREMENTS,Mission range (108.1 km) is physically inconsistent with cruise speed (63.6 km/h) and flight time (47.0 min). Max theoretical range is 49.8 km.,"Status: INVALID_REQUIREMENTS, Warnings: 0, Iterations: 0",0.41,0,False
1554,SURVEY,24.54,51.5,63.7,57.0,RUNWAY,RUNWAY,DESERT,15097.25,True,EXCEPTION,NOT_EVALUATED,Conventional,,,NOT_EVALUATED,,,,,,,,,,,,,,,,,,,,,,,NOT_EVALUATED,,,,,,,,NOT_EVALUATED,NOT_EVALUATED,NOT_EVALUATED,NOT_EVALUATED,PROPULSION_SIZING,INTERNAL_EXCEPTION,PROPULSION_POWER_LIMIT: Sized power target of 6793.6 W exceeds maximum catalog motor power limit of 3400.0 W.,"Status: INTERNAL_EXCEPTION, Warnings: 0, Iterations: 0",4.01,0,False
1564,RESEARCH,3.68,119.4,67.0,101.5,CATAPULT,PARACHUTE,MOUNTAIN,27235.7,True,FAILED,NOT_EVALUATED,Conventional,,,NOT_EVALUATED,,,,,,,,,,,,,,,,,,,,,,,NOT_EVALUATED,,,,,,,,NOT_EVALUATED,NOT_EVALUATED,NOT_EVALUATED,NOT_EVALUATED,AVIONICS_SIZING,DATABASE_LIMITATION,COMPONENT_DATABASE_LIMITATION: Required communication range (119.40 km) exceeds the maximum range available in the telemetry catalog (80.00 km).,"Status: COMPONENT_DATABASE_LIMITATION, Warnings: 0, Iterations: 0",5.68,0,False
1575,TRAINING,3.79,71.2,111.7,68.5,HAND_LAUNCH,RUNWAY,FOREST,33407.37,True,FAILED,NOT_EVALUATED,Conventional,,,NOT_EVALUATED,,,,,,,,,,,,,,,,,,,,,,,NOT_EVALUATED,,,,,,,,NOT_EVALUATED,NOT_EVALUATED,NOT_EVALUATED,NOT_EVALUATED,CONVERGENCE,PROPULSION_FAILURE,Subsystem execution failed with exception: PropulsionOptimizer failed: PropulsionOptimizer failed: No feasible design candidates found.; Convergence failed: Subsystem execution failed with exception: PropulsionOptimizer failed: PropulsionOptimizer failed: No feasible design candidates found.,"Status: PROPULSION_INFEASIBLE, Warnings: 0, Iterations: 0",4350.35,0,False
1582,MILITARY,3.06,105.9,129.0,51.3,CATAPULT,PARACHUTE,FOREST,78761.59,True,FAILED,NOT_EVALUATED,Conventional,,,NOT_EVALUATED,,,,,,,,,,,,,,,,,,,,,,,NOT_EVALUATED,,,,,,,,NOT_EVALUATED,NOT_EVALUATED,NOT_EVALUATED,NOT_EVALUATED,FUSELAGE_SIZING,SIZING_FAILURE,"Sized fuselage width (0.27 m) exceeds wing root chord (0.24 m), which causes extreme aerodynamic blockage and drag. Select a more slender fuselage profile.","Status: SIZING_INFEASIBLE, Warnings: 0, Iterations: 0",4.02,0,False
1594,MILITARY,3.5,111.5,102.8,51.8,CATAPULT,PARACHUTE,MOUNTAIN,50574.58,True,FAILED,NOT_EVALUATED,Conventional,,,NOT_EVALUATED,,,,,,,,,,,,,,,,,,,,,,,NOT_EVALUATED,,,,,,,,NOT_EVALUATED,NOT_EVALUATED,NOT_EVALUATED,NOT_EVALUATED,FUSELAGE_SIZING,SIZING_FAILURE,"Sized fuselage width (0.29 m) exceeds wing root chord (0.26 m), which causes extreme aerodynamic blockage and drag. Select a more slender fuselage profile.","Status: SIZING_INFEASIBLE, Warnings: 0, Iterations: 0",3.44,0,False
1599,DISASTER_RESPONSE,4.44,92.3,114.8,59.7,CATAPULT,PARACHUTE,DESERT,13800.96,True,FAILED,NOT_EVALUATED,Conventional,,,NOT_EVALUATED,,,,,,,,,,,,,,,,,,,,,,,NOT_EVALUATED,,,,,,,,NOT_EVALUATED,NOT_EVALUATED,NOT_EVALUATED,NOT_EVALUATED,AVIONICS_SIZING,DATABASE_LIMITATION,COMPONENT_DATABASE_LIMITATION: Required communication range (92.30 km) exceeds the maximum range available in the telemetry catalog (80.00 km).,"Status: COMPONENT_DATABASE_LIMITATION, Warnings: 0, Iterations: 0",3.62,0,False
1602,CUSTOM,3.24,46.4,92.5,92.4,HAND_LAUNCH,PARACHUTE,FOREST,54213.76,True,FAILED,NOT_EVALUATED,Conventional,,,NOT_EVALUATED,,,,,,,,,,,,,,,,,,,,,,,NOT_EVALUATED,,,,,,,,NOT_EVALUATED,NOT_EVALUATED,NOT_EVALUATED,NOT_EVALUATED,CONVERGENCE,PROPULSION_FAILURE,Subsystem execution failed with exception: PropulsionOptimizer failed: PropulsionOptimizer failed: No feasible design candidates found.; Convergence failed: Subsystem execution failed with exception: PropulsionOptimizer failed: PropulsionOptimizer failed: No feasible design candidates found.,"Status: PROPULSION_INFEASIBLE, Warnings: 0, Iterations: 0",3956.63,0,False
1608,TRAINING,1.32,73.0,143.7,95.8,HAND_LAUNCH,BELLY_LANDING,RURAL,51760.34,True,FAILED,NOT_EVALUATED,Conventional,,,NOT_EVALUATED,,,,,,,,,,,,,,,,,,,,,,,NOT_EVALUATED,,,,,,,,NOT_EVALUATED,NOT_EVALUATED,NOT_EVALUATED,NOT_EVALUATED,VERIFICATION,VERIFICATION_FAILURE,Aircraft design failed verification compliance checks.; Aircraft design failed verification compliance checks.,"Status: VERIFICATION_FAILED, Warnings: 0, Iterations: 5",20445.76,5,True
1611,SECURITY,4.41,107.1,77.5,65.8,CATAPULT,RUNWAY,DESERT,40079.01,True,FAILED,NOT_EVALUATED,Conventional,,,NOT_EVALUATED,,,,,,,,,,,,,,,,,,,,,,,NOT_EVALUATED,,,,,,,,NOT_EVALUATED,NOT_EVALUATED,NOT_EVALUATED,NOT_EVALUATED,FUSELAGE_SIZING,SIZING_FAILURE,"Sized fuselage width (0.33 m) exceeds wing root chord (0.29 m), which causes extreme aerodynamic blockage and drag. Select a more slender fuselage profile.","Status: SIZING_INFEASIBLE, Warnings: 0, Iterations: 0",3.7,0,False
1616,RESEARCH,1.91,93.7,87.4,81.8,HAND_LAUNCH,RUNWAY,FOREST,63640.09,True,FAILED,NOT_EVALUATED,Conventional,,,NOT_EVALUATED,,,,,,,,,,,,,,,,,,,,,,,NOT_EVALUATED,,,,,,,,NOT_EVALUATED,NOT_EVALUATED,NOT_EVALUATED,NOT_EVALUATED,AVIONICS_SIZING,DATABASE_LIMITATION,COMPONENT_DATABASE_LIMITATION: Required communication range (93.70 km) exceeds the maximum range available in the telemetry catalog (80.00 km).,"Status: COMPONENT_DATABASE_LIMITATION, Warnings: 0, Iterations: 0",3.05,0,False
1627,SECURITY,10.76,65.3,53.0,75.6,RUNWAY,RUNWAY,RURAL,3507.31,True,FAILED,NOT_EVALUATED,Conventional,,,NOT_EVALUATED,,,,,,,,,,,,,,,,,,,,,,,NOT_EVALUATED,,,,,,,,NOT_EVALUATED,NOT_EVALUATED,NOT_EVALUATED,NOT_EVALUATED,FUSELAGE_SIZING,SIZING_FAILURE,"Sized fuselage width (0.51 m) exceeds wing root chord (0.45 m), which causes extreme aerodynamic blockage and drag. Select a more slender fuselage profile.","Status: SIZING_INFEASIBLE, Warnings: 0, Iterations: 0",4.25,0,False
1628,TRAINING,18.44,15.4,79.5,46.2,RUNWAY,RUNWAY,DESERT,57751.19,True,EXCEPTION,NOT_EVALUATED,Conventional,,,NOT_EVALUATED,,,,,,,,,,,,,,,,,,,,,,,NOT_EVALUATED,,,,,,,,NOT_EVALUATED,NOT_EVALUATED,NOT_EVALUATED,NOT_EVALUATED,PROPULSION_SIZING,INTERNAL_EXCEPTION,PROPULSION_POWER_LIMIT: Sized power target of 5105.0 W exceeds maximum catalog motor power limit of 3400.0 W.,"Status: INTERNAL_EXCEPTION, Warnings: 0, Iterations: 0",2.71,0,False
1629,DELIVERY,3.22,87.0,74.6,89.3,CATAPULT,NET_RECOVERY,FOREST,2534.56,True,FAILED,NOT_EVALUATED,Conventional,,,NOT_EVALUATED,,,,,,,,,,,,,,,,,,,,,,,NOT_EVALUATED,,,,,,,,NOT_EVALUATED,NOT_EVALUATED,NOT_EVALUATED,NOT_EVALUATED,AVIONICS_SIZING,DATABASE_LIMITATION,COMPONENT_DATABASE_LIMITATION: Required communication range (87.00 km) exceeds the maximum range available in the telemetry catalog (80.00 km).,"Status: COMPONENT_DATABASE_LIMITATION, Warnings: 0, Iterations: 0",3.22,0,False
1636,CUSTOM,9.3,67.5,59.1,80.8,RUNWAY,RUNWAY,DESERT,69266.69,True,FAILED,NOT_EVALUATED,Conventional,,,NOT_EVALUATED,,,,,,,,,,,,,,,,,,,,,,,NOT_EVALUATED,,,,,,,,NOT_EVALUATED,NOT_EVALUATED,NOT_EVALUATED,NOT_EVALUATED,CONVERGENCE,PROPULSION_FAILURE,Subsystem execution failed with exception: PropulsionOptimizer failed: PropulsionOptimizer failed: No feasible design candidates found.; Convergence failed: Subsystem execution failed with exception: PropulsionOptimizer failed: PropulsionOptimizer failed: No feasible design candidates found.,"Status: PROPULSION_INFEASIBLE, Warnings: 0, Iterations: 0",4100.38,0,False
1640,AGRICULTURE,4.09,61.1,60.6,82.7,HAND_LAUNCH,PARACHUTE,DESERT,63286.67,True,FAILED,NOT_EVALUATED,Conventional,,,NOT_EVALUATED,,,,,,,,,,,,,,,,,,,,,,,NOT_EVALUATED,,,,,,,,NOT_EVALUATED,NOT_EVALUATED,NOT_EVALUATED,NOT_EVALUATED,CONVERGENCE,PROPULSION_FAILURE,Subsystem execution failed with exception: PropulsionOptimizer failed: PropulsionOptimizer failed: No feasible design candidates found.; Convergence failed: Subsystem execution failed with exception: PropulsionOptimizer failed: PropulsionOptimizer failed: No feasible design candidates found.,"Status: PROPULSION_INFEASIBLE, Warnings: 0, Iterations: 0",3907.46,0,False
1641,CUSTOM,2.68,100.5,101.4,79.8,HAND_LAUNCH,PARACHUTE,FOREST,72728.04,True,FAILED,NOT_EVALUATED,Conventional,,,NOT_EVALUATED,,,,,,,,,,,,,,,,,,,,,,,NOT_EVALUATED,,,,,,,,NOT_EVALUATED,NOT_EVALUATED,NOT_EVALUATED,NOT_EVALUATED,AVIONICS_SIZING,DATABASE_LIMITATION,COMPONENT_DATABASE_LIMITATION: Required communication range (100.50 km) exceeds the maximum range available in the telemetry catalog (80.00 km).,"Status: COMPONENT_DATABASE_LIMITATION, Warnings: 0, Iterations: 0",12.19,0,False
1644,SECURITY,1.1,102.1,50.9,90.0,RUNWAY,NET_RECOVERY,DESERT,77330.07,True,FAILED,NOT_EVALUATED,Conventional,,,NOT_EVALUATED,,,,,,,,,,,,,,,,,,,,,,,NOT_EVALUATED,,,,,,,,NOT_EVALUATED,NOT_EVALUATED,NOT_EVALUATED,NOT_EVALUATED,FUSELAGE_SIZING,SIZING_FAILURE,"Sized fuselage width (0.16 m) exceeds wing root chord (0.14 m), which causes extreme aerodynamic blockage and drag. Select a more slender fuselage profile.","Status: SIZING_INFEASIBLE, Warnings: 0, Iterations: 0",5.62,0,False
1647,AGRICULTURE,1.78,88.9,87.8,93.4,HAND_LAUNCH,PARACHUTE,DESERT,46111.35,True,FAILED,NOT_EVALUATED,Conventional,,,NOT_EVALUATED,,,,,,,,,,,,,,,,,,,,,,,NOT_EVALUATED,,,,,,,,NOT_EVALUATED,NOT_EVALUATED,NOT_EVALUATED,NOT_EVALUATED,AVIONICS_SIZING,DATABASE_LIMITATION,COMPONENT_DATABASE_LIMITATION: Required communication range (88.90 km) exceeds the maximum range available in the telemetry catalog (80.00 km).,"Status: COMPONENT_DATABASE_LIMITATION, Warnings: 0, Iterations: 0",6.43,0,False
1650,DISASTER_RESPONSE,3.43,33.0,128.6,98.5,RUNWAY,RUNWAY,MOUNTAIN,79248.96,True,FAILED,NOT_EVALUATED,Conventional,,,NOT_EVALUATED,,,,,,,,,,,,,,,,,,,,,,,NOT_EVALUATED,,,,,,,,NOT_EVALUATED,NOT_EVALUATED,NOT_EVALUATED,NOT_EVALUATED,CONVERGENCE,PROPULSION_FAILURE,Subsystem execution failed with exception: PropulsionOptimizer failed: PropulsionOptimizer failed: No feasible design candidates found.; Convergence failed: Subsystem execution failed with exception: PropulsionOptimizer failed: PropulsionOptimizer failed: No feasible design candidates found.,"Status: PROPULSION_INFEASIBLE, Warnings: 0, Iterations: 2",12447.36,2,False
1654,RESEARCH,4.34,62.8,136.1,53.7,CATAPULT,RUNWAY,FOREST,41442.28,True,FAILED,NOT_EVALUATED,Conventional,,,NOT_EVALUATED,,,,,,,,,,,,,,,,,,,,,,,NOT_EVALUATED,,,,,,,,NOT_EVALUATED,NOT_EVALUATED,NOT_EVALUATED,NOT_EVALUATED,PERFORMANCE_SIZING,PERFORMANCE_FAILURE,"Cruise speed (53.7 kmh) is below the minimum safe cruise speed boundary (61.6 kmh, representing a 30.0% safety margin above clean stall).","Status: PERFORMANCE_INFEASIBLE, Warnings: 0, Iterations: 0",4.67,0,False
1661,MAPPING,2.61,115.8,105.8,77.4,HAND_LAUNCH,BELLY_LANDING,MOUNTAIN,21276.45,True,FAILED,NOT_EVALUATED,Conventional,,,NOT_EVALUATED,,,,,,,,,,,,,,,,,,,,,,,NOT_EVALUATED,,,,,,,,NOT_EVALUATED,NOT_EVALUATED,NOT_EVALUATED,NOT_EVALUATED,AVIONICS_SIZING,DATABASE_LIMITATION,COMPONENT_DATABASE_LIMITATION: Required communication range (115.80 km) exceeds the maximum range available in the telemetry catalog (80.00 km).,"Status: COMPONENT_DATABASE_LIMITATION, Warnings: 0, Iterations: 0",3.75,0,False
1667,MAPPING,2.03,25.0,58.9,52.4,RUNWAY,PARACHUTE,FOREST,46342.6,True,FAILED,NOT_EVALUATED,Conventional,,,NOT_EVALUATED,,,,,,,,,,,,,,,,,,,,,,,NOT_EVALUATED,,,,,,,,NOT_EVALUATED,NOT_EVALUATED,NOT_EVALUATED,NOT_EVALUATED,PERFORMANCE_SIZING,PERFORMANCE_FAILURE,"Cruise speed (52.4 kmh) is below the minimum safe cruise speed boundary (56.5 kmh, representing a 20.0% safety margin above clean stall).","Status: PERFORMANCE_INFEASIBLE, Warnings: 0, Iterations: 0",33.52,0,False
1670,SURVEY,2.8,76.5,113.9,100.0,RUNWAY,RUNWAY,DESERT,15563.97,True,EXCEPTION,NOT_EVALUATED,Conventional,,,NOT_EVALUATED,,,,,,,,,,,,,,,,,,,,,,,NOT_EVALUATED,,,,,,,,NOT_EVALUATED,NOT_EVALUATED,NOT_EVALUATED,NOT_EVALUATED,CONVERGENCE,INTERNAL_EXCEPTION,Design compliance score (76.0%) is below the minimum required safety compliance boundary (85.0%).,"Status: INTERNAL_EXCEPTION, Warnings: 0, Iterations: 4",16515.35,4,False
1678,TRAINING,3.44,117.6,125.3,105.6,CATAPULT,BELLY_LANDING,MOUNTAIN,75349.89,True,FAILED,NOT_EVALUATED,Conventional,,,NOT_EVALUATED,,,,,,,,,,,,,,,,,,,,,,,NOT_EVALUATED,,,,,,,,NOT_EVALUATED,NOT_EVALUATED,NOT_EVALUATED,NOT_EVALUATED,AVIONICS_SIZING,DATABASE_LIMITATION,COMPONENT_DATABASE_LIMITATION: Required communication range (117.60 km) exceeds the maximum range available in the telemetry catalog (80.00 km).,"Status: COMPONENT_DATABASE_LIMITATION, Warnings: 0, Iterations: 0",3.83,0,False
1679,DELIVERY,4.0,30.9,128.6,71.4,CATAPULT,BELLY_LANDING,DESERT,66016.94,True,FAILED,NOT_EVALUATED,Conventional,,,NOT_EVALUATED,,,,,,,,,,,,,,,,,,,,,,,NOT_EVALUATED,,,,,,,,NOT_EVALUATED,NOT_EVALUATED,NOT_EVALUATED,NOT_EVALUATED,CONVERGENCE,PROPULSION_FAILURE,Subsystem execution failed with exception: PropulsionOptimizer failed: PropulsionOptimizer failed: No feasible design candidates found.; Convergence failed: Subsystem execution failed with exception: PropulsionOptimizer failed: PropulsionOptimizer failed: No feasible design candidates found.,"Status: PROPULSION_INFEASIBLE, Warnings: 0, Iterations: 0",3826.86,0,False
1682,SECURITY,1.05,46.2,148.1,56.2,RUNWAY,RUNWAY,MOUNTAIN,76075.86,True,FAILED,NOT_EVALUATED,Conventional,,,NOT_EVALUATED,,,,,,,,,,,,,,,,,,,,,,,NOT_EVALUATED,,,,,,,,NOT_EVALUATED,NOT_EVALUATED,NOT_EVALUATED,NOT_EVALUATED,FUSELAGE_SIZING,SIZING_FAILURE,"Sized fuselage width (0.16 m) exceeds wing root chord (0.14 m), which causes extreme aerodynamic blockage and drag. Select a more slender fuselage profile.","Status: SIZING_INFEASIBLE, Warnings: 0, Iterations: 0",3.37,0,False
1686,CUSTOM,2.14,28.5,91.4,106.2,HAND_LAUNCH,BELLY_LANDING,MOUNTAIN,11116.94,True,EXCEPTION,NOT_EVALUATED,Conventional,,,NOT_EVALUATED,,,,,,,,,,,,,,,,,,,,,,,NOT_EVALUATED,,,,,,,,NOT_EVALUATED,NOT_EVALUATED,NOT_EVALUATED,NOT_EVALUATED,CONVERGENCE,INTERNAL_EXCEPTION,Design compliance score (76.0%) is below the minimum required safety compliance boundary (85.0%).,"Status: INTERNAL_EXCEPTION, Warnings: 0, Iterations: 4",16443.32,4,False
1691,RESEARCH,19.96,53.5,71.0,70.2,RUNWAY,RUNWAY,DESERT,61149.69,True,EXCEPTION,NOT_EVALUATED,Conventional,,,NOT_EVALUATED,,,,,,,,,,,,,,,,,,,,,,,NOT_EVALUATED,,,,,,,,NOT_EVALUATED,NOT_EVALUATED,NOT_EVALUATED,NOT_EVALUATED,PROPULSION_SIZING,INTERNAL_EXCEPTION,PROPULSION_POWER_LIMIT: Sized power target of 5580.6 W exceeds maximum catalog motor power limit of 3400.0 W.,"Status: INTERNAL_EXCEPTION, Warnings: 0, Iterations: 0",3.11,0,False
1693,CUSTOM,4.85,35.0,92.7,61.1,CATAPULT,PARACHUTE,MOUNTAIN,45328.52,True,FAILED,NOT_EVALUATED,Conventional,,,NOT_EVALUATED,,,,,,,,,,,,,,,,,,,,,,,NOT_EVALUATED,,,,,,,,NOT_EVALUATED,NOT_EVALUATED,NOT_EVALUATED,NOT_EVALUATED,CONVERGENCE,PROPULSION_FAILURE,Subsystem execution failed with exception: PropulsionOptimizer failed: PropulsionOptimizer failed: No feasible design candidates found.; Convergence failed: Subsystem execution failed with exception: PropulsionOptimizer failed: PropulsionOptimizer failed: No feasible design candidates found.,"Status: PROPULSION_INFEASIBLE, Warnings: 0, Iterations: 0",3945.61,0,False
1696,SECURITY,1.28,116.0,130.9,91.8,RUNWAY,PARACHUTE,RURAL,78369.03,True,FAILED,NOT_EVALUATED,Conventional,,,NOT_EVALUATED,,,,,,,,,,,,,,,,,,,,,,,NOT_EVALUATED,,,,,,,,NOT_EVALUATED,NOT_EVALUATED,NOT_EVALUATED,NOT_EVALUATED,FUSELAGE_SIZING,SIZING_FAILURE,"Sized fuselage width (0.17 m) exceeds wing root chord (0.16 m), which causes extreme aerodynamic blockage and drag. Select a more slender fuselage profile.","Status: SIZING_INFEASIBLE, Warnings: 0, Iterations: 0",3.53,0,False
1698,SURVEY,3.46,65.9,138.5,92.1,CATAPULT,RUNWAY,DESERT,35036.98,True,FAILED,NOT_EVALUATED,Conventional,,,NOT_EVALUATED,,,,,,,,,,,,,,,,,,,,,,,NOT_EVALUATED,,,,,,,,NOT_EVALUATED,NOT_EVALUATED,NOT_EVALUATED,NOT_EVALUATED,CONVERGENCE,PROPULSION_FAILURE,Subsystem execution failed with exception: PropulsionOptimizer failed: PropulsionOptimizer failed: No feasible design candidates found.; Convergence failed: Subsystem execution failed with exception: PropulsionOptimizer failed: PropulsionOptimizer failed: No feasible design candidates found.,"Status: PROPULSION_INFEASIBLE, Warnings: 0, Iterations: 0",4076.48,0,False
1703,SURVEY,16.02,78.8,67.4,72.2,RUNWAY,RUNWAY,MOUNTAIN,11594.4,True,EXCEPTION,NOT_EVALUATED,Conventional,,,NOT_EVALUATED,,,,,,,,,,,,,,,,,,,,,,,NOT_EVALUATED,,,,,,,,NOT_EVALUATED,NOT_EVALUATED,NOT_EVALUATED,NOT_EVALUATED,PROPULSION_SIZING,INTERNAL_EXCEPTION,PROPULSION_POWER_LIMIT: Sized power target of 4434.9 W exceeds maximum catalog motor power limit of 3400.0 W.,"Status: INTERNAL_EXCEPTION, Warnings: 0, Iterations: 0",3.22,0,False
1704,AGRICULTURE,3.47,83.7,72.8,64.0,HAND_LAUNCH,PARACHUTE,DESERT,45520.79,True,FAILED,NOT_EVALUATED,Conventional,,,NOT_EVALUATED,,,,,,,,,,,,,,,,,,,,,,,NOT_EVALUATED,,,,,,,,NOT_EVALUATED,NOT_EVALUATED,NOT_EVALUATED,NOT_EVALUATED,AVIONICS_SIZING,DATABASE_LIMITATION,COMPONENT_DATABASE_LIMITATION: Required communication range (83.70 km) exceeds the maximum range available in the telemetry catalog (80.00 km).,"Status: COMPONENT_DATABASE_LIMITATION, Warnings: 0, Iterations: 0",3.45,0,False
1706,MAPPING,1.09,82.9,118.6,73.8,CATAPULT,RUNWAY,FOREST,59090.96,True,FAILED,NOT_EVALUATED,Conventional,,,NOT_EVALUATED,,,,,,,,,,,,,,,,,,,,,,,NOT_EVALUATED,,,,,,,,NOT_EVALUATED,NOT_EVALUATED,NOT_EVALUATED,NOT_EVALUATED,AVIONICS_SIZING,DATABASE_LIMITATION,COMPONENT_DATABASE_LIMITATION: Required communication range (82.90 km) exceeds the maximum range available in the telemetry catalog (80.00 km).,"Status: COMPONENT_DATABASE_LIMITATION, Warnings: 0, Iterations: 0",3.32,0,False
1711,AGRICULTURE,3.31,78.1,90.2,90.3,HAND_LAUNCH,PARACHUTE,DESERT,37065.38,True,FAILED,NOT_EVALUATED,Conventional,,,NOT_EVALUATED,,,,,,,,,,,,,,,,,,,,,,,NOT_EVALUATED,,,,,,,,NOT_EVALUATED,NOT_EVALUATED,NOT_EVALUATED,NOT_EVALUATED,CONVERGENCE,PROPULSION_FAILURE,Subsystem execution failed with exception: PropulsionOptimizer failed: PropulsionOptimizer failed: No feasible design candidates found.; Convergence failed: Subsystem execution failed with exception: PropulsionOptimizer failed: PropulsionOptimizer failed: No feasible design candidates found.,"Status: PROPULSION_INFEASIBLE, Warnings: 0, Iterations: 0",3813.56,0,False
1713,TRAINING,1.69,80.8,127.5,61.4,CATAPULT,BELLY_LANDING,RURAL,79906.92,True,FAILED,NOT_EVALUATED,Conventional,,,NOT_EVALUATED,,,,,,,,,,,,,,,,,,,,,,,NOT_EVALUATED,,,,,,,,NOT_EVALUATED,NOT_EVALUATED,NOT_EVALUATED,NOT_EVALUATED,AVIONICS_SIZING,DATABASE_LIMITATION,COMPONENT_DATABASE_LIMITATION: Required communication range (80.80 km) exceeds the maximum range available in the telemetry catalog (80.00 km).,"Status: COMPONENT_DATABASE_LIMITATION, Warnings: 0, Iterations: 0",2.97,0,False
1717,DELIVERY,2.27,75.6,95.9,75.4,CATAPULT,BELLY_LANDING,RURAL,40190.37,True,FAILED,NOT_EVALUATED,Conventional,,,NOT_EVALUATED,,,,,,,,,,,,,,,,,,,,,,,NOT_EVALUATED,,,,,,,,NOT_EVALUATED,NOT_EVALUATED,NOT_EVALUATED,NOT_EVALUATED,CONVERGENCE,PROPULSION_FAILURE,Subsystem execution failed with exception: PropulsionOptimizer failed: PropulsionOptimizer failed: No feasible design candidates found.; Convergence failed: Subsystem execution failed with exception: PropulsionOptimizer failed: PropulsionOptimizer failed: No feasible design candidates found.,"Status: PROPULSION_INFEASIBLE, Warnings: 0, Iterations: 0",3968.84,0,False
1718,SECURITY,2.25,72.3,146.0,95.3,HAND_LAUNCH,BELLY_LANDING,MOUNTAIN,17078.97,True,FAILED,NOT_EVALUATED,Conventional,,,NOT_EVALUATED,,,,,,,,,,,,,,,,,,,,,,,NOT_EVALUATED,,,,,,,,NOT_EVALUATED,NOT_EVALUATED,NOT_EVALUATED,NOT_EVALUATED,FUSELAGE_SIZING,SIZING_FAILURE,"Sized fuselage width (0.23 m) exceeds wing root chord (0.21 m), which causes extreme aerodynamic blockage and drag. Select a more slender fuselage profile.","Status: SIZING_INFEASIBLE, Warnings: 0, Iterations: 0",3.26,0,False
1722,DELIVERY,4.31,105.1,145.0,60.2,HAND_LAUNCH,BELLY_LANDING,MOUNTAIN,26062.01,True,FAILED,NOT_EVALUATED,Conventional,,,NOT_EVALUATED,,,,,,,,,,,,,,,,,,,,,,,NOT_EVALUATED,,,,,,,,NOT_EVALUATED,NOT_EVALUATED,NOT_EVALUATED,NOT_EVALUATED,AVIONICS_SIZING,DATABASE_LIMITATION,COMPONENT_DATABASE_LIMITATION: Required communication range (105.10 km) exceeds the maximum range available in the telemetry catalog (80.00 km).,"Status: COMPONENT_DATABASE_LIMITATION, Warnings: 0, Iterations: 0",3.68,0,False
1725,SECURITY,1.98,48.4,99.6,61.7,HAND_LAUNCH,PARACHUTE,FOREST,25952.19,True,FAILED,NOT_EVALUATED,Conventional,,,NOT_EVALUATED,,,,,,,,,,,,,,,,,,,,,,,NOT_EVALUATED,,,,,,,,NOT_EVALUATED,NOT_EVALUATED,NOT_EVALUATED,NOT_EVALUATED,FUSELAGE_SIZING,SIZING_FAILURE,"Sized fuselage width (0.22 m) exceeds wing root chord (0.19 m), which causes extreme aerodynamic blockage and drag. Select a more slender fuselage profile.","Status: SIZING_INFEASIBLE, Warnings: 0, Iterations: 0",5.19,0,False
1726,AGRICULTURE,2.61,111.4,94.0,84.9,HAND_LAUNCH,NET_RECOVERY,DESERT,13601.93,True,FAILED,NOT_EVALUATED,Conventional,,,NOT_EVALUATED,,,,,,,,,,,,,,,,,,,,,,,NOT_EVALUATED,,,,,,,,NOT_EVALUATED,NOT_EVALUATED,NOT_EVALUATED,NOT_EVALUATED,AVIONICS_SIZING,DATABASE_LIMITATION,COMPONENT_DATABASE_LIMITATION: Required communication range (111.40 km) exceeds the maximum range available in the telemetry catalog (80.00 km).,"Status: COMPONENT_DATABASE_LIMITATION, Warnings: 0, Iterations: 0",3.55,0,False
1730,AGRICULTURE,3.33,49.7,136.5,65.2,HAND_LAUNCH,BELLY_LANDING,FOREST,60632.22,True,FAILED,NOT_EVALUATED,Conventional,,,NOT_EVALUATED,,,,,,,,,,,,,,,,,,,,,,,NOT_EVALUATED,,,,,,,,NOT_EVALUATED,NOT_EVALUATED,NOT_EVALUATED,NOT_EVALUATED,CONVERGENCE,PROPULSION_FAILURE,Subsystem execution failed with exception: PropulsionOptimizer failed: PropulsionOptimizer failed: No feasible design candidates found.; Convergence failed: Subsystem execution failed with exception: PropulsionOptimizer failed: PropulsionOptimizer failed: No feasible design candidates found.,"Status: PROPULSION_INFEASIBLE, Warnings: 0, Iterations: 0",3908.18,0,False
1740,MILITARY,14.74,28.4,32.9,73.4,RUNWAY,RUNWAY,DESERT,28161.04,True,FAILED,NOT_EVALUATED,Conventional,,,NOT_EVALUATED,,,,,,,,,,,,,,,,,,,,,,,NOT_EVALUATED,,,,,,,,NOT_EVALUATED,NOT_EVALUATED,NOT_EVALUATED,NOT_EVALUATED,FUSELAGE_SIZING,SIZING_FAILURE,"Sized fuselage width (0.59 m) exceeds wing root chord (0.53 m), which causes extreme aerodynamic blockage and drag. Select a more slender fuselage profile.","Status: SIZING_INFEASIBLE, Warnings: 0, Iterations: 0",3.66,0,False
1742,SURVEY,1.41,80.1,73.2,108.1,CATAPULT,NET_RECOVERY,DESERT,57039.49,True,FAILED,NOT_EVALUATED,Conventional,,,NOT_EVALUATED,,,,,,,,,,,,,,,,,,,,,,,NOT_EVALUATED,,,,,,,,NOT_EVALUATED,NOT_EVALUATED,NOT_EVALUATED,NOT_EVALUATED,AVIONICS_SIZING,DATABASE_LIMITATION,COMPONENT_DATABASE_LIMITATION: Required communication range (80.10 km) exceeds the maximum range available in the telemetry catalog (80.00 km).,"Status: COMPONENT_DATABASE_LIMITATION, Warnings: 0, Iterations: 0",3.25,0,False
1778,RESEARCH,3.8,98.6,146.0,95.6,HAND_LAUNCH,NET_RECOVERY,MOUNTAIN,61283.09,True,FAILED,NOT_EVALUATED,Conventional,,,NOT_EVALUATED,,,,,,,,,,,,,,,,,,,,,,,NOT_EVALUATED,,,,,,,,NOT_EVALUATED,NOT_EVALUATED,NOT_EVALUATED,NOT_EVALUATED,AVIONICS_SIZING,DATABASE_LIMITATION,COMPONENT_DATABASE_LIMITATION: Required communication range (98.60 km) exceeds the maximum range available in the telemetry catalog (80.00 km).,"Status: COMPONENT_DATABASE_LIMITATION, Warnings: 0, Iterations: 0",6.64,0,False
1784,AGRICULTURE,2.15,29.5,107.6,51.6,RUNWAY,PARACHUTE,MOUNTAIN,41211.03,True,FAILED,NOT_EVALUATED,Conventional,,,NOT_EVALUATED,,,,,,,,,,,,,,,,,,,,,,,NOT_EVALUATED,,,,,,,,NOT_EVALUATED,NOT_EVALUATED,NOT_EVALUATED,NOT_EVALUATED,PERFORMANCE_SIZING,PERFORMANCE_FAILURE,"Cruise speed (51.6 kmh) is below the minimum safe cruise speed boundary (60.6 kmh, representing a 30.0% safety margin above clean stall).","Status: PERFORMANCE_INFEASIBLE, Warnings: 0, Iterations: 0",5.07,0,False
1789,MILITARY,4.06,117.0,91.5,89.8,RUNWAY,RUNWAY,MOUNTAIN,19464.8,True,FAILED,NOT_EVALUATED,Conventional,,,NOT_EVALUATED,,,,,,,,,,,,,,,,,,,,,,,NOT_EVALUATED,,,,,,,,NOT_EVALUATED,NOT_EVALUATED,NOT_EVALUATED,NOT_EVALUATED,FUSELAGE_SIZING,SIZING_FAILURE,"Sized fuselage width (0.31 m) exceeds wing root chord (0.28 m), which causes extreme aerodynamic blockage and drag. Select a more slender fuselage profile.","Status: SIZING_INFEASIBLE, Warnings: 0, Iterations: 0",3.63,0,False
1790,SECURITY,20.75,46.1,83.2,72.3,RUNWAY,RUNWAY,RURAL,5851.06,True,FAILED,NOT_EVALUATED,Conventional,,,NOT_EVALUATED,,,,,,,,,,,,,,,,,,,,,,,NOT_EVALUATED,,,,,,,,NOT_EVALUATED,NOT_EVALUATED,NOT_EVALUATED,NOT_EVALUATED,FUSELAGE_SIZING,SIZING_FAILURE,"Sized fuselage width (0.71 m) exceeds wing root chord (0.62 m), which causes extreme aerodynamic blockage and drag. Select a more slender fuselage profile.","Status: SIZING_INFEASIBLE, Warnings: 0, Iterations: 0",4.27,0,False
1795,MAPPING,1.56,77.2,137.4,102.8,CATAPULT,BELLY_LANDING,RURAL,21806.6,True,FAILED,NOT_EVALUATED,Conventional,,,NOT_EVALUATED,,,,,,,,,,,,,,,,,,,,,,,NOT_EVALUATED,,,,,,,,NOT_EVALUATED,NOT_EVALUATED,NOT_EVALUATED,NOT_EVALUATED,VERIFICATION,VERIFICATION_FAILURE,Aircraft design failed verification compliance checks.; Aircraft design failed verification compliance checks.,"Status: VERIFICATION_FAILED, Warnings: 0, Iterations: 5",20883.23,5,True
1796,DISASTER_RESPONSE,1.14,60.5,77.2,64.7,CATAPULT,BELLY_LANDING,FOREST,31400.54,True,FAILED,NOT_EVALUATED,Conventional,,,NOT_EVALUATED,,,,,,,,,,,,,,,,,,,,,,,NOT_EVALUATED,,,,,,,,NOT_EVALUATED,NOT_EVALUATED,NOT_EVALUATED,NOT_EVALUATED,PERFORMANCE_SIZING,PERFORMANCE_FAILURE,"Cruise speed (64.7 kmh) is below the minimum safe cruise speed boundary (67.0 kmh, representing a 20.0% safety margin above clean stall).","Status: PERFORMANCE_INFEASIBLE, Warnings: 0, Iterations: 0",3.52,0,False
1807,CUSTOM,17.94,22.9,38.0,73.1,RUNWAY,RUNWAY,DESERT,19974.88,True,EXCEPTION,NOT_EVALUATED,Conventional,,,NOT_EVALUATED,,,,,,,,,,,,,,,,,,,,,,,NOT_EVALUATED,,,,,,,,NOT_EVALUATED,NOT_EVALUATED,NOT_EVALUATED,NOT_EVALUATED,PROPULSION_SIZING,INTERNAL_EXCEPTION,PROPULSION_POWER_LIMIT: Sized power target of 4966.6 W exceeds maximum catalog motor power limit of 3400.0 W.,"Status: INTERNAL_EXCEPTION, Warnings: 0, Iterations: 0",3.53,0,False
1811,TRAINING,15.68,16.5,51.6,49.9,RUNWAY,RUNWAY,DESERT,35948.07,True,EXCEPTION,NOT_EVALUATED,Conventional,,,NOT_EVALUATED,,,,,,,,,,,,,,,,,,,,,,,NOT_EVALUATED,,,,,,,,NOT_EVALUATED,NOT_EVALUATED,NOT_EVALUATED,NOT_EVALUATED,PROPULSION_SIZING,INTERNAL_EXCEPTION,PROPULSION_POWER_LIMIT: Sized power target of 4340.8 W exceeds maximum catalog motor power limit of 3400.0 W.,"Status: INTERNAL_EXCEPTION, Warnings: 0, Iterations: 0",3.12,0,False
1815,SECURITY,23.12,45.0,39.5,49.0,RUNWAY,RUNWAY,DESERT,20294.17,True,FAILED,NOT_EVALUATED,Conventional,,,NOT_EVALUATED,,,,,,,,,,,,,,,,,,,,,,,NOT_EVALUATED,,,,,,,,NOT_EVALUATED,NOT_EVALUATED,NOT_EVALUATED,NOT_EVALUATED,FUSELAGE_SIZING,SIZING_FAILURE,"Sized fuselage width (0.75 m) exceeds wing root chord (0.66 m), which causes extreme aerodynamic blockage and drag. Select a more slender fuselage profile.","Status: SIZING_INFEASIBLE, Warnings: 0, Iterations: 0",3.76,0,False
1816,AGRICULTURE,2.76,84.6,130.4,97.2,RUNWAY,RUNWAY,RURAL,15262.89,True,FAILED,NOT_EVALUATED,Conventional,,,NOT_EVALUATED,,,,,,,,,,,,,,,,,,,,,,,NOT_EVALUATED,,,,,,,,NOT_EVALUATED,NOT_EVALUATED,NOT_EVALUATED,NOT_EVALUATED,AVIONICS_SIZING,DATABASE_LIMITATION,COMPONENT_DATABASE_LIMITATION: Required communication range (84.60 km) exceeds the maximum range available in the telemetry catalog (80.00 km).,"Status: COMPONENT_DATABASE_LIMITATION, Warnings: 0, Iterations: 0",3.53,0,False
1822,MILITARY,21.62,35.9,44.8,87.5,RUNWAY,RUNWAY,RURAL,30739.12,True,FAILED,NOT_EVALUATED,Conventional,,,NOT_EVALUATED,,,,,,,,,,,,,,,,,,,,,,,NOT_EVALUATED,,,,,,,,NOT_EVALUATED,NOT_EVALUATED,NOT_EVALUATED,NOT_EVALUATED,FUSELAGE_SIZING,SIZING_FAILURE,"Sized fuselage width (0.72 m) exceeds wing root chord (0.64 m), which causes extreme aerodynamic blockage and drag. Select a more slender fuselage profile.","Status: SIZING_INFEASIBLE, Warnings: 0, Iterations: 0",6.18,0,False
1823,SURVEY,2.76,35.0,147.2,52.1,HAND_LAUNCH,RUNWAY,FOREST,79125.62,True,FAILED,NOT_EVALUATED,Conventional,,,NOT_EVALUATED,,,,,,,,,,,,,,,,,,,,,,,NOT_EVALUATED,,,,,,,,NOT_EVALUATED,NOT_EVALUATED,NOT_EVALUATED,NOT_EVALUATED,PERFORMANCE_SIZING,PERFORMANCE_FAILURE,"Cruise speed (52.1 kmh) is below the minimum safe cruise speed boundary (59.0 kmh, representing a 20.0% safety margin above clean stall).","Status: PERFORMANCE_INFEASIBLE, Warnings: 0, Iterations: 0",4.42,0,False
1824,MAPPING,3.39,84.8,120.1,88.5,RUNWAY,PARACHUTE,FOREST,10380.3,True,FAILED,NOT_EVALUATED,Conventional,,,NOT_EVALUATED,,,,,,,,,,,,,,,,,,,,,,,NOT_EVALUATED,,,,,,,,NOT_EVALUATED,NOT_EVALUATED,NOT_EVALUATED,NOT_EVALUATED,AVIONICS_SIZING,DATABASE_LIMITATION,COMPONENT_DATABASE_LIMITATION: Required communication range (84.80 km) exceeds the maximum range available in the telemetry catalog (80.00 km).,"Status: COMPONENT_DATABASE_LIMITATION, Warnings: 0, Iterations: 0",3.18,0,False
1832,CUSTOM,2.11,64.0,115.0,95.5,RUNWAY,BELLY_LANDING,FOREST,15981.74,True,EXCEPTION,NOT_EVALUATED,Conventional,,,NOT_EVALUATED,,,,,,,,,,,,,,,,,,,,,,,NOT_EVALUATED,,,,,,,,NOT_EVALUATED,NOT_EVALUATED,NOT_EVALUATED,NOT_EVALUATED,CONVERGENCE,INTERNAL_EXCEPTION,Design compliance score (76.0%) is below the minimum required safety compliance boundary (85.0%).,"Status: INTERNAL_EXCEPTION, Warnings: 0, Iterations: 4",16659.85,4,False
1837,AGRICULTURE,2.39,56.5,149.7,69.3,HAND_LAUNCH,PARACHUTE,DESERT,78889.78,True,FAILED,NOT_EVALUATED,Conventional,,,NOT_EVALUATED,,,,,,,,,,,,,,,,,,,,,,,NOT_EVALUATED,,,,,,,,NOT_EVALUATED,NOT_EVALUATED,NOT_EVALUATED,NOT_EVALUATED,CONVERGENCE,PROPULSION_FAILURE,Subsystem execution failed with exception: PropulsionOptimizer failed: PropulsionOptimizer failed: No feasible design candidates found.; Convergence failed: Subsystem execution failed with exception: PropulsionOptimizer failed: PropulsionOptimizer failed: No feasible design candidates found.,"Status: PROPULSION_INFEASIBLE, Warnings: 0, Iterations: 1",7859.67,1,False
1844,RESEARCH,3.75,85.6,95.8,71.4,CATAPULT,BELLY_LANDING,DESERT,43808.03,True,FAILED,NOT_EVALUATED,Conventional,,,NOT_EVALUATED,,,,,,,,,,,,,,,,,,,,,,,NOT_EVALUATED,,,,,,,,NOT_EVALUATED,NOT_EVALUATED,NOT_EVALUATED,NOT_EVALUATED,AVIONICS_SIZING,DATABASE_LIMITATION,COMPONENT_DATABASE_LIMITATION: Required communication range (85.60 km) exceeds the maximum range available in the telemetry catalog (80.00 km).,"Status: COMPONENT_DATABASE_LIMITATION, Warnings: 0, Iterations: 0",3.18,0,False
1849,RESEARCH,2.87,64.1,123.0,56.0,RUNWAY,RUNWAY,RURAL,32816.08,True,FAILED,NOT_EVALUATED,Conventional,,,NOT_EVALUATED,,,,,,,,,,,,,,,,,,,,,,,NOT_EVALUATED,,,,,,,,NOT_EVALUATED,NOT_EVALUATED,NOT_EVALUATED,NOT_EVALUATED,PERFORMANCE_SIZING,PERFORMANCE_FAILURE,"Cruise speed (56.0 kmh) is below the minimum safe cruise speed boundary (66.7 kmh, representing a 30.0% safety margin above clean stall).","Status: PERFORMANCE_INFEASIBLE, Warnings: 0, Iterations: 0",3.57,0,False
1854,TRAINING,2.77,27.6,126.3,64.0,RUNWAY,RUNWAY,RURAL,6729.4,True,EXCEPTION,NOT_EVALUATED,Conventional,,,NOT_EVALUATED,,,,,,,,,,,,,,,,,,,,,,,NOT_EVALUATED,,,,,,,,NOT_EVALUATED,NOT_EVALUATED,NOT_EVALUATED,NOT_EVALUATED,CONVERGENCE,INTERNAL_EXCEPTION,Design compliance score (76.0%) is below the minimum required safety compliance boundary (85.0%).,"Status: INTERNAL_EXCEPTION, Warnings: 0, Iterations: 5",20967.23,5,False
1859,MAPPING,3.65,68.7,99.2,55.2,CATAPULT,BELLY_LANDING,FOREST,42198.97,True,FAILED,NOT_EVALUATED,Conventional,,,NOT_EVALUATED,,,,,,,,,,,,,,,,,,,,,,,NOT_EVALUATED,,,,,,,,NOT_EVALUATED,NOT_EVALUATED,NOT_EVALUATED,NOT_EVALUATED,CONVERGENCE,PROPULSION_FAILURE,Subsystem execution failed with exception: PropulsionOptimizer failed: PropulsionOptimizer failed: No feasible design candidates found.; Convergence failed: Subsystem execution failed with exception: PropulsionOptimizer failed: PropulsionOptimizer failed: No feasible design candidates found.,"Status: PROPULSION_INFEASIBLE, Warnings: 0, Iterations: 0",3915.62,0,False
1862,DISASTER_RESPONSE,17.53,59.4,24.4,52.9,RUNWAY,RUNWAY,MOUNTAIN,40026.37,True,INVALID_INPUT,NOT_EVALUATED,Conventional,,,NOT_EVALUATED,,,,,,,,,,,,,,,,,,,,,,,NOT_EVALUATED,,,,,,,,NOT_EVALUATED,NOT_EVALUATED,NOT_EVALUATED,NOT_EVALUATED,MISSION_TRANSLATION,INVALID_REQUIREMENTS,Mission range (59.4 km) is physically inconsistent with cruise speed (52.9 km/h) and flight time (24.4 min). Max theoretical range is 21.5 km.,"Status: INVALID_REQUIREMENTS, Warnings: 0, Iterations: 0",0.33,0,False
1866,DELIVERY,2.87,25.7,52.6,52.1,RUNWAY,NET_RECOVERY,RURAL,67454.87,True,FAILED,NOT_EVALUATED,Conventional,,,NOT_EVALUATED,,,,,,,,,,,,,,,,,,,,,,,NOT_EVALUATED,,,,,,,,NOT_EVALUATED,NOT_EVALUATED,NOT_EVALUATED,NOT_EVALUATED,PERFORMANCE_SIZING,PERFORMANCE_FAILURE,"Cruise speed (52.1 kmh) is below the minimum safe cruise speed boundary (57.6 kmh, representing a 35.0% safety margin above clean stall).","Status: PERFORMANCE_INFEASIBLE, Warnings: 0, Iterations: 0",4.53,0,False
1871,DELIVERY,11.77,78.6,75.0,82.6,RUNWAY,RUNWAY,MOUNTAIN,49475.83,True,FAILED,NOT_EVALUATED,Conventional,,,NOT_EVALUATED,,,,,,,,,,,,,,,,,,,,,,,NOT_EVALUATED,,,,,,,,NOT_EVALUATED,NOT_EVALUATED,NOT_EVALUATED,NOT_EVALUATED,MASS_SIZING,MASS_FAILURE,Calculated takeoff weight (32.94 kg) exceeds maximum takeoff weight limit constraint (25.00 kg).,"Status: MTOW_LIMIT_EXCEEDED, Warnings: 0, Iterations: 0",4.21,0,False
1875,AGRICULTURE,22.42,23.8,83.0,64.2,RUNWAY,RUNWAY,MOUNTAIN,46395.87,True,EXCEPTION,NOT_EVALUATED,Conventional,,,NOT_EVALUATED,,,,,,,,,,,,,,,,,,,,,,,NOT_EVALUATED,,,,,,,,NOT_EVALUATED,NOT_EVALUATED,NOT_EVALUATED,NOT_EVALUATED,PROPULSION_SIZING,INTERNAL_EXCEPTION,PROPULSION_POWER_LIMIT: Sized power target of 6406.2 W exceeds maximum catalog motor power limit of 3400.0 W.,"Status: INTERNAL_EXCEPTION, Warnings: 0, Iterations: 0",10.32,0,False
1880,AGRICULTURE,3.29,81.3,122.6,86.0,RUNWAY,RUNWAY,FOREST,21896.71,True,FAILED,NOT_EVALUATED,Conventional,,,NOT_EVALUATED,,,,,,,,,,,,,,,,,,,,,,,NOT_EVALUATED,,,,,,,,NOT_EVALUATED,NOT_EVALUATED,NOT_EVALUATED,NOT_EVALUATED,AVIONICS_SIZING,DATABASE_LIMITATION,COMPONENT_DATABASE_LIMITATION: Required communication range (81.30 km) exceeds the maximum range available in the telemetry catalog (80.00 km).,"Status: COMPONENT_DATABASE_LIMITATION, Warnings: 0, Iterations: 0",8.52,0,False
1881,TRAINING,3.03,27.2,107.5,77.0,RUNWAY,PARACHUTE,FOREST,30371.18,True,EXCEPTION,NOT_EVALUATED,Conventional,,,NOT_EVALUATED,,,,,,,,,,,,,,,,,,,,,,,NOT_EVALUATED,,,,,,,,NOT_EVALUATED,NOT_EVALUATED,NOT_EVALUATED,NOT_EVALUATED,CONVERGENCE,INTERNAL_EXCEPTION,Design compliance score (76.0%) is below the minimum required safety compliance boundary (85.0%).,"Status: INTERNAL_EXCEPTION, Warnings: 0, Iterations: 4",16688.64,4,False
1882,DELIVERY,1.65,44.4,139.8,68.7,HAND_LAUNCH,RUNWAY,MOUNTAIN,38618.73,True,FAILED,NOT_EVALUATED,Conventional,,,NOT_EVALUATED,,,,,,,,,,,,,,,,,,,,,,,NOT_EVALUATED,,,,,,,,NOT_EVALUATED,NOT_EVALUATED,NOT_EVALUATED,NOT_EVALUATED,PROPULSION_SIZING,DATABASE_LIMITATION,"COMPONENT_DATABASE_LIMITATION: Lightest available component of type 'Cargo' in database weighs 2.00 kg, which exceeds the maximum allowed structural payload limit of 1.73 kg.","Status: COMPONENT_DATABASE_LIMITATION, Warnings: 0, Iterations: 0",2.65,0,False
1886,TRAINING,2.77,48.9,47.1,80.7,CATAPULT,NET_RECOVERY,FOREST,77318.51,True,FAILED,NOT_EVALUATED,Conventional,,,NOT_EVALUATED,,,,,,,,,,,,,,,,,,,,,,,NOT_EVALUATED,,,,,,,,NOT_EVALUATED,NOT_EVALUATED,NOT_EVALUATED,NOT_EVALUATED,CONVERGENCE,CONVERGENCE_FAILURE,Oscillation detected: design state at iteration 6 matches state at iteration 4.; Convergence failed: Oscillation detected: design state at iteration 6 matches state at iteration 4.,"Status: NON_CONVERGED, Warnings: 0, Iterations: 6",25103.88,6,False
1890,CUSTOM,2.13,61.4,72.8,83.4,CATAPULT,BELLY_LANDING,FOREST,10464.25,True,EXCEPTION,NOT_EVALUATED,Conventional,,,NOT_EVALUATED,,,,,,,,,,,,,,,,,,,,,,,NOT_EVALUATED,,,,,,,,NOT_EVALUATED,NOT_EVALUATED,NOT_EVALUATED,NOT_EVALUATED,CONVERGENCE,INTERNAL_EXCEPTION,Design compliance score (76.0%) is below the minimum required safety compliance boundary (85.0%).,"Status: INTERNAL_EXCEPTION, Warnings: 0, Iterations: 5",20605.89,5,False
1891,RESEARCH,1.83,117.8,112.7,102.8,RUNWAY,RUNWAY,MOUNTAIN,19880.66,True,EXCEPTION,NOT_EVALUATED,Conventional,,,NOT_EVALUATED,,,,,,,,,,,,,,,,,,,,,,,NOT_EVALUATED,,,,,,,,NOT_EVALUATED,NOT_EVALUATED,NOT_EVALUATED,NOT_EVALUATED,PROPULSION_SIZING,INTERNAL_EXCEPTION,Sized payload weight (1.95 kg) exceeds maximum structural payload weight constraint (1.92 kg).,"Status: INTERNAL_EXCEPTION, Warnings: 0, Iterations: 0",2.67,0,False
1911,MAPPING,12.92,34.5,52.1,55.4,RUNWAY,RUNWAY,MOUNTAIN,17338.43,True,FAILED,NOT_EVALUATED,Conventional,,,NOT_EVALUATED,,,,,,,,,,,,,,,,,,,,,,,NOT_EVALUATED,,,,,,,,NOT_EVALUATED,NOT_EVALUATED,NOT_EVALUATED,NOT_EVALUATED,CONVERGENCE,PROPULSION_FAILURE,Subsystem execution failed with exception: PropulsionOptimizer failed: PropulsionOptimizer failed: No feasible design candidates found.; Convergence failed: Subsystem execution failed with exception: PropulsionOptimizer failed: PropulsionOptimizer failed: No feasible design candidates found.,"Status: PROPULSION_INFEASIBLE, Warnings: 0, Iterations: 0",4118.46,0,False
1915,AGRICULTURE,4.72,101.2,108.6,75.4,CATAPULT,BELLY_LANDING,DESERT,73698.6,True,FAILED,NOT_EVALUATED,Conventional,,,NOT_EVALUATED,,,,,,,,,,,,,,,,,,,,,,,NOT_EVALUATED,,,,,,,,NOT_EVALUATED,NOT_EVALUATED,NOT_EVALUATED,NOT_EVALUATED,AVIONICS_SIZING,DATABASE_LIMITATION,COMPONENT_DATABASE_LIMITATION: Required communication range (101.20 km) exceeds the maximum range available in the telemetry catalog (80.00 km).,"Status: COMPONENT_DATABASE_LIMITATION, Warnings: 0, Iterations: 0",4.46,0,False
1917,AGRICULTURE,4.79,38.3,114.8,57.3,RUNWAY,RUNWAY,MOUNTAIN,64805.47,True,FAILED,NOT_EVALUATED,Conventional,,,NOT_EVALUATED,,,,,,,,,,,,,,,,,,,,,,,NOT_EVALUATED,,,,,,,,NOT_EVALUATED,NOT_EVALUATED,NOT_EVALUATED,NOT_EVALUATED,VERIFICATION,VERIFICATION_FAILURE,Aircraft design failed verification compliance checks.; Aircraft design failed verification compliance checks.,"Status: VERIFICATION_FAILED, Warnings: 0, Iterations: 5",20507.86,5,True
1922,TRAINING,2.41,77.4,52.0,71.8,HAND_LAUNCH,RUNWAY,RURAL,32151.65,True,EXCEPTION,NOT_EVALUATED,Conventional,,,NOT_EVALUATED,,,,,,,,,,,,,,,,,,,,,,,NOT_EVALUATED,,,,,,,,NOT_EVALUATED,NOT_EVALUATED,NOT_EVALUATED,NOT_EVALUATED,PERFORMANCE_SIZING,INTERNAL_EXCEPTION,Sized maximum flight range (73.2 km) is below mission range requirement (77.4 km).,"Status: INTERNAL_EXCEPTION, Warnings: 0, Iterations: 0",3.53,0,False
1923,TRAINING,4.83,96.3,125.2,98.0,RUNWAY,PARACHUTE,RURAL,68676.45,True,FAILED,NOT_EVALUATED,Conventional,,,NOT_EVALUATED,,,,,,,,,,,,,,,,,,,,,,,NOT_EVALUATED,,,,,,,,NOT_EVALUATED,NOT_EVALUATED,NOT_EVALUATED,NOT_EVALUATED,AVIONICS_SIZING,DATABASE_LIMITATION,COMPONENT_DATABASE_LIMITATION: Required communication range (96.30 km) exceeds the maximum range available in the telemetry catalog (80.00 km).,"Status: COMPONENT_DATABASE_LIMITATION, Warnings: 0, Iterations: 0",3.11,0,False
1925,TRAINING,4.58,69.8,149.1,75.5,CATAPULT,PARACHUTE,RURAL,24082.82,True,FAILED,NOT_EVALUATED,Conventional,,,NOT_EVALUATED,,,,,,,,,,,,,,,,,,,,,,,NOT_EVALUATED,,,,,,,,NOT_EVALUATED,NOT_EVALUATED,NOT_EVALUATED,NOT_EVALUATED,CONVERGENCE,PROPULSION_FAILURE,Subsystem execution failed with exception: PropulsionOptimizer failed: PropulsionOptimizer failed: No feasible design candidates found.; Convergence failed: Subsystem execution failed with exception: PropulsionOptimizer failed: PropulsionOptimizer failed: No feasible design candidates found.,"Status: PROPULSION_INFEASIBLE, Warnings: 0, Iterations: 0",4141.02,0,False
1926,DELIVERY,4.09,73.0,143.2,93.6,HAND_LAUNCH,BELLY_LANDING,DESERT,4545.7,True,FAILED,NOT_EVALUATED,Conventional,,,NOT_EVALUATED,,,,,,,,,,,,,,,,,,,,,,,NOT_EVALUATED,,,,,,,,NOT_EVALUATED,NOT_EVALUATED,NOT_EVALUATED,NOT_EVALUATED,CONVERGENCE,PROPULSION_FAILURE,Subsystem execution failed with exception: PropulsionOptimizer failed: PropulsionOptimizer failed: No feasible design candidates found.; Convergence failed: Subsystem execution failed with exception: PropulsionOptimizer failed: PropulsionOptimizer failed: No feasible design candidates found.,"Status: PROPULSION_INFEASIBLE, Warnings: 0, Iterations: 0",4094.55,0,False
1927,AGRICULTURE,1.99,76.7,116.6,81.5,CATAPULT,NET_RECOVERY,RURAL,21468.22,True,FAILED,NOT_EVALUATED,Conventional,,,NOT_EVALUATED,,,,,,,,,,,,,,,,,,,,,,,NOT_EVALUATED,,,,,,,,NOT_EVALUATED,NOT_EVALUATED,NOT_EVALUATED,NOT_EVALUATED,CONVERGENCE,PROPULSION_FAILURE,Subsystem execution failed with exception: PropulsionOptimizer failed: PropulsionOptimizer failed: No feasible design candidates found.; Convergence failed: Subsystem execution failed with exception: PropulsionOptimizer failed: PropulsionOptimizer failed: No feasible design candidates found.,"Status: PROPULSION_INFEASIBLE, Warnings: 0, Iterations: 1",8067.48,1,False
1937,SECURITY,2.0,110.3,76.8,103.2,CATAPULT,PARACHUTE,RURAL,52030.58,True,FAILED,NOT_EVALUATED,Conventional,,,NOT_EVALUATED,,,,,,,,,,,,,,,,,,,,,,,NOT_EVALUATED,,,,,,,,NOT_EVALUATED,NOT_EVALUATED,NOT_EVALUATED,NOT_EVALUATED,FUSELAGE_SIZING,SIZING_FAILURE,"Sized fuselage width (0.22 m) exceeds wing root chord (0.19 m), which causes extreme aerodynamic blockage and drag. Select a more slender fuselage profile.","Status: SIZING_INFEASIBLE, Warnings: 0, Iterations: 0",3.45,0,False
1938,AGRICULTURE,4.47,92.0,137.1,93.1,RUNWAY,BELLY_LANDING,DESERT,71641.37,True,FAILED,NOT_EVALUATED,Conventional,,,NOT_EVALUATED,,,,,,,,,,,,,,,,,,,,,,,NOT_EVALUATED,,,,,,,,NOT_EVALUATED,NOT_EVALUATED,NOT_EVALUATED,NOT_EVALUATED,AVIONICS_SIZING,DATABASE_LIMITATION,COMPONENT_DATABASE_LIMITATION: Required communication range (92.00 km) exceeds the maximum range available in the telemetry catalog (80.00 km).,"Status: COMPONENT_DATABASE_LIMITATION, Warnings: 0, Iterations: 0",3.08,0,False
1952,CUSTOM,1.39,100.5,131.7,92.6,CATAPULT,NET_RECOVERY,MOUNTAIN,34929.01,True,FAILED,NOT_EVALUATED,Conventional,,,NOT_EVALUATED,,,,,,,,,,,,,,,,,,,,,,,NOT_EVALUATED,,,,,,,,NOT_EVALUATED,NOT_EVALUATED,NOT_EVALUATED,NOT_EVALUATED,AVIONICS_SIZING,DATABASE_LIMITATION,COMPONENT_DATABASE_LIMITATION: Required communication range (100.50 km) exceeds the maximum range available in the telemetry catalog (80.00 km).,"Status: COMPONENT_DATABASE_LIMITATION, Warnings: 0, Iterations: 0",3.18,0,False
1953,TRAINING,18.64,59.5,32.1,62.2,RUNWAY,RUNWAY,MOUNTAIN,35201.41,True,INVALID_INPUT,NOT_EVALUATED,Conventional,,,NOT_EVALUATED,,,,,,,,,,,,,,,,,,,,,,,NOT_EVALUATED,,,,,,,,NOT_EVALUATED,NOT_EVALUATED,NOT_EVALUATED,NOT_EVALUATED,MISSION_TRANSLATION,INVALID_REQUIREMENTS,Mission range (59.5 km) is physically inconsistent with cruise speed (62.2 km/h) and flight time (32.1 min). Max theoretical range is 33.3 km.,"Status: INVALID_REQUIREMENTS, Warnings: 0, Iterations: 0",0.29,0,False
1955,MAPPING,1.34,53.0,55.2,68.4,CATAPULT,RUNWAY,MOUNTAIN,43022.36,True,FAILED,NOT_EVALUATED,Conventional,,,NOT_EVALUATED,,,,,,,,,,,,,,,,,,,,,,,NOT_EVALUATED,,,,,,,,NOT_EVALUATED,NOT_EVALUATED,NOT_EVALUATED,NOT_EVALUATED,CONVERGENCE,PROPULSION_FAILURE,Subsystem execution failed with exception: PropulsionOptimizer failed: PropulsionOptimizer failed: No feasible design candidates found.; Convergence failed: Subsystem execution failed with exception: PropulsionOptimizer failed: PropulsionOptimizer failed: No feasible design candidates found.,"Status: PROPULSION_INFEASIBLE, Warnings: 0, Iterations: 1",8488.48,1,False
1958,AGRICULTURE,2.99,92.7,62.4,84.5,HAND_LAUNCH,NET_RECOVERY,MOUNTAIN,17157.62,True,FAILED,NOT_EVALUATED,Conventional,,,NOT_EVALUATED,,,,,,,,,,,,,,,,,,,,,,,NOT_EVALUATED,,,,,,,,NOT_EVALUATED,NOT_EVALUATED,NOT_EVALUATED,NOT_EVALUATED,AVIONICS_SIZING,DATABASE_LIMITATION,COMPONENT_DATABASE_LIMITATION: Required communication range (92.70 km) exceeds the maximum range available in the telemetry catalog (80.00 km).,"Status: COMPONENT_DATABASE_LIMITATION, Warnings: 0, Iterations: 0",3.22,0,False
1964,CUSTOM,1.12,43.8,112.2,102.0,HAND_LAUNCH,BELLY_LANDING,RURAL,79631.91,True,FAILED,NOT_EVALUATED,Conventional,,,NOT_EVALUATED,,,,,,,,,,,,,,,,,,,,,,,NOT_EVALUATED,,,,,,,,NOT_EVALUATED,NOT_EVALUATED,NOT_EVALUATED,NOT_EVALUATED,VERIFICATION,VERIFICATION_FAILURE,Aircraft design failed verification compliance checks.; Aircraft design failed verification compliance checks.,"Status: VERIFICATION_FAILED, Warnings: 0, Iterations: 5",20697.9,5,True
1966,SECURITY,4.52,115.7,67.4,65.6,CATAPULT,PARACHUTE,FOREST,33195.11,True,INVALID_INPUT,NOT_EVALUATED,Conventional,,,NOT_EVALUATED,,,,,,,,,,,,,,,,,,,,,,,NOT_EVALUATED,,,,,,,,NOT_EVALUATED,NOT_EVALUATED,NOT_EVALUATED,NOT_EVALUATED,MISSION_TRANSLATION,INVALID_REQUIREMENTS,Mission range (115.7 km) is physically inconsistent with cruise speed (65.6 km/h) and flight time (67.4 min). Max theoretical range is 73.7 km.,"Status: INVALID_REQUIREMENTS, Warnings: 0, Iterations: 0",0.3,0,False
1993,RESEARCH,4.28,43.9,80.3,105.5,HAND_LAUNCH,BELLY_LANDING,MOUNTAIN,38605.5,True,FAILED,NOT_EVALUATED,Conventional,,,NOT_EVALUATED,,,,,,,,,,,,,,,,,,,,,,,NOT_EVALUATED,,,,,,,,NOT_EVALUATED,NOT_EVALUATED,NOT_EVALUATED,NOT_EVALUATED,CONVERGENCE,PROPULSION_FAILURE,Subsystem execution failed with exception: PropulsionOptimizer failed: PropulsionOptimizer failed: No feasible design candidates found.; Convergence failed: Subsystem execution failed with exception: PropulsionOptimizer failed: PropulsionOptimizer failed: No feasible design candidates found.,"Status: PROPULSION_INFEASIBLE, Warnings: 0, Iterations: 0",4297.82,0,False
1996,TRAINING,3.74,117.3,130.4,55.9,HAND_LAUNCH,PARACHUTE,DESERT,23590.65,True,FAILED,NOT_EVALUATED,Conventional,,,NOT_EVALUATED,,,,,,,,,,,,,,,,,,,,,,,NOT_EVALUATED,,,,,,,,NOT_EVALUATED,NOT_EVALUATED,NOT_EVALUATED,NOT_EVALUATED,AVIONICS_SIZING,DATABASE_LIMITATION,COMPONENT_DATABASE_LIMITATION: Required communication range (117.30 km) exceeds the maximum range available in the telemetry catalog (80.00 km).,"Status: COMPONENT_DATABASE_LIMITATION, Warnings: 0, Iterations: 0",3.18,0,False
2005,SURVEY,1.27,88.8,144.8,66.3,HAND_LAUNCH,PARACHUTE,FOREST,57774.78,True,FAILED,NOT_EVALUATED,Conventional,,,NOT_EVALUATED,,,,,,,,,,,,,,,,,,,,,,,NOT_EVALUATED,,,,,,,,NOT_EVALUATED,NOT_EVALUATED,NOT_EVALUATED,NOT_EVALUATED,AVIONICS_SIZING,DATABASE_LIMITATION,COMPONENT_DATABASE_LIMITATION: Required communication range (88.80 km) exceeds the maximum range available in the telemetry catalog (80.00 km).,"Status: COMPONENT_DATABASE_LIMITATION, Warnings: 0, Iterations: 0",3.52,0,False
2006,MAPPING,3.37,44.2,64.0,77.4,HAND_LAUNCH,PARACHUTE,MOUNTAIN,15330.79,True,FAILED,NOT_EVALUATED,Conventional,,,NOT_EVALUATED,,,,,,,,,,,,,,,,,,,,,,,NOT_EVALUATED,,,,,,,,NOT_EVALUATED,NOT_EVALUATED,NOT_EVALUATED,NOT_EVALUATED,CONVERGENCE,PROPULSION_FAILURE,Subsystem execution failed with exception: PropulsionOptimizer failed: PropulsionOptimizer failed: No feasible design candidates found.; Convergence failed: Subsystem execution failed with exception: PropulsionOptimizer failed: PropulsionOptimizer failed: No feasible design candidates found.,"Status: PROPULSION_INFEASIBLE, Warnings: 0, Iterations: 0",4002.0,0,False
2011,MILITARY,1.26,87.7,48.5,51.9,HAND_LAUNCH,RUNWAY,RURAL,57394.91,True,INVALID_INPUT,NOT_EVALUATED,Conventional,,,NOT_EVALUATED,,,,,,,,,,,,,,,,,,,,,,,NOT_EVALUATED,,,,,,,,NOT_EVALUATED,NOT_EVALUATED,NOT_EVALUATED,NOT_EVALUATED,MISSION_TRANSLATION,INVALID_REQUIREMENTS,Mission range (87.7 km) is physically inconsistent with cruise speed (51.9 km/h) and flight time (48.5 min). Max theoretical range is 42.0 km.,"Status: INVALID_REQUIREMENTS, Warnings: 0, Iterations: 0",0.32,0,False
2016,DELIVERY,1.57,52.9,93.0,60.0,HAND_LAUNCH,PARACHUTE,MOUNTAIN,42376.74,True,FAILED,NOT_EVALUATED,Conventional,,,NOT_EVALUATED,,,,,,,,,,,,,,,,,,,,,,,NOT_EVALUATED,,,,,,,,NOT_EVALUATED,NOT_EVALUATED,NOT_EVALUATED,NOT_EVALUATED,PROPULSION_SIZING,DATABASE_LIMITATION,"COMPONENT_DATABASE_LIMITATION: Lightest available component of type 'Cargo' in database weighs 2.00 kg, which exceeds the maximum allowed structural payload limit of 1.65 kg.","Status: COMPONENT_DATABASE_LIMITATION, Warnings: 0, Iterations: 0",4.98,0,False
2029,SECURITY,3.01,79.9,66.2,84.4,RUNWAY,BELLY_LANDING,RURAL,73916.6,True,FAILED,NOT_EVALUATED,Conventional,,,NOT_EVALUATED,,,,,,,,,,,,,,,,,,,,,,,NOT_EVALUATED,,,,,,,,NOT_EVALUATED,NOT_EVALUATED,NOT_EVALUATED,NOT_EVALUATED,FUSELAGE_SIZING,SIZING_FAILURE,"Sized fuselage width (0.27 m) exceeds wing root chord (0.24 m), which causes extreme aerodynamic blockage and drag. Select a more slender fuselage profile.","Status: SIZING_INFEASIBLE, Warnings: 0, Iterations: 0",3.36,0,False
2031,CUSTOM,21.14,65.5,50.0,56.1,RUNWAY,RUNWAY,DESERT,69558.41,True,EXCEPTION,NOT_EVALUATED,Conventional,,,NOT_EVALUATED,,,,,,,,,,,,,,,,,,,,,,,NOT_EVALUATED,,,,,,,,NOT_EVALUATED,NOT_EVALUATED,NOT_EVALUATED,NOT_EVALUATED,PROPULSION_SIZING,INTERNAL_EXCEPTION,PROPULSION_POWER_LIMIT: Sized power target of 5852.5 W exceeds maximum catalog motor power limit of 3400.0 W.,"Status: INTERNAL_EXCEPTION, Warnings: 0, Iterations: 0",2.84,0,False
2043,RESEARCH,1.49,66.4,50.4,66.0,HAND_LAUNCH,RUNWAY,FOREST,15923.95,True,FAILED,NOT_EVALUATED,Conventional,,,NOT_EVALUATED,,,,,,,,,,,,,,,,,,,,,,,NOT_EVALUATED,,,,,,,,NOT_EVALUATED,NOT_EVALUATED,NOT_EVALUATED,NOT_EVALUATED,PROPULSION_SIZING,DATABASE_LIMITATION,"COMPONENT_DATABASE_LIMITATION: Lightest available component of type 'Scientific Instruments' in database weighs 1.80 kg, which exceeds the maximum allowed structural payload limit of 1.56 kg.","Status: COMPONENT_DATABASE_LIMITATION, Warnings: 0, Iterations: 0",3.22,0,False
2052,DELIVERY,4.61,48.7,147.3,77.5,HAND_LAUNCH,PARACHUTE,FOREST,53065.44,True,FAILED,NOT_EVALUATED,Conventional,,,NOT_EVALUATED,,,,,,,,,,,,,,,,,,,,,,,NOT_EVALUATED,,,,,,,,NOT_EVALUATED,NOT_EVALUATED,NOT_EVALUATED,NOT_EVALUATED,CONVERGENCE,PROPULSION_FAILURE,Subsystem execution failed with exception: PropulsionOptimizer failed: PropulsionOptimizer failed: No feasible design candidates found.; Convergence failed: Subsystem execution failed with exception: PropulsionOptimizer failed: PropulsionOptimizer failed: No feasible design candidates found.,"Status: PROPULSION_INFEASIBLE, Warnings: 0, Iterations: 0",4043.5,0,False
2054,CUSTOM,1.65,53.0,129.2,85.5,CATAPULT,NET_RECOVERY,DESERT,61746.52,True,FAILED,NOT_EVALUATED,Conventional,,,NOT_EVALUATED,,,,,,,,,,,,,,,,,,,,,,,NOT_EVALUATED,,,,,,,,NOT_EVALUATED,NOT_EVALUATED,NOT_EVALUATED,NOT_EVALUATED,VERIFICATION,VERIFICATION_FAILURE,Aircraft design failed verification compliance checks.; Aircraft design failed verification compliance checks.,"Status: VERIFICATION_FAILED, Warnings: 0, Iterations: 5",20638.86,5,True
2055,CUSTOM,2.85,118.9,102.1,103.2,CATAPULT,PARACHUTE,FOREST,26757.43,True,FAILED,NOT_EVALUATED,Conventional,,,NOT_EVALUATED,,,,,,,,,,,,,,,,,,,,,,,NOT_EVALUATED,,,,,,,,NOT_EVALUATED,NOT_EVALUATED,NOT_EVALUATED,NOT_EVALUATED,AVIONICS_SIZING,DATABASE_LIMITATION,COMPONENT_DATABASE_LIMITATION: Required communication range (118.90 km) exceeds the maximum range available in the telemetry catalog (80.00 km).,"Status: COMPONENT_DATABASE_LIMITATION, Warnings: 0, Iterations: 0",3.51,0,False
2059,DISASTER_RESPONSE,2.72,105.2,67.9,62.1,RUNWAY,PARACHUTE,MOUNTAIN,61676.32,True,FAILED,NOT_EVALUATED,Conventional,,,NOT_EVALUATED,,,,,,,,,,,,,,,,,,,,,,,NOT_EVALUATED,,,,,,,,NOT_EVALUATED,NOT_EVALUATED,NOT_EVALUATED,NOT_EVALUATED,AVIONICS_SIZING,DATABASE_LIMITATION,COMPONENT_DATABASE_LIMITATION: Required communication range (105.20 km) exceeds the maximum range available in the telemetry catalog (80.00 km).,"Status: COMPONENT_DATABASE_LIMITATION, Warnings: 0, Iterations: 0",3.39,0,False
2062,MAPPING,3.14,99.0,73.0,75.2,HAND_LAUNCH,BELLY_LANDING,DESERT,12610.51,True,FAILED,NOT_EVALUATED,Conventional,,,NOT_EVALUATED,,,,,,,,,,,,,,,,,,,,,,,NOT_EVALUATED,,,,,,,,NOT_EVALUATED,NOT_EVALUATED,NOT_EVALUATED,NOT_EVALUATED,AVIONICS_SIZING,DATABASE_LIMITATION,COMPONENT_DATABASE_LIMITATION: Required communication range (99.00 km) exceeds the maximum range available in the telemetry catalog (80.00 km).,"Status: COMPONENT_DATABASE_LIMITATION, Warnings: 0, Iterations: 0",3.13,0,False
2064,SECURITY,16.62,25.5,26.1,57.4,RUNWAY,RUNWAY,MOUNTAIN,49913.4,True,FAILED,NOT_EVALUATED,Conventional,,,NOT_EVALUATED,,,,,,,,,,,,,,,,,,,,,,,NOT_EVALUATED,,,,,,,,NOT_EVALUATED,NOT_EVALUATED,NOT_EVALUATED,NOT_EVALUATED,FUSELAGE_SIZING,SIZING_FAILURE,"Sized fuselage width (0.63 m) exceeds wing root chord (0.56 m), which causes extreme aerodynamic blockage and drag. Select a more slender fuselage profile.","Status: SIZING_INFEASIBLE, Warnings: 0, Iterations: 0",8.86,0,False
2068,CUSTOM,2.69,48.3,82.9,94.5,HAND_LAUNCH,RUNWAY,DESERT,27116.9,True,FAILED,NOT_EVALUATED,Conventional,,,NOT_EVALUATED,,,,,,,,,,,,,,,,,,,,,,,NOT_EVALUATED,,,,,,,,NOT_EVALUATED,NOT_EVALUATED,NOT_EVALUATED,NOT_EVALUATED,CONVERGENCE,PROPULSION_FAILURE,Subsystem execution failed with exception: PropulsionOptimizer failed: PropulsionOptimizer failed: No feasible design candidates found.; Convergence failed: Subsystem execution failed with exception: PropulsionOptimizer failed: PropulsionOptimizer failed: No feasible design candidates found.,"Status: PROPULSION_INFEASIBLE, Warnings: 0, Iterations: 1",8221.18,1,False
2069,CUSTOM,1.89,34.3,94.4,109.9,HAND_LAUNCH,NET_RECOVERY,FOREST,28941.58,True,FAILED,NOT_EVALUATED,Conventional,,,NOT_EVALUATED,,,,,,,,,,,,,,,,,,,,,,,NOT_EVALUATED,,,,,,,,NOT_EVALUATED,NOT_EVALUATED,NOT_EVALUATED,NOT_EVALUATED,VERIFICATION,VERIFICATION_FAILURE,Aircraft design failed verification compliance checks.; Aircraft design failed verification compliance checks.,"Status: VERIFICATION_FAILED, Warnings: 0, Iterations: 4",16704.71,4,True
2070,DISASTER_RESPONSE,1.63,112.1,148.9,55.2,RUNWAY,BELLY_LANDING,MOUNTAIN,65331.84,True,FAILED,NOT_EVALUATED,Conventional,,,NOT_EVALUATED,,,,,,,,,,,,,,,,,,,,,,,NOT_EVALUATED,,,,,,,,NOT_EVALUATED,NOT_EVALUATED,NOT_EVALUATED,NOT_EVALUATED,AVIONICS_SIZING,DATABASE_LIMITATION,COMPONENT_DATABASE_LIMITATION: Required communication range (112.10 km) exceeds the maximum range available in the telemetry catalog (80.00 km).,"Status: COMPONENT_DATABASE_LIMITATION, Warnings: 0, Iterations: 0",3.89,0,False
2088,AGRICULTURE,2.94,108.0,127.5,65.6,HAND_LAUNCH,BELLY_LANDING,RURAL,50962.14,True,FAILED,NOT_EVALUATED,Conventional,,,NOT_EVALUATED,,,,,,,,,,,,,,,,,,,,,,,NOT_EVALUATED,,,,,,,,NOT_EVALUATED,NOT_EVALUATED,NOT_EVALUATED,NOT_EVALUATED,AVIONICS_SIZING,DATABASE_LIMITATION,COMPONENT_DATABASE_LIMITATION: Required communication range (108.00 km) exceeds the maximum range available in the telemetry catalog (80.00 km).,"Status: COMPONENT_DATABASE_LIMITATION, Warnings: 0, Iterations: 0",3.7,0,False
2091,AGRICULTURE,2.26,109.7,50.0,80.6,HAND_LAUNCH,PARACHUTE,RURAL,65101.67,True,INVALID_INPUT,NOT_EVALUATED,Conventional,,,NOT_EVALUATED,,,,,,,,,,,,,,,,,,,,,,,NOT_EVALUATED,,,,,,,,NOT_EVALUATED,NOT_EVALUATED,NOT_EVALUATED,NOT_EVALUATED,MISSION_TRANSLATION,INVALID_REQUIREMENTS,Mission range (109.7 km) is physically inconsistent with cruise speed (80.6 km/h) and flight time (50.0 min). Max theoretical range is 67.2 km.,"Status: INVALID_REQUIREMENTS, Warnings: 0, Iterations: 0",0.38,0,False
2093,DISASTER_RESPONSE,1.78,106.4,56.4,70.0,RUNWAY,RUNWAY,FOREST,50823.04,True,INVALID_INPUT,NOT_EVALUATED,Conventional,,,NOT_EVALUATED,,,,,,,,,,,,,,,,,,,,,,,NOT_EVALUATED,,,,,,,,NOT_EVALUATED,NOT_EVALUATED,NOT_EVALUATED,NOT_EVALUATED,MISSION_TRANSLATION,INVALID_REQUIREMENTS,Mission range (106.4 km) is physically inconsistent with cruise speed (70.0 km/h) and flight time (56.4 min). Max theoretical range is 65.8 km.,"Status: INVALID_REQUIREMENTS, Warnings: 0, Iterations: 0",0.23,0,False
2094,TRAINING,19.52,79.7,49.1,55.0,RUNWAY,RUNWAY,RURAL,13708.37,True,INVALID_INPUT,NOT_EVALUATED,Conventional,,,NOT_EVALUATED,,,,,,,,,,,,,,,,,,,,,,,NOT_EVALUATED,,,,,,,,NOT_EVALUATED,NOT_EVALUATED,NOT_EVALUATED,NOT_EVALUATED,MISSION_TRANSLATION,INVALID_REQUIREMENTS,Mission range (79.7 km) is physically inconsistent with cruise speed (55.0 km/h) and flight time (49.1 min). Max theoretical range is 45.0 km.,"Status: INVALID_REQUIREMENTS, Warnings: 0, Iterations: 0",0.2,0,False
2101,RESEARCH,2.6,103.8,98.1,57.5,HAND_LAUNCH,BELLY_LANDING,RURAL,40055.67,True,FAILED,NOT_EVALUATED,Conventional,,,NOT_EVALUATED,,,,,,,,,,,,,,,,,,,,,,,NOT_EVALUATED,,,,,,,,NOT_EVALUATED,NOT_EVALUATED,NOT_EVALUATED,NOT_EVALUATED,AVIONICS_SIZING,DATABASE_LIMITATION,COMPONENT_DATABASE_LIMITATION: Required communication range (103.80 km) exceeds the maximum range available in the telemetry catalog (80.00 km).,"Status: COMPONENT_DATABASE_LIMITATION, Warnings: 0, Iterations: 0",6.14,0,False
2106,CUSTOM,12.66,20.1,34.0,50.0,RUNWAY,RUNWAY,RURAL,30129.46,True,FAILED,NOT_EVALUATED,Conventional,,,NOT_EVALUATED,,,,,,,,,,,,,,,,,,,,,,,NOT_EVALUATED,,,,,,,,NOT_EVALUATED,NOT_EVALUATED,NOT_EVALUATED,NOT_EVALUATED,CONVERGENCE,PROPULSION_FAILURE,Subsystem execution failed with exception: PropulsionOptimizer failed: PropulsionOptimizer failed: No feasible design candidates found.; Convergence failed: Subsystem execution failed with exception: PropulsionOptimizer failed: PropulsionOptimizer failed: No feasible design candidates found.,"Status: PROPULSION_INFEASIBLE, Warnings: 0, Iterations: 0",3899.89,0,False
2109,TRAINING,1.79,43.0,116.0,107.1,HAND_LAUNCH,RUNWAY,FOREST,21202.09,True,FAILED,NOT_EVALUATED,Conventional,,,NOT_EVALUATED,,,,,,,,,,,,,,,,,,,,,,,NOT_EVALUATED,,,,,,,,NOT_EVALUATED,NOT_EVALUATED,NOT_EVALUATED,NOT_EVALUATED,CONVERGENCE,PROPULSION_FAILURE,Subsystem execution failed with exception: PropulsionOptimizer failed: PropulsionOptimizer failed: No feasible design candidates found.; Convergence failed: Subsystem execution failed with exception: PropulsionOptimizer failed: PropulsionOptimizer failed: No feasible design candidates found.,"Status: PROPULSION_INFEASIBLE, Warnings: 0, Iterations: 1",8254.14,1,False
2115,MILITARY,4.95,108.6,137.5,77.2,CATAPULT,PARACHUTE,FOREST,76383.06,True,FAILED,NOT_EVALUATED,Conventional,,,NOT_EVALUATED,,,,,,,,,,,,,,,,,,,,,,,NOT_EVALUATED,,,,,,,,NOT_EVALUATED,NOT_EVALUATED,NOT_EVALUATED,NOT_EVALUATED,FUSELAGE_SIZING,SIZING_FAILURE,"Sized fuselage width (0.34 m) exceeds wing root chord (0.31 m), which causes extreme aerodynamic blockage and drag. Select a more slender fuselage profile.","Status: SIZING_INFEASIBLE, Warnings: 0, Iterations: 0",3.54,0,False
2116,CUSTOM,12.97,76.5,59.9,58.4,RUNWAY,RUNWAY,RURAL,47819.54,True,EXCEPTION,NOT_EVALUATED,Conventional,,,NOT_EVALUATED,,,,,,,,,,,,,,,,,,,,,,,NOT_EVALUATED,,,,,,,,NOT_EVALUATED,NOT_EVALUATED,NOT_EVALUATED,NOT_EVALUATED,PERFORMANCE_SIZING,INTERNAL_EXCEPTION,Sized maximum flight range (68.6 km) is below mission range requirement (76.5 km).,"Status: INTERNAL_EXCEPTION, Warnings: 0, Iterations: 0",3.74,0,False
2126,MAPPING,4.35,41.9,126.6,62.3,CATAPULT,NET_RECOVERY,DESERT,65588.43,True,FAILED,NOT_EVALUATED,Conventional,,,NOT_EVALUATED,,,,,,,,,,,,,,,,,,,,,,,NOT_EVALUATED,,,,,,,,NOT_EVALUATED,NOT_EVALUATED,NOT_EVALUATED,NOT_EVALUATED,CONVERGENCE,PROPULSION_FAILURE,Subsystem execution failed with exception: PropulsionOptimizer failed: PropulsionOptimizer failed: No feasible design candidates found.; Convergence failed: Subsystem execution failed with exception: PropulsionOptimizer failed: PropulsionOptimizer failed: No feasible design candidates found.,"Status: PROPULSION_INFEASIBLE, Warnings: 0, Iterations: 0",4053.56,0,False
2127,SURVEY,1.09,54.9,131.0,104.0,HAND_LAUNCH,NET_RECOVERY,DESERT,43352.9,True,FAILED,NOT_EVALUATED,Conventional,,,NOT_EVALUATED,,,,,,,,,,,,,,,,,,,,,,,NOT_EVALUATED,,,,,,,,NOT_EVALUATED,NOT_EVALUATED,NOT_EVALUATED,NOT_EVALUATED,VERIFICATION,VERIFICATION_FAILURE,Aircraft design failed verification compliance checks.; Aircraft design failed verification compliance checks.,"Status: VERIFICATION_FAILED, Warnings: 0, Iterations: 5",20966.52,5,True
2146,SECURITY,3.63,32.6,96.7,67.3,CATAPULT,RUNWAY,DESERT,7611.29,True,FAILED,NOT_EVALUATED,Conventional,,,NOT_EVALUATED,,,,,,,,,,,,,,,,,,,,,,,NOT_EVALUATED,,,,,,,,NOT_EVALUATED,NOT_EVALUATED,NOT_EVALUATED,NOT_EVALUATED,FUSELAGE_SIZING,SIZING_FAILURE,"Sized fuselage width (0.30 m) exceeds wing root chord (0.26 m), which causes extreme aerodynamic blockage and drag. Select a more slender fuselage profile.","Status: SIZING_INFEASIBLE, Warnings: 0, Iterations: 0",3.49,0,False
2153,TRAINING,3.48,68.7,82.5,94.4,CATAPULT,NET_RECOVERY,RURAL,26982.77,True,FAILED,NOT_EVALUATED,Conventional,,,NOT_EVALUATED,,,,,,,,,,,,,,,,,,,,,,,NOT_EVALUATED,,,,,,,,NOT_EVALUATED,NOT_EVALUATED,NOT_EVALUATED,NOT_EVALUATED,CONVERGENCE,PROPULSION_FAILURE,Subsystem execution failed with exception: PropulsionOptimizer failed: PropulsionOptimizer failed: No feasible design candidates found.; Convergence failed: Subsystem execution failed with exception: PropulsionOptimizer failed: PropulsionOptimizer failed: No feasible design candidates found.,"Status: PROPULSION_INFEASIBLE, Warnings: 0, Iterations: 0",4085.71,0,False
2155,MAPPING,24.7,46.4,44.6,56.7,RUNWAY,RUNWAY,RURAL,38876.41,True,EXCEPTION,NOT_EVALUATED,Conventional,,,NOT_EVALUATED,,,,,,,,,,,,,,,,,,,,,,,NOT_EVALUATED,,,,,,,,NOT_EVALUATED,NOT_EVALUATED,NOT_EVALUATED,NOT_EVALUATED,PROPULSION_SIZING,INTERNAL_EXCEPTION,PROPULSION_POWER_LIMIT: Sized power target of 6837.9 W exceeds maximum catalog motor power limit of 3400.0 W.,"Status: INTERNAL_EXCEPTION, Warnings: 0, Iterations: 0",8.3,0,False
2162,DELIVERY,4.8,62.9,109.4,60.1,RUNWAY,PARACHUTE,RURAL,55554.11,True,FAILED,NOT_EVALUATED,Conventional,,,NOT_EVALUATED,,,,,,,,,,,,,,,,,,,,,,,NOT_EVALUATED,,,,,,,,NOT_EVALUATED,NOT_EVALUATED,NOT_EVALUATED,NOT_EVALUATED,CONVERGENCE,PROPULSION_FAILURE,Subsystem execution failed with exception: PropulsionOptimizer failed: PropulsionOptimizer failed: No feasible design candidates found.; Convergence failed: Subsystem execution failed with exception: PropulsionOptimizer failed: PropulsionOptimizer failed: No feasible design candidates found.,"Status: PROPULSION_INFEASIBLE, Warnings: 0, Iterations: 0",4045.8,0,False
2164,SECURITY,1.53,26.0,120.6,107.1,HAND_LAUNCH,NET_RECOVERY,DESERT,20792.06,True,FAILED,NOT_EVALUATED,Conventional,,,NOT_EVALUATED,,,,,,,,,,,,,,,,,,,,,,,NOT_EVALUATED,,,,,,,,NOT_EVALUATED,NOT_EVALUATED,NOT_EVALUATED,NOT_EVALUATED,FUSELAGE_SIZING,SIZING_FAILURE,"Sized fuselage width (0.19 m) exceeds wing root chord (0.17 m), which causes extreme aerodynamic blockage and drag. Select a more slender fuselage profile.","Status: SIZING_INFEASIBLE, Warnings: 0, Iterations: 0",6.12,0,False
2165,TRAINING,2.51,35.5,126.0,107.2,CATAPULT,PARACHUTE,FOREST,69075.76,True,FAILED,NOT_EVALUATED,Conventional,,,NOT_EVALUATED,,,,,,,,,,,,,,,,,,,,,,,NOT_EVALUATED,,,,,,,,NOT_EVALUATED,NOT_EVALUATED,NOT_EVALUATED,NOT_EVALUATED,CONVERGENCE,PROPULSION_FAILURE,Subsystem execution failed with exception: PropulsionOptimizer failed: PropulsionOptimizer failed: No feasible design candidates found.; Convergence failed: Subsystem execution failed with exception: PropulsionOptimizer failed: PropulsionOptimizer failed: No feasible design candidates found.,"Status: PROPULSION_INFEASIBLE, Warnings: 0, Iterations: 0",3871.72,0,False
2167,MILITARY,3.77,87.5,106.3,70.4,CATAPULT,BELLY_LANDING,FOREST,3122.5,True,FAILED,NOT_EVALUATED,Conventional,,,NOT_EVALUATED,,,,,,,,,,,,,,,,,,,,,,,NOT_EVALUATED,,,,,,,,NOT_EVALUATED,NOT_EVALUATED,NOT_EVALUATED,NOT_EVALUATED,FUSELAGE_SIZING,SIZING_FAILURE,"Sized fuselage width (0.30 m) exceeds wing root chord (0.27 m), which causes extreme aerodynamic blockage and drag. Select a more slender fuselage profile.","Status: SIZING_INFEASIBLE, Warnings: 0, Iterations: 0",4.1,0,False
2176,SURVEY,15.12,12.9,22.9,40.1,RUNWAY,RUNWAY,DESERT,69506.98,True,INVALID_INPUT,NOT_EVALUATED,Conventional,,,NOT_EVALUATED,,,,,,,,,,,,,,,,,,,,,,,NOT_EVALUATED,,,,,,,,NOT_EVALUATED,NOT_EVALUATED,NOT_EVALUATED,NOT_EVALUATED,MISSION_TRANSLATION,INVALID_REQUIREMENTS,Stall speed target (45.0 km/h) must be less than cruise speed (40.1 km/h),"Status: INVALID_REQUIREMENTS, Warnings: 0, Iterations: 0",0.25,0,False
2178,DISASTER_RESPONSE,14.93,11.8,86.7,65.9,RUNWAY,RUNWAY,MOUNTAIN,12352.7,True,FAILED,NOT_EVALUATED,Conventional,,,NOT_EVALUATED,,,,,,,,,,,,,,,,,,,,,,,NOT_EVALUATED,,,,,,,,NOT_EVALUATED,NOT_EVALUATED,NOT_EVALUATED,NOT_EVALUATED,CONVERGENCE,PROPULSION_FAILURE,Subsystem execution failed with exception: PropulsionOptimizer failed: PropulsionOptimizer failed: No feasible design candidates found.; Convergence failed: Subsystem execution failed with exception: PropulsionOptimizer failed: PropulsionOptimizer failed: No feasible design candidates found.,"Status: PROPULSION_INFEASIBLE, Warnings: 0, Iterations: 0",4061.03,0,False
2183,TRAINING,1.86,47.8,76.8,89.9,HAND_LAUNCH,BELLY_LANDING,RURAL,7498.32,True,EXCEPTION,NOT_EVALUATED,Conventional,,,NOT_EVALUATED,,,,,,,,,,,,,,,,,,,,,,,NOT_EVALUATED,,,,,,,,NOT_EVALUATED,NOT_EVALUATED,NOT_EVALUATED,NOT_EVALUATED,CONVERGENCE,INTERNAL_EXCEPTION,Design compliance score (76.0%) is below the minimum required safety compliance boundary (85.0%).,"Status: INTERNAL_EXCEPTION, Warnings: 0, Iterations: 5",20576.85,5,False
2185,AGRICULTURE,3.72,46.3,131.5,70.4,HAND_LAUNCH,RUNWAY,FOREST,49654.06,True,FAILED,NOT_EVALUATED,Conventional,,,NOT_EVALUATED,,,,,,,,,,,,,,,,,,,,,,,NOT_EVALUATED,,,,,,,,NOT_EVALUATED,NOT_EVALUATED,NOT_EVALUATED,NOT_EVALUATED,CONVERGENCE,PROPULSION_FAILURE,Subsystem execution failed with exception: PropulsionOptimizer failed: PropulsionOptimizer failed: No feasible design candidates found.; Convergence failed: Subsystem execution failed with exception: PropulsionOptimizer failed: PropulsionOptimizer failed: No feasible design candidates found.,"Status: PROPULSION_INFEASIBLE, Warnings: 0, Iterations: 0",3851.34,0,False
2188,SURVEY,3.31,119.1,85.9,56.0,HAND_LAUNCH,BELLY_LANDING,DESERT,75244.67,True,FAILED,NOT_EVALUATED,Conventional,,,NOT_EVALUATED,,,,,,,,,,,,,,,,,,,,,,,NOT_EVALUATED,,,,,,,,NOT_EVALUATED,NOT_EVALUATED,NOT_EVALUATED,NOT_EVALUATED,AVIONICS_SIZING,DATABASE_LIMITATION,COMPONENT_DATABASE_LIMITATION: Required communication range (119.10 km) exceeds the maximum range available in the telemetry catalog (80.00 km).,"Status: COMPONENT_DATABASE_LIMITATION, Warnings: 0, Iterations: 0",3.11,0,False
2193,AGRICULTURE,4.47,96.5,100.8,82.2,HAND_LAUNCH,BELLY_LANDING,DESERT,6378.81,True,FAILED,NOT_EVALUATED,Conventional,,,NOT_EVALUATED,,,,,,,,,,,,,,,,,,,,,,,NOT_EVALUATED,,,,,,,,NOT_EVALUATED,NOT_EVALUATED,NOT_EVALUATED,NOT_EVALUATED,AVIONICS_SIZING,DATABASE_LIMITATION,COMPONENT_DATABASE_LIMITATION: Required communication range (96.50 km) exceeds the maximum range available in the telemetry catalog (80.00 km).,"Status: COMPONENT_DATABASE_LIMITATION, Warnings: 0, Iterations: 0",4.26,0,False
2199,DELIVERY,2.73,37.9,115.9,101.7,HAND_LAUNCH,PARACHUTE,FOREST,30348.39,True,FAILED,NOT_EVALUATED,Conventional,,,NOT_EVALUATED,,,,,,,,,,,,,,,,,,,,,,,NOT_EVALUATED,,,,,,,,NOT_EVALUATED,NOT_EVALUATED,NOT_EVALUATED,NOT_EVALUATED,CONVERGENCE,PROPULSION_FAILURE,Subsystem execution failed with exception: PropulsionOptimizer failed: PropulsionOptimizer failed: No feasible design candidates found.; Convergence failed: Subsystem execution failed with exception: PropulsionOptimizer failed: PropulsionOptimizer failed: No feasible design candidates found.,"Status: PROPULSION_INFEASIBLE, Warnings: 0, Iterations: 0",3980.1,0,False
2200,TRAINING,1.33,93.5,104.3,89.1,HAND_LAUNCH,BELLY_LANDING,MOUNTAIN,43201.01,True,FAILED,NOT_EVALUATED,Conventional,,,NOT_EVALUATED,,,,,,,,,,,,,,,,,,,,,,,NOT_EVALUATED,,,,,,,,NOT_EVALUATED,NOT_EVALUATED,NOT_EVALUATED,NOT_EVALUATED,AVIONICS_SIZING,DATABASE_LIMITATION,COMPONENT_DATABASE_LIMITATION: Required communication range (93.50 km) exceeds the maximum range available in the telemetry catalog (80.00 km).,"Status: COMPONENT_DATABASE_LIMITATION, Warnings: 0, Iterations: 0",4.16,0,False
2201,CUSTOM,16.61,56.6,26.1,66.8,RUNWAY,RUNWAY,MOUNTAIN,58414.83,True,INVALID_INPUT,NOT_EVALUATED,Conventional,,,NOT_EVALUATED,,,,,,,,,,,,,,,,,,,,,,,NOT_EVALUATED,,,,,,,,NOT_EVALUATED,NOT_EVALUATED,NOT_EVALUATED,NOT_EVALUATED,MISSION_TRANSLATION,INVALID_REQUIREMENTS,Mission range (56.6 km) is physically inconsistent with cruise speed (66.8 km/h) and flight time (26.1 min). Max theoretical range is 29.1 km.,"Status: INVALID_REQUIREMENTS, Warnings: 0, Iterations: 0",0.39,0,False
2205,DISASTER_RESPONSE,4.86,55.4,67.7,88.2,RUNWAY,BELLY_LANDING,FOREST,69442.64,True,EXCEPTION,NOT_EVALUATED,Conventional,,,NOT_EVALUATED,,,,,,,,,,,,,,,,,,,,,,,NOT_EVALUATED,,,,,,,,NOT_EVALUATED,NOT_EVALUATED,NOT_EVALUATED,NOT_EVALUATED,CONVERGENCE,INTERNAL_EXCEPTION,Design compliance score (76.0%) is below the minimum required safety compliance boundary (85.0%).,"Status: INTERNAL_EXCEPTION, Warnings: 0, Iterations: 6",24988.95,6,False
2207,SECURITY,4.45,26.4,147.3,66.5,CATAPULT,RUNWAY,MOUNTAIN,42639.38,True,FAILED,NOT_EVALUATED,Conventional,,,NOT_EVALUATED,,,,,,,,,,,,,,,,,,,,,,,NOT_EVALUATED,,,,,,,,NOT_EVALUATED,NOT_EVALUATED,NOT_EVALUATED,NOT_EVALUATED,FUSELAGE_SIZING,SIZING_FAILURE,"Sized fuselage width (0.33 m) exceeds wing root chord (0.29 m), which causes extreme aerodynamic blockage and drag. Select a more slender fuselage profile.","Status: SIZING_INFEASIBLE, Warnings: 0, Iterations: 0",3.5,0,False
2211,DELIVERY,4.13,40.2,121.5,106.6,RUNWAY,NET_RECOVERY,DESERT,3375.62,True,EXCEPTION,NOT_EVALUATED,Conventional,,,NOT_EVALUATED,,,,,,,,,,,,,,,,,,,,,,,NOT_EVALUATED,,,,,,,,NOT_EVALUATED,NOT_EVALUATED,NOT_EVALUATED,NOT_EVALUATED,PERFORMANCE_SIZING,INTERNAL_EXCEPTION,Rate of climb (2.17 m/s) is below the minimum required rate of climb constraint (3.00 m/s).,"Status: INTERNAL_EXCEPTION, Warnings: 0, Iterations: 0",3.54,0,False
2217,RESEARCH,9.65,61.7,89.2,61.6,RUNWAY,RUNWAY,RURAL,52179.99,True,FAILED,NOT_EVALUATED,Conventional,,,NOT_EVALUATED,,,,,,,,,,,,,,,,,,,,,,,NOT_EVALUATED,,,,,,,,NOT_EVALUATED,NOT_EVALUATED,NOT_EVALUATED,NOT_EVALUATED,CONVERGENCE,PROPULSION_FAILURE,Subsystem execution failed with exception: PropulsionOptimizer failed: PropulsionOptimizer failed: No feasible design candidates found.; Convergence failed: Subsystem execution failed with exception: PropulsionOptimizer failed: PropulsionOptimizer failed: No feasible design candidates found.,"Status: PROPULSION_INFEASIBLE, Warnings: 0, Iterations: 0",3952.02,0,False
2224,RESEARCH,22.73,41.3,21.7,70.5,RUNWAY,RUNWAY,MOUNTAIN,11686.92,True,INVALID_INPUT,NOT_EVALUATED,Conventional,,,NOT_EVALUATED,,,,,,,,,,,,,,,,,,,,,,,NOT_EVALUATED,,,,,,,,NOT_EVALUATED,NOT_EVALUATED,NOT_EVALUATED,NOT_EVALUATED,MISSION_TRANSLATION,INVALID_REQUIREMENTS,Mission range (41.3 km) is physically inconsistent with cruise speed (70.5 km/h) and flight time (21.7 min). Max theoretical range is 25.5 km.,"Status: INVALID_REQUIREMENTS, Warnings: 0, Iterations: 0",0.42,0,False
2225,DISASTER_RESPONSE,1.02,116.9,133.7,79.4,HAND_LAUNCH,RUNWAY,MOUNTAIN,7651.27,True,FAILED,NOT_EVALUATED,Conventional,,,NOT_EVALUATED,,,,,,,,,,,,,,,,,,,,,,,NOT_EVALUATED,,,,,,,,NOT_EVALUATED,NOT_EVALUATED,NOT_EVALUATED,NOT_EVALUATED,AVIONICS_SIZING,DATABASE_LIMITATION,COMPONENT_DATABASE_LIMITATION: Required communication range (116.90 km) exceeds the maximum range available in the telemetry catalog (80.00 km).,"Status: COMPONENT_DATABASE_LIMITATION, Warnings: 0, Iterations: 0",7.72,0,False
2226,RESEARCH,2.57,110.9,76.5,90.0,CATAPULT,NET_RECOVERY,RURAL,41181.88,True,FAILED,NOT_EVALUATED,Conventional,,,NOT_EVALUATED,,,,,,,,,,,,,,,,,,,,,,,NOT_EVALUATED,,,,,,,,NOT_EVALUATED,NOT_EVALUATED,NOT_EVALUATED,NOT_EVALUATED,AVIONICS_SIZING,DATABASE_LIMITATION,COMPONENT_DATABASE_LIMITATION: Required communication range (110.90 km) exceeds the maximum range available in the telemetry catalog (80.00 km).,"Status: COMPONENT_DATABASE_LIMITATION, Warnings: 0, Iterations: 0",3.41,0,False
2230,SECURITY,3.04,112.0,91.0,106.1,HAND_LAUNCH,NET_RECOVERY,MOUNTAIN,36600.71,True,FAILED,NOT_EVALUATED,Conventional,,,NOT_EVALUATED,,,,,,,,,,,,,,,,,,,,,,,NOT_EVALUATED,,,,,,,,NOT_EVALUATED,NOT_EVALUATED,NOT_EVALUATED,NOT_EVALUATED,FUSELAGE_SIZING,SIZING_FAILURE,"Sized fuselage width (0.27 m) exceeds wing root chord (0.24 m), which causes extreme aerodynamic blockage and drag. Select a more slender fuselage profile.","Status: SIZING_INFEASIBLE, Warnings: 0, Iterations: 0",4.12,0,False
2232,MILITARY,1.08,34.5,113.4,82.0,CATAPULT,PARACHUTE,DESERT,66165.11,True,FAILED,NOT_EVALUATED,Conventional,,,NOT_EVALUATED,,,,,,,,,,,,,,,,,,,,,,,NOT_EVALUATED,,,,,,,,NOT_EVALUATED,NOT_EVALUATED,NOT_EVALUATED,NOT_EVALUATED,FUSELAGE_SIZING,SIZING_FAILURE,"Sized fuselage width (0.16 m) exceeds wing root chord (0.14 m), which causes extreme aerodynamic blockage and drag. Select a more slender fuselage profile.","Status: SIZING_INFEASIBLE, Warnings: 0, Iterations: 0",4.15,0,False
2238,DELIVERY,2.66,62.6,65.8,51.7,HAND_LAUNCH,BELLY_LANDING,MOUNTAIN,77588.08,True,FAILED,NOT_EVALUATED,Conventional,,,NOT_EVALUATED,,,,,,,,,,,,,,,,,,,,,,,NOT_EVALUATED,,,,,,,,NOT_EVALUATED,NOT_EVALUATED,NOT_EVALUATED,NOT_EVALUATED,PERFORMANCE_SIZING,PERFORMANCE_FAILURE,"Cruise speed (51.7 kmh) is below the minimum safe cruise speed boundary (59.0 kmh, representing a 35.0% safety margin above clean stall).","Status: PERFORMANCE_INFEASIBLE, Warnings: 0, Iterations: 0",3.93,0,False
2250,TRAINING,3.19,73.2,89.5,68.3,HAND_LAUNCH,PARACHUTE,MOUNTAIN,34772.56,True,FAILED,NOT_EVALUATED,Conventional,,,NOT_EVALUATED,,,,,,,,,,,,,,,,,,,,,,,NOT_EVALUATED,,,,,,,,NOT_EVALUATED,NOT_EVALUATED,NOT_EVALUATED,NOT_EVALUATED,CONVERGENCE,PROPULSION_FAILURE,Subsystem execution failed with exception: PropulsionOptimizer failed: PropulsionOptimizer failed: No feasible design candidates found.; Convergence failed: Subsystem execution failed with exception: PropulsionOptimizer failed: PropulsionOptimizer failed: No feasible design candidates found.,"Status: PROPULSION_INFEASIBLE, Warnings: 0, Iterations: 0",3772.72,0,False
2254,CUSTOM,1.93,112.6,131.1,89.1,CATAPULT,PARACHUTE,RURAL,36316.9,True,FAILED,NOT_EVALUATED,Conventional,,,NOT_EVALUATED,,,,,,,,,,,,,,,,,,,,,,,NOT_EVALUATED,,,,,,,,NOT_EVALUATED,NOT_EVALUATED,NOT_EVALUATED,NOT_EVALUATED,AVIONICS_SIZING,DATABASE_LIMITATION,COMPONENT_DATABASE_LIMITATION: Required communication range (112.60 km) exceeds the maximum range available in the telemetry catalog (80.00 km).,"Status: COMPONENT_DATABASE_LIMITATION, Warnings: 0, Iterations: 0",3.59,0,False
2256,CUSTOM,3.1,101.2,138.2,50.4,RUNWAY,RUNWAY,FOREST,5052.69,True,FAILED,NOT_EVALUATED,Conventional,,,NOT_EVALUATED,,,,,,,,,,,,,,,,,,,,,,,NOT_EVALUATED,,,,,,,,NOT_EVALUATED,NOT_EVALUATED,NOT_EVALUATED,NOT_EVALUATED,AVIONICS_SIZING,DATABASE_LIMITATION,COMPONENT_DATABASE_LIMITATION: Required communication range (101.20 km) exceeds the maximum range available in the telemetry catalog (80.00 km).,"Status: COMPONENT_DATABASE_LIMITATION, Warnings: 0, Iterations: 0",2.85,0,False
2261,TRAINING,1.68,68.4,111.3,51.2,CATAPULT,BELLY_LANDING,RURAL,68057.16,True,FAILED,NOT_EVALUATED,Conventional,,,NOT_EVALUATED,,,,,,,,,,,,,,,,,,,,,,,NOT_EVALUATED,,,,,,,,NOT_EVALUATED,NOT_EVALUATED,NOT_EVALUATED,NOT_EVALUATED,PERFORMANCE_SIZING,PERFORMANCE_FAILURE,"Cruise speed (51.2 kmh) is below the minimum safe cruise speed boundary (62.8 kmh, representing a 20.0% safety margin above clean stall).","Status: PERFORMANCE_INFEASIBLE, Warnings: 0, Iterations: 0",14.38,0,False
2264,DELIVERY,4.77,41.7,106.6,63.6,HAND_LAUNCH,NET_RECOVERY,DESERT,48232.77,True,FAILED,NOT_EVALUATED,Conventional,,,NOT_EVALUATED,,,,,,,,,,,,,,,,,,,,,,,NOT_EVALUATED,,,,,,,,NOT_EVALUATED,NOT_EVALUATED,NOT_EVALUATED,NOT_EVALUATED,CONVERGENCE,PROPULSION_FAILURE,Subsystem execution failed with exception: PropulsionOptimizer failed: PropulsionOptimizer failed: No feasible design candidates found.; Convergence failed: Subsystem execution failed with exception: PropulsionOptimizer failed: PropulsionOptimizer failed: No feasible design candidates found.,"Status: PROPULSION_INFEASIBLE, Warnings: 0, Iterations: 0",3886.09,0,False
2265,MILITARY,3.94,80.9,145.2,95.1,HAND_LAUNCH,BELLY_LANDING,DESERT,72030.11,True,FAILED,NOT_EVALUATED,Conventional,,,NOT_EVALUATED,,,,,,,,,,,,,,,,,,,,,,,NOT_EVALUATED,,,,,,,,NOT_EVALUATED,NOT_EVALUATED,NOT_EVALUATED,NOT_EVALUATED,FUSELAGE_SIZING,SIZING_FAILURE,"Sized fuselage width (0.31 m) exceeds wing root chord (0.27 m), which causes extreme aerodynamic blockage and drag. Select a more slender fuselage profile.","Status: SIZING_INFEASIBLE, Warnings: 0, Iterations: 0",3.38,0,False
2277,AGRICULTURE,2.47,112.2,146.4,60.9,CATAPULT,BELLY_LANDING,FOREST,27105.21,True,FAILED,NOT_EVALUATED,Conventional,,,NOT_EVALUATED,,,,,,,,,,,,,,,,,,,,,,,NOT_EVALUATED,,,,,,,,NOT_EVALUATED,NOT_EVALUATED,NOT_EVALUATED,NOT_EVALUATED,AVIONICS_SIZING,DATABASE_LIMITATION,COMPONENT_DATABASE_LIMITATION: Required communication range (112.20 km) exceeds the maximum range available in the telemetry catalog (80.00 km).,"Status: COMPONENT_DATABASE_LIMITATION, Warnings: 0, Iterations: 0",3.17,0,False
2278,MAPPING,14.9,46.0,32.9,43.4,RUNWAY,RUNWAY,RURAL,9241.16,True,INVALID_INPUT,NOT_EVALUATED,Conventional,,,NOT_EVALUATED,,,,,,,,,,,,,,,,,,,,,,,NOT_EVALUATED,,,,,,,,NOT_EVALUATED,NOT_EVALUATED,NOT_EVALUATED,NOT_EVALUATED,MISSION_TRANSLATION,INVALID_REQUIREMENTS,Stall speed target (45.0 km/h) must be less than cruise speed (43.4 km/h); Mission range (46.0 km) is physically inconsistent with cruise speed (43.4 km/h) and flight time (32.9 min). Max theoretical range is 23.8 km.,"Status: INVALID_REQUIREMENTS, Warnings: 0, Iterations: 0",0.27,0,False
2289,SECURITY,4.24,116.4,148.9,102.9,CATAPULT,RUNWAY,RURAL,12193.65,True,FAILED,NOT_EVALUATED,Conventional,,,NOT_EVALUATED,,,,,,,,,,,,,,,,,,,,,,,NOT_EVALUATED,,,,,,,,NOT_EVALUATED,NOT_EVALUATED,NOT_EVALUATED,NOT_EVALUATED,FUSELAGE_SIZING,SIZING_FAILURE,"Sized fuselage width (0.32 m) exceeds wing root chord (0.28 m), which causes extreme aerodynamic blockage and drag. Select a more slender fuselage profile.","Status: SIZING_INFEASIBLE, Warnings: 0, Iterations: 0",3.26,0,False
2294,AGRICULTURE,1.63,77.6,81.5,105.4,CATAPULT,RUNWAY,FOREST,46089.8,True,FAILED,NOT_EVALUATED,Conventional,,,NOT_EVALUATED,,,,,,,,,,,,,,,,,,,,,,,NOT_EVALUATED,,,,,,,,NOT_EVALUATED,NOT_EVALUATED,NOT_EVALUATED,NOT_EVALUATED,CONVERGENCE,PROPULSION_FAILURE,Subsystem execution failed with exception: PropulsionOptimizer failed: PropulsionOptimizer failed: No feasible design candidates found.; Convergence failed: Subsystem execution failed with exception: PropulsionOptimizer failed: PropulsionOptimizer failed: No feasible design candidates found.,"Status: PROPULSION_INFEASIBLE, Warnings: 0, Iterations: 2",12157.64,2,False
2295,CUSTOM,2.03,119.6,127.9,75.4,RUNWAY,RUNWAY,FOREST,16857.51,True,FAILED,NOT_EVALUATED,Conventional,,,NOT_EVALUATED,,,,,,,,,,,,,,,,,,,,,,,NOT_EVALUATED,,,,,,,,NOT_EVALUATED,NOT_EVALUATED,NOT_EVALUATED,NOT_EVALUATED,AVIONICS_SIZING,DATABASE_LIMITATION,COMPONENT_DATABASE_LIMITATION: Required communication range (119.60 km) exceeds the maximum range available in the telemetry catalog (80.00 km).,"Status: COMPONENT_DATABASE_LIMITATION, Warnings: 0, Iterations: 0",4.0,0,False
2299,CUSTOM,20.85,15.5,30.9,57.9,RUNWAY,RUNWAY,DESERT,16726.76,True,EXCEPTION,NOT_EVALUATED,Conventional,,,NOT_EVALUATED,,,,,,,,,,,,,,,,,,,,,,,NOT_EVALUATED,,,,,,,,NOT_EVALUATED,NOT_EVALUATED,NOT_EVALUATED,NOT_EVALUATED,PROPULSION_SIZING,INTERNAL_EXCEPTION,PROPULSION_POWER_LIMIT: Sized power target of 5772.2 W exceeds maximum catalog motor power limit of 3400.0 W.,"Status: INTERNAL_EXCEPTION, Warnings: 0, Iterations: 0",14.64,0,False
2300,SECURITY,3.5,74.8,69.5,67.8,CATAPULT,BELLY_LANDING,FOREST,20801.27,True,FAILED,NOT_EVALUATED,Conventional,,,NOT_EVALUATED,,,,,,,,,,,,,,,,,,,,,,,NOT_EVALUATED,,,,,,,,NOT_EVALUATED,NOT_EVALUATED,NOT_EVALUATED,NOT_EVALUATED,FUSELAGE_SIZING,SIZING_FAILURE,"Sized fuselage width (0.29 m) exceeds wing root chord (0.26 m), which causes extreme aerodynamic blockage and drag. Select a more slender fuselage profile.","Status: SIZING_INFEASIBLE, Warnings: 0, Iterations: 0",3.53,0,False
2303,DISASTER_RESPONSE,2.82,39.2,144.9,83.4,CATAPULT,BELLY_LANDING,RURAL,21739.05,True,FAILED,NOT_EVALUATED,Conventional,,,NOT_EVALUATED,,,,,,,,,,,,,,,,,,,,,,,NOT_EVALUATED,,,,,,,,NOT_EVALUATED,NOT_EVALUATED,NOT_EVALUATED,NOT_EVALUATED,CONVERGENCE,PROPULSION_FAILURE,Subsystem execution failed with exception: PropulsionOptimizer failed: PropulsionOptimizer failed: No feasible design candidates found.; Convergence failed: Subsystem execution failed with exception: PropulsionOptimizer failed: PropulsionOptimizer failed: No feasible design candidates found.,"Status: PROPULSION_INFEASIBLE, Warnings: 0, Iterations: 0",3766.98,0,False
2308,DELIVERY,3.47,70.0,134.7,103.8,CATAPULT,RUNWAY,DESERT,66700.18,True,FAILED,NOT_EVALUATED,Conventional,,,NOT_EVALUATED,,,,,,,,,,,,,,,,,,,,,,,NOT_EVALUATED,,,,,,,,NOT_EVALUATED,NOT_EVALUATED,NOT_EVALUATED,NOT_EVALUATED,CONVERGENCE,PROPULSION_FAILURE,Subsystem execution failed with exception: PropulsionOptimizer failed: PropulsionOptimizer failed: No feasible design candidates found.; Convergence failed: Subsystem execution failed with exception: PropulsionOptimizer failed: PropulsionOptimizer failed: No feasible design candidates found.,"Status: PROPULSION_INFEASIBLE, Warnings: 0, Iterations: 0",3960.43,0,False
2319,CUSTOM,4.06,79.4,96.8,74.7,HAND_LAUNCH,NET_RECOVERY,MOUNTAIN,50793.09,True,FAILED,NOT_EVALUATED,Conventional,,,NOT_EVALUATED,,,,,,,,,,,,,,,,,,,,,,,NOT_EVALUATED,,,,,,,,NOT_EVALUATED,NOT_EVALUATED,NOT_EVALUATED,NOT_EVALUATED,CONVERGENCE,PROPULSION_FAILURE,Subsystem execution failed with exception: PropulsionOptimizer failed: PropulsionOptimizer failed: No feasible design candidates found.; Convergence failed: Subsystem execution failed with exception: PropulsionOptimizer failed: PropulsionOptimizer failed: No feasible design candidates found.,"Status: PROPULSION_INFEASIBLE, Warnings: 0, Iterations: 0",3965.9,0,False
2325,DISASTER_RESPONSE,12.09,22.6,56.3,82.3,RUNWAY,RUNWAY,DESERT,11301.28,True,FAILED,NOT_EVALUATED,Conventional,,,NOT_EVALUATED,,,,,,,,,,,,,,,,,,,,,,,NOT_EVALUATED,,,,,,,,NOT_EVALUATED,NOT_EVALUATED,NOT_EVALUATED,NOT_EVALUATED,CONVERGENCE,PROPULSION_FAILURE,Subsystem execution failed with exception: PropulsionOptimizer failed: PropulsionOptimizer failed: No feasible design candidates found.; Convergence failed: Subsystem execution failed with exception: PropulsionOptimizer failed: PropulsionOptimizer failed: No feasible design candidates found.,"Status: PROPULSION_INFEASIBLE, Warnings: 0, Iterations: 0",4246.45,0,False
2328,DISASTER_RESPONSE,24.59,63.4,83.1,81.3,RUNWAY,RUNWAY,MOUNTAIN,74459.04,True,EXCEPTION,NOT_EVALUATED,Conventional,,,NOT_EVALUATED,,,,,,,,,,,,,,,,,,,,,,,NOT_EVALUATED,,,,,,,,NOT_EVALUATED,NOT_EVALUATED,NOT_EVALUATED,NOT_EVALUATED,PROPULSION_SIZING,INTERNAL_EXCEPTION,PROPULSION_POWER_LIMIT: Sized power target of 6807.5 W exceeds maximum catalog motor power limit of 3400.0 W.,"Status: INTERNAL_EXCEPTION, Warnings: 0, Iterations: 0",2.96,0,False
2332,AGRICULTURE,2.31,97.7,50.0,85.4,RUNWAY,BELLY_LANDING,FOREST,55949.51,True,FAILED,NOT_EVALUATED,Conventional,,,NOT_EVALUATED,,,,,,,,,,,,,,,,,,,,,,,NOT_EVALUATED,,,,,,,,NOT_EVALUATED,NOT_EVALUATED,NOT_EVALUATED,NOT_EVALUATED,AVIONICS_SIZING,DATABASE_LIMITATION,COMPONENT_DATABASE_LIMITATION: Required communication range (97.70 km) exceeds the maximum range available in the telemetry catalog (80.00 km).,"Status: COMPONENT_DATABASE_LIMITATION, Warnings: 0, Iterations: 0",3.11,0,False
2335,MAPPING,1.03,77.5,49.6,53.6,CATAPULT,PARACHUTE,MOUNTAIN,13460.57,True,INVALID_INPUT,NOT_EVALUATED,Conventional,,,NOT_EVALUATED,,,,,,,,,,,,,,,,,,,,,,,NOT_EVALUATED,,,,,,,,NOT_EVALUATED,NOT_EVALUATED,NOT_EVALUATED,NOT_EVALUATED,MISSION_TRANSLATION,INVALID_REQUIREMENTS,Mission range (77.5 km) is physically inconsistent with cruise speed (53.6 km/h) and flight time (49.6 min). Max theoretical range is 44.3 km.,"Status: INVALID_REQUIREMENTS, Warnings: 0, Iterations: 0",0.3,0,False
2353,TRAINING,2.08,85.9,46.6,81.7,HAND_LAUNCH,PARACHUTE,RURAL,24013.27,True,FAILED,NOT_EVALUATED,Conventional,,,NOT_EVALUATED,,,,,,,,,,,,,,,,,,,,,,,NOT_EVALUATED,,,,,,,,NOT_EVALUATED,NOT_EVALUATED,NOT_EVALUATED,NOT_EVALUATED,AVIONICS_SIZING,DATABASE_LIMITATION,COMPONENT_DATABASE_LIMITATION: Required communication range (85.90 km) exceeds the maximum range available in the telemetry catalog (80.00 km).,"Status: COMPONENT_DATABASE_LIMITATION, Warnings: 0, Iterations: 0",2.86,0,False
2354,TRAINING,23.33,55.4,23.0,50.9,RUNWAY,RUNWAY,MOUNTAIN,40172.27,True,INVALID_INPUT,NOT_EVALUATED,Conventional,,,NOT_EVALUATED,,,,,,,,,,,,,,,,,,,,,,,NOT_EVALUATED,,,,,,,,NOT_EVALUATED,NOT_EVALUATED,NOT_EVALUATED,NOT_EVALUATED,MISSION_TRANSLATION,INVALID_REQUIREMENTS,Mission range (55.4 km) is physically inconsistent with cruise speed (50.9 km/h) and flight time (23.0 min). Max theoretical range is 19.5 km.,"Status: INVALID_REQUIREMENTS, Warnings: 0, Iterations: 0",0.21,0,False
2358,MAPPING,22.9,32.6,70.3,50.2,RUNWAY,RUNWAY,RURAL,9418.78,True,EXCEPTION,NOT_EVALUATED,Conventional,,,NOT_EVALUATED,,,,,,,,,,,,,,,,,,,,,,,NOT_EVALUATED,,,,,,,,NOT_EVALUATED,NOT_EVALUATED,NOT_EVALUATED,NOT_EVALUATED,PROPULSION_SIZING,INTERNAL_EXCEPTION,PROPULSION_POWER_LIMIT: Sized power target of 6339.7 W exceeds maximum catalog motor power limit of 3400.0 W.,"Status: INTERNAL_EXCEPTION, Warnings: 0, Iterations: 0",2.65,0,False
2367,SURVEY,3.2,98.6,93.8,103.2,HAND_LAUNCH,RUNWAY,DESERT,65805.18,True,FAILED,NOT_EVALUATED,Conventional,,,NOT_EVALUATED,,,,,,,,,,,,,,,,,,,,,,,NOT_EVALUATED,,,,,,,,NOT_EVALUATED,NOT_EVALUATED,NOT_EVALUATED,NOT_EVALUATED,AVIONICS_SIZING,DATABASE_LIMITATION,COMPONENT_DATABASE_LIMITATION: Required communication range (98.60 km) exceeds the maximum range available in the telemetry catalog (80.00 km).,"Status: COMPONENT_DATABASE_LIMITATION, Warnings: 0, Iterations: 0",3.12,0,False
2369,AGRICULTURE,1.99,46.4,125.3,96.9,HAND_LAUNCH,RUNWAY,MOUNTAIN,27436.99,True,FAILED,NOT_EVALUATED,Conventional,,,NOT_EVALUATED,,,,,,,,,,,,,,,,,,,,,,,NOT_EVALUATED,,,,,,,,NOT_EVALUATED,NOT_EVALUATED,NOT_EVALUATED,NOT_EVALUATED,CONVERGENCE,PROPULSION_FAILURE,Subsystem execution failed with exception: PropulsionOptimizer failed: PropulsionOptimizer failed: No feasible design candidates found.; Convergence failed: Subsystem execution failed with exception: PropulsionOptimizer failed: PropulsionOptimizer failed: No feasible design candidates found.,"Status: PROPULSION_INFEASIBLE, Warnings: 0, Iterations: 1",8196.33,1,False
2372,DELIVERY,2.47,45.0,63.2,76.9,RUNWAY,BELLY_LANDING,RURAL,55008.64,True,FAILED,NOT_EVALUATED,Conventional,,,NOT_EVALUATED,,,,,,,,,,,,,,,,,,,,,,,NOT_EVALUATED,,,,,,,,NOT_EVALUATED,NOT_EVALUATED,NOT_EVALUATED,NOT_EVALUATED,CONVERGENCE,SIZING_FAILURE,Subsystem execution failed with exception: MassPropertiesOptimizer failed: MassPropertiesOptimizer failed: No feasible design candidates found.; Convergence failed: Subsystem execution failed with exception: MassPropertiesOptimizer failed: MassPropertiesOptimizer failed: No feasible design candidates found.,"Status: SIZING_INFEASIBLE, Warnings: 0, Iterations: 0",3897.18,0,False
2373,SECURITY,1.97,90.3,49.0,100.3,RUNWAY,RUNWAY,FOREST,23759.02,True,FAILED,NOT_EVALUATED,Conventional,,,NOT_EVALUATED,,,,,,,,,,,,,,,,,,,,,,,NOT_EVALUATED,,,,,,,,NOT_EVALUATED,NOT_EVALUATED,NOT_EVALUATED,NOT_EVALUATED,FUSELAGE_SIZING,SIZING_FAILURE,"Sized fuselage width (0.22 m) exceeds wing root chord (0.19 m), which causes extreme aerodynamic blockage and drag. Select a more slender fuselage profile.","Status: SIZING_INFEASIBLE, Warnings: 0, Iterations: 0",4.13,0,False
2380,RESEARCH,2.23,46.4,114.6,54.1,CATAPULT,BELLY_LANDING,MOUNTAIN,11564.7,True,FAILED,NOT_EVALUATED,Conventional,,,NOT_EVALUATED,,,,,,,,,,,,,,,,,,,,,,,NOT_EVALUATED,,,,,,,,NOT_EVALUATED,NOT_EVALUATED,NOT_EVALUATED,NOT_EVALUATED,PERFORMANCE_SIZING,PERFORMANCE_FAILURE,"Cruise speed (54.1 kmh) is below the minimum safe cruise speed boundary (70.3 kmh, representing a 30.0% safety margin above clean stall).","Status: PERFORMANCE_INFEASIBLE, Warnings: 0, Iterations: 0",3.6,0,False
2382,MILITARY,11.6,68.6,42.6,62.8,RUNWAY,RUNWAY,DESERT,67743.57,True,INVALID_INPUT,NOT_EVALUATED,Conventional,,,NOT_EVALUATED,,,,,,,,,,,,,,,,,,,,,,,NOT_EVALUATED,,,,,,,,NOT_EVALUATED,NOT_EVALUATED,NOT_EVALUATED,NOT_EVALUATED,MISSION_TRANSLATION,INVALID_REQUIREMENTS,Mission range (68.6 km) is physically inconsistent with cruise speed (62.8 km/h) and flight time (42.6 min). Max theoretical range is 44.6 km.,"Status: INVALID_REQUIREMENTS, Warnings: 0, Iterations: 0",0.44,0,False
2386,DELIVERY,20.25,43.2,42.7,87.6,RUNWAY,RUNWAY,MOUNTAIN,36064.71,True,FAILED,NOT_EVALUATED,Conventional,,,NOT_EVALUATED,,,,,,,,,,,,,,,,,,,,,,,NOT_EVALUATED,,,,,,,,NOT_EVALUATED,NOT_EVALUATED,NOT_EVALUATED,NOT_EVALUATED,PROPULSION_SIZING,PROPULSION_FAILURE,Selected motor maximum power (4101.4 W) is insufficient to sustain the power required during steady rate of climb (4592.4 W).,"Status: PROPULSION_INFEASIBLE, Warnings: 0, Iterations: 0",2.85,0,False
2400,DELIVERY,23.89,68.4,41.4,54.6,RUNWAY,RUNWAY,MOUNTAIN,77497.83,True,INVALID_INPUT,NOT_EVALUATED,Conventional,,,NOT_EVALUATED,,,,,,,,,,,,,,,,,,,,,,,NOT_EVALUATED,,,,,,,,NOT_EVALUATED,NOT_EVALUATED,NOT_EVALUATED,NOT_EVALUATED,MISSION_TRANSLATION,INVALID_REQUIREMENTS,Mission range (68.4 km) is physically inconsistent with cruise speed (54.6 km/h) and flight time (41.4 min). Max theoretical range is 37.7 km.,"Status: INVALID_REQUIREMENTS, Warnings: 0, Iterations: 0",0.26,0,False
2408,SURVEY,4.14,31.3,69.0,53.5,RUNWAY,PARACHUTE,FOREST,67305.99,True,EXCEPTION,NOT_EVALUATED,Conventional,,,NOT_EVALUATED,,,,,,,,,,,,,,,,,,,,,,,NOT_EVALUATED,,,,,,,,NOT_EVALUATED,NOT_EVALUATED,NOT_EVALUATED,NOT_EVALUATED,CONVERGENCE,INTERNAL_EXCEPTION,Design compliance score (76.0%) is below the minimum required safety compliance boundary (85.0%).,"Status: INTERNAL_EXCEPTION, Warnings: 0, Iterations: 5",20394.85,5,False
2411,AGRICULTURE,4.9,112.0,148.4,80.0,HAND_LAUNCH,PARACHUTE,MOUNTAIN,23189.48,True,FAILED,NOT_EVALUATED,Conventional,,,NOT_EVALUATED,,,,,,,,,,,,,,,,,,,,,,,NOT_EVALUATED,,,,,,,,NOT_EVALUATED,NOT_EVALUATED,NOT_EVALUATED,NOT_EVALUATED,AVIONICS_SIZING,DATABASE_LIMITATION,COMPONENT_DATABASE_LIMITATION: Required communication range (112.00 km) exceeds the maximum range available in the telemetry catalog (80.00 km).,"Status: COMPONENT_DATABASE_LIMITATION, Warnings: 0, Iterations: 0",3.46,0,False
2413,TRAINING,4.27,85.9,96.0,57.8,CATAPULT,NET_RECOVERY,MOUNTAIN,65147.17,True,FAILED,NOT_EVALUATED,Conventional,,,NOT_EVALUATED,,,,,,,,,,,,,,,,,,,,,,,NOT_EVALUATED,,,,,,,,NOT_EVALUATED,NOT_EVALUATED,NOT_EVALUATED,NOT_EVALUATED,AVIONICS_SIZING,DATABASE_LIMITATION,COMPONENT_DATABASE_LIMITATION: Required communication range (85.90 km) exceeds the maximum range available in the telemetry catalog (80.00 km).,"Status: COMPONENT_DATABASE_LIMITATION, Warnings: 0, Iterations: 0",3.03,0,False
2434,MAPPING,2.92,37.1,125.8,100.8,CATAPULT,PARACHUTE,MOUNTAIN,12843.79,True,FAILED,NOT_EVALUATED,Conventional,,,NOT_EVALUATED,,,,,,,,,,,,,,,,,,,,,,,NOT_EVALUATED,,,,,,,,NOT_EVALUATED,NOT_EVALUATED,NOT_EVALUATED,NOT_EVALUATED,CONVERGENCE,PROPULSION_FAILURE,Subsystem execution failed with exception: PropulsionOptimizer failed: PropulsionOptimizer failed: No feasible design candidates found.; Convergence failed: Subsystem execution failed with exception: PropulsionOptimizer failed: PropulsionOptimizer failed: No feasible design candidates found.,"Status: PROPULSION_INFEASIBLE, Warnings: 0, Iterations: 0",4000.41,0,False
2436,MAPPING,2.31,84.4,64.4,102.2,RUNWAY,BELLY_LANDING,MOUNTAIN,7600.92,True,FAILED,NOT_EVALUATED,Conventional,,,NOT_EVALUATED,,,,,,,,,,,,,,,,,,,,,,,NOT_EVALUATED,,,,,,,,NOT_EVALUATED,NOT_EVALUATED,NOT_EVALUATED,NOT_EVALUATED,AVIONICS_SIZING,DATABASE_LIMITATION,COMPONENT_DATABASE_LIMITATION: Required communication range (84.40 km) exceeds the maximum range available in the telemetry catalog (80.00 km).,"Status: COMPONENT_DATABASE_LIMITATION, Warnings: 0, Iterations: 0",4.4,0,False
2441,MILITARY,3.54,91.5,98.8,70.9,CATAPULT,RUNWAY,MOUNTAIN,26594.74,True,FAILED,NOT_EVALUATED,Conventional,,,NOT_EVALUATED,,,,,,,,,,,,,,,,,,,,,,,NOT_EVALUATED,,,,,,,,NOT_EVALUATED,NOT_EVALUATED,NOT_EVALUATED,NOT_EVALUATED,FUSELAGE_SIZING,SIZING_FAILURE,"Sized fuselage width (0.29 m) exceeds wing root chord (0.26 m), which causes extreme aerodynamic blockage and drag. Select a more slender fuselage profile.","Status: SIZING_INFEASIBLE, Warnings: 0, Iterations: 0",3.36,0,False
2454,TRAINING,3.86,58.5,111.0,87.1,HAND_LAUNCH,NET_RECOVERY,DESERT,44655.83,True,FAILED,NOT_EVALUATED,Conventional,,,NOT_EVALUATED,,,,,,,,,,,,,,,,,,,,,,,NOT_EVALUATED,,,,,,,,NOT_EVALUATED,NOT_EVALUATED,NOT_EVALUATED,NOT_EVALUATED,CONVERGENCE,PROPULSION_FAILURE,Subsystem execution failed with exception: PropulsionOptimizer failed: PropulsionOptimizer failed: No feasible design candidates found.; Convergence failed: Subsystem execution failed with exception: PropulsionOptimizer failed: PropulsionOptimizer failed: No feasible design candidates found.,"Status: PROPULSION_INFEASIBLE, Warnings: 0, Iterations: 0",4111.27,0,False
2457,SECURITY,3.17,116.2,63.9,76.3,RUNWAY,NET_RECOVERY,RURAL,51776.05,True,FAILED,NOT_EVALUATED,Conventional,,,NOT_EVALUATED,,,,,,,,,,,,,,,,,,,,,,,NOT_EVALUATED,,,,,,,,NOT_EVALUATED,NOT_EVALUATED,NOT_EVALUATED,NOT_EVALUATED,FUSELAGE_SIZING,SIZING_FAILURE,"Sized fuselage width (0.28 m) exceeds wing root chord (0.24 m), which causes extreme aerodynamic blockage and drag. Select a more slender fuselage profile.","Status: SIZING_INFEASIBLE, Warnings: 0, Iterations: 0",3.65,0,False
2459,AGRICULTURE,1.3,37.3,46.4,70.6,CATAPULT,NET_RECOVERY,FOREST,17967.52,True,FAILED,NOT_EVALUATED,Conventional,,,NOT_EVALUATED,,,,,,,,,,,,,,,,,,,,,,,NOT_EVALUATED,,,,,,,,NOT_EVALUATED,NOT_EVALUATED,NOT_EVALUATED,NOT_EVALUATED,CONVERGENCE,SIZING_FAILURE,Subsystem execution failed with exception: FuselageOptimizer failed: FuselageOptimizer failed: No feasible design candidates found.; Convergence failed: Subsystem execution failed with exception: FuselageOptimizer failed: FuselageOptimizer failed: No feasible design candidates found.,"Status: SIZING_INFEASIBLE, Warnings: 0, Iterations: 0",1299.38,0,False
2460,TRAINING,15.5,50.8,78.8,83.4,RUNWAY,RUNWAY,MOUNTAIN,71859.23,True,EXCEPTION,NOT_EVALUATED,Conventional,,,NOT_EVALUATED,,,,,,,,,,,,,,,,,,,,,,,NOT_EVALUATED,,,,,,,,NOT_EVALUATED,NOT_EVALUATED,NOT_EVALUATED,NOT_EVALUATED,PROPULSION_SIZING,INTERNAL_EXCEPTION,PROPULSION_POWER_LIMIT: Sized power target of 4291.0 W exceeds maximum catalog motor power limit of 3400.0 W.,"Status: INTERNAL_EXCEPTION, Warnings: 0, Iterations: 0",3.12,0,False
2466,TRAINING,1.16,93.9,87.7,94.5,CATAPULT,PARACHUTE,RURAL,17574.59,True,FAILED,NOT_EVALUATED,Conventional,,,NOT_EVALUATED,,,,,,,,,,,,,,,,,,,,,,,NOT_EVALUATED,,,,,,,,NOT_EVALUATED,NOT_EVALUATED,NOT_EVALUATED,NOT_EVALUATED,AVIONICS_SIZING,DATABASE_LIMITATION,COMPONENT_DATABASE_LIMITATION: Required communication range (93.90 km) exceeds the maximum range available in the telemetry catalog (80.00 km).,"Status: COMPONENT_DATABASE_LIMITATION, Warnings: 0, Iterations: 0",3.16,0,False
2469,TRAINING,4.06,51.1,125.3,51.1,RUNWAY,RUNWAY,MOUNTAIN,50150.92,True,FAILED,NOT_EVALUATED,Conventional,,,NOT_EVALUATED,,,,,,,,,,,,,,,,,,,,,,,NOT_EVALUATED,,,,,,,,NOT_EVALUATED,NOT_EVALUATED,NOT_EVALUATED,NOT_EVALUATED,PERFORMANCE_SIZING,PERFORMANCE_FAILURE,"Cruise speed (51.1 kmh) is below the minimum safe cruise speed boundary (53.8 kmh, representing a 20.0% safety margin above clean stall).","Status: PERFORMANCE_INFEASIBLE, Warnings: 0, Iterations: 0",3.8,0,False
2471,RESEARCH,8.2,59.9,68.8,63.5,RUNWAY,RUNWAY,DESERT,5893.58,True,FAILED,NOT_EVALUATED,Conventional,,,NOT_EVALUATED,,,,,,,,,,,,,,,,,,,,,,,NOT_EVALUATED,,,,,,,,NOT_EVALUATED,NOT_EVALUATED,NOT_EVALUATED,NOT_EVALUATED,CONVERGENCE,PROPULSION_FAILURE,Subsystem execution failed with exception: PropulsionOptimizer failed: PropulsionOptimizer failed: No feasible design candidates found.; Convergence failed: Subsystem execution failed with exception: PropulsionOptimizer failed: PropulsionOptimizer failed: No feasible design candidates found.,"Status: PROPULSION_INFEASIBLE, Warnings: 0, Iterations: 0",3984.45,0,False
2473,RESEARCH,1.87,29.2,61.2,63.8,HAND_LAUNCH,RUNWAY,RURAL,61069.02,True,FAILED,NOT_EVALUATED,Conventional,,,NOT_EVALUATED,,,,,,,,,,,,,,,,,,,,,,,NOT_EVALUATED,,,,,,,,NOT_EVALUATED,NOT_EVALUATED,NOT_EVALUATED,NOT_EVALUATED,PERFORMANCE_SIZING,PERFORMANCE_FAILURE,"Cruise speed (63.8 kmh) is below the minimum safe cruise speed boundary (70.1 kmh, representing a 30.0% safety margin above clean stall).","Status: PERFORMANCE_INFEASIBLE, Warnings: 0, Iterations: 0",3.69,0,False
2474,MILITARY,4.65,38.8,83.7,51.8,RUNWAY,RUNWAY,FOREST,79627.39,True,FAILED,NOT_EVALUATED,Conventional,,,NOT_EVALUATED,,,,,,,,,,,,,,,,,,,,,,,NOT_EVALUATED,,,,,,,,NOT_EVALUATED,NOT_EVALUATED,NOT_EVALUATED,NOT_EVALUATED,FUSELAGE_SIZING,SIZING_FAILURE,"Sized fuselage width (0.33 m) exceeds wing root chord (0.30 m), which causes extreme aerodynamic blockage and drag. Select a more slender fuselage profile.","Status: SIZING_INFEASIBLE, Warnings: 0, Iterations: 0",3.29,0,False
2476,TRAINING,3.42,82.7,147.3,101.4,RUNWAY,NET_RECOVERY,MOUNTAIN,22682.35,True,FAILED,NOT_EVALUATED,Conventional,,,NOT_EVALUATED,,,,,,,,,,,,,,,,,,,,,,,NOT_EVALUATED,,,,,,,,NOT_EVALUATED,NOT_EVALUATED,NOT_EVALUATED,NOT_EVALUATED,AVIONICS_SIZING,DATABASE_LIMITATION,COMPONENT_DATABASE_LIMITATION: Required communication range (82.70 km) exceeds the maximum range available in the telemetry catalog (80.00 km).,"Status: COMPONENT_DATABASE_LIMITATION, Warnings: 0, Iterations: 0",4.04,0,False
2489,RESEARCH,19.8,73.2,34.1,63.4,RUNWAY,RUNWAY,RURAL,51614.39,True,INVALID_INPUT,NOT_EVALUATED,Conventional,,,NOT_EVALUATED,,,,,,,,,,,,,,,,,,,,,,,NOT_EVALUATED,,,,,,,,NOT_EVALUATED,NOT_EVALUATED,NOT_EVALUATED,NOT_EVALUATED,MISSION_TRANSLATION,INVALID_REQUIREMENTS,Mission range (73.2 km) is physically inconsistent with cruise speed (63.4 km/h) and flight time (34.1 min). Max theoretical range is 36.0 km.,"Status: INVALID_REQUIREMENTS, Warnings: 0, Iterations: 0",0.25,0,False
2491,MILITARY,19.46,63.7,33.3,41.0,RUNWAY,RUNWAY,RURAL,75212.43,True,INVALID_INPUT,NOT_EVALUATED,Conventional,,,NOT_EVALUATED,,,,,,,,,,,,,,,,,,,,,,,NOT_EVALUATED,,,,,,,,NOT_EVALUATED,NOT_EVALUATED,NOT_EVALUATED,NOT_EVALUATED,MISSION_TRANSLATION,INVALID_REQUIREMENTS,Stall speed target (45.0 km/h) must be less than cruise speed (41.0 km/h); Mission range (63.7 km) is physically inconsistent with cruise speed (41.0 km/h) and flight time (33.3 min). Max theoretical range is 22.8 km.,"Status: INVALID_REQUIREMENTS, Warnings: 0, Iterations: 0",0.21,0,False
2492,RESEARCH,1.65,97.9,51.2,91.1,HAND_LAUNCH,NET_RECOVERY,FOREST,76341.35,True,FAILED,NOT_EVALUATED,Conventional,,,NOT_EVALUATED,,,,,,,,,,,,,,,,,,,,,,,NOT_EVALUATED,,,,,,,,NOT_EVALUATED,NOT_EVALUATED,NOT_EVALUATED,NOT_EVALUATED,PROPULSION_SIZING,DATABASE_LIMITATION,"COMPONENT_DATABASE_LIMITATION: Lightest available component of type 'Scientific Instruments' in database weighs 1.80 kg, which exceeds the maximum allowed structural payload limit of 1.73 kg.","Status: COMPONENT_DATABASE_LIMITATION, Warnings: 0, Iterations: 0",2.45,0,False
2494,SECURITY,4.64,55.3,72.1,81.9,RUNWAY,BELLY_LANDING,FOREST,42837.19,True,FAILED,NOT_EVALUATED,Conventional,,,NOT_EVALUATED,,,,,,,,,,,,,,,,,,,,,,,NOT_EVALUATED,,,,,,,,NOT_EVALUATED,NOT_EVALUATED,NOT_EVALUATED,NOT_EVALUATED,FUSELAGE_SIZING,SIZING_FAILURE,"Sized fuselage width (0.33 m) exceeds wing root chord (0.30 m), which causes extreme aerodynamic blockage and drag. Select a more slender fuselage profile.","Status: SIZING_INFEASIBLE, Warnings: 0, Iterations: 0",3.28,0,False
2498,SURVEY,3.06,65.6,148.5,96.8,RUNWAY,RUNWAY,DESERT,43514.39,True,EXCEPTION,NOT_EVALUATED,Conventional,,,NOT_EVALUATED,,,,,,,,,,,,,,,,,,,,,,,NOT_EVALUATED,,,,,,,,NOT_EVALUATED,NOT_EVALUATED,NOT_EVALUATED,NOT_EVALUATED,CONVERGENCE,INTERNAL_EXCEPTION,Design compliance score (76.0%) is below the minimum required safety compliance boundary (85.0%).,"Status: INTERNAL_EXCEPTION, Warnings: 0, Iterations: 5",20293.87,5,False
2499,MAPPING,3.99,60.9,52.0,86.5,HAND_LAUNCH,NET_RECOVERY,DESERT,64923.54,True,FAILED,NOT_EVALUATED,Conventional,,,NOT_EVALUATED,,,,,,,,,,,,,,,,,,,,,,,NOT_EVALUATED,,,,,,,,NOT_EVALUATED,NOT_EVALUATED,NOT_EVALUATED,NOT_EVALUATED,CONVERGENCE,PROPULSION_FAILURE,Subsystem execution failed with exception: PropulsionOptimizer failed: PropulsionOptimizer failed: No feasible design candidates found.; Convergence failed: Subsystem execution failed with exception: PropulsionOptimizer failed: PropulsionOptimizer failed: No feasible design candidates found.,"Status: PROPULSION_INFEASIBLE, Warnings: 0, Iterations: 0",3827.4,0,False
2500,TRAINING,3.59,72.0,148.5,99.5,RUNWAY,BELLY_LANDING,RURAL,21613.51,True,FAILED,NOT_EVALUATED,Conventional,,,NOT_EVALUATED,,,,,,,,,,,,,,,,,,,,,,,NOT_EVALUATED,,,,,,,,NOT_EVALUATED,NOT_EVALUATED,NOT_EVALUATED,NOT_EVALUATED,CONVERGENCE,PROPULSION_FAILURE,Subsystem execution failed with exception: PropulsionOptimizer failed: PropulsionOptimizer failed: No feasible design candidates found.; Convergence failed: Subsystem execution failed with exception: PropulsionOptimizer failed: PropulsionOptimizer failed: No feasible design candidates found.,"Status: PROPULSION_INFEASIBLE, Warnings: 0, Iterations: 0",3951.36,0,False
2506,DISASTER_RESPONSE,15.32,70.9,59.2,77.6,RUNWAY,RUNWAY,MOUNTAIN,2742.45,True,FAILED,NOT_EVALUATED,Conventional,,,NOT_EVALUATED,,,,,,,,,,,,,,,,,,,,,,,NOT_EVALUATED,,,,,,,,NOT_EVALUATED,NOT_EVALUATED,NOT_EVALUATED,NOT_EVALUATED,CONVERGENCE,PROPULSION_FAILURE,Subsystem execution failed with exception: PropulsionOptimizer failed: PropulsionOptimizer failed: No feasible design candidates found.; Convergence failed: Subsystem execution failed with exception: PropulsionOptimizer failed: PropulsionOptimizer failed: No feasible design candidates found.,"Status: PROPULSION_INFEASIBLE, Warnings: 0, Iterations: 0",4045.97,0,False
2507,DISASTER_RESPONSE,1.69,119.0,100.7,79.5,RUNWAY,PARACHUTE,FOREST,38936.62,True,FAILED,NOT_EVALUATED,Conventional,,,NOT_EVALUATED,,,,,,,,,,,,,,,,,,,,,,,NOT_EVALUATED,,,,,,,,NOT_EVALUATED,NOT_EVALUATED,NOT_EVALUATED,NOT_EVALUATED,AVIONICS_SIZING,DATABASE_LIMITATION,COMPONENT_DATABASE_LIMITATION: Required communication range (119.00 km) exceeds the maximum range available in the telemetry catalog (80.00 km).,"Status: COMPONENT_DATABASE_LIMITATION, Warnings: 0, Iterations: 0",3.14,0,False
2510,TRAINING,1.39,87.2,134.5,92.1,RUNWAY,NET_RECOVERY,FOREST,54777.27,True,FAILED,NOT_EVALUATED,Conventional,,,NOT_EVALUATED,,,,,,,,,,,,,,,,,,,,,,,NOT_EVALUATED,,,,,,,,NOT_EVALUATED,NOT_EVALUATED,NOT_EVALUATED,NOT_EVALUATED,AVIONICS_SIZING,DATABASE_LIMITATION,COMPONENT_DATABASE_LIMITATION: Required communication range (87.20 km) exceeds the maximum range available in the telemetry catalog (80.00 km).,"Status: COMPONENT_DATABASE_LIMITATION, Warnings: 0, Iterations: 0",3.23,0,False
2511,MILITARY,4.07,59.5,140.6,56.0,RUNWAY,PARACHUTE,MOUNTAIN,65541.6,True,FAILED,NOT_EVALUATED,Conventional,,,NOT_EVALUATED,,,,,,,,,,,,,,,,,,,,,,,NOT_EVALUATED,,,,,,,,NOT_EVALUATED,NOT_EVALUATED,NOT_EVALUATED,NOT_EVALUATED,FUSELAGE_SIZING,SIZING_FAILURE,"Sized fuselage width (0.31 m) exceeds wing root chord (0.28 m), which causes extreme aerodynamic blockage and drag. Select a more slender fuselage profile.","Status: SIZING_INFEASIBLE, Warnings: 0, Iterations: 0",3.24,0,False
2520,RESEARCH,2.7,100.9,132.2,96.0,RUNWAY,NET_RECOVERY,MOUNTAIN,16503.2,True,FAILED,NOT_EVALUATED,Conventional,,,NOT_EVALUATED,,,,,,,,,,,,,,,,,,,,,,,NOT_EVALUATED,,,,,,,,NOT_EVALUATED,NOT_EVALUATED,NOT_EVALUATED,NOT_EVALUATED,AVIONICS_SIZING,DATABASE_LIMITATION,COMPONENT_DATABASE_LIMITATION: Required communication range (100.90 km) exceeds the maximum range available in the telemetry catalog (80.00 km).,"Status: COMPONENT_DATABASE_LIMITATION, Warnings: 0, Iterations: 0",3.27,0,False
2534,DISASTER_RESPONSE,2.1,65.4,130.1,73.9,HAND_LAUNCH,RUNWAY,RURAL,71761.83,True,FAILED,NOT_EVALUATED,Conventional,,,NOT_EVALUATED,,,,,,,,,,,,,,,,,,,,,,,NOT_EVALUATED,,,,,,,,NOT_EVALUATED,NOT_EVALUATED,NOT_EVALUATED,NOT_EVALUATED,CONVERGENCE,PROPULSION_FAILURE,Subsystem execution failed with exception: PropulsionOptimizer failed: PropulsionOptimizer failed: No feasible design candidates found.; Convergence failed: Subsystem execution failed with exception: PropulsionOptimizer failed: PropulsionOptimizer failed: No feasible design candidates found.,"Status: PROPULSION_INFEASIBLE, Warnings: 0, Iterations: 1",7995.48,1,False
2535,TRAINING,3.98,42.0,124.9,78.2,HAND_LAUNCH,RUNWAY,RURAL,9642.66,True,FAILED,NOT_EVALUATED,Conventional,,,NOT_EVALUATED,,,,,,,,,,,,,,,,,,,,,,,NOT_EVALUATED,,,,,,,,NOT_EVALUATED,NOT_EVALUATED,NOT_EVALUATED,NOT_EVALUATED,CONVERGENCE,PROPULSION_FAILURE,Subsystem execution failed with exception: PropulsionOptimizer failed: PropulsionOptimizer failed: No feasible design candidates found.; Convergence failed: Subsystem execution failed with exception: PropulsionOptimizer failed: PropulsionOptimizer failed: No feasible design candidates found.,"Status: PROPULSION_INFEASIBLE, Warnings: 0, Iterations: 0",3856.82,0,False
2560,RESEARCH,3.87,117.7,87.8,69.2,CATAPULT,RUNWAY,FOREST,73750.11,True,FAILED,NOT_EVALUATED,Conventional,,,NOT_EVALUATED,,,,,,,,,,,,,,,,,,,,,,,NOT_EVALUATED,,,,,,,,NOT_EVALUATED,NOT_EVALUATED,NOT_EVALUATED,NOT_EVALUATED,AVIONICS_SIZING,DATABASE_LIMITATION,COMPONENT_DATABASE_LIMITATION: Required communication range (117.70 km) exceeds the maximum range available in the telemetry catalog (80.00 km).,"Status: COMPONENT_DATABASE_LIMITATION, Warnings: 0, Iterations: 0",4.86,0,False
2566,DELIVERY,1.28,29.4,86.5,83.5,RUNWAY,PARACHUTE,DESERT,55583.78,True,FAILED,NOT_EVALUATED,Conventional,,,NOT_EVALUATED,,,,,,,,,,,,,,,,,,,,,,,NOT_EVALUATED,,,,,,,,NOT_EVALUATED,NOT_EVALUATED,NOT_EVALUATED,NOT_EVALUATED,PROPULSION_SIZING,DATABASE_LIMITATION,"COMPONENT_DATABASE_LIMITATION: Lightest available component of type 'Cargo' in database weighs 2.00 kg, which exceeds the maximum allowed structural payload limit of 1.34 kg.","Status: COMPONENT_DATABASE_LIMITATION, Warnings: 0, Iterations: 0",2.97,0,False
2567,DELIVERY,1.93,74.1,113.4,96.4,RUNWAY,NET_RECOVERY,RURAL,52659.08,True,FAILED,NOT_EVALUATED,Conventional,,,NOT_EVALUATED,,,,,,,,,,,,,,,,,,,,,,,NOT_EVALUATED,,,,,,,,NOT_EVALUATED,NOT_EVALUATED,NOT_EVALUATED,NOT_EVALUATED,CONVERGENCE,SIZING_FAILURE,Subsystem execution failed with exception: MassPropertiesOptimizer failed: MassPropertiesOptimizer failed: No feasible design candidates found.; Convergence failed: Subsystem execution failed with exception: MassPropertiesOptimizer failed: MassPropertiesOptimizer failed: No feasible design candidates found.,"Status: SIZING_INFEASIBLE, Warnings: 0, Iterations: 0",3903.48,0,False
2572,AGRICULTURE,9.67,62.4,29.7,40.2,RUNWAY,RUNWAY,MOUNTAIN,10654.48,True,INVALID_INPUT,NOT_EVALUATED,Conventional,,,NOT_EVALUATED,,,,,,,,,,,,,,,,,,,,,,,NOT_EVALUATED,,,,,,,,NOT_EVALUATED,NOT_EVALUATED,NOT_EVALUATED,NOT_EVALUATED,MISSION_TRANSLATION,INVALID_REQUIREMENTS,Stall speed target (45.0 km/h) must be less than cruise speed (40.2 km/h); Mission range (62.4 km) is physically inconsistent with cruise speed (40.2 km/h) and flight time (29.7 min). Max theoretical range is 19.9 km.,"Status: INVALID_REQUIREMENTS, Warnings: 0, Iterations: 0",0.28,0,False
2576,MILITARY,2.76,107.2,107.8,99.2,HAND_LAUNCH,BELLY_LANDING,DESERT,70098.3,True,FAILED,NOT_EVALUATED,Conventional,,,NOT_EVALUATED,,,,,,,,,,,,,,,,,,,,,,,NOT_EVALUATED,,,,,,,,NOT_EVALUATED,NOT_EVALUATED,NOT_EVALUATED,NOT_EVALUATED,FUSELAGE_SIZING,SIZING_FAILURE,"Sized fuselage width (0.26 m) exceeds wing root chord (0.23 m), which causes extreme aerodynamic blockage and drag. Select a more slender fuselage profile.","Status: SIZING_INFEASIBLE, Warnings: 0, Iterations: 0",3.33,0,False
2585,MAPPING,3.22,39.7,59.9,64.3,HAND_LAUNCH,BELLY_LANDING,FOREST,64045.06,True,FAILED,NOT_EVALUATED,Conventional,,,NOT_EVALUATED,,,,,,,,,,,,,,,,,,,,,,,NOT_EVALUATED,,,,,,,,NOT_EVALUATED,NOT_EVALUATED,NOT_EVALUATED,NOT_EVALUATED,CONVERGENCE,CONVERGENCE_FAILURE,Oscillation detected: design state at iteration 5 matches state at iteration 3.; Convergence failed: Oscillation detected: design state at iteration 5 matches state at iteration 3.,"Status: NON_CONVERGED, Warnings: 0, Iterations: 5",20143.1,5,False
2590,DISASTER_RESPONSE,4.51,25.3,68.7,76.3,CATAPULT,NET_RECOVERY,MOUNTAIN,72590.93,True,FAILED,NOT_EVALUATED,Conventional,,,NOT_EVALUATED,,,,,,,,,,,,,,,,,,,,,,,NOT_EVALUATED,,,,,,,,NOT_EVALUATED,NOT_EVALUATED,NOT_EVALUATED,NOT_EVALUATED,CONVERGENCE,PROPULSION_FAILURE,Subsystem execution failed with exception: PropulsionOptimizer failed: PropulsionOptimizer failed: No feasible design candidates found.; Convergence failed: Subsystem execution failed with exception: PropulsionOptimizer failed: PropulsionOptimizer failed: No feasible design candidates found.,"Status: PROPULSION_INFEASIBLE, Warnings: 0, Iterations: 0",3820.02,0,False
2591,MILITARY,3.18,53.4,74.2,50.5,HAND_LAUNCH,NET_RECOVERY,RURAL,62812.11,True,FAILED,NOT_EVALUATED,Conventional,,,NOT_EVALUATED,,,,,,,,,,,,,,,,,,,,,,,NOT_EVALUATED,,,,,,,,NOT_EVALUATED,NOT_EVALUATED,NOT_EVALUATED,NOT_EVALUATED,FUSELAGE_SIZING,SIZING_FAILURE,"Sized fuselage width (0.28 m) exceeds wing root chord (0.24 m), which causes extreme aerodynamic blockage and drag. Select a more slender fuselage profile.","Status: SIZING_INFEASIBLE, Warnings: 0, Iterations: 0",3.22,0,False
2603,AGRICULTURE,1.95,78.3,113.6,59.8,HAND_LAUNCH,NET_RECOVERY,RURAL,18374.26,True,FAILED,NOT_EVALUATED,Conventional,,,NOT_EVALUATED,,,,,,,,,,,,,,,,,,,,,,,NOT_EVALUATED,,,,,,,,NOT_EVALUATED,NOT_EVALUATED,NOT_EVALUATED,NOT_EVALUATED,PERFORMANCE_SIZING,PERFORMANCE_FAILURE,"Cruise speed (59.8 kmh) is below the minimum safe cruise speed boundary (63.3 kmh, representing a 30.0% safety margin above clean stall).","Status: PERFORMANCE_INFEASIBLE, Warnings: 0, Iterations: 0",3.66,0,False
2604,DELIVERY,2.39,34.7,92.3,68.5,RUNWAY,BELLY_LANDING,MOUNTAIN,61320.99,True,FAILED,NOT_EVALUATED,Conventional,,,NOT_EVALUATED,,,,,,,,,,,,,,,,,,,,,,,NOT_EVALUATED,,,,,,,,NOT_EVALUATED,NOT_EVALUATED,NOT_EVALUATED,NOT_EVALUATED,CONVERGENCE,SIZING_FAILURE,Subsystem execution failed with exception: MassPropertiesOptimizer failed: MassPropertiesOptimizer failed: No feasible design candidates found.; Convergence failed: Subsystem execution failed with exception: MassPropertiesOptimizer failed: MassPropertiesOptimizer failed: No feasible design candidates found.,"Status: SIZING_INFEASIBLE, Warnings: 0, Iterations: 0",3794.64,0,False
2609,DELIVERY,4.96,111.1,96.6,97.6,CATAPULT,NET_RECOVERY,MOUNTAIN,7872.84,True,FAILED,NOT_EVALUATED,Conventional,,,NOT_EVALUATED,,,,,,,,,,,,,,,,,,,,,,,NOT_EVALUATED,,,,,,,,NOT_EVALUATED,NOT_EVALUATED,NOT_EVALUATED,NOT_EVALUATED,AVIONICS_SIZING,DATABASE_LIMITATION,COMPONENT_DATABASE_LIMITATION: Required communication range (111.10 km) exceeds the maximum range available in the telemetry catalog (80.00 km).,"Status: COMPONENT_DATABASE_LIMITATION, Warnings: 0, Iterations: 0",4.67,0,False
2618,SURVEY,3.05,48.1,111.8,50.7,RUNWAY,PARACHUTE,RURAL,12111.65,True,FAILED,NOT_EVALUATED,Conventional,,,NOT_EVALUATED,,,,,,,,,,,,,,,,,,,,,,,NOT_EVALUATED,,,,,,,,NOT_EVALUATED,NOT_EVALUATED,NOT_EVALUATED,NOT_EVALUATED,PERFORMANCE_SIZING,PERFORMANCE_FAILURE,"Cruise speed (50.7 kmh) is below the minimum safe cruise speed boundary (55.3 kmh, representing a 20.0% safety margin above clean stall).","Status: PERFORMANCE_INFEASIBLE, Warnings: 0, Iterations: 0",3.75,0,False
2619,DELIVERY,1.85,34.9,60.4,56.3,HAND_LAUNCH,PARACHUTE,RURAL,66114.63,True,FAILED,NOT_EVALUATED,Conventional,,,NOT_EVALUATED,,,,,,,,,,,,,,,,,,,,,,,NOT_EVALUATED,,,,,,,,NOT_EVALUATED,NOT_EVALUATED,NOT_EVALUATED,NOT_EVALUATED,PROPULSION_SIZING,DATABASE_LIMITATION,"COMPONENT_DATABASE_LIMITATION: Lightest available component of type 'Cargo' in database weighs 2.00 kg, which exceeds the maximum allowed structural payload limit of 1.94 kg.","Status: COMPONENT_DATABASE_LIMITATION, Warnings: 0, Iterations: 0",2.63,0,False
2633,TRAINING,3.71,38.2,126.3,57.1,HAND_LAUNCH,PARACHUTE,DESERT,30592.88,True,FAILED,NOT_EVALUATED,Conventional,,,NOT_EVALUATED,,,,,,,,,,,,,,,,,,,,,,,NOT_EVALUATED,,,,,,,,NOT_EVALUATED,NOT_EVALUATED,NOT_EVALUATED,NOT_EVALUATED,CONVERGENCE,PROPULSION_FAILURE,Subsystem execution failed with exception: PropulsionOptimizer failed: PropulsionOptimizer failed: No feasible design candidates found.; Convergence failed: Subsystem execution failed with exception: PropulsionOptimizer failed: PropulsionOptimizer failed: No feasible design candidates found.,"Status: PROPULSION_INFEASIBLE, Warnings: 0, Iterations: 0",3835.13,0,False
2634,MAPPING,13.5,13.6,59.9,78.1,RUNWAY,RUNWAY,MOUNTAIN,19509.78,True,FAILED,NOT_EVALUATED,Conventional,,,NOT_EVALUATED,,,,,,,,,,,,,,,,,,,,,,,NOT_EVALUATED,,,,,,,,NOT_EVALUATED,NOT_EVALUATED,NOT_EVALUATED,NOT_EVALUATED,CONVERGENCE,PROPULSION_FAILURE,Subsystem execution failed with exception: PropulsionOptimizer failed: PropulsionOptimizer failed: No feasible design candidates found.; Convergence failed: Subsystem execution failed with exception: PropulsionOptimizer failed: PropulsionOptimizer failed: No feasible design candidates found.,"Status: PROPULSION_INFEASIBLE, Warnings: 0, Iterations: 0",4031.92,0,False
2637,RESEARCH,2.78,28.9,91.7,67.8,CATAPULT,NET_RECOVERY,MOUNTAIN,67663.34,True,FAILED,NOT_EVALUATED,Conventional,,,NOT_EVALUATED,,,,,,,,,,,,,,,,,,,,,,,NOT_EVALUATED,,,,,,,,NOT_EVALUATED,NOT_EVALUATED,NOT_EVALUATED,NOT_EVALUATED,CONVERGENCE,PROPULSION_FAILURE,Subsystem execution failed with exception: PropulsionOptimizer failed: PropulsionOptimizer failed: No feasible design candidates found.; Convergence failed: Subsystem execution failed with exception: PropulsionOptimizer failed: PropulsionOptimizer failed: No feasible design candidates found.,"Status: PROPULSION_INFEASIBLE, Warnings: 0, Iterations: 0",3950.28,0,False
2640,MAPPING,21.99,53.3,71.1,57.7,RUNWAY,RUNWAY,MOUNTAIN,42953.98,True,EXCEPTION,NOT_EVALUATED,Conventional,,,NOT_EVALUATED,,,,,,,,,,,,,,,,,,,,,,,NOT_EVALUATED,,,,,,,,NOT_EVALUATED,NOT_EVALUATED,NOT_EVALUATED,NOT_EVALUATED,PROPULSION_SIZING,INTERNAL_EXCEPTION,PROPULSION_POWER_LIMIT: Sized power target of 6087.8 W exceeds maximum catalog motor power limit of 3400.0 W.,"Status: INTERNAL_EXCEPTION, Warnings: 0, Iterations: 0",3.27,0,False
2646,SURVEY,2.21,53.9,113.4,62.3,CATAPULT,PARACHUTE,FOREST,73299.16,True,EXCEPTION,NOT_EVALUATED,Conventional,,,NOT_EVALUATED,,,,,,,,,,,,,,,,,,,,,,,NOT_EVALUATED,,,,,,,,NOT_EVALUATED,NOT_EVALUATED,NOT_EVALUATED,NOT_EVALUATED,CONVERGENCE,INTERNAL_EXCEPTION,Design compliance score (76.0%) is below the minimum required safety compliance boundary (85.0%).,"Status: INTERNAL_EXCEPTION, Warnings: 0, Iterations: 4",15976.11,4,False
2650,SECURITY,2.73,25.1,147.5,89.9,HAND_LAUNCH,PARACHUTE,FOREST,29593.89,True,FAILED,NOT_EVALUATED,Conventional,,,NOT_EVALUATED,,,,,,,,,,,,,,,,,,,,,,,NOT_EVALUATED,,,,,,,,NOT_EVALUATED,NOT_EVALUATED,NOT_EVALUATED,NOT_EVALUATED,FUSELAGE_SIZING,SIZING_FAILURE,"Sized fuselage width (0.26 m) exceeds wing root chord (0.23 m), which causes extreme aerodynamic blockage and drag. Select a more slender fuselage profile.","Status: SIZING_INFEASIBLE, Warnings: 0, Iterations: 0",4.32,0,False
2653,DELIVERY,3.33,110.6,125.8,99.9,CATAPULT,RUNWAY,FOREST,22585.17,True,FAILED,NOT_EVALUATED,Conventional,,,NOT_EVALUATED,,,,,,,,,,,,,,,,,,,,,,,NOT_EVALUATED,,,,,,,,NOT_EVALUATED,NOT_EVALUATED,NOT_EVALUATED,NOT_EVALUATED,AVIONICS_SIZING,DATABASE_LIMITATION,COMPONENT_DATABASE_LIMITATION: Required communication range (110.60 km) exceeds the maximum range available in the telemetry catalog (80.00 km).,"Status: COMPONENT_DATABASE_LIMITATION, Warnings: 0, Iterations: 0",27.38,0,False
2657,RESEARCH,4.44,118.8,136.7,102.3,CATAPULT,PARACHUTE,FOREST,3467.67,True,FAILED,NOT_EVALUATED,Conventional,,,NOT_EVALUATED,,,,,,,,,,,,,,,,,,,,,,,NOT_EVALUATED,,,,,,,,NOT_EVALUATED,NOT_EVALUATED,NOT_EVALUATED,NOT_EVALUATED,AVIONICS_SIZING,DATABASE_LIMITATION,COMPONENT_DATABASE_LIMITATION: Required communication range (118.80 km) exceeds the maximum range available in the telemetry catalog (80.00 km).,"Status: COMPONENT_DATABASE_LIMITATION, Warnings: 0, Iterations: 0",3.39,0,False
2665,CUSTOM,21.43,27.0,44.7,46.3,RUNWAY,RUNWAY,RURAL,2388.98,True,EXCEPTION,NOT_EVALUATED,Conventional,,,NOT_EVALUATED,,,,,,,,,,,,,,,,,,,,,,,NOT_EVALUATED,,,,,,,,NOT_EVALUATED,NOT_EVALUATED,NOT_EVALUATED,NOT_EVALUATED,PROPULSION_SIZING,INTERNAL_EXCEPTION,PROPULSION_POWER_LIMIT: Sized power target of 5932.7 W exceeds maximum catalog motor power limit of 3400.0 W.,"Status: INTERNAL_EXCEPTION, Warnings: 0, Iterations: 0",8.13,0,False
2666,TRAINING,2.22,31.3,136.9,108.0,CATAPULT,PARACHUTE,DESERT,62111.53,True,FAILED,NOT_EVALUATED,Conventional,,,NOT_EVALUATED,,,,,,,,,,,,,,,,,,,,,,,NOT_EVALUATED,,,,,,,,NOT_EVALUATED,NOT_EVALUATED,NOT_EVALUATED,NOT_EVALUATED,CONVERGENCE,PROPULSION_FAILURE,Subsystem execution failed with exception: PropulsionOptimizer failed: PropulsionOptimizer failed: No feasible design candidates found.; Convergence failed: Subsystem execution failed with exception: PropulsionOptimizer failed: PropulsionOptimizer failed: No feasible design candidates found.,"Status: PROPULSION_INFEASIBLE, Warnings: 0, Iterations: 0",3840.64,0,False
2668,DELIVERY,1.71,39.0,148.7,85.2,CATAPULT,PARACHUTE,FOREST,4487.66,True,FAILED,NOT_EVALUATED,Conventional,,,NOT_EVALUATED,,,,,,,,,,,,,,,,,,,,,,,NOT_EVALUATED,,,,,,,,NOT_EVALUATED,NOT_EVALUATED,NOT_EVALUATED,NOT_EVALUATED,PROPULSION_SIZING,DATABASE_LIMITATION,"COMPONENT_DATABASE_LIMITATION: Lightest available component of type 'Cargo' in database weighs 2.00 kg, which exceeds the maximum allowed structural payload limit of 1.80 kg.","Status: COMPONENT_DATABASE_LIMITATION, Warnings: 0, Iterations: 0",2.64,0,False
2674,CUSTOM,1.68,100.4,123.4,103.6,RUNWAY,PARACHUTE,MOUNTAIN,4050.24,True,FAILED,NOT_EVALUATED,Conventional,,,NOT_EVALUATED,,,,,,,,,,,,,,,,,,,,,,,NOT_EVALUATED,,,,,,,,NOT_EVALUATED,NOT_EVALUATED,NOT_EVALUATED,NOT_EVALUATED,AVIONICS_SIZING,DATABASE_LIMITATION,COMPONENT_DATABASE_LIMITATION: Required communication range (100.40 km) exceeds the maximum range available in the telemetry catalog (80.00 km).,"Status: COMPONENT_DATABASE_LIMITATION, Warnings: 0, Iterations: 0",4.26,0,False
2675,MAPPING,4.13,97.4,121.8,70.4,CATAPULT,BELLY_LANDING,FOREST,31880.05,True,FAILED,NOT_EVALUATED,Conventional,,,NOT_EVALUATED,,,,,,,,,,,,,,,,,,,,,,,NOT_EVALUATED,,,,,,,,NOT_EVALUATED,NOT_EVALUATED,NOT_EVALUATED,NOT_EVALUATED,AVIONICS_SIZING,DATABASE_LIMITATION,COMPONENT_DATABASE_LIMITATION: Required communication range (97.40 km) exceeds the maximum range available in the telemetry catalog (80.00 km).,"Status: COMPONENT_DATABASE_LIMITATION, Warnings: 0, Iterations: 0",3.01,0,False
2682,DELIVERY,3.57,79.6,56.5,76.5,RUNWAY,NET_RECOVERY,DESERT,18274.51,True,FAILED,NOT_EVALUATED,Conventional,,,NOT_EVALUATED,,,,,,,,,,,,,,,,,,,,,,,NOT_EVALUATED,,,,,,,,NOT_EVALUATED,NOT_EVALUATED,NOT_EVALUATED,NOT_EVALUATED,CONVERGENCE,SIZING_FAILURE,Subsystem execution failed with exception: MassPropertiesOptimizer failed: MassPropertiesOptimizer failed: No feasible design candidates found.; Convergence failed: Subsystem execution failed with exception: MassPropertiesOptimizer failed: MassPropertiesOptimizer failed: No feasible design candidates found.,"Status: SIZING_INFEASIBLE, Warnings: 0, Iterations: 0",3897.87,0,False
2686,SECURITY,3.18,110.4,60.3,104.4,RUNWAY,BELLY_LANDING,FOREST,18722.4,True,FAILED,NOT_EVALUATED,Conventional,,,NOT_EVALUATED,,,,,,,,,,,,,,,,,,,,,,,NOT_EVALUATED,,,,,,,,NOT_EVALUATED,NOT_EVALUATED,NOT_EVALUATED,NOT_EVALUATED,FUSELAGE_SIZING,SIZING_FAILURE,"Sized fuselage width (0.28 m) exceeds wing root chord (0.24 m), which causes extreme aerodynamic blockage and drag. Select a more slender fuselage profile.","Status: SIZING_INFEASIBLE, Warnings: 0, Iterations: 0",5.45,0,False
2687,MAPPING,10.67,30.4,77.3,59.2,RUNWAY,RUNWAY,DESERT,7396.5,True,FAILED,NOT_EVALUATED,Conventional,,,NOT_EVALUATED,,,,,,,,,,,,,,,,,,,,,,,NOT_EVALUATED,,,,,,,,NOT_EVALUATED,NOT_EVALUATED,NOT_EVALUATED,NOT_EVALUATED,CONVERGENCE,PROPULSION_FAILURE,Subsystem execution failed with exception: PropulsionOptimizer failed: PropulsionOptimizer failed: No feasible design candidates found.; Convergence failed: Subsystem execution failed with exception: PropulsionOptimizer failed: PropulsionOptimizer failed: No feasible design candidates found.,"Status: PROPULSION_INFEASIBLE, Warnings: 0, Iterations: 0",4039.19,0,False
2688,SURVEY,3.56,86.8,94.2,79.8,CATAPULT,BELLY_LANDING,MOUNTAIN,47289.47,True,FAILED,NOT_EVALUATED,Conventional,,,NOT_EVALUATED,,,,,,,,,,,,,,,,,,,,,,,NOT_EVALUATED,,,,,,,,NOT_EVALUATED,NOT_EVALUATED,NOT_EVALUATED,NOT_EVALUATED,AVIONICS_SIZING,DATABASE_LIMITATION,COMPONENT_DATABASE_LIMITATION: Required communication range (86.80 km) exceeds the maximum range available in the telemetry catalog (80.00 km).,"Status: COMPONENT_DATABASE_LIMITATION, Warnings: 0, Iterations: 0",2.89,0,False
2689,MILITARY,15.97,30.3,67.2,42.3,RUNWAY,RUNWAY,RURAL,48476.65,True,INVALID_INPUT,NOT_EVALUATED,Conventional,,,NOT_EVALUATED,,,,,,,,,,,,,,,,,,,,,,,NOT_EVALUATED,,,,,,,,NOT_EVALUATED,NOT_EVALUATED,NOT_EVALUATED,NOT_EVALUATED,MISSION_TRANSLATION,INVALID_REQUIREMENTS,Stall speed target (45.0 km/h) must be less than cruise speed (42.3 km/h),"Status: INVALID_REQUIREMENTS, Warnings: 0, Iterations: 0",0.24,0,False
2700,TRAINING,10.51,43.1,58.4,65.0,RUNWAY,RUNWAY,MOUNTAIN,6227.16,True,FAILED,NOT_EVALUATED,Conventional,,,NOT_EVALUATED,,,,,,,,,,,,,,,,,,,,,,,NOT_EVALUATED,,,,,,,,NOT_EVALUATED,NOT_EVALUATED,NOT_EVALUATED,NOT_EVALUATED,CONVERGENCE,PROPULSION_FAILURE,Subsystem execution failed with exception: PropulsionOptimizer failed: PropulsionOptimizer failed: No feasible design candidates found.; Convergence failed: Subsystem execution failed with exception: PropulsionOptimizer failed: PropulsionOptimizer failed: No feasible design candidates found.,"Status: PROPULSION_INFEASIBLE, Warnings: 0, Iterations: 0",3880.9,0,False
2701,SURVEY,4.11,71.6,66.1,58.0,CATAPULT,NET_RECOVERY,DESERT,8940.73,True,FAILED,NOT_EVALUATED,Conventional,,,NOT_EVALUATED,,,,,,,,,,,,,,,,,,,,,,,NOT_EVALUATED,,,,,,,,NOT_EVALUATED,NOT_EVALUATED,NOT_EVALUATED,NOT_EVALUATED,CONVERGENCE,PROPULSION_FAILURE,Subsystem execution failed with exception: PropulsionOptimizer failed: PropulsionOptimizer failed: No feasible design candidates found.; Convergence failed: Subsystem execution failed with exception: PropulsionOptimizer failed: PropulsionOptimizer failed: No feasible design candidates found.,"Status: PROPULSION_INFEASIBLE, Warnings: 0, Iterations: 0",3691.03,0,False
2707,SECURITY,2.59,62.2,135.1,74.1,HAND_LAUNCH,BELLY_LANDING,RURAL,63932.81,True,FAILED,NOT_EVALUATED,Conventional,,,NOT_EVALUATED,,,,,,,,,,,,,,,,,,,,,,,NOT_EVALUATED,,,,,,,,NOT_EVALUATED,NOT_EVALUATED,NOT_EVALUATED,NOT_EVALUATED,FUSELAGE_SIZING,SIZING_FAILURE,"Sized fuselage width (0.25 m) exceeds wing root chord (0.22 m), which causes extreme aerodynamic blockage and drag. Select a more slender fuselage profile.","Status: SIZING_INFEASIBLE, Warnings: 0, Iterations: 0",3.31,0,False
2708,DELIVERY,13.5,60.0,89.6,57.3,RUNWAY,RUNWAY,MOUNTAIN,79543.07,True,FAILED,NOT_EVALUATED,Conventional,,,NOT_EVALUATED,,,,,,,,,,,,,,,,,,,,,,,NOT_EVALUATED,,,,,,,,NOT_EVALUATED,NOT_EVALUATED,NOT_EVALUATED,NOT_EVALUATED,MASS_SIZING,MASS_FAILURE,Calculated takeoff weight (35.66 kg) exceeds maximum takeoff weight limit constraint (25.00 kg).,"Status: MTOW_LIMIT_EXCEEDED, Warnings: 0, Iterations: 0",3.29,0,False
2710,SURVEY,4.31,37.6,46.4,91.2,RUNWAY,BELLY_LANDING,RURAL,72393.33,True,EXCEPTION,NOT_EVALUATED,Conventional,,,NOT_EVALUATED,,,,,,,,,,,,,,,,,,,,,,,NOT_EVALUATED,,,,,,,,NOT_EVALUATED,NOT_EVALUATED,NOT_EVALUATED,NOT_EVALUATED,CONVERGENCE,INTERNAL_EXCEPTION,Design compliance score (76.0%) is below the minimum required safety compliance boundary (85.0%).,"Status: INTERNAL_EXCEPTION, Warnings: 0, Iterations: 5",20234.24,5,False
2712,SURVEY,2.48,79.3,109.2,55.2,HAND_LAUNCH,RUNWAY,FOREST,51115.23,True,FAILED,NOT_EVALUATED,Conventional,,,NOT_EVALUATED,,,,,,,,,,,,,,,,,,,,,,,NOT_EVALUATED,,,,,,,,NOT_EVALUATED,NOT_EVALUATED,NOT_EVALUATED,NOT_EVALUATED,PERFORMANCE_SIZING,PERFORMANCE_FAILURE,"Cruise speed (55.2 kmh) is below the minimum safe cruise speed boundary (58.1 kmh, representing a 20.0% safety margin above clean stall).","Status: PERFORMANCE_INFEASIBLE, Warnings: 0, Iterations: 0",3.62,0,False
2715,CUSTOM,3.85,40.4,146.9,72.0,RUNWAY,PARACHUTE,FOREST,32214.06,True,FAILED,NOT_EVALUATED,Conventional,,,NOT_EVALUATED,,,,,,,,,,,,,,,,,,,,,,,NOT_EVALUATED,,,,,,,,NOT_EVALUATED,NOT_EVALUATED,NOT_EVALUATED,NOT_EVALUATED,CONVERGENCE,PROPULSION_FAILURE,Subsystem execution failed with exception: PropulsionOptimizer failed: PropulsionOptimizer failed: No feasible design candidates found.; Convergence failed: Subsystem execution failed with exception: PropulsionOptimizer failed: PropulsionOptimizer failed: No feasible design candidates found.,"Status: PROPULSION_INFEASIBLE, Warnings: 0, Iterations: 0",3878.82,0,False
2716,MILITARY,10.57,71.2,70.6,74.9,RUNWAY,RUNWAY,DESERT,72335.1,True,FAILED,NOT_EVALUATED,Conventional,,,NOT_EVALUATED,,,,,,,,,,,,,,,,,,,,,,,NOT_EVALUATED,,,,,,,,NOT_EVALUATED,NOT_EVALUATED,NOT_EVALUATED,NOT_EVALUATED,FUSELAGE_SIZING,SIZING_FAILURE,"Sized fuselage width (0.50 m) exceeds wing root chord (0.45 m), which causes extreme aerodynamic blockage and drag. Select a more slender fuselage profile.","Status: SIZING_INFEASIBLE, Warnings: 0, Iterations: 0",3.33,0,False
2718,RESEARCH,1.5,56.3,124.8,68.0,CATAPULT,BELLY_LANDING,FOREST,69545.44,True,FAILED,NOT_EVALUATED,Conventional,,,NOT_EVALUATED,,,,,,,,,,,,,,,,,,,,,,,NOT_EVALUATED,,,,,,,,NOT_EVALUATED,NOT_EVALUATED,NOT_EVALUATED,NOT_EVALUATED,PROPULSION_SIZING,DATABASE_LIMITATION,"COMPONENT_DATABASE_LIMITATION: Lightest available component of type 'Scientific Instruments' in database weighs 1.80 kg, which exceeds the maximum allowed structural payload limit of 1.58 kg.","Status: COMPONENT_DATABASE_LIMITATION, Warnings: 0, Iterations: 0",3.09,0,False
2725,TRAINING,1.29,104.8,58.8,87.1,CATAPULT,RUNWAY,RURAL,51379.79,True,FAILED,NOT_EVALUATED,Conventional,,,NOT_EVALUATED,,,,,,,,,,,,,,,,,,,,,,,NOT_EVALUATED,,,,,,,,NOT_EVALUATED,NOT_EVALUATED,NOT_EVALUATED,NOT_EVALUATED,AVIONICS_SIZING,DATABASE_LIMITATION,COMPONENT_DATABASE_LIMITATION: Required communication range (104.80 km) exceeds the maximum range available in the telemetry catalog (80.00 km).,"Status: COMPONENT_DATABASE_LIMITATION, Warnings: 0, Iterations: 0",17.18,0,False
2733,AGRICULTURE,1.35,114.7,108.9,93.0,CATAPULT,NET_RECOVERY,RURAL,62583.37,True,FAILED,NOT_EVALUATED,Conventional,,,NOT_EVALUATED,,,,,,,,,,,,,,,,,,,,,,,NOT_EVALUATED,,,,,,,,NOT_EVALUATED,NOT_EVALUATED,NOT_EVALUATED,NOT_EVALUATED,AVIONICS_SIZING,DATABASE_LIMITATION,COMPONENT_DATABASE_LIMITATION: Required communication range (114.70 km) exceeds the maximum range available in the telemetry catalog (80.00 km).,"Status: COMPONENT_DATABASE_LIMITATION, Warnings: 0, Iterations: 0",2.84,0,False
2737,MAPPING,3.77,115.1,133.6,107.5,HAND_LAUNCH,RUNWAY,MOUNTAIN,35405.27,True,FAILED,NOT_EVALUATED,Conventional,,,NOT_EVALUATED,,,,,,,,,,,,,,,,,,,,,,,NOT_EVALUATED,,,,,,,,NOT_EVALUATED,NOT_EVALUATED,NOT_EVALUATED,NOT_EVALUATED,AVIONICS_SIZING,DATABASE_LIMITATION,COMPONENT_DATABASE_LIMITATION: Required communication range (115.10 km) exceeds the maximum range available in the telemetry catalog (80.00 km).,"Status: COMPONENT_DATABASE_LIMITATION, Warnings: 0, Iterations: 0",2.85,0,False
2738,DISASTER_RESPONSE,2.1,58.4,67.8,78.1,RUNWAY,BELLY_LANDING,RURAL,37278.05,True,EXCEPTION,NOT_EVALUATED,Conventional,,,NOT_EVALUATED,,,,,,,,,,,,,,,,,,,,,,,NOT_EVALUATED,,,,,,,,NOT_EVALUATED,NOT_EVALUATED,NOT_EVALUATED,NOT_EVALUATED,CONVERGENCE,INTERNAL_EXCEPTION,Design compliance score (76.0%) is below the minimum required safety compliance boundary (85.0%).,"Status: INTERNAL_EXCEPTION, Warnings: 0, Iterations: 5",20441.39,5,False
2742,RESEARCH,3.26,46.9,63.5,108.8,HAND_LAUNCH,BELLY_LANDING,FOREST,74417.83,True,FAILED,NOT_EVALUATED,Conventional,,,NOT_EVALUATED,,,,,,,,,,,,,,,,,,,,,,,NOT_EVALUATED,,,,,,,,NOT_EVALUATED,NOT_EVALUATED,NOT_EVALUATED,NOT_EVALUATED,CONVERGENCE,PROPULSION_FAILURE,Subsystem execution failed with exception: PropulsionOptimizer failed: PropulsionOptimizer failed: No feasible design candidates found.; Convergence failed: Subsystem execution failed with exception: PropulsionOptimizer failed: PropulsionOptimizer failed: No feasible design candidates found.,"Status: PROPULSION_INFEASIBLE, Warnings: 0, Iterations: 0",3751.67,0,False
2746,SECURITY,17.4,67.2,36.8,57.4,RUNWAY,RUNWAY,DESERT,27261.19,True,INVALID_INPUT,NOT_EVALUATED,Conventional,,,NOT_EVALUATED,,,,,,,,,,,,,,,,,,,,,,,NOT_EVALUATED,,,,,,,,NOT_EVALUATED,NOT_EVALUATED,NOT_EVALUATED,NOT_EVALUATED,MISSION_TRANSLATION,INVALID_REQUIREMENTS,Mission range (67.2 km) is physically inconsistent with cruise speed (57.4 km/h) and flight time (36.8 min). Max theoretical range is 35.2 km.,"Status: INVALID_REQUIREMENTS, Warnings: 0, Iterations: 0",0.29,0,False
2752,MAPPING,21.57,44.0,72.6,47.5,RUNWAY,RUNWAY,DESERT,71499.1,True,EXCEPTION,NOT_EVALUATED,Conventional,,,NOT_EVALUATED,,,,,,,,,,,,,,,,,,,,,,,NOT_EVALUATED,,,,,,,,NOT_EVALUATED,NOT_EVALUATED,NOT_EVALUATED,NOT_EVALUATED,PROPULSION_SIZING,INTERNAL_EXCEPTION,PROPULSION_POWER_LIMIT: Sized power target of 5971.5 W exceeds maximum catalog motor power limit of 3400.0 W.,"Status: INTERNAL_EXCEPTION, Warnings: 0, Iterations: 0",2.95,0,False
2756,RESEARCH,4.93,62.4,66.1,107.1,RUNWAY,PARACHUTE,MOUNTAIN,37377.07,True,FAILED,NOT_EVALUATED,Conventional,,,NOT_EVALUATED,,,,,,,,,,,,,,,,,,,,,,,NOT_EVALUATED,,,,,,,,NOT_EVALUATED,NOT_EVALUATED,NOT_EVALUATED,NOT_EVALUATED,CONVERGENCE,PROPULSION_FAILURE,Subsystem execution failed with exception: PropulsionOptimizer failed: PropulsionOptimizer failed: No feasible design candidates found.; Convergence failed: Subsystem execution failed with exception: PropulsionOptimizer failed: PropulsionOptimizer failed: No feasible design candidates found.,"Status: PROPULSION_INFEASIBLE, Warnings: 0, Iterations: 0",3831.05,0,False
2763,MAPPING,12.88,14.8,88.8,57.6,RUNWAY,RUNWAY,RURAL,61535.52,True,FAILED,NOT_EVALUATED,Conventional,,,NOT_EVALUATED,,,,,,,,,,,,,,,,,,,,,,,NOT_EVALUATED,,,,,,,,NOT_EVALUATED,NOT_EVALUATED,NOT_EVALUATED,NOT_EVALUATED,CONVERGENCE,PROPULSION_FAILURE,Subsystem execution failed with exception: PropulsionOptimizer failed: PropulsionOptimizer failed: No feasible design candidates found.; Convergence failed: Subsystem execution failed with exception: PropulsionOptimizer failed: PropulsionOptimizer failed: No feasible design candidates found.,"Status: PROPULSION_INFEASIBLE, Warnings: 0, Iterations: 0",3865.37,0,False
2766,SECURITY,3.84,58.3,146.9,91.3,RUNWAY,RUNWAY,RURAL,52736.89,True,FAILED,NOT_EVALUATED,Conventional,,,NOT_EVALUATED,,,,,,,,,,,,,,,,,,,,,,,NOT_EVALUATED,,,,,,,,NOT_EVALUATED,NOT_EVALUATED,NOT_EVALUATED,NOT_EVALUATED,FUSELAGE_SIZING,SIZING_FAILURE,"Sized fuselage width (0.30 m) exceeds wing root chord (0.27 m), which causes extreme aerodynamic blockage and drag. Select a more slender fuselage profile.","Status: SIZING_INFEASIBLE, Warnings: 0, Iterations: 0",3.42,0,False
2769,MAPPING,24.79,69.1,67.2,73.2,RUNWAY,RUNWAY,RURAL,75644.14,True,EXCEPTION,NOT_EVALUATED,Conventional,,,NOT_EVALUATED,,,,,,,,,,,,,,,,,,,,,,,NOT_EVALUATED,,,,,,,,NOT_EVALUATED,NOT_EVALUATED,NOT_EVALUATED,NOT_EVALUATED,PROPULSION_SIZING,INTERNAL_EXCEPTION,PROPULSION_POWER_LIMIT: Sized power target of 6862.8 W exceeds maximum catalog motor power limit of 3400.0 W.,"Status: INTERNAL_EXCEPTION, Warnings: 0, Iterations: 0",3.31,0,False
2771,DISASTER_RESPONSE,3.37,46.6,130.4,60.5,CATAPULT,NET_RECOVERY,DESERT,22501.73,True,FAILED,NOT_EVALUATED,Conventional,,,NOT_EVALUATED,,,,,,,,,,,,,,,,,,,,,,,NOT_EVALUATED,,,,,,,,NOT_EVALUATED,NOT_EVALUATED,NOT_EVALUATED,NOT_EVALUATED,CONVERGENCE,PROPULSION_FAILURE,Subsystem execution failed with exception: PropulsionOptimizer failed: PropulsionOptimizer failed: No feasible design candidates found.; Convergence failed: Subsystem execution failed with exception: PropulsionOptimizer failed: PropulsionOptimizer failed: No feasible design candidates found.,"Status: PROPULSION_INFEASIBLE, Warnings: 0, Iterations: 0",3803.46,0,False
2777,AGRICULTURE,1.91,65.6,101.5,91.9,HAND_LAUNCH,PARACHUTE,DESERT,57139.64,True,FAILED,NOT_EVALUATED,Conventional,,,NOT_EVALUATED,,,,,,,,,,,,,,,,,,,,,,,NOT_EVALUATED,,,,,,,,NOT_EVALUATED,NOT_EVALUATED,NOT_EVALUATED,NOT_EVALUATED,CONVERGENCE,PROPULSION_FAILURE,Subsystem execution failed with exception: PropulsionOptimizer failed: PropulsionOptimizer failed: No feasible design candidates found.; Convergence failed: Subsystem execution failed with exception: PropulsionOptimizer failed: PropulsionOptimizer failed: No feasible design candidates found.,"Status: PROPULSION_INFEASIBLE, Warnings: 0, Iterations: 1",7756.31,1,False
2785,DELIVERY,3.24,46.2,86.1,56.6,CATAPULT,BELLY_LANDING,RURAL,50476.25,True,FAILED,NOT_EVALUATED,Conventional,,,NOT_EVALUATED,,,,,,,,,,,,,,,,,,,,,,,NOT_EVALUATED,,,,,,,,NOT_EVALUATED,NOT_EVALUATED,NOT_EVALUATED,NOT_EVALUATED,PERFORMANCE_SIZING,PERFORMANCE_FAILURE,"Cruise speed (56.6 kmh) is below the minimum safe cruise speed boundary (59.1 kmh, representing a 35.0% safety margin above clean stall).","Status: PERFORMANCE_INFEASIBLE, Warnings: 0, Iterations: 0",3.83,0,False
2788,DISASTER_RESPONSE,1.2,111.1,104.3,56.8,RUNWAY,NET_RECOVERY,FOREST,46345.71,True,FAILED,NOT_EVALUATED,Conventional,,,NOT_EVALUATED,,,,,,,,,,,,,,,,,,,,,,,NOT_EVALUATED,,,,,,,,NOT_EVALUATED,NOT_EVALUATED,NOT_EVALUATED,NOT_EVALUATED,AVIONICS_SIZING,DATABASE_LIMITATION,COMPONENT_DATABASE_LIMITATION: Required communication range (111.10 km) exceeds the maximum range available in the telemetry catalog (80.00 km).,"Status: COMPONENT_DATABASE_LIMITATION, Warnings: 0, Iterations: 0",4.64,0,False
2789,SECURITY,3.74,106.8,121.4,81.4,RUNWAY,RUNWAY,RURAL,54696.12,True,FAILED,NOT_EVALUATED,Conventional,,,NOT_EVALUATED,,,,,,,,,,,,,,,,,,,,,,,NOT_EVALUATED,,,,,,,,NOT_EVALUATED,NOT_EVALUATED,NOT_EVALUATED,NOT_EVALUATED,FUSELAGE_SIZING,SIZING_FAILURE,"Sized fuselage width (0.30 m) exceeds wing root chord (0.27 m), which causes extreme aerodynamic blockage and drag. Select a more slender fuselage profile.","Status: SIZING_INFEASIBLE, Warnings: 0, Iterations: 0",3.41,0,False
2791,TRAINING,13.61,61.4,41.0,42.1,RUNWAY,RUNWAY,RURAL,57502.22,True,INVALID_INPUT,NOT_EVALUATED,Conventional,,,NOT_EVALUATED,,,,,,,,,,,,,,,,,,,,,,,NOT_EVALUATED,,,,,,,,NOT_EVALUATED,NOT_EVALUATED,NOT_EVALUATED,NOT_EVALUATED,MISSION_TRANSLATION,INVALID_REQUIREMENTS,Stall speed target (45.0 km/h) must be less than cruise speed (42.1 km/h); Mission range (61.4 km) is physically inconsistent with cruise speed (42.1 km/h) and flight time (41.0 min). Max theoretical range is 28.8 km.,"Status: INVALID_REQUIREMENTS, Warnings: 0, Iterations: 0",0.61,0,False
2797,SECURITY,19.79,10.3,46.5,51.1,RUNWAY,RUNWAY,DESERT,21808.73,True,FAILED,NOT_EVALUATED,Conventional,,,NOT_EVALUATED,,,,,,,,,,,,,,,,,,,,,,,NOT_EVALUATED,,,,,,,,NOT_EVALUATED,NOT_EVALUATED,NOT_EVALUATED,NOT_EVALUATED,FUSELAGE_SIZING,SIZING_FAILURE,"Sized fuselage width (0.69 m) exceeds wing root chord (0.61 m), which causes extreme aerodynamic blockage and drag. Select a more slender fuselage profile.","Status: SIZING_INFEASIBLE, Warnings: 0, Iterations: 0",3.36,0,False
2800,DISASTER_RESPONSE,3.19,109.7,58.8,79.2,HAND_LAUNCH,PARACHUTE,FOREST,34912.19,True,FAILED,NOT_EVALUATED,Conventional,,,NOT_EVALUATED,,,,,,,,,,,,,,,,,,,,,,,NOT_EVALUATED,,,,,,,,NOT_EVALUATED,NOT_EVALUATED,NOT_EVALUATED,NOT_EVALUATED,AVIONICS_SIZING,DATABASE_LIMITATION,COMPONENT_DATABASE_LIMITATION: Required communication range (109.70 km) exceeds the maximum range available in the telemetry catalog (80.00 km).,"Status: COMPONENT_DATABASE_LIMITATION, Warnings: 0, Iterations: 0",4.3,0,False
2809,SURVEY,8.8,67.8,46.6,50.8,RUNWAY,RUNWAY,MOUNTAIN,34853.4,True,INVALID_INPUT,NOT_EVALUATED,Conventional,,,NOT_EVALUATED,,,,,,,,,,,,,,,,,,,,,,,NOT_EVALUATED,,,,,,,,NOT_EVALUATED,NOT_EVALUATED,NOT_EVALUATED,NOT_EVALUATED,MISSION_TRANSLATION,INVALID_REQUIREMENTS,Mission range (67.8 km) is physically inconsistent with cruise speed (50.8 km/h) and flight time (46.6 min). Max theoretical range is 39.5 km.,"Status: INVALID_REQUIREMENTS, Warnings: 0, Iterations: 0",0.23,0,False
2811,MILITARY,17.78,66.7,34.6,55.8,RUNWAY,RUNWAY,RURAL,34281.51,True,INVALID_INPUT,NOT_EVALUATED,Conventional,,,NOT_EVALUATED,,,,,,,,,,,,,,,,,,,,,,,NOT_EVALUATED,,,,,,,,NOT_EVALUATED,NOT_EVALUATED,NOT_EVALUATED,NOT_EVALUATED,MISSION_TRANSLATION,INVALID_REQUIREMENTS,Mission range (66.7 km) is physically inconsistent with cruise speed (55.8 km/h) and flight time (34.6 min). Max theoretical range is 32.2 km.,"Status: INVALID_REQUIREMENTS, Warnings: 0, Iterations: 0",0.24,0,False
2814,TRAINING,2.55,68.0,129.8,107.2,CATAPULT,NET_RECOVERY,MOUNTAIN,15416.55,True,FAILED,NOT_EVALUATED,Conventional,,,NOT_EVALUATED,,,,,,,,,,,,,,,,,,,,,,,NOT_EVALUATED,,,,,,,,NOT_EVALUATED,NOT_EVALUATED,NOT_EVALUATED,NOT_EVALUATED,CONVERGENCE,PROPULSION_FAILURE,Subsystem execution failed with exception: PropulsionOptimizer failed: PropulsionOptimizer failed: No feasible design candidates found.; Convergence failed: Subsystem execution failed with exception: PropulsionOptimizer failed: PropulsionOptimizer failed: No feasible design candidates found.,"Status: PROPULSION_INFEASIBLE, Warnings: 0, Iterations: 0",3804.12,0,False
2819,MAPPING,2.08,85.3,105.7,55.2,CATAPULT,PARACHUTE,RURAL,47249.29,True,FAILED,NOT_EVALUATED,Conventional,,,NOT_EVALUATED,,,,,,,,,,,,,,,,,,,,,,,NOT_EVALUATED,,,,,,,,NOT_EVALUATED,NOT_EVALUATED,NOT_EVALUATED,NOT_EVALUATED,AVIONICS_SIZING,DATABASE_LIMITATION,COMPONENT_DATABASE_LIMITATION: Required communication range (85.30 km) exceeds the maximum range available in the telemetry catalog (80.00 km).,"Status: COMPONENT_DATABASE_LIMITATION, Warnings: 0, Iterations: 0",3.42,0,False
2820,RESEARCH,3.49,86.2,100.8,86.9,RUNWAY,BELLY_LANDING,RURAL,43830.59,True,FAILED,NOT_EVALUATED,Conventional,,,NOT_EVALUATED,,,,,,,,,,,,,,,,,,,,,,,NOT_EVALUATED,,,,,,,,NOT_EVALUATED,NOT_EVALUATED,NOT_EVALUATED,NOT_EVALUATED,AVIONICS_SIZING,DATABASE_LIMITATION,COMPONENT_DATABASE_LIMITATION: Required communication range (86.20 km) exceeds the maximum range available in the telemetry catalog (80.00 km).,"Status: COMPONENT_DATABASE_LIMITATION, Warnings: 0, Iterations: 0",3.05,0,False
2821,CUSTOM,2.02,52.5,56.9,55.6,CATAPULT,BELLY_LANDING,FOREST,67496.15,True,FAILED,NOT_EVALUATED,Conventional,,,NOT_EVALUATED,,,,,,,,,,,,,,,,,,,,,,,NOT_EVALUATED,,,,,,,,NOT_EVALUATED,NOT_EVALUATED,NOT_EVALUATED,NOT_EVALUATED,PERFORMANCE_SIZING,PERFORMANCE_FAILURE,"Cruise speed (55.6 kmh) is below the minimum safe cruise speed boundary (56.6 kmh, representing a 20.0% safety margin above clean stall).","Status: PERFORMANCE_INFEASIBLE, Warnings: 0, Iterations: 0",5.54,0,False
2825,TRAINING,2.48,65.3,132.8,94.8,RUNWAY,PARACHUTE,DESERT,14946.03,True,EXCEPTION,NOT_EVALUATED,Conventional,,,NOT_EVALUATED,,,,,,,,,,,,,,,,,,,,,,,NOT_EVALUATED,,,,,,,,NOT_EVALUATED,NOT_EVALUATED,NOT_EVALUATED,NOT_EVALUATED,CONVERGENCE,INTERNAL_EXCEPTION,Design compliance score (76.0%) is below the minimum required safety compliance boundary (85.0%).,"Status: INTERNAL_EXCEPTION, Warnings: 0, Iterations: 4",16479.85,4,False
2827,DISASTER_RESPONSE,3.05,85.7,108.2,57.2,HAND_LAUNCH,RUNWAY,DESERT,29702.44,True,FAILED,NOT_EVALUATED,Conventional,,,NOT_EVALUATED,,,,,,,,,,,,,,,,,,,,,,,NOT_EVALUATED,,,,,,,,NOT_EVALUATED,NOT_EVALUATED,NOT_EVALUATED,NOT_EVALUATED,AVIONICS_SIZING,DATABASE_LIMITATION,COMPONENT_DATABASE_LIMITATION: Required communication range (85.70 km) exceeds the maximum range available in the telemetry catalog (80.00 km).,"Status: COMPONENT_DATABASE_LIMITATION, Warnings: 0, Iterations: 0",3.19,0,False
2839,AGRICULTURE,4.49,75.5,68.4,107.3,CATAPULT,RUNWAY,MOUNTAIN,13253.43,True,FAILED,NOT_EVALUATED,Conventional,,,NOT_EVALUATED,,,,,,,,,,,,,,,,,,,,,,,NOT_EVALUATED,,,,,,,,NOT_EVALUATED,NOT_EVALUATED,NOT_EVALUATED,NOT_EVALUATED,CONVERGENCE,PROPULSION_FAILURE,Subsystem execution failed with exception: PropulsionOptimizer failed: PropulsionOptimizer failed: No feasible design candidates found.; Convergence failed: Subsystem execution failed with exception: PropulsionOptimizer failed: PropulsionOptimizer failed: No feasible design candidates found.,"Status: PROPULSION_INFEASIBLE, Warnings: 0, Iterations: 0",3756.54,0,False
2846,SECURITY,1.17,94.9,146.9,100.9,CATAPULT,PARACHUTE,MOUNTAIN,37537.12,True,FAILED,NOT_EVALUATED,Conventional,,,NOT_EVALUATED,,,,,,,,,,,,,,,,,,,,,,,NOT_EVALUATED,,,,,,,,NOT_EVALUATED,NOT_EVALUATED,NOT_EVALUATED,NOT_EVALUATED,FUSELAGE_SIZING,SIZING_FAILURE,"Sized fuselage width (0.17 m) exceeds wing root chord (0.15 m), which causes extreme aerodynamic blockage and drag. Select a more slender fuselage profile.","Status: SIZING_INFEASIBLE, Warnings: 0, Iterations: 0",3.28,0,False
2848,RESEARCH,3.7,85.0,46.3,104.0,RUNWAY,BELLY_LANDING,DESERT,35032.96,True,FAILED,NOT_EVALUATED,Conventional,,,NOT_EVALUATED,,,,,,,,,,,,,,,,,,,,,,,NOT_EVALUATED,,,,,,,,NOT_EVALUATED,NOT_EVALUATED,NOT_EVALUATED,NOT_EVALUATED,AVIONICS_SIZING,DATABASE_LIMITATION,COMPONENT_DATABASE_LIMITATION: Required communication range (85.00 km) exceeds the maximum range available in the telemetry catalog (80.00 km).,"Status: COMPONENT_DATABASE_LIMITATION, Warnings: 0, Iterations: 0",4.28,0,False
2853,MAPPING,15.8,57.7,36.5,41.5,RUNWAY,RUNWAY,DESERT,34087.09,True,INVALID_INPUT,NOT_EVALUATED,Conventional,,,NOT_EVALUATED,,,,,,,,,,,,,,,,,,,,,,,NOT_EVALUATED,,,,,,,,NOT_EVALUATED,NOT_EVALUATED,NOT_EVALUATED,NOT_EVALUATED,MISSION_TRANSLATION,INVALID_REQUIREMENTS,Stall speed target (45.0 km/h) must be less than cruise speed (41.5 km/h); Mission range (57.7 km) is physically inconsistent with cruise speed (41.5 km/h) and flight time (36.5 min). Max theoretical range is 25.2 km.,"Status: INVALID_REQUIREMENTS, Warnings: 0, Iterations: 0",0.38,0,False
2862,AGRICULTURE,2.28,100.9,47.6,71.8,RUNWAY,NET_RECOVERY,MOUNTAIN,29441.62,True,INVALID_INPUT,NOT_EVALUATED,Conventional,,,NOT_EVALUATED,,,,,,,,,,,,,,,,,,,,,,,NOT_EVALUATED,,,,,,,,NOT_EVALUATED,NOT_EVALUATED,NOT_EVALUATED,NOT_EVALUATED,MISSION_TRANSLATION,INVALID_REQUIREMENTS,Mission range (100.9 km) is physically inconsistent with cruise speed (71.8 km/h) and flight time (47.6 min). Max theoretical range is 57.0 km.,"Status: INVALID_REQUIREMENTS, Warnings: 0, Iterations: 0",0.35,0,False
2867,AGRICULTURE,24.26,28.5,32.8,71.8,RUNWAY,RUNWAY,DESERT,42452.62,True,EXCEPTION,NOT_EVALUATED,Conventional,,,NOT_EVALUATED,,,,,,,,,,,,,,,,,,,,,,,NOT_EVALUATED,,,,,,,,NOT_EVALUATED,NOT_EVALUATED,NOT_EVALUATED,NOT_EVALUATED,PROPULSION_SIZING,INTERNAL_EXCEPTION,PROPULSION_POWER_LIMIT: Sized power target of 6932.0 W exceeds maximum catalog motor power limit of 3400.0 W.,"Status: INTERNAL_EXCEPTION, Warnings: 0, Iterations: 0",3.52,0,False
2891,CUSTOM,3.96,92.6,145.2,79.5,RUNWAY,NET_RECOVERY,MOUNTAIN,53845.18,True,FAILED,NOT_EVALUATED,Conventional,,,NOT_EVALUATED,,,,,,,,,,,,,,,,,,,,,,,NOT_EVALUATED,,,,,,,,NOT_EVALUATED,NOT_EVALUATED,NOT_EVALUATED,NOT_EVALUATED,AVIONICS_SIZING,DATABASE_LIMITATION,COMPONENT_DATABASE_LIMITATION: Required communication range (92.60 km) exceeds the maximum range available in the telemetry catalog (80.00 km).,"Status: COMPONENT_DATABASE_LIMITATION, Warnings: 0, Iterations: 0",3.89,0,False
2893,DISASTER_RESPONSE,1.22,98.6,59.3,108.6,RUNWAY,RUNWAY,MOUNTAIN,2896.55,True,FAILED,NOT_EVALUATED,Conventional,,,NOT_EVALUATED,,,,,,,,,,,,,,,,,,,,,,,NOT_EVALUATED,,,,,,,,NOT_EVALUATED,NOT_EVALUATED,NOT_EVALUATED,NOT_EVALUATED,AVIONICS_SIZING,DATABASE_LIMITATION,COMPONENT_DATABASE_LIMITATION: Required communication range (98.60 km) exceeds the maximum range available in the telemetry catalog (80.00 km).,"Status: COMPONENT_DATABASE_LIMITATION, Warnings: 0, Iterations: 0",4.46,0,False
2894,TRAINING,4.54,37.9,127.2,90.1,CATAPULT,BELLY_LANDING,FOREST,71383.65,True,FAILED,NOT_EVALUATED,Conventional,,,NOT_EVALUATED,,,,,,,,,,,,,,,,,,,,,,,NOT_EVALUATED,,,,,,,,NOT_EVALUATED,NOT_EVALUATED,NOT_EVALUATED,NOT_EVALUATED,CONVERGENCE,PROPULSION_FAILURE,Subsystem execution failed with exception: PropulsionOptimizer failed: PropulsionOptimizer failed: No feasible design candidates found.; Convergence failed: Subsystem execution failed with exception: PropulsionOptimizer failed: PropulsionOptimizer failed: No feasible design candidates found.,"Status: PROPULSION_INFEASIBLE, Warnings: 0, Iterations: 0",3898.57,0,False
2895,MAPPING,3.84,86.0,135.3,103.8,RUNWAY,PARACHUTE,DESERT,14302.14,True,FAILED,NOT_EVALUATED,Conventional,,,NOT_EVALUATED,,,,,,,,,,,,,,,,,,,,,,,NOT_EVALUATED,,,,,,,,NOT_EVALUATED,NOT_EVALUATED,NOT_EVALUATED,NOT_EVALUATED,AVIONICS_SIZING,DATABASE_LIMITATION,COMPONENT_DATABASE_LIMITATION: Required communication range (86.00 km) exceeds the maximum range available in the telemetry catalog (80.00 km).,"Status: COMPONENT_DATABASE_LIMITATION, Warnings: 0, Iterations: 0",3.05,0,False
2897,CUSTOM,15.38,53.2,47.4,53.0,RUNWAY,RUNWAY,DESERT,52446.02,True,EXCEPTION,NOT_EVALUATED,Conventional,,,NOT_EVALUATED,,,,,,,,,,,,,,,,,,,,,,,NOT_EVALUATED,,,,,,,,NOT_EVALUATED,NOT_EVALUATED,NOT_EVALUATED,NOT_EVALUATED,PROPULSION_SIZING,INTERNAL_EXCEPTION,PROPULSION_POWER_LIMIT: Sized power target of 4257.8 W exceeds maximum catalog motor power limit of 3400.0 W.,"Status: INTERNAL_EXCEPTION, Warnings: 0, Iterations: 0",4.46,0,False
2907,SECURITY,1.12,117.6,137.4,82.7,HAND_LAUNCH,RUNWAY,DESERT,22024.11,True,FAILED,NOT_EVALUATED,Conventional,,,NOT_EVALUATED,,,,,,,,,,,,,,,,,,,,,,,NOT_EVALUATED,,,,,,,,NOT_EVALUATED,NOT_EVALUATED,NOT_EVALUATED,NOT_EVALUATED,FUSELAGE_SIZING,SIZING_FAILURE,"Sized fuselage width (0.16 m) exceeds wing root chord (0.15 m), which causes extreme aerodynamic blockage and drag. Select a more slender fuselage profile.","Status: SIZING_INFEASIBLE, Warnings: 0, Iterations: 0",3.06,0,False
2908,DISASTER_RESPONSE,3.5,86.5,110.2,58.8,CATAPULT,RUNWAY,FOREST,60772.73,True,FAILED,NOT_EVALUATED,Conventional,,,NOT_EVALUATED,,,,,,,,,,,,,,,,,,,,,,,NOT_EVALUATED,,,,,,,,NOT_EVALUATED,NOT_EVALUATED,NOT_EVALUATED,NOT_EVALUATED,AVIONICS_SIZING,DATABASE_LIMITATION,COMPONENT_DATABASE_LIMITATION: Required communication range (86.50 km) exceeds the maximum range available in the telemetry catalog (80.00 km).,"Status: COMPONENT_DATABASE_LIMITATION, Warnings: 0, Iterations: 0",2.78,0,False
2911,DELIVERY,4.24,83.0,64.3,96.9,CATAPULT,RUNWAY,MOUNTAIN,13300.28,True,FAILED,NOT_EVALUATED,Conventional,,,NOT_EVALUATED,,,,,,,,,,,,,,,,,,,,,,,NOT_EVALUATED,,,,,,,,NOT_EVALUATED,NOT_EVALUATED,NOT_EVALUATED,NOT_EVALUATED,AVIONICS_SIZING,DATABASE_LIMITATION,COMPONENT_DATABASE_LIMITATION: Required communication range (83.00 km) exceeds the maximum range available in the telemetry catalog (80.00 km).,"Status: COMPONENT_DATABASE_LIMITATION, Warnings: 0, Iterations: 0",3.05,0,False
2916,SURVEY,3.51,118.8,58.6,53.5,CATAPULT,RUNWAY,RURAL,73235.76,True,INVALID_INPUT,NOT_EVALUATED,Conventional,,,NOT_EVALUATED,,,,,,,,,,,,,,,,,,,,,,,NOT_EVALUATED,,,,,,,,NOT_EVALUATED,NOT_EVALUATED,NOT_EVALUATED,NOT_EVALUATED,MISSION_TRANSLATION,INVALID_REQUIREMENTS,Mission range (118.8 km) is physically inconsistent with cruise speed (53.5 km/h) and flight time (58.6 min). Max theoretical range is 52.3 km.,"Status: INVALID_REQUIREMENTS, Warnings: 0, Iterations: 0",0.23,0,False
2918,DISASTER_RESPONSE,4.87,46.2,136.5,106.2,HAND_LAUNCH,BELLY_LANDING,FOREST,54917.01,True,FAILED,NOT_EVALUATED,Conventional,,,NOT_EVALUATED,,,,,,,,,,,,,,,,,,,,,,,NOT_EVALUATED,,,,,,,,NOT_EVALUATED,NOT_EVALUATED,NOT_EVALUATED,NOT_EVALUATED,CONVERGENCE,PROPULSION_FAILURE,Subsystem execution failed with exception: PropulsionOptimizer failed: PropulsionOptimizer failed: No feasible design candidates found.; Convergence failed: Subsystem execution failed with exception: PropulsionOptimizer failed: PropulsionOptimizer failed: No feasible design candidates found.,"Status: PROPULSION_INFEASIBLE, Warnings: 0, Iterations: 0",4004.22,0,False
2919,SURVEY,1.06,82.8,149.5,87.8,RUNWAY,BELLY_LANDING,FOREST,26867.08,True,FAILED,NOT_EVALUATED,Conventional,,,NOT_EVALUATED,,,,,,,,,,,,,,,,,,,,,,,NOT_EVALUATED,,,,,,,,NOT_EVALUATED,NOT_EVALUATED,NOT_EVALUATED,NOT_EVALUATED,AVIONICS_SIZING,DATABASE_LIMITATION,COMPONENT_DATABASE_LIMITATION: Required communication range (82.80 km) exceeds the maximum range available in the telemetry catalog (80.00 km).,"Status: COMPONENT_DATABASE_LIMITATION, Warnings: 0, Iterations: 0",3.13,0,False
2930,SECURITY,3.52,84.9,145.4,92.1,HAND_LAUNCH,BELLY_LANDING,MOUNTAIN,16388.59,True,FAILED,NOT_EVALUATED,Conventional,,,NOT_EVALUATED,,,,,,,,,,,,,,,,,,,,,,,NOT_EVALUATED,,,,,,,,NOT_EVALUATED,NOT_EVALUATED,NOT_EVALUATED,NOT_EVALUATED,FUSELAGE_SIZING,SIZING_FAILURE,"Sized fuselage width (0.29 m) exceeds wing root chord (0.26 m), which causes extreme aerodynamic blockage and drag. Select a more slender fuselage profile.","Status: SIZING_INFEASIBLE, Warnings: 0, Iterations: 0",3.84,0,False
2936,SURVEY,3.73,62.2,64.8,70.8,CATAPULT,RUNWAY,RURAL,28034.67,True,FAILED,NOT_EVALUATED,Conventional,,,NOT_EVALUATED,,,,,,,,,,,,,,,,,,,,,,,NOT_EVALUATED,,,,,,,,NOT_EVALUATED,NOT_EVALUATED,NOT_EVALUATED,NOT_EVALUATED,CONVERGENCE,PROPULSION_FAILURE,Subsystem execution failed with exception: PropulsionOptimizer failed: PropulsionOptimizer failed: No feasible design candidates found.; Convergence failed: Subsystem execution failed with exception: PropulsionOptimizer failed: PropulsionOptimizer failed: No feasible design candidates found.,"Status: PROPULSION_INFEASIBLE, Warnings: 0, Iterations: 0",3968.96,0,False
2937,CUSTOM,1.05,91.5,47.3,94.9,RUNWAY,PARACHUTE,MOUNTAIN,71229.44,True,FAILED,NOT_EVALUATED,Conventional,,,NOT_EVALUATED,,,,,,,,,,,,,,,,,,,,,,,NOT_EVALUATED,,,,,,,,NOT_EVALUATED,NOT_EVALUATED,NOT_EVALUATED,NOT_EVALUATED,AVIONICS_SIZING,DATABASE_LIMITATION,COMPONENT_DATABASE_LIMITATION: Required communication range (91.50 km) exceeds the maximum range available in the telemetry catalog (80.00 km).,"Status: COMPONENT_DATABASE_LIMITATION, Warnings: 0, Iterations: 0",6.78,0,False
2953,CUSTOM,4.0,106.7,106.7,93.8,CATAPULT,NET_RECOVERY,DESERT,15309.37,True,FAILED,NOT_EVALUATED,Conventional,,,NOT_EVALUATED,,,,,,,,,,,,,,,,,,,,,,,NOT_EVALUATED,,,,,,,,NOT_EVALUATED,NOT_EVALUATED,NOT_EVALUATED,NOT_EVALUATED,AVIONICS_SIZING,DATABASE_LIMITATION,COMPONENT_DATABASE_LIMITATION: Required communication range (106.70 km) exceeds the maximum range available in the telemetry catalog (80.00 km).,"Status: COMPONENT_DATABASE_LIMITATION, Warnings: 0, Iterations: 0",2.89,0,False
2956,SECURITY,4.53,48.0,142.8,103.2,HAND_LAUNCH,PARACHUTE,DESERT,7044.82,True,FAILED,NOT_EVALUATED,Conventional,,,NOT_EVALUATED,,,,,,,,,,,,,,,,,,,,,,,NOT_EVALUATED,,,,,,,,NOT_EVALUATED,NOT_EVALUATED,NOT_EVALUATED,NOT_EVALUATED,FUSELAGE_SIZING,SIZING_FAILURE,"Sized fuselage width (0.33 m) exceeds wing root chord (0.29 m), which causes extreme aerodynamic blockage and drag. Select a more slender fuselage profile.","Status: SIZING_INFEASIBLE, Warnings: 0, Iterations: 0",3.38,0,False
2957,SECURITY,4.46,29.2,85.1,94.4,RUNWAY,RUNWAY,DESERT,39909.27,True,FAILED,NOT_EVALUATED,Conventional,,,NOT_EVALUATED,,,,,,,,,,,,,,,,,,,,,,,NOT_EVALUATED,,,,,,,,NOT_EVALUATED,NOT_EVALUATED,NOT_EVALUATED,NOT_EVALUATED,FUSELAGE_SIZING,SIZING_FAILURE,"Sized fuselage width (0.33 m) exceeds wing root chord (0.29 m), which causes extreme aerodynamic blockage and drag. Select a more slender fuselage profile.","Status: SIZING_INFEASIBLE, Warnings: 0, Iterations: 0",4.64,0,False
2970,SURVEY,1.83,114.8,92.9,90.7,CATAPULT,NET_RECOVERY,RURAL,63593.44,True,FAILED,NOT_EVALUATED,Conventional,,,NOT_EVALUATED,,,,,,,,,,,,,,,,,,,,,,,NOT_EVALUATED,,,,,,,,NOT_EVALUATED,NOT_EVALUATED,NOT_EVALUATED,NOT_EVALUATED,AVIONICS_SIZING,DATABASE_LIMITATION,COMPONENT_DATABASE_LIMITATION: Required communication range (114.80 km) exceeds the maximum range available in the telemetry catalog (80.00 km).,"Status: COMPONENT_DATABASE_LIMITATION, Warnings: 0, Iterations: 0",7.52,0,False
2974,AGRICULTURE,4.88,84.6,124.0,103.3,HAND_LAUNCH,BELLY_LANDING,DESERT,47515.12,True,FAILED,NOT_EVALUATED,Conventional,,,NOT_EVALUATED,,,,,,,,,,,,,,,,,,,,,,,NOT_EVALUATED,,,,,,,,NOT_EVALUATED,NOT_EVALUATED,NOT_EVALUATED,NOT_EVALUATED,AVIONICS_SIZING,DATABASE_LIMITATION,COMPONENT_DATABASE_LIMITATION: Required communication range (84.60 km) exceeds the maximum range available in the telemetry catalog (80.00 km).,"Status: COMPONENT_DATABASE_LIMITATION, Warnings: 0, Iterations: 0",3.33,0,False
2975,SECURITY,3.31,40.1,136.1,102.4,RUNWAY,RUNWAY,RURAL,4360.88,True,FAILED,NOT_EVALUATED,Conventional,,,NOT_EVALUATED,,,,,,,,,,,,,,,,,,,,,,,NOT_EVALUATED,,,,,,,,NOT_EVALUATED,NOT_EVALUATED,NOT_EVALUATED,NOT_EVALUATED,FUSELAGE_SIZING,SIZING_FAILURE,"Sized fuselage width (0.28 m) exceeds wing root chord (0.25 m), which causes extreme aerodynamic blockage and drag. Select a more slender fuselage profile.","Status: SIZING_INFEASIBLE, Warnings: 0, Iterations: 0",7.33,0,False
2980,TRAINING,3.37,56.7,145.7,78.1,HAND_LAUNCH,PARACHUTE,FOREST,55862.03,True,FAILED,NOT_EVALUATED,Conventional,,,NOT_EVALUATED,,,,,,,,,,,,,,,,,,,,,,,NOT_EVALUATED,,,,,,,,NOT_EVALUATED,NOT_EVALUATED,NOT_EVALUATED,NOT_EVALUATED,CONVERGENCE,PROPULSION_FAILURE,Subsystem execution failed with exception: PropulsionOptimizer failed: PropulsionOptimizer failed: No feasible design candidates found.; Convergence failed: Subsystem execution failed with exception: PropulsionOptimizer failed: PropulsionOptimizer failed: No feasible design candidates found.,"Status: PROPULSION_INFEASIBLE, Warnings: 0, Iterations: 0",3917.4,0,False
2985,TRAINING,3.7,49.1,94.0,52.0,HAND_LAUNCH,BELLY_LANDING,MOUNTAIN,38591.61,True,FAILED,NOT_EVALUATED,Conventional,,,NOT_EVALUATED,,,,,,,,,,,,,,,,,,,,,,,NOT_EVALUATED,,,,,,,,NOT_EVALUATED,NOT_EVALUATED,NOT_EVALUATED,NOT_EVALUATED,PERFORMANCE_SIZING,PERFORMANCE_FAILURE,"Cruise speed (52.0 kmh) is below the minimum safe cruise speed boundary (52.4 kmh, representing a 20.0% safety margin above clean stall).","Status: PERFORMANCE_INFEASIBLE, Warnings: 0, Iterations: 0",3.73,0,False
3011,SECURITY,2.64,32.1,87.3,72.5,CATAPULT,BELLY_LANDING,RURAL,72336.07,True,FAILED,NOT_EVALUATED,Conventional,,,NOT_EVALUATED,,,,,,,,,,,,,,,,,,,,,,,NOT_EVALUATED,,,,,,,,NOT_EVALUATED,NOT_EVALUATED,NOT_EVALUATED,NOT_EVALUATED,FUSELAGE_SIZING,SIZING_FAILURE,"Sized fuselage width (0.25 m) exceeds wing root chord (0.22 m), which causes extreme aerodynamic blockage and drag. Select a more slender fuselage profile.","Status: SIZING_INFEASIBLE, Warnings: 0, Iterations: 0",3.38,0,False
3012,MILITARY,2.66,41.3,136.3,86.2,RUNWAY,NET_RECOVERY,DESERT,79958.36,True,FAILED,NOT_EVALUATED,Conventional,,,NOT_EVALUATED,,,,,,,,,,,,,,,,,,,,,,,NOT_EVALUATED,,,,,,,,NOT_EVALUATED,NOT_EVALUATED,NOT_EVALUATED,NOT_EVALUATED,FUSELAGE_SIZING,SIZING_FAILURE,"Sized fuselage width (0.25 m) exceeds wing root chord (0.22 m), which causes extreme aerodynamic blockage and drag. Select a more slender fuselage profile.","Status: SIZING_INFEASIBLE, Warnings: 0, Iterations: 0",27.34,0,False
3023,RESEARCH,2.01,32.6,52.1,81.1,CATAPULT,BELLY_LANDING,MOUNTAIN,32449.23,True,FAILED,NOT_EVALUATED,Conventional,,,NOT_EVALUATED,,,,,,,,,,,,,,,,,,,,,,,NOT_EVALUATED,,,,,,,,NOT_EVALUATED,NOT_EVALUATED,NOT_EVALUATED,NOT_EVALUATED,CONVERGENCE,PROPULSION_FAILURE,Subsystem execution failed with exception: PropulsionOptimizer failed: PropulsionOptimizer failed: No feasible design candidates found.; Convergence failed: Subsystem execution failed with exception: PropulsionOptimizer failed: PropulsionOptimizer failed: No feasible design candidates found.,"Status: PROPULSION_INFEASIBLE, Warnings: 0, Iterations: 1",7874.35,1,False
3025,MAPPING,3.82,63.8,105.9,88.4,CATAPULT,NET_RECOVERY,RURAL,6553.98,True,FAILED,NOT_EVALUATED,Conventional,,,NOT_EVALUATED,,,,,,,,,,,,,,,,,,,,,,,NOT_EVALUATED,,,,,,,,NOT_EVALUATED,NOT_EVALUATED,NOT_EVALUATED,NOT_EVALUATED,CONVERGENCE,PROPULSION_FAILURE,Subsystem execution failed with exception: PropulsionOptimizer failed: PropulsionOptimizer failed: No feasible design candidates found.; Convergence failed: Subsystem execution failed with exception: PropulsionOptimizer failed: PropulsionOptimizer failed: No feasible design candidates found.,"Status: PROPULSION_INFEASIBLE, Warnings: 0, Iterations: 0",3929.48,0,False
3026,DELIVERY,3.63,56.3,64.7,75.1,RUNWAY,BELLY_LANDING,DESERT,38591.44,True,FAILED,NOT_EVALUATED,Conventional,,,NOT_EVALUATED,,,,,,,,,,,,,,,,,,,,,,,NOT_EVALUATED,,,,,,,,NOT_EVALUATED,NOT_EVALUATED,NOT_EVALUATED,NOT_EVALUATED,CONVERGENCE,PROPULSION_FAILURE,Subsystem execution failed with exception: PropulsionOptimizer failed: PropulsionOptimizer failed: No feasible design candidates found.; Convergence failed: Subsystem execution failed with exception: PropulsionOptimizer failed: PropulsionOptimizer failed: No feasible design candidates found.,"Status: PROPULSION_INFEASIBLE, Warnings: 0, Iterations: 0",3945.62,0,False
3030,CUSTOM,3.85,115.6,113.7,87.8,CATAPULT,NET_RECOVERY,RURAL,32278.78,True,FAILED,NOT_EVALUATED,Conventional,,,NOT_EVALUATED,,,,,,,,,,,,,,,,,,,,,,,NOT_EVALUATED,,,,,,,,NOT_EVALUATED,NOT_EVALUATED,NOT_EVALUATED,NOT_EVALUATED,AVIONICS_SIZING,DATABASE_LIMITATION,COMPONENT_DATABASE_LIMITATION: Required communication range (115.60 km) exceeds the maximum range available in the telemetry catalog (80.00 km).,"Status: COMPONENT_DATABASE_LIMITATION, Warnings: 0, Iterations: 0",5.3,0,False
3032,MILITARY,20.82,47.4,67.3,82.3,RUNWAY,RUNWAY,DESERT,10030.87,True,FAILED,NOT_EVALUATED,Conventional,,,NOT_EVALUATED,,,,,,,,,,,,,,,,,,,,,,,NOT_EVALUATED,,,,,,,,NOT_EVALUATED,NOT_EVALUATED,NOT_EVALUATED,NOT_EVALUATED,FUSELAGE_SIZING,SIZING_FAILURE,"Sized fuselage width (0.71 m) exceeds wing root chord (0.63 m), which causes extreme aerodynamic blockage and drag. Select a more slender fuselage profile.","Status: SIZING_INFEASIBLE, Warnings: 0, Iterations: 0",3.62,0,False
3035,MILITARY,3.25,64.3,95.1,86.5,CATAPULT,PARACHUTE,MOUNTAIN,48178.36,True,FAILED,NOT_EVALUATED,Conventional,,,NOT_EVALUATED,,,,,,,,,,,,,,,,,,,,,,,NOT_EVALUATED,,,,,,,,NOT_EVALUATED,NOT_EVALUATED,NOT_EVALUATED,NOT_EVALUATED,FUSELAGE_SIZING,SIZING_FAILURE,"Sized fuselage width (0.28 m) exceeds wing root chord (0.25 m), which causes extreme aerodynamic blockage and drag. Select a more slender fuselage profile.","Status: SIZING_INFEASIBLE, Warnings: 0, Iterations: 0",3.24,0,False
3063,CUSTOM,1.87,81.5,108.2,87.5,CATAPULT,PARACHUTE,FOREST,7236.79,True,FAILED,NOT_EVALUATED,Conventional,,,NOT_EVALUATED,,,,,,,,,,,,,,,,,,,,,,,NOT_EVALUATED,,,,,,,,NOT_EVALUATED,NOT_EVALUATED,NOT_EVALUATED,NOT_EVALUATED,AVIONICS_SIZING,DATABASE_LIMITATION,COMPONENT_DATABASE_LIMITATION: Required communication range (81.50 km) exceeds the maximum range available in the telemetry catalog (80.00 km).,"Status: COMPONENT_DATABASE_LIMITATION, Warnings: 0, Iterations: 0",5.37,0,False
3072,TRAINING,1.94,79.7,98.8,81.3,RUNWAY,NET_RECOVERY,MOUNTAIN,31143.11,True,EXCEPTION,NOT_EVALUATED,Conventional,,,NOT_EVALUATED,,,,,,,,,,,,,,,,,,,,,,,NOT_EVALUATED,,,,,,,,NOT_EVALUATED,NOT_EVALUATED,NOT_EVALUATED,NOT_EVALUATED,CONVERGENCE,INTERNAL_EXCEPTION,Design compliance score (76.0%) is below the minimum required safety compliance boundary (85.0%).,"Status: INTERNAL_EXCEPTION, Warnings: 0, Iterations: 5",20302.04,5,False
3077,DELIVERY,1.42,89.9,82.9,104.3,HAND_LAUNCH,NET_RECOVERY,FOREST,15328.68,True,FAILED,NOT_EVALUATED,Conventional,,,NOT_EVALUATED,,,,,,,,,,,,,,,,,,,,,,,NOT_EVALUATED,,,,,,,,NOT_EVALUATED,NOT_EVALUATED,NOT_EVALUATED,NOT_EVALUATED,PROPULSION_SIZING,DATABASE_LIMITATION,"COMPONENT_DATABASE_LIMITATION: Lightest available component of type 'Cargo' in database weighs 2.00 kg, which exceeds the maximum allowed structural payload limit of 1.49 kg.","Status: COMPONENT_DATABASE_LIMITATION, Warnings: 0, Iterations: 0",2.62,0,False
3078,DISASTER_RESPONSE,2.3,49.8,105.4,74.5,RUNWAY,BELLY_LANDING,FOREST,31139.67,True,EXCEPTION,NOT_EVALUATED,Conventional,,,NOT_EVALUATED,,,,,,,,,,,,,,,,,,,,,,,NOT_EVALUATED,,,,,,,,NOT_EVALUATED,NOT_EVALUATED,NOT_EVALUATED,NOT_EVALUATED,CONVERGENCE,INTERNAL_EXCEPTION,Design compliance score (76.0%) is below the minimum required safety compliance boundary (85.0%).,"Status: INTERNAL_EXCEPTION, Warnings: 0, Iterations: 4",16407.61,4,False
3086,MAPPING,4.02,74.5,145.3,81.7,CATAPULT,PARACHUTE,RURAL,11630.3,True,FAILED,NOT_EVALUATED,Conventional,,,NOT_EVALUATED,,,,,,,,,,,,,,,,,,,,,,,NOT_EVALUATED,,,,,,,,NOT_EVALUATED,NOT_EVALUATED,NOT_EVALUATED,NOT_EVALUATED,CONVERGENCE,PROPULSION_FAILURE,Subsystem execution failed with exception: PropulsionOptimizer failed: PropulsionOptimizer failed: No feasible design candidates found.; Convergence failed: Subsystem execution failed with exception: PropulsionOptimizer failed: PropulsionOptimizer failed: No feasible design candidates found.,"Status: PROPULSION_INFEASIBLE, Warnings: 0, Iterations: 0",3849.45,0,False
3101,CUSTOM,3.19,69.0,114.1,76.8,HAND_LAUNCH,NET_RECOVERY,MOUNTAIN,42342.79,True,FAILED,NOT_EVALUATED,Conventional,,,NOT_EVALUATED,,,,,,,,,,,,,,,,,,,,,,,NOT_EVALUATED,,,,,,,,NOT_EVALUATED,NOT_EVALUATED,NOT_EVALUATED,NOT_EVALUATED,CONVERGENCE,PROPULSION_FAILURE,Subsystem execution failed with exception: PropulsionOptimizer failed: PropulsionOptimizer failed: No feasible design candidates found.; Convergence failed: Subsystem execution failed with exception: PropulsionOptimizer failed: PropulsionOptimizer failed: No feasible design candidates found.,"Status: PROPULSION_INFEASIBLE, Warnings: 0, Iterations: 0",3739.52,0,False
3115,DISASTER_RESPONSE,2.16,89.4,99.4,105.3,HAND_LAUNCH,RUNWAY,FOREST,45462.63,True,FAILED,NOT_EVALUATED,Conventional,,,NOT_EVALUATED,,,,,,,,,,,,,,,,,,,,,,,NOT_EVALUATED,,,,,,,,NOT_EVALUATED,NOT_EVALUATED,NOT_EVALUATED,NOT_EVALUATED,AVIONICS_SIZING,DATABASE_LIMITATION,COMPONENT_DATABASE_LIMITATION: Required communication range (89.40 km) exceeds the maximum range available in the telemetry catalog (80.00 km).,"Status: COMPONENT_DATABASE_LIMITATION, Warnings: 0, Iterations: 0",3.85,0,False
3120,TRAINING,2.9,73.8,98.1,54.1,RUNWAY,NET_RECOVERY,FOREST,62380.06,True,FAILED,NOT_EVALUATED,Conventional,,,NOT_EVALUATED,,,,,,,,,,,,,,,,,,,,,,,NOT_EVALUATED,,,,,,,,NOT_EVALUATED,NOT_EVALUATED,NOT_EVALUATED,NOT_EVALUATED,PERFORMANCE_SIZING,PERFORMANCE_FAILURE,"Cruise speed (54.1 kmh) is below the minimum safe cruise speed boundary (55.3 kmh, representing a 20.0% safety margin above clean stall).","Status: PERFORMANCE_INFEASIBLE, Warnings: 0, Iterations: 0",4.08,0,False
3122,AGRICULTURE,24.91,10.6,81.4,89.0,RUNWAY,RUNWAY,RURAL,28519.01,True,EXCEPTION,NOT_EVALUATED,Conventional,,,NOT_EVALUATED,,,,,,,,,,,,,,,,,,,,,,,NOT_EVALUATED,,,,,,,,NOT_EVALUATED,NOT_EVALUATED,NOT_EVALUATED,NOT_EVALUATED,PROPULSION_SIZING,INTERNAL_EXCEPTION,PROPULSION_POWER_LIMIT: Sized power target of 7117.7 W exceeds maximum catalog motor power limit of 3400.0 W.,"Status: INTERNAL_EXCEPTION, Warnings: 0, Iterations: 0",3.12,0,False
3126,MAPPING,23.02,39.9,80.8,53.5,RUNWAY,RUNWAY,DESERT,10555.07,True,EXCEPTION,NOT_EVALUATED,Conventional,,,NOT_EVALUATED,,,,,,,,,,,,,,,,,,,,,,,NOT_EVALUATED,,,,,,,,NOT_EVALUATED,NOT_EVALUATED,NOT_EVALUATED,NOT_EVALUATED,PROPULSION_SIZING,INTERNAL_EXCEPTION,PROPULSION_POWER_LIMIT: Sized power target of 6372.9 W exceeds maximum catalog motor power limit of 3400.0 W.,"Status: INTERNAL_EXCEPTION, Warnings: 0, Iterations: 0",4.65,0,False
3136,AGRICULTURE,8.29,46.5,31.6,62.1,RUNWAY,RUNWAY,RURAL,53037.07,True,EXCEPTION,NOT_EVALUATED,Conventional,,,NOT_EVALUATED,,,,,,,,,,,,,,,,,,,,,,,NOT_EVALUATED,,,,,,,,NOT_EVALUATED,NOT_EVALUATED,NOT_EVALUATED,NOT_EVALUATED,PERFORMANCE_SIZING,INTERNAL_EXCEPTION,Sized maximum flight range (38.5 km) is below mission range requirement (46.5 km).,"Status: INTERNAL_EXCEPTION, Warnings: 0, Iterations: 0",3.68,0,False
3150,CUSTOM,2.94,54.0,106.2,72.3,CATAPULT,PARACHUTE,MOUNTAIN,76096.67,True,FAILED,NOT_EVALUATED,Conventional,,,NOT_EVALUATED,,,,,,,,,,,,,,,,,,,,,,,NOT_EVALUATED,,,,,,,,NOT_EVALUATED,NOT_EVALUATED,NOT_EVALUATED,NOT_EVALUATED,CONVERGENCE,PROPULSION_FAILURE,Subsystem execution failed with exception: PropulsionOptimizer failed: PropulsionOptimizer failed: No feasible design candidates found.; Convergence failed: Subsystem execution failed with exception: PropulsionOptimizer failed: PropulsionOptimizer failed: No feasible design candidates found.,"Status: PROPULSION_INFEASIBLE, Warnings: 0, Iterations: 0",4002.66,0,False
3151,MILITARY,4.99,76.0,86.7,83.2,CATAPULT,PARACHUTE,FOREST,75040.34,True,FAILED,NOT_EVALUATED,Conventional,,,NOT_EVALUATED,,,,,,,,,,,,,,,,,,,,,,,NOT_EVALUATED,,,,,,,,NOT_EVALUATED,NOT_EVALUATED,NOT_EVALUATED,NOT_EVALUATED,FUSELAGE_SIZING,SIZING_FAILURE,"Sized fuselage width (0.35 m) exceeds wing root chord (0.31 m), which causes extreme aerodynamic blockage and drag. Select a more slender fuselage profile.","Status: SIZING_INFEASIBLE, Warnings: 0, Iterations: 0",5.63,0,False
3154,DISASTER_RESPONSE,1.38,60.8,56.2,75.2,RUNWAY,RUNWAY,DESERT,35427.71,True,FAILED,NOT_EVALUATED,Conventional,,,NOT_EVALUATED,,,,,,,,,,,,,,,,,,,,,,,NOT_EVALUATED,,,,,,,,NOT_EVALUATED,NOT_EVALUATED,NOT_EVALUATED,NOT_EVALUATED,VERIFICATION,VERIFICATION_FAILURE,Aircraft design failed verification compliance checks.; Aircraft design failed verification compliance checks.,"Status: VERIFICATION_FAILED, Warnings: 0, Iterations: 6",24989.19,6,True
3155,TRAINING,20.91,67.9,39.1,42.9,RUNWAY,RUNWAY,RURAL,45961.69,True,INVALID_INPUT,NOT_EVALUATED,Conventional,,,NOT_EVALUATED,,,,,,,,,,,,,,,,,,,,,,,NOT_EVALUATED,,,,,,,,NOT_EVALUATED,NOT_EVALUATED,NOT_EVALUATED,NOT_EVALUATED,MISSION_TRANSLATION,INVALID_REQUIREMENTS,Stall speed target (45.0 km/h) must be less than cruise speed (42.9 km/h); Mission range (67.9 km) is physically inconsistent with cruise speed (42.9 km/h) and flight time (39.1 min). Max theoretical range is 28.0 km.,"Status: INVALID_REQUIREMENTS, Warnings: 0, Iterations: 0",0.55,0,False
3157,CUSTOM,4.52,53.7,125.9,55.7,HAND_LAUNCH,RUNWAY,RURAL,17147.18,True,FAILED,NOT_EVALUATED,Conventional,,,NOT_EVALUATED,,,,,,,,,,,,,,,,,,,,,,,NOT_EVALUATED,,,,,,,,NOT_EVALUATED,NOT_EVALUATED,NOT_EVALUATED,NOT_EVALUATED,CONVERGENCE,PROPULSION_FAILURE,Subsystem execution failed with exception: PropulsionOptimizer failed: PropulsionOptimizer failed: No feasible design candidates found.; Convergence failed: Subsystem execution failed with exception: PropulsionOptimizer failed: PropulsionOptimizer failed: No feasible design candidates found.,"Status: PROPULSION_INFEASIBLE, Warnings: 0, Iterations: 0",4128.18,0,False
3159,MILITARY,2.58,63.3,53.3,107.8,HAND_LAUNCH,PARACHUTE,DESERT,42642.51,True,FAILED,NOT_EVALUATED,Conventional,,,NOT_EVALUATED,,,,,,,,,,,,,,,,,,,,,,,NOT_EVALUATED,,,,,,,,NOT_EVALUATED,NOT_EVALUATED,NOT_EVALUATED,NOT_EVALUATED,FUSELAGE_SIZING,SIZING_FAILURE,"Sized fuselage width (0.25 m) exceeds wing root chord (0.22 m), which causes extreme aerodynamic blockage and drag. Select a more slender fuselage profile.","Status: SIZING_INFEASIBLE, Warnings: 0, Iterations: 0",4.03,0,False
3162,SECURITY,3.37,117.0,84.0,109.8,RUNWAY,PARACHUTE,DESERT,52230.1,True,FAILED,NOT_EVALUATED,Conventional,,,NOT_EVALUATED,,,,,,,,,,,,,,,,,,,,,,,NOT_EVALUATED,,,,,,,,NOT_EVALUATED,NOT_EVALUATED,NOT_EVALUATED,NOT_EVALUATED,FUSELAGE_SIZING,SIZING_FAILURE,"Sized fuselage width (0.28 m) exceeds wing root chord (0.25 m), which causes extreme aerodynamic blockage and drag. Select a more slender fuselage profile.","Status: SIZING_INFEASIBLE, Warnings: 0, Iterations: 0",6.99,0,False
3165,MAPPING,23.31,28.6,46.8,63.3,RUNWAY,RUNWAY,MOUNTAIN,45553.36,True,EXCEPTION,NOT_EVALUATED,Conventional,,,NOT_EVALUATED,,,,,,,,,,,,,,,,,,,,,,,NOT_EVALUATED,,,,,,,,NOT_EVALUATED,NOT_EVALUATED,NOT_EVALUATED,NOT_EVALUATED,PROPULSION_SIZING,INTERNAL_EXCEPTION,PROPULSION_POWER_LIMIT: Sized power target of 6453.2 W exceeds maximum catalog motor power limit of 3400.0 W.,"Status: INTERNAL_EXCEPTION, Warnings: 0, Iterations: 0",3.62,0,False
3168,MAPPING,2.65,65.9,63.7,103.9,CATAPULT,RUNWAY,MOUNTAIN,61109.47,True,FAILED,NOT_EVALUATED,Conventional,,,NOT_EVALUATED,,,,,,,,,,,,,,,,,,,,,,,NOT_EVALUATED,,,,,,,,NOT_EVALUATED,NOT_EVALUATED,NOT_EVALUATED,NOT_EVALUATED,CONVERGENCE,PROPULSION_FAILURE,Subsystem execution failed with exception: PropulsionOptimizer failed: PropulsionOptimizer failed: No feasible design candidates found.; Convergence failed: Subsystem execution failed with exception: PropulsionOptimizer failed: PropulsionOptimizer failed: No feasible design candidates found.,"Status: PROPULSION_INFEASIBLE, Warnings: 0, Iterations: 1",8077.57,1,False
3176,CUSTOM,21.73,77.5,63.9,41.5,RUNWAY,RUNWAY,DESERT,49130.58,True,INVALID_INPUT,NOT_EVALUATED,Conventional,,,NOT_EVALUATED,,,,,,,,,,,,,,,,,,,,,,,NOT_EVALUATED,,,,,,,,NOT_EVALUATED,NOT_EVALUATED,NOT_EVALUATED,NOT_EVALUATED,MISSION_TRANSLATION,INVALID_REQUIREMENTS,Stall speed target (45.0 km/h) must be less than cruise speed (41.5 km/h); Mission range (77.5 km) is physically inconsistent with cruise speed (41.5 km/h) and flight time (63.9 min). Max theoretical range is 44.2 km.,"Status: INVALID_REQUIREMENTS, Warnings: 0, Iterations: 0",0.38,0,False
3179,SURVEY,1.18,46.2,144.8,92.4,RUNWAY,BELLY_LANDING,MOUNTAIN,10241.45,True,FAILED,NOT_EVALUATED,Conventional,,,NOT_EVALUATED,,,,,,,,,,,,,,,,,,,,,,,NOT_EVALUATED,,,,,,,,NOT_EVALUATED,NOT_EVALUATED,NOT_EVALUATED,NOT_EVALUATED,VERIFICATION,VERIFICATION_FAILURE,Aircraft design failed verification compliance checks.; Aircraft design failed verification compliance checks.,"Status: VERIFICATION_FAILED, Warnings: 0, Iterations: 5",20279.88,5,True
3191,SECURITY,1.48,70.1,110.9,68.4,CATAPULT,BELLY_LANDING,MOUNTAIN,39378.34,True,FAILED,NOT_EVALUATED,Conventional,,,NOT_EVALUATED,,,,,,,,,,,,,,,,,,,,,,,NOT_EVALUATED,,,,,,,,NOT_EVALUATED,NOT_EVALUATED,NOT_EVALUATED,NOT_EVALUATED,FUSELAGE_SIZING,SIZING_FAILURE,"Sized fuselage width (0.19 m) exceeds wing root chord (0.17 m), which causes extreme aerodynamic blockage and drag. Select a more slender fuselage profile.","Status: SIZING_INFEASIBLE, Warnings: 0, Iterations: 0",3.62,0,False
3201,SURVEY,1.6,26.9,117.5,56.5,RUNWAY,NET_RECOVERY,RURAL,60471.15,True,FAILED,NOT_EVALUATED,Conventional,,,NOT_EVALUATED,,,,,,,,,,,,,,,,,,,,,,,NOT_EVALUATED,,,,,,,,NOT_EVALUATED,NOT_EVALUATED,NOT_EVALUATED,NOT_EVALUATED,PERFORMANCE_SIZING,PERFORMANCE_FAILURE,"Cruise speed (56.5 kmh) is below the minimum safe cruise speed boundary (64.1 kmh, representing a 20.0% safety margin above clean stall).","Status: PERFORMANCE_INFEASIBLE, Warnings: 0, Iterations: 0",3.71,0,False
3203,MAPPING,1.72,95.3,60.2,58.7,RUNWAY,NET_RECOVERY,DESERT,4692.94,True,INVALID_INPUT,NOT_EVALUATED,Conventional,,,NOT_EVALUATED,,,,,,,,,,,,,,,,,,,,,,,NOT_EVALUATED,,,,,,,,NOT_EVALUATED,NOT_EVALUATED,NOT_EVALUATED,NOT_EVALUATED,MISSION_TRANSLATION,INVALID_REQUIREMENTS,Mission range (95.3 km) is physically inconsistent with cruise speed (58.7 km/h) and flight time (60.2 min). Max theoretical range is 58.9 km.,"Status: INVALID_REQUIREMENTS, Warnings: 0, Iterations: 0",0.27,0,False
3205,TRAINING,17.04,13.3,38.2,59.4,RUNWAY,RUNWAY,DESERT,44799.74,True,EXCEPTION,NOT_EVALUATED,Conventional,,,NOT_EVALUATED,,,,,,,,,,,,,,,,,,,,,,,NOT_EVALUATED,,,,,,,,NOT_EVALUATED,NOT_EVALUATED,NOT_EVALUATED,NOT_EVALUATED,PROPULSION_SIZING,INTERNAL_EXCEPTION,PROPULSION_POWER_LIMIT: Sized power target of 4717.4 W exceeds maximum catalog motor power limit of 3400.0 W.,"Status: INTERNAL_EXCEPTION, Warnings: 0, Iterations: 0",2.96,0,False
3206,DELIVERY,2.07,77.4,76.9,93.7,HAND_LAUNCH,RUNWAY,RURAL,26096.18,True,FAILED,NOT_EVALUATED,Conventional,,,NOT_EVALUATED,,,,,,,,,,,,,,,,,,,,,,,NOT_EVALUATED,,,,,,,,NOT_EVALUATED,NOT_EVALUATED,NOT_EVALUATED,NOT_EVALUATED,CONVERGENCE,PROPULSION_FAILURE,Subsystem execution failed with exception: PropulsionOptimizer failed: PropulsionOptimizer failed: No feasible design candidates found.; Convergence failed: Subsystem execution failed with exception: PropulsionOptimizer failed: PropulsionOptimizer failed: No feasible design candidates found.,"Status: PROPULSION_INFEASIBLE, Warnings: 0, Iterations: 0",3925.57,0,False
3209,AGRICULTURE,1.71,83.7,82.1,57.1,RUNWAY,PARACHUTE,FOREST,32589.15,True,FAILED,NOT_EVALUATED,Conventional,,,NOT_EVALUATED,,,,,,,,,,,,,,,,,,,,,,,NOT_EVALUATED,,,,,,,,NOT_EVALUATED,NOT_EVALUATED,NOT_EVALUATED,NOT_EVALUATED,AVIONICS_SIZING,DATABASE_LIMITATION,COMPONENT_DATABASE_LIMITATION: Required communication range (83.70 km) exceeds the maximum range available in the telemetry catalog (80.00 km).,"Status: COMPONENT_DATABASE_LIMITATION, Warnings: 0, Iterations: 0",3.29,0,False
3214,CUSTOM,19.18,32.5,89.6,74.6,RUNWAY,RUNWAY,RURAL,63132.94,True,EXCEPTION,NOT_EVALUATED,Conventional,,,NOT_EVALUATED,,,,,,,,,,,,,,,,,,,,,,,NOT_EVALUATED,,,,,,,,NOT_EVALUATED,NOT_EVALUATED,NOT_EVALUATED,NOT_EVALUATED,PROPULSION_SIZING,INTERNAL_EXCEPTION,PROPULSION_POWER_LIMIT: Sized power target of 5309.8 W exceeds maximum catalog motor power limit of 3400.0 W.,"Status: INTERNAL_EXCEPTION, Warnings: 0, Iterations: 0",3.11,0,False
3217,SECURITY,4.84,38.6,56.2,79.5,CATAPULT,NET_RECOVERY,RURAL,3169.85,True,FAILED,NOT_EVALUATED,Conventional,,,NOT_EVALUATED,,,,,,,,,,,,,,,,,,,,,,,NOT_EVALUATED,,,,,,,,NOT_EVALUATED,NOT_EVALUATED,NOT_EVALUATED,NOT_EVALUATED,FUSELAGE_SIZING,SIZING_FAILURE,"Sized fuselage width (0.34 m) exceeds wing root chord (0.30 m), which causes extreme aerodynamic blockage and drag. Select a more slender fuselage profile.","Status: SIZING_INFEASIBLE, Warnings: 0, Iterations: 0",3.54,0,False
3237,RESEARCH,1.1,54.8,118.9,98.7,CATAPULT,BELLY_LANDING,FOREST,2375.27,True,FAILED,NOT_EVALUATED,Conventional,,,NOT_EVALUATED,,,,,,,,,,,,,,,,,,,,,,,NOT_EVALUATED,,,,,,,,NOT_EVALUATED,NOT_EVALUATED,NOT_EVALUATED,NOT_EVALUATED,PROPULSION_SIZING,DATABASE_LIMITATION,"COMPONENT_DATABASE_LIMITATION: Lightest available component of type 'Scientific Instruments' in database weighs 1.80 kg, which exceeds the maximum allowed structural payload limit of 1.16 kg.","Status: COMPONENT_DATABASE_LIMITATION, Warnings: 0, Iterations: 0",2.58,0,False
3239,TRAINING,4.5,97.1,86.7,94.8,RUNWAY,PARACHUTE,MOUNTAIN,38217.37,True,FAILED,NOT_EVALUATED,Conventional,,,NOT_EVALUATED,,,,,,,,,,,,,,,,,,,,,,,NOT_EVALUATED,,,,,,,,NOT_EVALUATED,NOT_EVALUATED,NOT_EVALUATED,NOT_EVALUATED,AVIONICS_SIZING,DATABASE_LIMITATION,COMPONENT_DATABASE_LIMITATION: Required communication range (97.10 km) exceeds the maximum range available in the telemetry catalog (80.00 km).,"Status: COMPONENT_DATABASE_LIMITATION, Warnings: 0, Iterations: 0",3.36,0,False
3240,SURVEY,3.86,104.6,75.7,95.5,CATAPULT,RUNWAY,RURAL,43053.73,True,FAILED,NOT_EVALUATED,Conventional,,,NOT_EVALUATED,,,,,,,,,,,,,,,,,,,,,,,NOT_EVALUATED,,,,,,,,NOT_EVALUATED,NOT_EVALUATED,NOT_EVALUATED,NOT_EVALUATED,AVIONICS_SIZING,DATABASE_LIMITATION,COMPONENT_DATABASE_LIMITATION: Required communication range (104.60 km) exceeds the maximum range available in the telemetry catalog (80.00 km).,"Status: COMPONENT_DATABASE_LIMITATION, Warnings: 0, Iterations: 0",3.25,0,False
3244,RESEARCH,2.67,57.3,105.1,72.8,CATAPULT,NET_RECOVERY,MOUNTAIN,69268.98,True,FAILED,NOT_EVALUATED,Conventional,,,NOT_EVALUATED,,,,,,,,,,,,,,,,,,,,,,,NOT_EVALUATED,,,,,,,,NOT_EVALUATED,NOT_EVALUATED,NOT_EVALUATED,NOT_EVALUATED,CONVERGENCE,PROPULSION_FAILURE,Subsystem execution failed with exception: PropulsionOptimizer failed: PropulsionOptimizer failed: No feasible design candidates found.; Convergence failed: Subsystem execution failed with exception: PropulsionOptimizer failed: PropulsionOptimizer failed: No feasible design candidates found.,"Status: PROPULSION_INFEASIBLE, Warnings: 0, Iterations: 0",3909.33,0,False
3248,TRAINING,1.33,89.4,120.1,106.7,CATAPULT,RUNWAY,RURAL,45130.93,True,FAILED,NOT_EVALUATED,Conventional,,,NOT_EVALUATED,,,,,,,,,,,,,,,,,,,,,,,NOT_EVALUATED,,,,,,,,NOT_EVALUATED,NOT_EVALUATED,NOT_EVALUATED,NOT_EVALUATED,AVIONICS_SIZING,DATABASE_LIMITATION,COMPONENT_DATABASE_LIMITATION: Required communication range (89.40 km) exceeds the maximum range available in the telemetry catalog (80.00 km).,"Status: COMPONENT_DATABASE_LIMITATION, Warnings: 0, Iterations: 0",4.99,0,False
3249,MILITARY,2.17,116.0,101.6,81.0,HAND_LAUNCH,RUNWAY,MOUNTAIN,10901.36,True,FAILED,NOT_EVALUATED,Conventional,,,NOT_EVALUATED,,,,,,,,,,,,,,,,,,,,,,,NOT_EVALUATED,,,,,,,,NOT_EVALUATED,NOT_EVALUATED,NOT_EVALUATED,NOT_EVALUATED,FUSELAGE_SIZING,SIZING_FAILURE,"Sized fuselage width (0.23 m) exceeds wing root chord (0.20 m), which causes extreme aerodynamic blockage and drag. Select a more slender fuselage profile.","Status: SIZING_INFEASIBLE, Warnings: 0, Iterations: 0",3.45,0,False
3254,MILITARY,1.11,73.1,85.5,60.8,CATAPULT,PARACHUTE,FOREST,2074.16,True,FAILED,NOT_EVALUATED,Conventional,,,NOT_EVALUATED,,,,,,,,,,,,,,,,,,,,,,,NOT_EVALUATED,,,,,,,,NOT_EVALUATED,NOT_EVALUATED,NOT_EVALUATED,NOT_EVALUATED,FUSELAGE_SIZING,SIZING_FAILURE,"Sized fuselage width (0.16 m) exceeds wing root chord (0.14 m), which causes extreme aerodynamic blockage and drag. Select a more slender fuselage profile.","Status: SIZING_INFEASIBLE, Warnings: 0, Iterations: 0",3.52,0,False
3261,CUSTOM,4.54,113.4,124.9,104.4,HAND_LAUNCH,NET_RECOVERY,DESERT,14721.78,True,FAILED,NOT_EVALUATED,Conventional,,,NOT_EVALUATED,,,,,,,,,,,,,,,,,,,,,,,NOT_EVALUATED,,,,,,,,NOT_EVALUATED,NOT_EVALUATED,NOT_EVALUATED,NOT_EVALUATED,AVIONICS_SIZING,DATABASE_LIMITATION,COMPONENT_DATABASE_LIMITATION: Required communication range (113.40 km) exceeds the maximum range available in the telemetry catalog (80.00 km).,"Status: COMPONENT_DATABASE_LIMITATION, Warnings: 0, Iterations: 0",3.96,0,False
3264,DELIVERY,20.84,19.4,34.9,63.1,RUNWAY,RUNWAY,MOUNTAIN,29102.93,True,FAILED,NOT_EVALUATED,Conventional,,,NOT_EVALUATED,,,,,,,,,,,,,,,,,,,,,,,NOT_EVALUATED,,,,,,,,NOT_EVALUATED,NOT_EVALUATED,NOT_EVALUATED,NOT_EVALUATED,PROPULSION_SIZING,PROPULSION_FAILURE,Takeoff thrust-to-weight ratio (0.29) is below minimum required constraint limit (0.30).; Selected motor maximum power (4101.4 W) is insufficient to sustain the power required during steady rate of climb (4726.2 W).,"Status: PROPULSION_INFEASIBLE, Warnings: 0, Iterations: 0",2.91,0,False
3279,MAPPING,4.63,35.9,88.7,80.4,CATAPULT,BELLY_LANDING,RURAL,25108.1,True,FAILED,NOT_EVALUATED,Conventional,,,NOT_EVALUATED,,,,,,,,,,,,,,,,,,,,,,,NOT_EVALUATED,,,,,,,,NOT_EVALUATED,NOT_EVALUATED,NOT_EVALUATED,NOT_EVALUATED,CONVERGENCE,PROPULSION_FAILURE,Subsystem execution failed with exception: PropulsionOptimizer failed: PropulsionOptimizer failed: No feasible design candidates found.; Convergence failed: Subsystem execution failed with exception: PropulsionOptimizer failed: PropulsionOptimizer failed: No feasible design candidates found.,"Status: PROPULSION_INFEASIBLE, Warnings: 0, Iterations: 0",3898.71,0,False
3282,TRAINING,3.18,115.9,63.0,108.3,HAND_LAUNCH,RUNWAY,FOREST,23631.98,True,FAILED,NOT_EVALUATED,Conventional,,,NOT_EVALUATED,,,,,,,,,,,,,,,,,,,,,,,NOT_EVALUATED,,,,,,,,NOT_EVALUATED,NOT_EVALUATED,NOT_EVALUATED,NOT_EVALUATED,AVIONICS_SIZING,DATABASE_LIMITATION,COMPONENT_DATABASE_LIMITATION: Required communication range (115.90 km) exceeds the maximum range available in the telemetry catalog (80.00 km).,"Status: COMPONENT_DATABASE_LIMITATION, Warnings: 0, Iterations: 0",3.36,0,False
3283,DELIVERY,3.85,106.9,81.8,97.2,CATAPULT,RUNWAY,FOREST,54552.63,True,FAILED,NOT_EVALUATED,Conventional,,,NOT_EVALUATED,,,,,,,,,,,,,,,,,,,,,,,NOT_EVALUATED,,,,,,,,NOT_EVALUATED,NOT_EVALUATED,NOT_EVALUATED,NOT_EVALUATED,AVIONICS_SIZING,DATABASE_LIMITATION,COMPONENT_DATABASE_LIMITATION: Required communication range (106.90 km) exceeds the maximum range available in the telemetry catalog (80.00 km).,"Status: COMPONENT_DATABASE_LIMITATION, Warnings: 0, Iterations: 0",3.73,0,False
3288,CUSTOM,4.04,68.2,59.1,109.4,HAND_LAUNCH,RUNWAY,FOREST,31505.79,True,FAILED,NOT_EVALUATED,Conventional,,,NOT_EVALUATED,,,,,,,,,,,,,,,,,,,,,,,NOT_EVALUATED,,,,,,,,NOT_EVALUATED,NOT_EVALUATED,NOT_EVALUATED,NOT_EVALUATED,CONVERGENCE,PROPULSION_FAILURE,Subsystem execution failed with exception: PropulsionOptimizer failed: PropulsionOptimizer failed: No feasible design candidates found.; Convergence failed: Subsystem execution failed with exception: PropulsionOptimizer failed: PropulsionOptimizer failed: No feasible design candidates found.,"Status: PROPULSION_INFEASIBLE, Warnings: 0, Iterations: 0",3880.81,0,False
3296,SECURITY,4.04,39.7,49.8,106.0,CATAPULT,NET_RECOVERY,FOREST,50874.28,True,FAILED,NOT_EVALUATED,Conventional,,,NOT_EVALUATED,,,,,,,,,,,,,,,,,,,,,,,NOT_EVALUATED,,,,,,,,NOT_EVALUATED,NOT_EVALUATED,NOT_EVALUATED,NOT_EVALUATED,FUSELAGE_SIZING,SIZING_FAILURE,"Sized fuselage width (0.31 m) exceeds wing root chord (0.28 m), which causes extreme aerodynamic blockage and drag. Select a more slender fuselage profile.","Status: SIZING_INFEASIBLE, Warnings: 0, Iterations: 0",3.27,0,False
3301,SECURITY,4.42,97.4,144.1,87.1,HAND_LAUNCH,BELLY_LANDING,FOREST,16039.0,True,FAILED,NOT_EVALUATED,Conventional,,,NOT_EVALUATED,,,,,,,,,,,,,,,,,,,,,,,NOT_EVALUATED,,,,,,,,NOT_EVALUATED,NOT_EVALUATED,NOT_EVALUATED,NOT_EVALUATED,FUSELAGE_SIZING,SIZING_FAILURE,"Sized fuselage width (0.33 m) exceeds wing root chord (0.29 m), which causes extreme aerodynamic blockage and drag. Select a more slender fuselage profile.","Status: SIZING_INFEASIBLE, Warnings: 0, Iterations: 0",3.19,0,False
3313,AGRICULTURE,1.53,45.0,135.4,101.5,CATAPULT,BELLY_LANDING,MOUNTAIN,19433.81,True,FAILED,NOT_EVALUATED,Conventional,,,NOT_EVALUATED,,,,,,,,,,,,,,,,,,,,,,,NOT_EVALUATED,,,,,,,,NOT_EVALUATED,NOT_EVALUATED,NOT_EVALUATED,NOT_EVALUATED,VERIFICATION,VERIFICATION_FAILURE,Aircraft design failed verification compliance checks.; Aircraft design failed verification compliance checks.,"Status: VERIFICATION_FAILED, Warnings: 0, Iterations: 5",20627.9,5,True
3316,SURVEY,2.66,112.7,81.9,77.5,HAND_LAUNCH,PARACHUTE,MOUNTAIN,17144.95,True,FAILED,NOT_EVALUATED,Conventional,,,NOT_EVALUATED,,,,,,,,,,,,,,,,,,,,,,,NOT_EVALUATED,,,,,,,,NOT_EVALUATED,NOT_EVALUATED,NOT_EVALUATED,NOT_EVALUATED,AVIONICS_SIZING,DATABASE_LIMITATION,COMPONENT_DATABASE_LIMITATION: Required communication range (112.70 km) exceeds the maximum range available in the telemetry catalog (80.00 km).,"Status: COMPONENT_DATABASE_LIMITATION, Warnings: 0, Iterations: 0",3.13,0,False
3323,SECURITY,4.05,86.6,69.8,89.8,HAND_LAUNCH,NET_RECOVERY,FOREST,5769.04,True,FAILED,NOT_EVALUATED,Conventional,,,NOT_EVALUATED,,,,,,,,,,,,,,,,,,,,,,,NOT_EVALUATED,,,,,,,,NOT_EVALUATED,NOT_EVALUATED,NOT_EVALUATED,NOT_EVALUATED,FUSELAGE_SIZING,SIZING_FAILURE,"Sized fuselage width (0.31 m) exceeds wing root chord (0.28 m), which causes extreme aerodynamic blockage and drag. Select a more slender fuselage profile.","Status: SIZING_INFEASIBLE, Warnings: 0, Iterations: 0",3.35,0,False
3326,MILITARY,4.16,33.6,131.1,96.0,CATAPULT,BELLY_LANDING,DESERT,53325.75,True,FAILED,NOT_EVALUATED,Conventional,,,NOT_EVALUATED,,,,,,,,,,,,,,,,,,,,,,,NOT_EVALUATED,,,,,,,,NOT_EVALUATED,NOT_EVALUATED,NOT_EVALUATED,NOT_EVALUATED,FUSELAGE_SIZING,SIZING_FAILURE,"Sized fuselage width (0.32 m) exceeds wing root chord (0.28 m), which causes extreme aerodynamic blockage and drag. Select a more slender fuselage profile.","Status: SIZING_INFEASIBLE, Warnings: 0, Iterations: 0",7.03,0,False
3337,SECURITY,4.2,64.3,55.3,93.8,CATAPULT,BELLY_LANDING,RURAL,47334.2,True,FAILED,NOT_EVALUATED,Conventional,,,NOT_EVALUATED,,,,,,,,,,,,,,,,,,,,,,,NOT_EVALUATED,,,,,,,,NOT_EVALUATED,NOT_EVALUATED,NOT_EVALUATED,NOT_EVALUATED,FUSELAGE_SIZING,SIZING_FAILURE,"Sized fuselage width (0.32 m) exceeds wing root chord (0.28 m), which causes extreme aerodynamic blockage and drag. Select a more slender fuselage profile.","Status: SIZING_INFEASIBLE, Warnings: 0, Iterations: 0",4.04,0,False
3338,TRAINING,4.34,62.0,124.0,76.8,CATAPULT,BELLY_LANDING,MOUNTAIN,34332.94,True,FAILED,NOT_EVALUATED,Conventional,,,NOT_EVALUATED,,,,,,,,,,,,,,,,,,,,,,,NOT_EVALUATED,,,,,,,,NOT_EVALUATED,NOT_EVALUATED,NOT_EVALUATED,NOT_EVALUATED,CONVERGENCE,PROPULSION_FAILURE,Subsystem execution failed with exception: PropulsionOptimizer failed: PropulsionOptimizer failed: No feasible design candidates found.; Convergence failed: Subsystem execution failed with exception: PropulsionOptimizer failed: PropulsionOptimizer failed: No feasible design candidates found.,"Status: PROPULSION_INFEASIBLE, Warnings: 0, Iterations: 0",3920.69,0,False
3341,AGRICULTURE,1.43,99.0,130.1,53.4,HAND_LAUNCH,NET_RECOVERY,RURAL,47207.54,True,FAILED,NOT_EVALUATED,Conventional,,,NOT_EVALUATED,,,,,,,,,,,,,,,,,,,,,,,NOT_EVALUATED,,,,,,,,NOT_EVALUATED,NOT_EVALUATED,NOT_EVALUATED,NOT_EVALUATED,AVIONICS_SIZING,DATABASE_LIMITATION,COMPONENT_DATABASE_LIMITATION: Required communication range (99.00 km) exceeds the maximum range available in the telemetry catalog (80.00 km).,"Status: COMPONENT_DATABASE_LIMITATION, Warnings: 0, Iterations: 0",3.18,0,False
3344,TRAINING,3.09,27.9,149.7,86.7,CATAPULT,NET_RECOVERY,RURAL,60691.63,True,FAILED,NOT_EVALUATED,Conventional,,,NOT_EVALUATED,,,,,,,,,,,,,,,,,,,,,,,NOT_EVALUATED,,,,,,,,NOT_EVALUATED,NOT_EVALUATED,NOT_EVALUATED,NOT_EVALUATED,CONVERGENCE,PROPULSION_FAILURE,Subsystem execution failed with exception: PropulsionOptimizer failed: PropulsionOptimizer failed: No feasible design candidates found.; Convergence failed: Subsystem execution failed with exception: PropulsionOptimizer failed: PropulsionOptimizer failed: No feasible design candidates found.,"Status: PROPULSION_INFEASIBLE, Warnings: 0, Iterations: 0",3804.12,0,False
3350,CUSTOM,1.69,56.9,115.0,88.9,HAND_LAUNCH,NET_RECOVERY,RURAL,31119.95,True,FAILED,NOT_EVALUATED,Conventional,,,NOT_EVALUATED,,,,,,,,,,,,,,,,,,,,,,,NOT_EVALUATED,,,,,,,,NOT_EVALUATED,NOT_EVALUATED,NOT_EVALUATED,NOT_EVALUATED,VERIFICATION,VERIFICATION_FAILURE,Aircraft design failed verification compliance checks.; Aircraft design failed verification compliance checks.,"Status: VERIFICATION_FAILED, Warnings: 0, Iterations: 5",21959.58,5,True
3357,DELIVERY,2.98,26.9,46.8,79.7,CATAPULT,PARACHUTE,DESERT,24543.8,True,FAILED,NOT_EVALUATED,Conventional,,,NOT_EVALUATED,,,,,,,,,,,,,,,,,,,,,,,NOT_EVALUATED,,,,,,,,NOT_EVALUATED,NOT_EVALUATED,NOT_EVALUATED,NOT_EVALUATED,CONVERGENCE,PROPULSION_FAILURE,Subsystem execution failed with exception: PropulsionOptimizer failed: PropulsionOptimizer failed: No feasible design candidates found.; Convergence failed: Subsystem execution failed with exception: PropulsionOptimizer failed: PropulsionOptimizer failed: No feasible design candidates found.,"Status: PROPULSION_INFEASIBLE, Warnings: 0, Iterations: 0",4074.81,0,False
3358,SECURITY,1.61,37.2,49.4,63.9,RUNWAY,PARACHUTE,MOUNTAIN,45133.28,True,FAILED,NOT_EVALUATED,Conventional,,,NOT_EVALUATED,,,,,,,,,,,,,,,,,,,,,,,NOT_EVALUATED,,,,,,,,NOT_EVALUATED,NOT_EVALUATED,NOT_EVALUATED,NOT_EVALUATED,FUSELAGE_SIZING,SIZING_FAILURE,"Sized fuselage width (0.20 m) exceeds wing root chord (0.17 m), which causes extreme aerodynamic blockage and drag. Select a more slender fuselage profile.","Status: SIZING_INFEASIBLE, Warnings: 0, Iterations: 0",4.24,0,False
3364,SURVEY,12.63,18.0,35.0,83.8,RUNWAY,RUNWAY,MOUNTAIN,69723.37,True,FAILED,NOT_EVALUATED,Conventional,,,NOT_EVALUATED,,,,,,,,,,,,,,,,,,,,,,,NOT_EVALUATED,,,,,,,,NOT_EVALUATED,NOT_EVALUATED,NOT_EVALUATED,NOT_EVALUATED,CONVERGENCE,PROPULSION_FAILURE,Subsystem execution failed with exception: PropulsionOptimizer failed: PropulsionOptimizer failed: No feasible design candidates found.; Convergence failed: Subsystem execution failed with exception: PropulsionOptimizer failed: PropulsionOptimizer failed: No feasible design candidates found.,"Status: PROPULSION_INFEASIBLE, Warnings: 0, Iterations: 0",4133.82,0,False
3373,MILITARY,4.64,115.2,55.3,88.8,RUNWAY,NET_RECOVERY,RURAL,77107.96,True,FAILED,NOT_EVALUATED,Conventional,,,NOT_EVALUATED,,,,,,,,,,,,,,,,,,,,,,,NOT_EVALUATED,,,,,,,,NOT_EVALUATED,NOT_EVALUATED,NOT_EVALUATED,NOT_EVALUATED,FUSELAGE_SIZING,SIZING_FAILURE,"Sized fuselage width (0.33 m) exceeds wing root chord (0.30 m), which causes extreme aerodynamic blockage and drag. Select a more slender fuselage profile.","Status: SIZING_INFEASIBLE, Warnings: 0, Iterations: 0",6.1,0,False
3375,AGRICULTURE,2.12,42.3,58.3,72.6,HAND_LAUNCH,RUNWAY,MOUNTAIN,28229.75,True,FAILED,NOT_EVALUATED,Conventional,,,NOT_EVALUATED,,,,,,,,,,,,,,,,,,,,,,,NOT_EVALUATED,,,,,,,,NOT_EVALUATED,NOT_EVALUATED,NOT_EVALUATED,NOT_EVALUATED,CONVERGENCE,PROPULSION_FAILURE,Subsystem execution failed with exception: PropulsionOptimizer failed: PropulsionOptimizer failed: No feasible design candidates found.; Convergence failed: Subsystem execution failed with exception: PropulsionOptimizer failed: PropulsionOptimizer failed: No feasible design candidates found.,"Status: PROPULSION_INFEASIBLE, Warnings: 0, Iterations: 1",7955.11,1,False
3377,SURVEY,2.05,54.8,83.0,89.0,RUNWAY,NET_RECOVERY,RURAL,64526.22,True,EXCEPTION,NOT_EVALUATED,Conventional,,,NOT_EVALUATED,,,,,,,,,,,,,,,,,,,,,,,NOT_EVALUATED,,,,,,,,NOT_EVALUATED,NOT_EVALUATED,NOT_EVALUATED,NOT_EVALUATED,CONVERGENCE,INTERNAL_EXCEPTION,Design compliance score (76.0%) is below the minimum required safety compliance boundary (85.0%).,"Status: INTERNAL_EXCEPTION, Warnings: 0, Iterations: 5",21218.77,5,False
3392,SECURITY,3.85,85.5,86.7,84.5,HAND_LAUNCH,PARACHUTE,MOUNTAIN,55957.73,True,FAILED,NOT_EVALUATED,Conventional,,,NOT_EVALUATED,,,,,,,,,,,,,,,,,,,,,,,NOT_EVALUATED,,,,,,,,NOT_EVALUATED,NOT_EVALUATED,NOT_EVALUATED,NOT_EVALUATED,FUSELAGE_SIZING,SIZING_FAILURE,"Sized fuselage width (0.30 m) exceeds wing root chord (0.27 m), which causes extreme aerodynamic blockage and drag. Select a more slender fuselage profile.","Status: SIZING_INFEASIBLE, Warnings: 0, Iterations: 0",8.43,0,False
3393,RESEARCH,4.46,115.6,112.9,105.9,CATAPULT,PARACHUTE,MOUNTAIN,15842.1,True,FAILED,NOT_EVALUATED,Conventional,,,NOT_EVALUATED,,,,,,,,,,,,,,,,,,,,,,,NOT_EVALUATED,,,,,,,,NOT_EVALUATED,NOT_EVALUATED,NOT_EVALUATED,NOT_EVALUATED,AVIONICS_SIZING,DATABASE_LIMITATION,COMPONENT_DATABASE_LIMITATION: Required communication range (115.60 km) exceeds the maximum range available in the telemetry catalog (80.00 km).,"Status: COMPONENT_DATABASE_LIMITATION, Warnings: 0, Iterations: 0",3.05,0,False
3394,RESEARCH,4.88,81.0,57.8,65.8,HAND_LAUNCH,NET_RECOVERY,FOREST,60666.77,True,FAILED,NOT_EVALUATED,Conventional,,,NOT_EVALUATED,,,,,,,,,,,,,,,,,,,,,,,NOT_EVALUATED,,,,,,,,NOT_EVALUATED,NOT_EVALUATED,NOT_EVALUATED,NOT_EVALUATED,AVIONICS_SIZING,DATABASE_LIMITATION,COMPONENT_DATABASE_LIMITATION: Required communication range (81.00 km) exceeds the maximum range available in the telemetry catalog (80.00 km).,"Status: COMPONENT_DATABASE_LIMITATION, Warnings: 0, Iterations: 0",2.98,0,False
3402,RESEARCH,4.88,36.3,104.0,87.8,CATAPULT,RUNWAY,RURAL,54173.13,True,FAILED,NOT_EVALUATED,Conventional,,,NOT_EVALUATED,,,,,,,,,,,,,,,,,,,,,,,NOT_EVALUATED,,,,,,,,NOT_EVALUATED,NOT_EVALUATED,NOT_EVALUATED,NOT_EVALUATED,CONVERGENCE,PROPULSION_FAILURE,Subsystem execution failed with exception: PropulsionOptimizer failed: PropulsionOptimizer failed: No feasible design candidates found.; Convergence failed: Subsystem execution failed with exception: PropulsionOptimizer failed: PropulsionOptimizer failed: No feasible design candidates found.,"Status: PROPULSION_INFEASIBLE, Warnings: 0, Iterations: 0",4111.76,0,False
3409,SECURITY,3.53,25.8,114.1,65.2,HAND_LAUNCH,PARACHUTE,DESERT,17192.17,True,FAILED,NOT_EVALUATED,Conventional,,,NOT_EVALUATED,,,,,,,,,,,,,,,,,,,,,,,NOT_EVALUATED,,,,,,,,NOT_EVALUATED,NOT_EVALUATED,NOT_EVALUATED,NOT_EVALUATED,FUSELAGE_SIZING,SIZING_FAILURE,"Sized fuselage width (0.29 m) exceeds wing root chord (0.26 m), which causes extreme aerodynamic blockage and drag. Select a more slender fuselage profile.","Status: SIZING_INFEASIBLE, Warnings: 0, Iterations: 0",28.75,0,False
3412,AGRICULTURE,1.09,75.8,140.6,75.7,CATAPULT,BELLY_LANDING,RURAL,39921.06,True,FAILED,NOT_EVALUATED,Conventional,,,NOT_EVALUATED,,,,,,,,,,,,,,,,,,,,,,,NOT_EVALUATED,,,,,,,,NOT_EVALUATED,NOT_EVALUATED,NOT_EVALUATED,NOT_EVALUATED,CONVERGENCE,SIZING_FAILURE,Subsystem execution failed with exception: FuselageOptimizer failed: FuselageOptimizer failed: No feasible design candidates found.; Convergence failed: Subsystem execution failed with exception: FuselageOptimizer failed: FuselageOptimizer failed: No feasible design candidates found.,"Status: SIZING_INFEASIBLE, Warnings: 0, Iterations: 0",1167.95,0,False
3423,CUSTOM,2.38,81.9,66.1,76.0,HAND_LAUNCH,RUNWAY,DESERT,11333.72,True,FAILED,NOT_EVALUATED,Conventional,,,NOT_EVALUATED,,,,,,,,,,,,,,,,,,,,,,,NOT_EVALUATED,,,,,,,,NOT_EVALUATED,NOT_EVALUATED,NOT_EVALUATED,NOT_EVALUATED,AVIONICS_SIZING,DATABASE_LIMITATION,COMPONENT_DATABASE_LIMITATION: Required communication range (81.90 km) exceeds the maximum range available in the telemetry catalog (80.00 km).,"Status: COMPONENT_DATABASE_LIMITATION, Warnings: 0, Iterations: 0",3.39,0,False
3437,DELIVERY,24.77,46.5,78.8,61.9,RUNWAY,RUNWAY,MOUNTAIN,64001.12,True,FAILED,NOT_EVALUATED,Conventional,,,NOT_EVALUATED,,,,,,,,,,,,,,,,,,,,,,,NOT_EVALUATED,,,,,,,,NOT_EVALUATED,NOT_EVALUATED,NOT_EVALUATED,NOT_EVALUATED,PROPULSION_SIZING,PROPULSION_FAILURE,Takeoff thrust-to-weight ratio (0.25) is below minimum required constraint limit (0.30).; Selected motor maximum power (4101.4 W) is insufficient to sustain the power required during steady rate of climb (5617.4 W).,"Status: PROPULSION_INFEASIBLE, Warnings: 0, Iterations: 0",3.25,0,False
3438,MILITARY,3.07,53.9,69.2,106.3,HAND_LAUNCH,RUNWAY,FOREST,71975.75,True,FAILED,NOT_EVALUATED,Conventional,,,NOT_EVALUATED,,,,,,,,,,,,,,,,,,,,,,,NOT_EVALUATED,,,,,,,,NOT_EVALUATED,NOT_EVALUATED,NOT_EVALUATED,NOT_EVALUATED,FUSELAGE_SIZING,SIZING_FAILURE,"Sized fuselage width (0.27 m) exceeds wing root chord (0.24 m), which causes extreme aerodynamic blockage and drag. Select a more slender fuselage profile.","Status: SIZING_INFEASIBLE, Warnings: 0, Iterations: 0",3.6,0,False
3443,DISASTER_RESPONSE,3.5,111.3,48.8,55.2,HAND_LAUNCH,RUNWAY,RURAL,38149.5,True,INVALID_INPUT,NOT_EVALUATED,Conventional,,,NOT_EVALUATED,,,,,,,,,,,,,,,,,,,,,,,NOT_EVALUATED,,,,,,,,NOT_EVALUATED,NOT_EVALUATED,NOT_EVALUATED,NOT_EVALUATED,MISSION_TRANSLATION,INVALID_REQUIREMENTS,Mission range (111.3 km) is physically inconsistent with cruise speed (55.2 km/h) and flight time (48.8 min). Max theoretical range is 44.9 km.,"Status: INVALID_REQUIREMENTS, Warnings: 0, Iterations: 0",0.31,0,False
3446,AGRICULTURE,1.65,47.6,130.9,84.8,CATAPULT,NET_RECOVERY,MOUNTAIN,9651.47,True,FAILED,NOT_EVALUATED,Conventional,,,NOT_EVALUATED,,,,,,,,,,,,,,,,,,,,,,,NOT_EVALUATED,,,,,,,,NOT_EVALUATED,NOT_EVALUATED,NOT_EVALUATED,NOT_EVALUATED,CONVERGENCE,PROPULSION_FAILURE,Subsystem execution failed with exception: PropulsionOptimizer failed: PropulsionOptimizer failed: No feasible design candidates found.; Convergence failed: Subsystem execution failed with exception: PropulsionOptimizer failed: PropulsionOptimizer failed: No feasible design candidates found.,"Status: PROPULSION_INFEASIBLE, Warnings: 0, Iterations: 1",8001.76,1,False
3449,TRAINING,4.87,100.1,117.4,78.7,HAND_LAUNCH,NET_RECOVERY,MOUNTAIN,63396.44,True,FAILED,NOT_EVALUATED,Conventional,,,NOT_EVALUATED,,,,,,,,,,,,,,,,,,,,,,,NOT_EVALUATED,,,,,,,,NOT_EVALUATED,NOT_EVALUATED,NOT_EVALUATED,NOT_EVALUATED,AVIONICS_SIZING,DATABASE_LIMITATION,COMPONENT_DATABASE_LIMITATION: Required communication range (100.10 km) exceeds the maximum range available in the telemetry catalog (80.00 km).,"Status: COMPONENT_DATABASE_LIMITATION, Warnings: 0, Iterations: 0",2.97,0,False
3454,TRAINING,1.5,38.8,51.2,50.5,RUNWAY,NET_RECOVERY,RURAL,25093.25,True,FAILED,NOT_EVALUATED,Conventional,,,NOT_EVALUATED,,,,,,,,,,,,,,,,,,,,,,,NOT_EVALUATED,,,,,,,,NOT_EVALUATED,NOT_EVALUATED,NOT_EVALUATED,NOT_EVALUATED,PERFORMANCE_SIZING,PERFORMANCE_FAILURE,"Cruise speed (50.5 kmh) is below the minimum safe cruise speed boundary (59.8 kmh, representing a 20.0% safety margin above clean stall).","Status: PERFORMANCE_INFEASIBLE, Warnings: 0, Iterations: 0",5.1,0,False
3471,CUSTOM,2.42,55.4,89.7,81.4,RUNWAY,NET_RECOVERY,DESERT,48551.95,True,EXCEPTION,NOT_EVALUATED,Conventional,,,NOT_EVALUATED,,,,,,,,,,,,,,,,,,,,,,,NOT_EVALUATED,,,,,,,,NOT_EVALUATED,NOT_EVALUATED,NOT_EVALUATED,NOT_EVALUATED,CONVERGENCE,INTERNAL_EXCEPTION,Design compliance score (76.0%) is below the minimum required safety compliance boundary (85.0%).,"Status: INTERNAL_EXCEPTION, Warnings: 0, Iterations: 4",17477.76,4,False
3476,MAPPING,3.29,112.1,133.3,81.2,RUNWAY,RUNWAY,MOUNTAIN,56271.42,True,FAILED,NOT_EVALUATED,Conventional,,,NOT_EVALUATED,,,,,,,,,,,,,,,,,,,,,,,NOT_EVALUATED,,,,,,,,NOT_EVALUATED,NOT_EVALUATED,NOT_EVALUATED,NOT_EVALUATED,AVIONICS_SIZING,DATABASE_LIMITATION,COMPONENT_DATABASE_LIMITATION: Required communication range (112.10 km) exceeds the maximum range available in the telemetry catalog (80.00 km).,"Status: COMPONENT_DATABASE_LIMITATION, Warnings: 0, Iterations: 0",5.11,0,False
3479,SECURITY,1.8,27.1,139.3,100.0,HAND_LAUNCH,NET_RECOVERY,FOREST,72091.98,True,FAILED,NOT_EVALUATED,Conventional,,,NOT_EVALUATED,,,,,,,,,,,,,,,,,,,,,,,NOT_EVALUATED,,,,,,,,NOT_EVALUATED,NOT_EVALUATED,NOT_EVALUATED,NOT_EVALUATED,FUSELAGE_SIZING,SIZING_FAILURE,"Sized fuselage width (0.21 m) exceeds wing root chord (0.18 m), which causes extreme aerodynamic blockage and drag. Select a more slender fuselage profile.","Status: SIZING_INFEASIBLE, Warnings: 0, Iterations: 0",3.33,0,False
3482,DISASTER_RESPONSE,8.39,78.1,83.8,57.1,RUNWAY,RUNWAY,RURAL,63983.55,True,FAILED,NOT_EVALUATED,Conventional,,,NOT_EVALUATED,,,,,,,,,,,,,,,,,,,,,,,NOT_EVALUATED,,,,,,,,NOT_EVALUATED,NOT_EVALUATED,NOT_EVALUATED,NOT_EVALUATED,CONVERGENCE,PROPULSION_FAILURE,Subsystem execution failed with exception: PropulsionOptimizer failed: PropulsionOptimizer failed: No feasible design candidates found.; Convergence failed: Subsystem execution failed with exception: PropulsionOptimizer failed: PropulsionOptimizer failed: No feasible design candidates found.,"Status: PROPULSION_INFEASIBLE, Warnings: 0, Iterations: 0",4065.23,0,False
3485,MILITARY,2.11,36.2,79.7,73.1,CATAPULT,BELLY_LANDING,MOUNTAIN,28401.73,True,FAILED,NOT_EVALUATED,Conventional,,,NOT_EVALUATED,,,,,,,,,,,,,,,,,,,,,,,NOT_EVALUATED,,,,,,,,NOT_EVALUATED,NOT_EVALUATED,NOT_EVALUATED,NOT_EVALUATED,FUSELAGE_SIZING,SIZING_FAILURE,"Sized fuselage width (0.23 m) exceeds wing root chord (0.20 m), which causes extreme aerodynamic blockage and drag. Select a more slender fuselage profile.","Status: SIZING_INFEASIBLE, Warnings: 0, Iterations: 0",3.57,0,False
3490,RESEARCH,1.31,75.5,110.2,105.1,HAND_LAUNCH,PARACHUTE,FOREST,79241.76,True,FAILED,NOT_EVALUATED,Conventional,,,NOT_EVALUATED,,,,,,,,,,,,,,,,,,,,,,,NOT_EVALUATED,,,,,,,,NOT_EVALUATED,NOT_EVALUATED,NOT_EVALUATED,NOT_EVALUATED,PROPULSION_SIZING,DATABASE_LIMITATION,"COMPONENT_DATABASE_LIMITATION: Lightest available component of type 'Scientific Instruments' in database weighs 1.80 kg, which exceeds the maximum allowed structural payload limit of 1.38 kg.","Status: COMPONENT_DATABASE_LIMITATION, Warnings: 0, Iterations: 0",3.19,0,False
3491,DISASTER_RESPONSE,1.71,80.9,46.8,84.1,CATAPULT,BELLY_LANDING,RURAL,51529.66,True,FAILED,NOT_EVALUATED,Conventional,,,NOT_EVALUATED,,,,,,,,,,,,,,,,,,,,,,,NOT_EVALUATED,,,,,,,,NOT_EVALUATED,NOT_EVALUATED,NOT_EVALUATED,NOT_EVALUATED,AVIONICS_SIZING,DATABASE_LIMITATION,COMPONENT_DATABASE_LIMITATION: Required communication range (80.90 km) exceeds the maximum range available in the telemetry catalog (80.00 km).,"Status: COMPONENT_DATABASE_LIMITATION, Warnings: 0, Iterations: 0",5.73,0,False
3500,DISASTER_RESPONSE,8.72,22.4,85.4,78.4,RUNWAY,RUNWAY,MOUNTAIN,19474.55,True,FAILED,NOT_EVALUATED,Conventional,,,NOT_EVALUATED,,,,,,,,,,,,,,,,,,,,,,,NOT_EVALUATED,,,,,,,,NOT_EVALUATED,NOT_EVALUATED,NOT_EVALUATED,NOT_EVALUATED,CONVERGENCE,PROPULSION_FAILURE,Subsystem execution failed with exception: PropulsionOptimizer failed: PropulsionOptimizer failed: No feasible design candidates found.; Convergence failed: Subsystem execution failed with exception: PropulsionOptimizer failed: PropulsionOptimizer failed: No feasible design candidates found.,"Status: PROPULSION_INFEASIBLE, Warnings: 0, Iterations: 0",4350.58,0,False
3521,CUSTOM,4.05,94.7,81.2,64.8,HAND_LAUNCH,RUNWAY,DESERT,62143.6,True,FAILED,NOT_EVALUATED,Conventional,,,NOT_EVALUATED,,,,,,,,,,,,,,,,,,,,,,,NOT_EVALUATED,,,,,,,,NOT_EVALUATED,NOT_EVALUATED,NOT_EVALUATED,NOT_EVALUATED,AVIONICS_SIZING,DATABASE_LIMITATION,COMPONENT_DATABASE_LIMITATION: Required communication range (94.70 km) exceeds the maximum range available in the telemetry catalog (80.00 km).,"Status: COMPONENT_DATABASE_LIMITATION, Warnings: 0, Iterations: 0",2.85,0,False
3527,SECURITY,2.95,69.6,78.1,58.0,CATAPULT,NET_RECOVERY,RURAL,64539.84,True,FAILED,NOT_EVALUATED,Conventional,,,NOT_EVALUATED,,,,,,,,,,,,,,,,,,,,,,,NOT_EVALUATED,,,,,,,,NOT_EVALUATED,NOT_EVALUATED,NOT_EVALUATED,NOT_EVALUATED,FUSELAGE_SIZING,SIZING_FAILURE,"Sized fuselage width (0.27 m) exceeds wing root chord (0.24 m), which causes extreme aerodynamic blockage and drag. Select a more slender fuselage profile.","Status: SIZING_INFEASIBLE, Warnings: 0, Iterations: 0",3.53,0,False
3533,CUSTOM,13.11,29.6,22.8,65.6,RUNWAY,RUNWAY,MOUNTAIN,8752.66,True,EXCEPTION,NOT_EVALUATED,Conventional,,,NOT_EVALUATED,,,,,,,,,,,,,,,,,,,,,,,NOT_EVALUATED,,,,,,,,NOT_EVALUATED,NOT_EVALUATED,NOT_EVALUATED,NOT_EVALUATED,PERFORMANCE_SIZING,INTERNAL_EXCEPTION,Sized maximum flight range (29.3 km) is below mission range requirement (29.6 km).,"Status: INTERNAL_EXCEPTION, Warnings: 0, Iterations: 0",4.14,0,False
3535,RESEARCH,8.77,35.9,55.5,80.0,RUNWAY,RUNWAY,MOUNTAIN,4585.4,True,FAILED,NOT_EVALUATED,Conventional,,,NOT_EVALUATED,,,,,,,,,,,,,,,,,,,,,,,NOT_EVALUATED,,,,,,,,NOT_EVALUATED,NOT_EVALUATED,NOT_EVALUATED,NOT_EVALUATED,CONVERGENCE,PROPULSION_FAILURE,Subsystem execution failed with exception: PropulsionOptimizer failed: PropulsionOptimizer failed: No feasible design candidates found.; Convergence failed: Subsystem execution failed with exception: PropulsionOptimizer failed: PropulsionOptimizer failed: No feasible design candidates found.,"Status: PROPULSION_INFEASIBLE, Warnings: 0, Iterations: 0",4699.95,0,False
3536,TRAINING,3.94,60.9,89.1,97.7,HAND_LAUNCH,BELLY_LANDING,DESERT,72730.89,True,FAILED,NOT_EVALUATED,Conventional,,,NOT_EVALUATED,,,,,,,,,,,,,,,,,,,,,,,NOT_EVALUATED,,,,,,,,NOT_EVALUATED,NOT_EVALUATED,NOT_EVALUATED,NOT_EVALUATED,CONVERGENCE,PROPULSION_FAILURE,Subsystem execution failed with exception: PropulsionOptimizer failed: PropulsionOptimizer failed: No feasible design candidates found.; Convergence failed: Subsystem execution failed with exception: PropulsionOptimizer failed: PropulsionOptimizer failed: No feasible design candidates found.,"Status: PROPULSION_INFEASIBLE, Warnings: 0, Iterations: 0",4417.5,0,False
3538,RESEARCH,2.29,28.6,72.7,105.8,CATAPULT,BELLY_LANDING,DESERT,16444.14,True,FAILED,NOT_EVALUATED,Conventional,,,NOT_EVALUATED,,,,,,,,,,,,,,,,,,,,,,,NOT_EVALUATED,,,,,,,,NOT_EVALUATED,NOT_EVALUATED,NOT_EVALUATED,NOT_EVALUATED,CONVERGENCE,PROPULSION_FAILURE,Subsystem execution failed with exception: PropulsionOptimizer failed: PropulsionOptimizer failed: No feasible design candidates found.; Convergence failed: Subsystem execution failed with exception: PropulsionOptimizer failed: PropulsionOptimizer failed: No feasible design candidates found.,"Status: PROPULSION_INFEASIBLE, Warnings: 0, Iterations: 0",4528.76,0,False
3539,TRAINING,18.66,63.3,35.2,56.0,RUNWAY,RUNWAY,MOUNTAIN,9254.26,True,INVALID_INPUT,NOT_EVALUATED,Conventional,,,NOT_EVALUATED,,,,,,,,,,,,,,,,,,,,,,,NOT_EVALUATED,,,,,,,,NOT_EVALUATED,NOT_EVALUATED,NOT_EVALUATED,NOT_EVALUATED,MISSION_TRANSLATION,INVALID_REQUIREMENTS,Mission range (63.3 km) is physically inconsistent with cruise speed (56.0 km/h) and flight time (35.2 min). Max theoretical range is 32.9 km.,"Status: INVALID_REQUIREMENTS, Warnings: 0, Iterations: 0",0.63,0,False
3543,DISASTER_RESPONSE,3.41,46.5,85.6,98.5,CATAPULT,NET_RECOVERY,DESERT,78437.6,True,FAILED,NOT_EVALUATED,Conventional,,,NOT_EVALUATED,,,,,,,,,,,,,,,,,,,,,,,NOT_EVALUATED,,,,,,,,NOT_EVALUATED,NOT_EVALUATED,NOT_EVALUATED,NOT_EVALUATED,CONVERGENCE,PROPULSION_FAILURE,Subsystem execution failed with exception: PropulsionOptimizer failed: PropulsionOptimizer failed: No feasible design candidates found.; Convergence failed: Subsystem execution failed with exception: PropulsionOptimizer failed: PropulsionOptimizer failed: No feasible design candidates found.,"Status: PROPULSION_INFEASIBLE, Warnings: 0, Iterations: 0",4452.32,0,False
3552,MILITARY,2.21,25.2,119.8,71.4,HAND_LAUNCH,PARACHUTE,FOREST,76271.51,True,FAILED,NOT_EVALUATED,Conventional,,,NOT_EVALUATED,,,,,,,,,,,,,,,,,,,,,,,NOT_EVALUATED,,,,,,,,NOT_EVALUATED,NOT_EVALUATED,NOT_EVALUATED,NOT_EVALUATED,FUSELAGE_SIZING,SIZING_FAILURE,"Sized fuselage width (0.23 m) exceeds wing root chord (0.20 m), which causes extreme aerodynamic blockage and drag. Select a more slender fuselage profile.","Status: SIZING_INFEASIBLE, Warnings: 0, Iterations: 0",3.71,0,False
3557,DISASTER_RESPONSE,2.82,99.6,140.6,59.3,RUNWAY,NET_RECOVERY,DESERT,77135.73,True,FAILED,NOT_EVALUATED,Conventional,,,NOT_EVALUATED,,,,,,,,,,,,,,,,,,,,,,,NOT_EVALUATED,,,,,,,,NOT_EVALUATED,NOT_EVALUATED,NOT_EVALUATED,NOT_EVALUATED,AVIONICS_SIZING,DATABASE_LIMITATION,COMPONENT_DATABASE_LIMITATION: Required communication range (99.60 km) exceeds the maximum range available in the telemetry catalog (80.00 km).,"Status: COMPONENT_DATABASE_LIMITATION, Warnings: 0, Iterations: 0",6.09,0,False
3565,TRAINING,4.58,77.5,122.8,107.6,CATAPULT,NET_RECOVERY,RURAL,75223.7,True,FAILED,NOT_EVALUATED,Conventional,,,NOT_EVALUATED,,,,,,,,,,,,,,,,,,,,,,,NOT_EVALUATED,,,,,,,,NOT_EVALUATED,NOT_EVALUATED,NOT_EVALUATED,NOT_EVALUATED,CONVERGENCE,PROPULSION_FAILURE,Subsystem execution failed with exception: PropulsionOptimizer failed: PropulsionOptimizer failed: No feasible design candidates found.; Convergence failed: Subsystem execution failed with exception: PropulsionOptimizer failed: PropulsionOptimizer failed: No feasible design candidates found.,"Status: PROPULSION_INFEASIBLE, Warnings: 0, Iterations: 0",4290.83,0,False
3569,RESEARCH,4.11,116.7,134.5,68.9,CATAPULT,RUNWAY,FOREST,3792.27,True,FAILED,NOT_EVALUATED,Conventional,,,NOT_EVALUATED,,,,,,,,,,,,,,,,,,,,,,,NOT_EVALUATED,,,,,,,,NOT_EVALUATED,NOT_EVALUATED,NOT_EVALUATED,NOT_EVALUATED,AVIONICS_SIZING,DATABASE_LIMITATION,COMPONENT_DATABASE_LIMITATION: Required communication range (116.70 km) exceeds the maximum range available in the telemetry catalog (80.00 km).,"Status: COMPONENT_DATABASE_LIMITATION, Warnings: 0, Iterations: 0",3.28,0,False
3575,DISASTER_RESPONSE,3.96,92.8,60.7,90.1,CATAPULT,RUNWAY,FOREST,77184.89,True,FAILED,NOT_EVALUATED,Conventional,,,NOT_EVALUATED,,,,,,,,,,,,,,,,,,,,,,,NOT_EVALUATED,,,,,,,,NOT_EVALUATED,NOT_EVALUATED,NOT_EVALUATED,NOT_EVALUATED,AVIONICS_SIZING,DATABASE_LIMITATION,COMPONENT_DATABASE_LIMITATION: Required communication range (92.80 km) exceeds the maximum range available in the telemetry catalog (80.00 km).,"Status: COMPONENT_DATABASE_LIMITATION, Warnings: 0, Iterations: 0",2.94,0,False
3580,SECURITY,10.7,36.8,33.6,79.0,RUNWAY,RUNWAY,DESERT,5479.21,True,FAILED,NOT_EVALUATED,Conventional,,,NOT_EVALUATED,,,,,,,,,,,,,,,,,,,,,,,NOT_EVALUATED,,,,,,,,NOT_EVALUATED,NOT_EVALUATED,NOT_EVALUATED,NOT_EVALUATED,FUSELAGE_SIZING,SIZING_FAILURE,"Sized fuselage width (0.51 m) exceeds wing root chord (0.45 m), which causes extreme aerodynamic blockage and drag. Select a more slender fuselage profile.","Status: SIZING_INFEASIBLE, Warnings: 0, Iterations: 0",3.41,0,False
3588,DISASTER_RESPONSE,4.85,48.9,117.7,55.9,RUNWAY,RUNWAY,DESERT,57569.41,True,FAILED,NOT_EVALUATED,Conventional,,,NOT_EVALUATED,,,,,,,,,,,,,,,,,,,,,,,NOT_EVALUATED,,,,,,,,NOT_EVALUATED,NOT_EVALUATED,NOT_EVALUATED,NOT_EVALUATED,CONVERGENCE,PROPULSION_FAILURE,Subsystem execution failed with exception: PropulsionOptimizer failed: PropulsionOptimizer failed: No feasible design candidates found.; Convergence failed: Subsystem execution failed with exception: PropulsionOptimizer failed: PropulsionOptimizer failed: No feasible design candidates found.,"Status: PROPULSION_INFEASIBLE, Warnings: 0, Iterations: 0",4380.92,0,False
3589,AGRICULTURE,1.62,42.9,56.1,87.1,CATAPULT,PARACHUTE,FOREST,42004.95,True,FAILED,NOT_EVALUATED,Conventional,,,NOT_EVALUATED,,,,,,,,,,,,,,,,,,,,,,,NOT_EVALUATED,,,,,,,,NOT_EVALUATED,NOT_EVALUATED,NOT_EVALUATED,NOT_EVALUATED,CONVERGENCE,SIZING_FAILURE,Subsystem execution failed with exception: FuselageOptimizer failed: FuselageOptimizer failed: No feasible design candidates found.; Convergence failed: Subsystem execution failed with exception: FuselageOptimizer failed: FuselageOptimizer failed: No feasible design candidates found.,"Status: SIZING_INFEASIBLE, Warnings: 0, Iterations: 0",1174.38,0,False
3596,SURVEY,4.57,93.2,103.4,90.0,CATAPULT,BELLY_LANDING,MOUNTAIN,76633.75,True,FAILED,NOT_EVALUATED,Conventional,,,NOT_EVALUATED,,,,,,,,,,,,,,,,,,,,,,,NOT_EVALUATED,,,,,,,,NOT_EVALUATED,NOT_EVALUATED,NOT_EVALUATED,NOT_EVALUATED,AVIONICS_SIZING,DATABASE_LIMITATION,COMPONENT_DATABASE_LIMITATION: Required communication range (93.20 km) exceeds the maximum range available in the telemetry catalog (80.00 km).,"Status: COMPONENT_DATABASE_LIMITATION, Warnings: 0, Iterations: 0",3.16,0,False
3597,TRAINING,24.97,13.6,66.3,60.5,RUNWAY,RUNWAY,RURAL,32383.39,True,EXCEPTION,NOT_EVALUATED,Conventional,,,NOT_EVALUATED,,,,,,,,,,,,,,,,,,,,,,,NOT_EVALUATED,,,,,,,,NOT_EVALUATED,NOT_EVALUATED,NOT_EVALUATED,NOT_EVALUATED,PROPULSION_SIZING,INTERNAL_EXCEPTION,PROPULSION_POWER_LIMIT: Sized power target of 6912.8 W exceeds maximum catalog motor power limit of 3400.0 W.,"Status: INTERNAL_EXCEPTION, Warnings: 0, Iterations: 0",3.05,0,False
3600,DELIVERY,2.03,52.5,54.9,79.0,HAND_LAUNCH,NET_RECOVERY,RURAL,63635.63,True,FAILED,NOT_EVALUATED,Conventional,,,NOT_EVALUATED,,,,,,,,,,,,,,,,,,,,,,,NOT_EVALUATED,,,,,,,,NOT_EVALUATED,NOT_EVALUATED,NOT_EVALUATED,NOT_EVALUATED,CONVERGENCE,PROPULSION_FAILURE,Subsystem execution failed with exception: PropulsionOptimizer failed: PropulsionOptimizer failed: No feasible design candidates found.; Convergence failed: Subsystem execution failed with exception: PropulsionOptimizer failed: PropulsionOptimizer failed: No feasible design candidates found.,"Status: PROPULSION_INFEASIBLE, Warnings: 0, Iterations: 0",4043.5,0,False
3605,SURVEY,3.14,35.8,137.6,64.3,RUNWAY,NET_RECOVERY,RURAL,5674.25,True,EXCEPTION,NOT_EVALUATED,Conventional,,,NOT_EVALUATED,,,,,,,,,,,,,,,,,,,,,,,NOT_EVALUATED,,,,,,,,NOT_EVALUATED,NOT_EVALUATED,NOT_EVALUATED,NOT_EVALUATED,CONVERGENCE,INTERNAL_EXCEPTION,Design compliance score (76.0%) is below the minimum required safety compliance boundary (85.0%).,"Status: INTERNAL_EXCEPTION, Warnings: 0, Iterations: 5",20324.86,5,False
3608,SECURITY,2.92,94.8,126.7,71.5,CATAPULT,RUNWAY,FOREST,22906.72,True,FAILED,NOT_EVALUATED,Conventional,,,NOT_EVALUATED,,,,,,,,,,,,,,,,,,,,,,,NOT_EVALUATED,,,,,,,,NOT_EVALUATED,NOT_EVALUATED,NOT_EVALUATED,NOT_EVALUATED,FUSELAGE_SIZING,SIZING_FAILURE,"Sized fuselage width (0.27 m) exceeds wing root chord (0.23 m), which causes extreme aerodynamic blockage and drag. Select a more slender fuselage profile.","Status: SIZING_INFEASIBLE, Warnings: 0, Iterations: 0",4.99,0,False
3626,MILITARY,10.33,23.8,86.6,54.9,RUNWAY,RUNWAY,RURAL,70969.38,True,FAILED,NOT_EVALUATED,Conventional,,,NOT_EVALUATED,,,,,,,,,,,,,,,,,,,,,,,NOT_EVALUATED,,,,,,,,NOT_EVALUATED,NOT_EVALUATED,NOT_EVALUATED,NOT_EVALUATED,FUSELAGE_SIZING,SIZING_FAILURE,"Sized fuselage width (0.50 m) exceeds wing root chord (0.44 m), which causes extreme aerodynamic blockage and drag. Select a more slender fuselage profile.","Status: SIZING_INFEASIBLE, Warnings: 0, Iterations: 0",4.6,0,False
3628,DISASTER_RESPONSE,4.14,34.3,70.3,82.6,RUNWAY,PARACHUTE,FOREST,41922.75,True,EXCEPTION,NOT_EVALUATED,Conventional,,,NOT_EVALUATED,,,,,,,,,,,,,,,,,,,,,,,NOT_EVALUATED,,,,,,,,NOT_EVALUATED,NOT_EVALUATED,NOT_EVALUATED,NOT_EVALUATED,CONVERGENCE,INTERNAL_EXCEPTION,Design compliance score (76.0%) is below the minimum required safety compliance boundary (85.0%).,"Status: INTERNAL_EXCEPTION, Warnings: 0, Iterations: 5",20676.25,5,False
3631,SURVEY,3.8,83.3,127.5,89.2,HAND_LAUNCH,BELLY_LANDING,FOREST,55102.25,True,FAILED,NOT_EVALUATED,Conventional,,,NOT_EVALUATED,,,,,,,,,,,,,,,,,,,,,,,NOT_EVALUATED,,,,,,,,NOT_EVALUATED,NOT_EVALUATED,NOT_EVALUATED,NOT_EVALUATED,AVIONICS_SIZING,DATABASE_LIMITATION,COMPONENT_DATABASE_LIMITATION: Required communication range (83.30 km) exceeds the maximum range available in the telemetry catalog (80.00 km).,"Status: COMPONENT_DATABASE_LIMITATION, Warnings: 0, Iterations: 0",5.44,0,False
3632,TRAINING,2.83,63.7,46.7,92.2,RUNWAY,BELLY_LANDING,DESERT,56898.09,True,EXCEPTION,NOT_EVALUATED,Conventional,,,NOT_EVALUATED,,,,,,,,,,,,,,,,,,,,,,,NOT_EVALUATED,,,,,,,,NOT_EVALUATED,NOT_EVALUATED,NOT_EVALUATED,NOT_EVALUATED,CONVERGENCE,INTERNAL_EXCEPTION,Design compliance score (76.0%) is below the minimum required safety compliance boundary (85.0%).,"Status: INTERNAL_EXCEPTION, Warnings: 0, Iterations: 5",20134.17,5,False
3633,DISASTER_RESPONSE,4.73,49.0,51.4,76.5,HAND_LAUNCH,RUNWAY,DESERT,8090.6,True,FAILED,NOT_EVALUATED,Conventional,,,NOT_EVALUATED,,,,,,,,,,,,,,,,,,,,,,,NOT_EVALUATED,,,,,,,,NOT_EVALUATED,NOT_EVALUATED,NOT_EVALUATED,NOT_EVALUATED,CONVERGENCE,PROPULSION_FAILURE,Subsystem execution failed with exception: PropulsionOptimizer failed: PropulsionOptimizer failed: No feasible design candidates found.; Convergence failed: Subsystem execution failed with exception: PropulsionOptimizer failed: PropulsionOptimizer failed: No feasible design candidates found.,"Status: PROPULSION_INFEASIBLE, Warnings: 0, Iterations: 0",4113.16,0,False
3634,TRAINING,4.71,98.4,80.3,87.6,CATAPULT,NET_RECOVERY,MOUNTAIN,14265.16,True,FAILED,NOT_EVALUATED,Conventional,,,NOT_EVALUATED,,,,,,,,,,,,,,,,,,,,,,,NOT_EVALUATED,,,,,,,,NOT_EVALUATED,NOT_EVALUATED,NOT_EVALUATED,NOT_EVALUATED,AVIONICS_SIZING,DATABASE_LIMITATION,COMPONENT_DATABASE_LIMITATION: Required communication range (98.40 km) exceeds the maximum range available in the telemetry catalog (80.00 km).,"Status: COMPONENT_DATABASE_LIMITATION, Warnings: 0, Iterations: 0",3.11,0,False
3636,SECURITY,2.82,42.9,68.5,64.7,CATAPULT,BELLY_LANDING,MOUNTAIN,10080.85,True,FAILED,NOT_EVALUATED,Conventional,,,NOT_EVALUATED,,,,,,,,,,,,,,,,,,,,,,,NOT_EVALUATED,,,,,,,,NOT_EVALUATED,NOT_EVALUATED,NOT_EVALUATED,NOT_EVALUATED,FUSELAGE_SIZING,SIZING_FAILURE,"Sized fuselage width (0.26 m) exceeds wing root chord (0.23 m), which causes extreme aerodynamic blockage and drag. Select a more slender fuselage profile.","Status: SIZING_INFEASIBLE, Warnings: 0, Iterations: 0",5.34,0,False
3640,RESEARCH,3.67,61.4,105.0,108.3,HAND_LAUNCH,NET_RECOVERY,RURAL,66914.07,True,FAILED,NOT_EVALUATED,Conventional,,,NOT_EVALUATED,,,,,,,,,,,,,,,,,,,,,,,NOT_EVALUATED,,,,,,,,NOT_EVALUATED,NOT_EVALUATED,NOT_EVALUATED,NOT_EVALUATED,CONVERGENCE,PROPULSION_FAILURE,Subsystem execution failed with exception: PropulsionOptimizer failed: PropulsionOptimizer failed: No feasible design candidates found.; Convergence failed: Subsystem execution failed with exception: PropulsionOptimizer failed: PropulsionOptimizer failed: No feasible design candidates found.,"Status: PROPULSION_INFEASIBLE, Warnings: 0, Iterations: 0",4192.98,0,False
3647,TRAINING,3.18,108.6,111.7,50.3,CATAPULT,BELLY_LANDING,DESERT,65412.24,True,FAILED,NOT_EVALUATED,Conventional,,,NOT_EVALUATED,,,,,,,,,,,,,,,,,,,,,,,NOT_EVALUATED,,,,,,,,NOT_EVALUATED,NOT_EVALUATED,NOT_EVALUATED,NOT_EVALUATED,AVIONICS_SIZING,DATABASE_LIMITATION,COMPONENT_DATABASE_LIMITATION: Required communication range (108.60 km) exceeds the maximum range available in the telemetry catalog (80.00 km).,"Status: COMPONENT_DATABASE_LIMITATION, Warnings: 0, Iterations: 0",3.36,0,False
3648,SECURITY,17.11,58.2,85.1,48.5,RUNWAY,RUNWAY,DESERT,47342.61,True,FAILED,NOT_EVALUATED,Conventional,,,NOT_EVALUATED,,,,,,,,,,,,,,,,,,,,,,,NOT_EVALUATED,,,,,,,,NOT_EVALUATED,NOT_EVALUATED,NOT_EVALUATED,NOT_EVALUATED,FUSELAGE_SIZING,SIZING_FAILURE,"Sized fuselage width (0.64 m) exceeds wing root chord (0.57 m), which causes extreme aerodynamic blockage and drag. Select a more slender fuselage profile.","Status: SIZING_INFEASIBLE, Warnings: 0, Iterations: 0",4.73,0,False
3649,CUSTOM,4.97,34.7,110.6,104.9,RUNWAY,BELLY_LANDING,RURAL,55801.76,True,FAILED,NOT_EVALUATED,Conventional,,,NOT_EVALUATED,,,,,,,,,,,,,,,,,,,,,,,NOT_EVALUATED,,,,,,,,NOT_EVALUATED,NOT_EVALUATED,NOT_EVALUATED,NOT_EVALUATED,CONVERGENCE,PROPULSION_FAILURE,Subsystem execution failed with exception: PropulsionOptimizer failed: PropulsionOptimizer failed: No feasible design candidates found.; Convergence failed: Subsystem execution failed with exception: PropulsionOptimizer failed: PropulsionOptimizer failed: No feasible design candidates found.,"Status: PROPULSION_INFEASIBLE, Warnings: 0, Iterations: 0",3951.5,0,False
3652,MILITARY,13.54,19.0,67.4,56.0,RUNWAY,RUNWAY,MOUNTAIN,69318.05,True,FAILED,NOT_EVALUATED,Conventional,,,NOT_EVALUATED,,,,,,,,,,,,,,,,,,,,,,,NOT_EVALUATED,,,,,,,,NOT_EVALUATED,NOT_EVALUATED,NOT_EVALUATED,NOT_EVALUATED,FUSELAGE_SIZING,SIZING_FAILURE,"Sized fuselage width (0.57 m) exceeds wing root chord (0.50 m), which causes extreme aerodynamic blockage and drag. Select a more slender fuselage profile.","Status: SIZING_INFEASIBLE, Warnings: 0, Iterations: 0",5.85,0,False
3660,DISASTER_RESPONSE,2.69,81.5,69.3,109.2,HAND_LAUNCH,NET_RECOVERY,MOUNTAIN,7383.98,True,FAILED,NOT_EVALUATED,Conventional,,,NOT_EVALUATED,,,,,,,,,,,,,,,,,,,,,,,NOT_EVALUATED,,,,,,,,NOT_EVALUATED,NOT_EVALUATED,NOT_EVALUATED,NOT_EVALUATED,AVIONICS_SIZING,DATABASE_LIMITATION,COMPONENT_DATABASE_LIMITATION: Required communication range (81.50 km) exceeds the maximum range available in the telemetry catalog (80.00 km).,"Status: COMPONENT_DATABASE_LIMITATION, Warnings: 0, Iterations: 0",4.72,0,False
3663,CUSTOM,21.51,27.0,65.8,57.9,RUNWAY,RUNWAY,RURAL,61315.55,True,EXCEPTION,NOT_EVALUATED,Conventional,,,NOT_EVALUATED,,,,,,,,,,,,,,,,,,,,,,,NOT_EVALUATED,,,,,,,,NOT_EVALUATED,NOT_EVALUATED,NOT_EVALUATED,NOT_EVALUATED,PROPULSION_SIZING,INTERNAL_EXCEPTION,PROPULSION_POWER_LIMIT: Sized power target of 5954.9 W exceeds maximum catalog motor power limit of 3400.0 W.,"Status: INTERNAL_EXCEPTION, Warnings: 0, Iterations: 0",3.15,0,False
3669,MAPPING,24.04,54.0,89.1,74.2,RUNWAY,RUNWAY,MOUNTAIN,23198.17,True,EXCEPTION,NOT_EVALUATED,Conventional,,,NOT_EVALUATED,,,,,,,,,,,,,,,,,,,,,,,NOT_EVALUATED,,,,,,,,NOT_EVALUATED,NOT_EVALUATED,NOT_EVALUATED,NOT_EVALUATED,PROPULSION_SIZING,INTERNAL_EXCEPTION,PROPULSION_POWER_LIMIT: Sized power target of 6655.3 W exceeds maximum catalog motor power limit of 3400.0 W.,"Status: INTERNAL_EXCEPTION, Warnings: 0, Iterations: 0",4.85,0,False
3676,DISASTER_RESPONSE,2.25,50.1,48.4,105.5,HAND_LAUNCH,RUNWAY,DESERT,48577.81,True,FAILED,NOT_EVALUATED,Conventional,,,NOT_EVALUATED,,,,,,,,,,,,,,,,,,,,,,,NOT_EVALUATED,,,,,,,,NOT_EVALUATED,NOT_EVALUATED,NOT_EVALUATED,NOT_EVALUATED,CONVERGENCE,PROPULSION_FAILURE,Subsystem execution failed with exception: PropulsionOptimizer failed: PropulsionOptimizer failed: No feasible design candidates found.; Convergence failed: Subsystem execution failed with exception: PropulsionOptimizer failed: PropulsionOptimizer failed: No feasible design candidates found.,"Status: PROPULSION_INFEASIBLE, Warnings: 0, Iterations: 1",7776.17,1,False
3677,DELIVERY,3.24,55.4,119.1,77.4,CATAPULT,RUNWAY,RURAL,53763.12,True,FAILED,NOT_EVALUATED,Conventional,,,NOT_EVALUATED,,,,,,,,,,,,,,,,,,,,,,,NOT_EVALUATED,,,,,,,,NOT_EVALUATED,NOT_EVALUATED,NOT_EVALUATED,NOT_EVALUATED,CONVERGENCE,PROPULSION_FAILURE,Subsystem execution failed with exception: PropulsionOptimizer failed: PropulsionOptimizer failed: No feasible design candidates found.; Convergence failed: Subsystem execution failed with exception: PropulsionOptimizer failed: PropulsionOptimizer failed: No feasible design candidates found.,"Status: PROPULSION_INFEASIBLE, Warnings: 0, Iterations: 0",3856.76,0,False
3678,MILITARY,18.9,26.8,75.9,83.8,RUNWAY,RUNWAY,DESERT,8441.42,True,FAILED,NOT_EVALUATED,Conventional,,,NOT_EVALUATED,,,,,,,,,,,,,,,,,,,,,,,NOT_EVALUATED,,,,,,,,NOT_EVALUATED,NOT_EVALUATED,NOT_EVALUATED,NOT_EVALUATED,FUSELAGE_SIZING,SIZING_FAILURE,"Sized fuselage width (0.67 m) exceeds wing root chord (0.60 m), which causes extreme aerodynamic blockage and drag. Select a more slender fuselage profile.","Status: SIZING_INFEASIBLE, Warnings: 0, Iterations: 0",4.69,0,False
3679,DELIVERY,4.41,99.5,104.5,68.6,CATAPULT,BELLY_LANDING,FOREST,79238.48,True,FAILED,NOT_EVALUATED,Conventional,,,NOT_EVALUATED,,,,,,,,,,,,,,,,,,,,,,,NOT_EVALUATED,,,,,,,,NOT_EVALUATED,NOT_EVALUATED,NOT_EVALUATED,NOT_EVALUATED,AVIONICS_SIZING,DATABASE_LIMITATION,COMPONENT_DATABASE_LIMITATION: Required communication range (99.50 km) exceeds the maximum range available in the telemetry catalog (80.00 km).,"Status: COMPONENT_DATABASE_LIMITATION, Warnings: 0, Iterations: 0",3.43,0,False
3682,TRAINING,22.72,65.9,66.6,62.1,RUNWAY,RUNWAY,RURAL,19937.75,True,EXCEPTION,NOT_EVALUATED,Conventional,,,NOT_EVALUATED,,,,,,,,,,,,,,,,,,,,,,,NOT_EVALUATED,,,,,,,,NOT_EVALUATED,NOT_EVALUATED,NOT_EVALUATED,NOT_EVALUATED,PROPULSION_SIZING,INTERNAL_EXCEPTION,PROPULSION_POWER_LIMIT: Sized power target of 6289.9 W exceeds maximum catalog motor power limit of 3400.0 W.,"Status: INTERNAL_EXCEPTION, Warnings: 0, Iterations: 0",3.9,0,False
3683,MAPPING,1.31,83.4,82.9,107.2,RUNWAY,NET_RECOVERY,RURAL,47762.78,True,FAILED,NOT_EVALUATED,Conventional,,,NOT_EVALUATED,,,,,,,,,,,,,,,,,,,,,,,NOT_EVALUATED,,,,,,,,NOT_EVALUATED,NOT_EVALUATED,NOT_EVALUATED,NOT_EVALUATED,AVIONICS_SIZING,DATABASE_LIMITATION,COMPONENT_DATABASE_LIMITATION: Required communication range (83.40 km) exceeds the maximum range available in the telemetry catalog (80.00 km).,"Status: COMPONENT_DATABASE_LIMITATION, Warnings: 0, Iterations: 0",3.32,0,False
3687,SECURITY,2.58,99.2,121.7,90.9,RUNWAY,BELLY_LANDING,MOUNTAIN,73366.96,True,FAILED,NOT_EVALUATED,Conventional,,,NOT_EVALUATED,,,,,,,,,,,,,,,,,,,,,,,NOT_EVALUATED,,,,,,,,NOT_EVALUATED,NOT_EVALUATED,NOT_EVALUATED,NOT_EVALUATED,FUSELAGE_SIZING,SIZING_FAILURE,"Sized fuselage width (0.25 m) exceeds wing root chord (0.22 m), which causes extreme aerodynamic blockage and drag. Select a more slender fuselage profile.","Status: SIZING_INFEASIBLE, Warnings: 0, Iterations: 0",4.38,0,False
3692,AGRICULTURE,3.77,45.2,79.4,50.9,HAND_LAUNCH,NET_RECOVERY,FOREST,15605.69,True,FAILED,NOT_EVALUATED,Conventional,,,NOT_EVALUATED,,,,,,,,,,,,,,,,,,,,,,,NOT_EVALUATED,,,,,,,,NOT_EVALUATED,NOT_EVALUATED,NOT_EVALUATED,NOT_EVALUATED,PERFORMANCE_SIZING,PERFORMANCE_FAILURE,"Cruise speed (50.9 kmh) is below the minimum safe cruise speed boundary (52.9 kmh, representing a 30.0% safety margin above clean stall).","Status: PERFORMANCE_INFEASIBLE, Warnings: 0, Iterations: 0",6.64,0,False
3693,DELIVERY,3.9,101.8,106.6,87.6,CATAPULT,RUNWAY,RURAL,68068.58,True,FAILED,NOT_EVALUATED,Conventional,,,NOT_EVALUATED,,,,,,,,,,,,,,,,,,,,,,,NOT_EVALUATED,,,,,,,,NOT_EVALUATED,NOT_EVALUATED,NOT_EVALUATED,NOT_EVALUATED,AVIONICS_SIZING,DATABASE_LIMITATION,COMPONENT_DATABASE_LIMITATION: Required communication range (101.80 km) exceeds the maximum range available in the telemetry catalog (80.00 km).,"Status: COMPONENT_DATABASE_LIMITATION, Warnings: 0, Iterations: 0",13.46,0,False
3698,MAPPING,2.45,84.1,111.6,52.2,RUNWAY,PARACHUTE,DESERT,76504.33,True,FAILED,NOT_EVALUATED,Conventional,,,NOT_EVALUATED,,,,,,,,,,,,,,,,,,,,,,,NOT_EVALUATED,,,,,,,,NOT_EVALUATED,NOT_EVALUATED,NOT_EVALUATED,NOT_EVALUATED,AVIONICS_SIZING,DATABASE_LIMITATION,COMPONENT_DATABASE_LIMITATION: Required communication range (84.10 km) exceeds the maximum range available in the telemetry catalog (80.00 km).,"Status: COMPONENT_DATABASE_LIMITATION, Warnings: 0, Iterations: 0",3.04,0,False
3700,AGRICULTURE,4.16,54.7,83.5,67.4,HAND_LAUNCH,BELLY_LANDING,FOREST,58695.93,True,FAILED,NOT_EVALUATED,Conventional,,,NOT_EVALUATED,,,,,,,,,,,,,,,,,,,,,,,NOT_EVALUATED,,,,,,,,NOT_EVALUATED,NOT_EVALUATED,NOT_EVALUATED,NOT_EVALUATED,CONVERGENCE,PROPULSION_FAILURE,Subsystem execution failed with exception: PropulsionOptimizer failed: PropulsionOptimizer failed: No feasible design candidates found.; Convergence failed: Subsystem execution failed with exception: PropulsionOptimizer failed: PropulsionOptimizer failed: No feasible design candidates found.,"Status: PROPULSION_INFEASIBLE, Warnings: 0, Iterations: 0",3797.21,0,False
3708,MILITARY,22.04,11.6,74.8,41.2,RUNWAY,RUNWAY,MOUNTAIN,25445.27,True,INVALID_INPUT,NOT_EVALUATED,Conventional,,,NOT_EVALUATED,,,,,,,,,,,,,,,,,,,,,,,NOT_EVALUATED,,,,,,,,NOT_EVALUATED,NOT_EVALUATED,NOT_EVALUATED,NOT_EVALUATED,MISSION_TRANSLATION,INVALID_REQUIREMENTS,Stall speed target (45.0 km/h) must be less than cruise speed (41.2 km/h),"Status: INVALID_REQUIREMENTS, Warnings: 0, Iterations: 0",0.3,0,False
3710,SURVEY,2.2,113.6,112.4,99.8,CATAPULT,RUNWAY,RURAL,63019.25,True,FAILED,NOT_EVALUATED,Conventional,,,NOT_EVALUATED,,,,,,,,,,,,,,,,,,,,,,,NOT_EVALUATED,,,,,,,,NOT_EVALUATED,NOT_EVALUATED,NOT_EVALUATED,NOT_EVALUATED,AVIONICS_SIZING,DATABASE_LIMITATION,COMPONENT_DATABASE_LIMITATION: Required communication range (113.60 km) exceeds the maximum range available in the telemetry catalog (80.00 km).,"Status: COMPONENT_DATABASE_LIMITATION, Warnings: 0, Iterations: 0",3.39,0,False
3718,MAPPING,3.49,87.4,64.5,86.5,HAND_LAUNCH,BELLY_LANDING,RURAL,20793.21,True,FAILED,NOT_EVALUATED,Conventional,,,NOT_EVALUATED,,,,,,,,,,,,,,,,,,,,,,,NOT_EVALUATED,,,,,,,,NOT_EVALUATED,NOT_EVALUATED,NOT_EVALUATED,NOT_EVALUATED,AVIONICS_SIZING,DATABASE_LIMITATION,COMPONENT_DATABASE_LIMITATION: Required communication range (87.40 km) exceeds the maximum range available in the telemetry catalog (80.00 km).,"Status: COMPONENT_DATABASE_LIMITATION, Warnings: 0, Iterations: 0",3.36,0,False
3719,SECURITY,1.29,37.7,47.1,83.2,HAND_LAUNCH,RUNWAY,FOREST,22529.21,True,FAILED,NOT_EVALUATED,Conventional,,,NOT_EVALUATED,,,,,,,,,,,,,,,,,,,,,,,NOT_EVALUATED,,,,,,,,NOT_EVALUATED,NOT_EVALUATED,NOT_EVALUATED,NOT_EVALUATED,FUSELAGE_SIZING,SIZING_FAILURE,"Sized fuselage width (0.18 m) exceeds wing root chord (0.16 m), which causes extreme aerodynamic blockage and drag. Select a more slender fuselage profile.","Status: SIZING_INFEASIBLE, Warnings: 0, Iterations: 0",5.52,0,False
3720,TRAINING,1.89,77.4,117.9,72.4,CATAPULT,PARACHUTE,FOREST,54268.14,True,EXCEPTION,NOT_EVALUATED,Conventional,,,NOT_EVALUATED,,,,,,,,,,,,,,,,,,,,,,,NOT_EVALUATED,,,,,,,,NOT_EVALUATED,NOT_EVALUATED,NOT_EVALUATED,NOT_EVALUATED,CONVERGENCE,INTERNAL_EXCEPTION,Design compliance score (76.0%) is below the minimum required safety compliance boundary (85.0%).,"Status: INTERNAL_EXCEPTION, Warnings: 0, Iterations: 5",20448.81,5,False
3721,MILITARY,16.83,54.0,58.7,84.9,RUNWAY,RUNWAY,RURAL,4416.47,True,FAILED,NOT_EVALUATED,Conventional,,,NOT_EVALUATED,,,,,,,,,,,,,,,,,,,,,,,NOT_EVALUATED,,,,,,,,NOT_EVALUATED,NOT_EVALUATED,NOT_EVALUATED,NOT_EVALUATED,FUSELAGE_SIZING,SIZING_FAILURE,"Sized fuselage width (0.64 m) exceeds wing root chord (0.56 m), which causes extreme aerodynamic blockage and drag. Select a more slender fuselage profile.","Status: SIZING_INFEASIBLE, Warnings: 0, Iterations: 0",5.91,0,False
3724,DELIVERY,4.42,111.7,71.5,93.6,RUNWAY,BELLY_LANDING,FOREST,2489.05,True,FAILED,NOT_EVALUATED,Conventional,,,NOT_EVALUATED,,,,,,,,,,,,,,,,,,,,,,,NOT_EVALUATED,,,,,,,,NOT_EVALUATED,NOT_EVALUATED,NOT_EVALUATED,NOT_EVALUATED,AVIONICS_SIZING,DATABASE_LIMITATION,COMPONENT_DATABASE_LIMITATION: Required communication range (111.70 km) exceeds the maximum range available in the telemetry catalog (80.00 km).,"Status: COMPONENT_DATABASE_LIMITATION, Warnings: 0, Iterations: 0",3.45,0,False
3730,MILITARY,4.55,118.4,81.4,63.3,HAND_LAUNCH,RUNWAY,FOREST,52300.23,True,FAILED,NOT_EVALUATED,Conventional,,,NOT_EVALUATED,,,,,,,,,,,,,,,,,,,,,,,NOT_EVALUATED,,,,,,,,NOT_EVALUATED,NOT_EVALUATED,NOT_EVALUATED,NOT_EVALUATED,FUSELAGE_SIZING,SIZING_FAILURE,"Sized fuselage width (0.33 m) exceeds wing root chord (0.29 m), which causes extreme aerodynamic blockage and drag. Select a more slender fuselage profile.","Status: SIZING_INFEASIBLE, Warnings: 0, Iterations: 0",3.35,0,False
3733,AGRICULTURE,14.84,42.9,26.6,82.8,RUNWAY,RUNWAY,MOUNTAIN,8310.56,True,FAILED,NOT_EVALUATED,Conventional,,,NOT_EVALUATED,,,,,,,,,,,,,,,,,,,,,,,NOT_EVALUATED,,,,,,,,NOT_EVALUATED,NOT_EVALUATED,NOT_EVALUATED,NOT_EVALUATED,CONVERGENCE,PROPULSION_FAILURE,Subsystem execution failed with exception: PropulsionOptimizer failed: PropulsionOptimizer failed: No feasible design candidates found.; Convergence failed: Subsystem execution failed with exception: PropulsionOptimizer failed: PropulsionOptimizer failed: No feasible design candidates found.,"Status: PROPULSION_INFEASIBLE, Warnings: 0, Iterations: 0",3829.29,0,False
3740,MILITARY,1.22,93.2,87.2,82.2,HAND_LAUNCH,PARACHUTE,RURAL,36926.55,True,FAILED,NOT_EVALUATED,Conventional,,,NOT_EVALUATED,,,,,,,,,,,,,,,,,,,,,,,NOT_EVALUATED,,,,,,,,NOT_EVALUATED,NOT_EVALUATED,NOT_EVALUATED,NOT_EVALUATED,FUSELAGE_SIZING,SIZING_FAILURE,"Sized fuselage width (0.17 m) exceeds wing root chord (0.15 m), which causes extreme aerodynamic blockage and drag. Select a more slender fuselage profile.","Status: SIZING_INFEASIBLE, Warnings: 0, Iterations: 0",3.59,0,False
3749,AGRICULTURE,2.47,109.3,98.2,50.3,HAND_LAUNCH,NET_RECOVERY,FOREST,14989.29,True,FAILED,NOT_EVALUATED,Conventional,,,NOT_EVALUATED,,,,,,,,,,,,,,,,,,,,,,,NOT_EVALUATED,,,,,,,,NOT_EVALUATED,NOT_EVALUATED,NOT_EVALUATED,NOT_EVALUATED,AVIONICS_SIZING,DATABASE_LIMITATION,COMPONENT_DATABASE_LIMITATION: Required communication range (109.30 km) exceeds the maximum range available in the telemetry catalog (80.00 km).,"Status: COMPONENT_DATABASE_LIMITATION, Warnings: 0, Iterations: 0",9.0,0,False
3756,RESEARCH,1.76,38.5,126.7,107.6,CATAPULT,PARACHUTE,RURAL,2197.73,True,EXCEPTION,NOT_EVALUATED,Conventional,,,NOT_EVALUATED,,,,,,,,,,,,,,,,,,,,,,,NOT_EVALUATED,,,,,,,,NOT_EVALUATED,NOT_EVALUATED,NOT_EVALUATED,NOT_EVALUATED,PROPULSION_SIZING,INTERNAL_EXCEPTION,Sized payload weight (1.95 kg) exceeds maximum structural payload weight constraint (1.85 kg).,"Status: INTERNAL_EXCEPTION, Warnings: 0, Iterations: 0",2.54,0,False
3757,TRAINING,1.72,98.0,93.9,50.6,CATAPULT,BELLY_LANDING,FOREST,2355.87,True,FAILED,NOT_EVALUATED,Conventional,,,NOT_EVALUATED,,,,,,,,,,,,,,,,,,,,,,,NOT_EVALUATED,,,,,,,,NOT_EVALUATED,NOT_EVALUATED,NOT_EVALUATED,NOT_EVALUATED,AVIONICS_SIZING,DATABASE_LIMITATION,COMPONENT_DATABASE_LIMITATION: Required communication range (98.00 km) exceeds the maximum range available in the telemetry catalog (80.00 km).,"Status: COMPONENT_DATABASE_LIMITATION, Warnings: 0, Iterations: 0",3.93,0,False
3773,SECURITY,12.32,46.6,60.9,52.3,RUNWAY,RUNWAY,DESERT,32014.31,True,FAILED,NOT_EVALUATED,Conventional,,,NOT_EVALUATED,,,,,,,,,,,,,,,,,,,,,,,NOT_EVALUATED,,,,,,,,NOT_EVALUATED,NOT_EVALUATED,NOT_EVALUATED,NOT_EVALUATED,FUSELAGE_SIZING,SIZING_FAILURE,"Sized fuselage width (0.54 m) exceeds wing root chord (0.48 m), which causes extreme aerodynamic blockage and drag. Select a more slender fuselage profile.","Status: SIZING_INFEASIBLE, Warnings: 0, Iterations: 0",3.25,0,False
3782,RESEARCH,2.81,49.7,68.7,87.4,RUNWAY,BELLY_LANDING,MOUNTAIN,36662.82,True,FAILED,NOT_EVALUATED,Conventional,,,NOT_EVALUATED,,,,,,,,,,,,,,,,,,,,,,,NOT_EVALUATED,,,,,,,,NOT_EVALUATED,NOT_EVALUATED,NOT_EVALUATED,NOT_EVALUATED,CONVERGENCE,SIZING_FAILURE,Subsystem execution failed with exception: MassPropertiesOptimizer failed: MassPropertiesOptimizer failed: No feasible design candidates found.; Convergence failed: Subsystem execution failed with exception: MassPropertiesOptimizer failed: MassPropertiesOptimizer failed: No feasible design candidates found.,"Status: SIZING_INFEASIBLE, Warnings: 0, Iterations: 1",7852.17,1,False
3784,TRAINING,12.54,79.0,49.2,82.7,RUNWAY,RUNWAY,RURAL,53988.57,True,FAILED,NOT_EVALUATED,Conventional,,,NOT_EVALUATED,,,,,,,,,,,,,,,,,,,,,,,NOT_EVALUATED,,,,,,,,NOT_EVALUATED,NOT_EVALUATED,NOT_EVALUATED,NOT_EVALUATED,CONVERGENCE,PROPULSION_FAILURE,Subsystem execution failed with exception: PropulsionOptimizer failed: PropulsionOptimizer failed: No feasible design candidates found.; Convergence failed: Subsystem execution failed with exception: PropulsionOptimizer failed: PropulsionOptimizer failed: No feasible design candidates found.,"Status: PROPULSION_INFEASIBLE, Warnings: 0, Iterations: 0",3807.56,0,False
3787,MILITARY,1.55,42.7,76.2,96.5,HAND_LAUNCH,PARACHUTE,MOUNTAIN,2202.84,True,FAILED,NOT_EVALUATED,Conventional,,,NOT_EVALUATED,,,,,,,,,,,,,,,,,,,,,,,NOT_EVALUATED,,,,,,,,NOT_EVALUATED,NOT_EVALUATED,NOT_EVALUATED,NOT_EVALUATED,FUSELAGE_SIZING,SIZING_FAILURE,"Sized fuselage width (0.19 m) exceeds wing root chord (0.17 m), which causes extreme aerodynamic blockage and drag. Select a more slender fuselage profile.","Status: SIZING_INFEASIBLE, Warnings: 0, Iterations: 0",4.03,0,False
3792,DELIVERY,1.3,69.2,131.7,102.7,RUNWAY,PARACHUTE,DESERT,54027.3,True,FAILED,NOT_EVALUATED,Conventional,,,NOT_EVALUATED,,,,,,,,,,,,,,,,,,,,,,,NOT_EVALUATED,,,,,,,,NOT_EVALUATED,NOT_EVALUATED,NOT_EVALUATED,NOT_EVALUATED,PROPULSION_SIZING,DATABASE_LIMITATION,"COMPONENT_DATABASE_LIMITATION: Lightest available component of type 'Cargo' in database weighs 2.00 kg, which exceeds the maximum allowed structural payload limit of 1.37 kg.","Status: COMPONENT_DATABASE_LIMITATION, Warnings: 0, Iterations: 0",2.88,0,False
3793,TRAINING,3.03,118.6,90.0,60.0,HAND_LAUNCH,BELLY_LANDING,RURAL,60175.81,True,FAILED,NOT_EVALUATED,Conventional,,,NOT_EVALUATED,,,,,,,,,,,,,,,,,,,,,,,NOT_EVALUATED,,,,,,,,NOT_EVALUATED,NOT_EVALUATED,NOT_EVALUATED,NOT_EVALUATED,AVIONICS_SIZING,DATABASE_LIMITATION,COMPONENT_DATABASE_LIMITATION: Required communication range (118.60 km) exceeds the maximum range available in the telemetry catalog (80.00 km).,"Status: COMPONENT_DATABASE_LIMITATION, Warnings: 0, Iterations: 0",3.39,0,False
3796,AGRICULTURE,2.38,59.8,52.0,74.1,RUNWAY,RUNWAY,DESERT,42481.24,True,FAILED,NOT_EVALUATED,Conventional,,,NOT_EVALUATED,,,,,,,,,,,,,,,,,,,,,,,NOT_EVALUATED,,,,,,,,NOT_EVALUATED,NOT_EVALUATED,NOT_EVALUATED,NOT_EVALUATED,VERIFICATION,VERIFICATION_FAILURE,Aircraft design failed verification compliance checks.; Aircraft design failed verification compliance checks.,"Status: VERIFICATION_FAILED, Warnings: 0, Iterations: 5",21513.48,5,True
3800,SURVEY,2.87,37.6,56.7,104.9,HAND_LAUNCH,NET_RECOVERY,FOREST,46678.32,True,FAILED,NOT_EVALUATED,Conventional,,,NOT_EVALUATED,,,,,,,,,,,,,,,,,,,,,,,NOT_EVALUATED,,,,,,,,NOT_EVALUATED,NOT_EVALUATED,NOT_EVALUATED,NOT_EVALUATED,VERIFICATION,VERIFICATION_FAILURE,Aircraft design failed verification compliance checks.; Aircraft design failed verification compliance checks.,"Status: VERIFICATION_FAILED, Warnings: 0, Iterations: 3",12403.49,3,True
3805,MILITARY,4.16,87.6,46.8,87.8,RUNWAY,PARACHUTE,MOUNTAIN,46127.44,True,FAILED,NOT_EVALUATED,Conventional,,,NOT_EVALUATED,,,,,,,,,,,,,,,,,,,,,,,NOT_EVALUATED,,,,,,,,NOT_EVALUATED,NOT_EVALUATED,NOT_EVALUATED,NOT_EVALUATED,FUSELAGE_SIZING,SIZING_FAILURE,"Sized fuselage width (0.32 m) exceeds wing root chord (0.28 m), which causes extreme aerodynamic blockage and drag. Select a more slender fuselage profile.","Status: SIZING_INFEASIBLE, Warnings: 0, Iterations: 0",4.34,0,False
3806,DISASTER_RESPONSE,14.76,26.0,39.8,69.6,RUNWAY,RUNWAY,RURAL,2105.94,True,FAILED,NOT_EVALUATED,Conventional,,,NOT_EVALUATED,,,,,,,,,,,,,,,,,,,,,,,NOT_EVALUATED,,,,,,,,NOT_EVALUATED,NOT_EVALUATED,NOT_EVALUATED,NOT_EVALUATED,CONVERGENCE,PROPULSION_FAILURE,Subsystem execution failed with exception: PropulsionOptimizer failed: PropulsionOptimizer failed: No feasible design candidates found.; Convergence failed: Subsystem execution failed with exception: PropulsionOptimizer failed: PropulsionOptimizer failed: No feasible design candidates found.,"Status: PROPULSION_INFEASIBLE, Warnings: 0, Iterations: 0",3894.78,0,False
3814,RESEARCH,2.82,81.5,62.2,88.3,RUNWAY,PARACHUTE,DESERT,46761.92,True,FAILED,NOT_EVALUATED,Conventional,,,NOT_EVALUATED,,,,,,,,,,,,,,,,,,,,,,,NOT_EVALUATED,,,,,,,,NOT_EVALUATED,NOT_EVALUATED,NOT_EVALUATED,NOT_EVALUATED,AVIONICS_SIZING,DATABASE_LIMITATION,COMPONENT_DATABASE_LIMITATION: Required communication range (81.50 km) exceeds the maximum range available in the telemetry catalog (80.00 km).,"Status: COMPONENT_DATABASE_LIMITATION, Warnings: 0, Iterations: 0",5.24,0,False
3817,TRAINING,3.62,41.5,61.3,70.0,HAND_LAUNCH,RUNWAY,DESERT,37973.98,True,FAILED,NOT_EVALUATED,Conventional,,,NOT_EVALUATED,,,,,,,,,,,,,,,,,,,,,,,NOT_EVALUATED,,,,,,,,NOT_EVALUATED,NOT_EVALUATED,NOT_EVALUATED,NOT_EVALUATED,CONVERGENCE,PROPULSION_FAILURE,Subsystem execution failed with exception: PropulsionOptimizer failed: PropulsionOptimizer failed: No feasible design candidates found.; Convergence failed: Subsystem execution failed with exception: PropulsionOptimizer failed: PropulsionOptimizer failed: No feasible design candidates found.,"Status: PROPULSION_INFEASIBLE, Warnings: 0, Iterations: 0",3948.37,0,False
3828,CUSTOM,20.3,31.5,82.7,87.1,RUNWAY,RUNWAY,DESERT,66610.0,True,EXCEPTION,NOT_EVALUATED,Conventional,,,NOT_EVALUATED,,,,,,,,,,,,,,,,,,,,,,,NOT_EVALUATED,,,,,,,,NOT_EVALUATED,NOT_EVALUATED,NOT_EVALUATED,NOT_EVALUATED,PROPULSION_SIZING,INTERNAL_EXCEPTION,PROPULSION_POWER_LIMIT: Sized power target of 5620.0 W exceeds maximum catalog motor power limit of 3400.0 W.,"Status: INTERNAL_EXCEPTION, Warnings: 0, Iterations: 0",3.12,0,False
3832,MAPPING,3.42,55.6,117.6,103.3,CATAPULT,RUNWAY,FOREST,56454.3,True,FAILED,NOT_EVALUATED,Conventional,,,NOT_EVALUATED,,,,,,,,,,,,,,,,,,,,,,,NOT_EVALUATED,,,,,,,,NOT_EVALUATED,NOT_EVALUATED,NOT_EVALUATED,NOT_EVALUATED,CONVERGENCE,PROPULSION_FAILURE,Subsystem execution failed with exception: PropulsionOptimizer failed: PropulsionOptimizer failed: No feasible design candidates found.; Convergence failed: Subsystem execution failed with exception: PropulsionOptimizer failed: PropulsionOptimizer failed: No feasible design candidates found.,"Status: PROPULSION_INFEASIBLE, Warnings: 0, Iterations: 0",4160.52,0,False
3836,AGRICULTURE,1.12,89.7,140.5,54.6,CATAPULT,NET_RECOVERY,DESERT,66972.44,True,FAILED,NOT_EVALUATED,Conventional,,,NOT_EVALUATED,,,,,,,,,,,,,,,,,,,,,,,NOT_EVALUATED,,,,,,,,NOT_EVALUATED,NOT_EVALUATED,NOT_EVALUATED,NOT_EVALUATED,AVIONICS_SIZING,DATABASE_LIMITATION,COMPONENT_DATABASE_LIMITATION: Required communication range (89.70 km) exceeds the maximum range available in the telemetry catalog (80.00 km).,"Status: COMPONENT_DATABASE_LIMITATION, Warnings: 0, Iterations: 0",3.12,0,False
3846,AGRICULTURE,1.88,50.9,133.2,64.7,RUNWAY,RUNWAY,DESERT,33151.34,True,FAILED,NOT_EVALUATED,Conventional,,,NOT_EVALUATED,,,,,,,,,,,,,,,,,,,,,,,NOT_EVALUATED,,,,,,,,NOT_EVALUATED,NOT_EVALUATED,NOT_EVALUATED,NOT_EVALUATED,PERFORMANCE_SIZING,PERFORMANCE_FAILURE,"Cruise speed (64.7 kmh) is below the minimum safe cruise speed boundary (66.0 kmh, representing a 30.0% safety margin above clean stall).","Status: PERFORMANCE_INFEASIBLE, Warnings: 0, Iterations: 0",3.54,0,False
3852,DISASTER_RESPONSE,23.69,54.3,26.1,56.4,RUNWAY,RUNWAY,DESERT,46657.77,True,INVALID_INPUT,NOT_EVALUATED,Conventional,,,NOT_EVALUATED,,,,,,,,,,,,,,,,,,,,,,,NOT_EVALUATED,,,,,,,,NOT_EVALUATED,NOT_EVALUATED,NOT_EVALUATED,NOT_EVALUATED,MISSION_TRANSLATION,INVALID_REQUIREMENTS,Mission range (54.3 km) is physically inconsistent with cruise speed (56.4 km/h) and flight time (26.1 min). Max theoretical range is 24.5 km.,"Status: INVALID_REQUIREMENTS, Warnings: 0, Iterations: 0",0.35,0,False
3861,MAPPING,4.4,61.4,104.6,82.5,RUNWAY,RUNWAY,MOUNTAIN,65927.24,True,FAILED,NOT_EVALUATED,Conventional,,,NOT_EVALUATED,,,,,,,,,,,,,,,,,,,,,,,NOT_EVALUATED,,,,,,,,NOT_EVALUATED,NOT_EVALUATED,NOT_EVALUATED,NOT_EVALUATED,CONVERGENCE,PROPULSION_FAILURE,Subsystem execution failed with exception: PropulsionOptimizer failed: PropulsionOptimizer failed: No feasible design candidates found.; Convergence failed: Subsystem execution failed with exception: PropulsionOptimizer failed: PropulsionOptimizer failed: No feasible design candidates found.,"Status: PROPULSION_INFEASIBLE, Warnings: 0, Iterations: 0",4166.84,0,False
3862,CUSTOM,2.75,68.1,101.6,94.3,RUNWAY,BELLY_LANDING,DESERT,20820.35,True,EXCEPTION,NOT_EVALUATED,Conventional,,,NOT_EVALUATED,,,,,,,,,,,,,,,,,,,,,,,NOT_EVALUATED,,,,,,,,NOT_EVALUATED,NOT_EVALUATED,NOT_EVALUATED,NOT_EVALUATED,CONVERGENCE,INTERNAL_EXCEPTION,Design compliance score (76.0%) is below the minimum required safety compliance boundary (85.0%).,"Status: INTERNAL_EXCEPTION, Warnings: 0, Iterations: 4",17711.58,4,False
3870,CUSTOM,3.81,106.5,81.2,54.4,RUNWAY,BELLY_LANDING,MOUNTAIN,37698.26,True,FAILED,NOT_EVALUATED,Conventional,,,NOT_EVALUATED,,,,,,,,,,,,,,,,,,,,,,,NOT_EVALUATED,,,,,,,,NOT_EVALUATED,NOT_EVALUATED,NOT_EVALUATED,NOT_EVALUATED,AVIONICS_SIZING,DATABASE_LIMITATION,COMPONENT_DATABASE_LIMITATION: Required communication range (106.50 km) exceeds the maximum range available in the telemetry catalog (80.00 km).,"Status: COMPONENT_DATABASE_LIMITATION, Warnings: 0, Iterations: 0",3.76,0,False
3877,SURVEY,3.34,76.6,61.8,109.6,HAND_LAUNCH,RUNWAY,DESERT,31721.58,True,FAILED,NOT_EVALUATED,Conventional,,,NOT_EVALUATED,,,,,,,,,,,,,,,,,,,,,,,NOT_EVALUATED,,,,,,,,NOT_EVALUATED,NOT_EVALUATED,NOT_EVALUATED,NOT_EVALUATED,CONVERGENCE,PROPULSION_FAILURE,Subsystem execution failed with exception: PropulsionOptimizer failed: PropulsionOptimizer failed: No feasible design candidates found.; Convergence failed: Subsystem execution failed with exception: PropulsionOptimizer failed: PropulsionOptimizer failed: No feasible design candidates found.,"Status: PROPULSION_INFEASIBLE, Warnings: 0, Iterations: 0",3945.47,0,False
3882,MILITARY,3.44,36.8,100.2,76.7,RUNWAY,RUNWAY,DESERT,77489.19,True,FAILED,NOT_EVALUATED,Conventional,,,NOT_EVALUATED,,,,,,,,,,,,,,,,,,,,,,,NOT_EVALUATED,,,,,,,,NOT_EVALUATED,NOT_EVALUATED,NOT_EVALUATED,NOT_EVALUATED,FUSELAGE_SIZING,SIZING_FAILURE,"Sized fuselage width (0.29 m) exceeds wing root chord (0.25 m), which causes extreme aerodynamic blockage and drag. Select a more slender fuselage profile.","Status: SIZING_INFEASIBLE, Warnings: 0, Iterations: 0",3.29,0,False
3892,TRAINING,17.85,17.8,58.7,40.1,RUNWAY,RUNWAY,RURAL,74890.69,True,INVALID_INPUT,NOT_EVALUATED,Conventional,,,NOT_EVALUATED,,,,,,,,,,,,,,,,,,,,,,,NOT_EVALUATED,,,,,,,,NOT_EVALUATED,NOT_EVALUATED,NOT_EVALUATED,NOT_EVALUATED,MISSION_TRANSLATION,INVALID_REQUIREMENTS,Stall speed target (45.0 km/h) must be less than cruise speed (40.1 km/h),"Status: INVALID_REQUIREMENTS, Warnings: 0, Iterations: 0",0.29,0,False
3893,DELIVERY,3.4,61.1,92.7,109.2,RUNWAY,PARACHUTE,MOUNTAIN,72828.55,True,FAILED,NOT_EVALUATED,Conventional,,,NOT_EVALUATED,,,,,,,,,,,,,,,,,,,,,,,NOT_EVALUATED,,,,,,,,NOT_EVALUATED,NOT_EVALUATED,NOT_EVALUATED,NOT_EVALUATED,CONVERGENCE,PROPULSION_FAILURE,Subsystem execution failed with exception: PropulsionOptimizer failed: PropulsionOptimizer failed: No feasible design candidates found.; Convergence failed: Subsystem execution failed with exception: PropulsionOptimizer failed: PropulsionOptimizer failed: No feasible design candidates found.,"Status: PROPULSION_INFEASIBLE, Warnings: 0, Iterations: 0",4495.19,0,False
3901,CUSTOM,8.96,74.3,59.9,83.0,RUNWAY,RUNWAY,DESERT,3531.95,True,FAILED,NOT_EVALUATED,Conventional,,,NOT_EVALUATED,,,,,,,,,,,,,,,,,,,,,,,NOT_EVALUATED,,,,,,,,NOT_EVALUATED,NOT_EVALUATED,NOT_EVALUATED,NOT_EVALUATED,CONVERGENCE,PROPULSION_FAILURE,Subsystem execution failed with exception: PropulsionOptimizer failed: PropulsionOptimizer failed: No feasible design candidates found.; Convergence failed: Subsystem execution failed with exception: PropulsionOptimizer failed: PropulsionOptimizer failed: No feasible design candidates found.,"Status: PROPULSION_INFEASIBLE, Warnings: 0, Iterations: 0",4871.36,0,False
3903,SECURITY,20.04,47.3,31.5,60.4,RUNWAY,RUNWAY,RURAL,53052.26,True,FAILED,NOT_EVALUATED,Conventional,,,NOT_EVALUATED,,,,,,,,,,,,,,,,,,,,,,,NOT_EVALUATED,,,,,,,,NOT_EVALUATED,NOT_EVALUATED,NOT_EVALUATED,NOT_EVALUATED,FUSELAGE_SIZING,SIZING_FAILURE,"Sized fuselage width (0.69 m) exceeds wing root chord (0.61 m), which causes extreme aerodynamic blockage and drag. Select a more slender fuselage profile.","Status: SIZING_INFEASIBLE, Warnings: 0, Iterations: 0",3.89,0,False
3918,MILITARY,1.29,57.5,92.2,70.2,CATAPULT,BELLY_LANDING,DESERT,12735.56,True,FAILED,NOT_EVALUATED,Conventional,,,NOT_EVALUATED,,,,,,,,,,,,,,,,,,,,,,,NOT_EVALUATED,,,,,,,,NOT_EVALUATED,NOT_EVALUATED,NOT_EVALUATED,NOT_EVALUATED,FUSELAGE_SIZING,SIZING_FAILURE,"Sized fuselage width (0.18 m) exceeds wing root chord (0.16 m), which causes extreme aerodynamic blockage and drag. Select a more slender fuselage profile.","Status: SIZING_INFEASIBLE, Warnings: 0, Iterations: 0",3.39,0,False
3925,SECURITY,3.56,79.4,95.3,72.7,CATAPULT,BELLY_LANDING,FOREST,40580.78,True,FAILED,NOT_EVALUATED,Conventional,,,NOT_EVALUATED,,,,,,,,,,,,,,,,,,,,,,,NOT_EVALUATED,,,,,,,,NOT_EVALUATED,NOT_EVALUATED,NOT_EVALUATED,NOT_EVALUATED,FUSELAGE_SIZING,SIZING_FAILURE,"Sized fuselage width (0.29 m) exceeds wing root chord (0.26 m), which causes extreme aerodynamic blockage and drag. Select a more slender fuselage profile.","Status: SIZING_INFEASIBLE, Warnings: 0, Iterations: 0",3.52,0,False
3926,DELIVERY,1.85,78.0,138.8,72.8,RUNWAY,BELLY_LANDING,RURAL,78649.53,True,FAILED,NOT_EVALUATED,Conventional,,,NOT_EVALUATED,,,,,,,,,,,,,,,,,,,,,,,NOT_EVALUATED,,,,,,,,NOT_EVALUATED,NOT_EVALUATED,NOT_EVALUATED,NOT_EVALUATED,PROPULSION_SIZING,DATABASE_LIMITATION,"COMPONENT_DATABASE_LIMITATION: Lightest available component of type 'Cargo' in database weighs 2.00 kg, which exceeds the maximum allowed structural payload limit of 1.94 kg.","Status: COMPONENT_DATABASE_LIMITATION, Warnings: 0, Iterations: 0",4.65,0,False
3929,MAPPING,10.0,28.0,21.6,42.6,RUNWAY,RUNWAY,DESERT,20282.19,True,INVALID_INPUT,NOT_EVALUATED,Conventional,,,NOT_EVALUATED,,,,,,,,,,,,,,,,,,,,,,,NOT_EVALUATED,,,,,,,,NOT_EVALUATED,NOT_EVALUATED,NOT_EVALUATED,NOT_EVALUATED,MISSION_TRANSLATION,INVALID_REQUIREMENTS,Stall speed target (45.0 km/h) must be less than cruise speed (42.6 km/h); Mission range (28.0 km) is physically inconsistent with cruise speed (42.6 km/h) and flight time (21.6 min). Max theoretical range is 15.3 km.,"Status: INVALID_REQUIREMENTS, Warnings: 0, Iterations: 0",0.35,0,False
3937,DISASTER_RESPONSE,4.54,43.9,84.8,68.6,CATAPULT,RUNWAY,DESERT,72363.17,True,FAILED,NOT_EVALUATED,Conventional,,,NOT_EVALUATED,,,,,,,,,,,,,,,,,,,,,,,NOT_EVALUATED,,,,,,,,NOT_EVALUATED,NOT_EVALUATED,NOT_EVALUATED,NOT_EVALUATED,CONVERGENCE,PROPULSION_FAILURE,Subsystem execution failed with exception: PropulsionOptimizer failed: PropulsionOptimizer failed: No feasible design candidates found.; Convergence failed: Subsystem execution failed with exception: PropulsionOptimizer failed: PropulsionOptimizer failed: No feasible design candidates found.,"Status: PROPULSION_INFEASIBLE, Warnings: 0, Iterations: 0",3997.64,0,False
3948,SECURITY,2.56,80.0,72.6,105.5,RUNWAY,PARACHUTE,RURAL,22464.32,True,FAILED,NOT_EVALUATED,Conventional,,,NOT_EVALUATED,,,,,,,,,,,,,,,,,,,,,,,NOT_EVALUATED,,,,,,,,NOT_EVALUATED,NOT_EVALUATED,NOT_EVALUATED,NOT_EVALUATED,FUSELAGE_SIZING,SIZING_FAILURE,"Sized fuselage width (0.25 m) exceeds wing root chord (0.22 m), which causes extreme aerodynamic blockage and drag. Select a more slender fuselage profile.","Status: SIZING_INFEASIBLE, Warnings: 0, Iterations: 0",4.19,0,False
3949,RESEARCH,1.27,108.5,108.1,85.9,CATAPULT,NET_RECOVERY,FOREST,78490.75,True,FAILED,NOT_EVALUATED,Conventional,,,NOT_EVALUATED,,,,,,,,,,,,,,,,,,,,,,,NOT_EVALUATED,,,,,,,,NOT_EVALUATED,NOT_EVALUATED,NOT_EVALUATED,NOT_EVALUATED,PROPULSION_SIZING,DATABASE_LIMITATION,"COMPONENT_DATABASE_LIMITATION: Lightest available component of type 'Scientific Instruments' in database weighs 1.80 kg, which exceeds the maximum allowed structural payload limit of 1.33 kg.","Status: COMPONENT_DATABASE_LIMITATION, Warnings: 0, Iterations: 0",8.78,0,False
3950,SURVEY,3.14,31.5,131.1,89.4,HAND_LAUNCH,RUNWAY,RURAL,65911.26,True,FAILED,NOT_EVALUATED,Conventional,,,NOT_EVALUATED,,,,,,,,,,,,,,,,,,,,,,,NOT_EVALUATED,,,,,,,,NOT_EVALUATED,NOT_EVALUATED,NOT_EVALUATED,NOT_EVALUATED,CONVERGENCE,PROPULSION_FAILURE,Subsystem execution failed with exception: PropulsionOptimizer failed: PropulsionOptimizer failed: No feasible design candidates found.; Convergence failed: Subsystem execution failed with exception: PropulsionOptimizer failed: PropulsionOptimizer failed: No feasible design candidates found.,"Status: PROPULSION_INFEASIBLE, Warnings: 0, Iterations: 0",5065.66,0,False
3953,MILITARY,4.98,67.9,72.7,106.4,CATAPULT,NET_RECOVERY,DESERT,53574.42,True,FAILED,NOT_EVALUATED,Conventional,,,NOT_EVALUATED,,,,,,,,,,,,,,,,,,,,,,,NOT_EVALUATED,,,,,,,,NOT_EVALUATED,NOT_EVALUATED,NOT_EVALUATED,NOT_EVALUATED,FUSELAGE_SIZING,SIZING_FAILURE,"Sized fuselage width (0.35 m) exceeds wing root chord (0.31 m), which causes extreme aerodynamic blockage and drag. Select a more slender fuselage profile.","Status: SIZING_INFEASIBLE, Warnings: 0, Iterations: 0",3.82,0,False
3955,DISASTER_RESPONSE,2.56,42.4,146.0,95.1,HAND_LAUNCH,BELLY_LANDING,FOREST,20927.52,True,FAILED,NOT_EVALUATED,Conventional,,,NOT_EVALUATED,,,,,,,,,,,,,,,,,,,,,,,NOT_EVALUATED,,,,,,,,NOT_EVALUATED,NOT_EVALUATED,NOT_EVALUATED,NOT_EVALUATED,CONVERGENCE,PROPULSION_FAILURE,Subsystem execution failed with exception: PropulsionOptimizer failed: PropulsionOptimizer failed: No feasible design candidates found.; Convergence failed: Subsystem execution failed with exception: PropulsionOptimizer failed: PropulsionOptimizer failed: No feasible design candidates found.,"Status: PROPULSION_INFEASIBLE, Warnings: 0, Iterations: 0",3990.65,0,False
3959,DISASTER_RESPONSE,2.61,52.8,83.8,104.3,RUNWAY,BELLY_LANDING,DESERT,30225.7,True,EXCEPTION,NOT_EVALUATED,Conventional,,,NOT_EVALUATED,,,,,,,,,,,,,,,,,,,,,,,NOT_EVALUATED,,,,,,,,NOT_EVALUATED,NOT_EVALUATED,NOT_EVALUATED,NOT_EVALUATED,CONVERGENCE,INTERNAL_EXCEPTION,Design compliance score (76.0%) is below the minimum required safety compliance boundary (85.0%).,"Status: INTERNAL_EXCEPTION, Warnings: 0, Iterations: 2",9102.1,2,False
3969,SECURITY,1.4,30.1,92.3,91.9,RUNWAY,BELLY_LANDING,FOREST,65165.32,True,FAILED,NOT_EVALUATED,Conventional,,,NOT_EVALUATED,,,,,,,,,,,,,,,,,,,,,,,NOT_EVALUATED,,,,,,,,NOT_EVALUATED,NOT_EVALUATED,NOT_EVALUATED,NOT_EVALUATED,FUSELAGE_SIZING,SIZING_FAILURE,"Sized fuselage width (0.18 m) exceeds wing root chord (0.16 m), which causes extreme aerodynamic blockage and drag. Select a more slender fuselage profile.","Status: SIZING_INFEASIBLE, Warnings: 0, Iterations: 0",3.46,0,False
3971,SECURITY,23.18,36.7,72.5,83.1,RUNWAY,RUNWAY,DESERT,30680.83,True,FAILED,NOT_EVALUATED,Conventional,,,NOT_EVALUATED,,,,,,,,,,,,,,,,,,,,,,,NOT_EVALUATED,,,,,,,,NOT_EVALUATED,NOT_EVALUATED,NOT_EVALUATED,NOT_EVALUATED,FUSELAGE_SIZING,SIZING_FAILURE,"Sized fuselage width (0.75 m) exceeds wing root chord (0.66 m), which causes extreme aerodynamic blockage and drag. Select a more slender fuselage profile.","Status: SIZING_INFEASIBLE, Warnings: 0, Iterations: 0",3.63,0,False
3972,SECURITY,4.79,50.9,47.3,79.2,CATAPULT,BELLY_LANDING,RURAL,78036.04,True,FAILED,NOT_EVALUATED,Conventional,,,NOT_EVALUATED,,,,,,,,,,,,,,,,,,,,,,,NOT_EVALUATED,,,,,,,,NOT_EVALUATED,NOT_EVALUATED,NOT_EVALUATED,NOT_EVALUATED,FUSELAGE_SIZING,SIZING_FAILURE,"Sized fuselage width (0.34 m) exceeds wing root chord (0.30 m), which causes extreme aerodynamic blockage and drag. Select a more slender fuselage profile.","Status: SIZING_INFEASIBLE, Warnings: 0, Iterations: 0",3.65,0,False
3974,SECURITY,3.27,97.3,53.6,64.1,CATAPULT,RUNWAY,DESERT,65154.71,True,INVALID_INPUT,NOT_EVALUATED,Conventional,,,NOT_EVALUATED,,,,,,,,,,,,,,,,,,,,,,,NOT_EVALUATED,,,,,,,,NOT_EVALUATED,NOT_EVALUATED,NOT_EVALUATED,NOT_EVALUATED,MISSION_TRANSLATION,INVALID_REQUIREMENTS,Mission range (97.3 km) is physically inconsistent with cruise speed (64.1 km/h) and flight time (53.6 min). Max theoretical range is 57.3 km.,"Status: INVALID_REQUIREMENTS, Warnings: 0, Iterations: 0",0.26,0,False
3976,SECURITY,4.17,69.9,123.8,81.8,RUNWAY,NET_RECOVERY,MOUNTAIN,18494.43,True,FAILED,NOT_EVALUATED,Conventional,,,NOT_EVALUATED,,,,,,,,,,,,,,,,,,,,,,,NOT_EVALUATED,,,,,,,,NOT_EVALUATED,NOT_EVALUATED,NOT_EVALUATED,NOT_EVALUATED,FUSELAGE_SIZING,SIZING_FAILURE,"Sized fuselage width (0.32 m) exceeds wing root chord (0.28 m), which causes extreme aerodynamic blockage and drag. Select a more slender fuselage profile.","Status: SIZING_INFEASIBLE, Warnings: 0, Iterations: 0",3.62,0,False
3978,DISASTER_RESPONSE,4.83,77.9,87.2,93.7,HAND_LAUNCH,RUNWAY,FOREST,52195.71,True,FAILED,NOT_EVALUATED,Conventional,,,NOT_EVALUATED,,,,,,,,,,,,,,,,,,,,,,,NOT_EVALUATED,,,,,,,,NOT_EVALUATED,NOT_EVALUATED,NOT_EVALUATED,NOT_EVALUATED,CONVERGENCE,PROPULSION_FAILURE,Subsystem execution failed with exception: PropulsionOptimizer failed: PropulsionOptimizer failed: No feasible design candidates found.; Convergence failed: Subsystem execution failed with exception: PropulsionOptimizer failed: PropulsionOptimizer failed: No feasible design candidates found.,"Status: PROPULSION_INFEASIBLE, Warnings: 0, Iterations: 0",4353.43,0,False
3992,RESEARCH,14.42,36.1,85.6,74.7,RUNWAY,RUNWAY,MOUNTAIN,4864.04,True,FAILED,NOT_EVALUATED,Conventional,,,NOT_EVALUATED,,,,,,,,,,,,,,,,,,,,,,,NOT_EVALUATED,,,,,,,,NOT_EVALUATED,NOT_EVALUATED,NOT_EVALUATED,NOT_EVALUATED,MASS_SIZING,MASS_FAILURE,Calculated takeoff weight (26.05 kg) exceeds maximum takeoff weight limit constraint (25.00 kg).,"Status: MTOW_LIMIT_EXCEEDED, Warnings: 0, Iterations: 0",3.43,0,False
3996,MAPPING,1.16,98.9,136.3,97.9,HAND_LAUNCH,RUNWAY,DESERT,77488.68,True,FAILED,NOT_EVALUATED,Conventional,,,NOT_EVALUATED,,,,,,,,,,,,,,,,,,,,,,,NOT_EVALUATED,,,,,,,,NOT_EVALUATED,NOT_EVALUATED,NOT_EVALUATED,NOT_EVALUATED,AVIONICS_SIZING,DATABASE_LIMITATION,COMPONENT_DATABASE_LIMITATION: Required communication range (98.90 km) exceeds the maximum range available in the telemetry catalog (80.00 km).,"Status: COMPONENT_DATABASE_LIMITATION, Warnings: 0, Iterations: 0",3.28,0,False
4002,MILITARY,2.61,56.4,144.9,51.8,HAND_LAUNCH,RUNWAY,MOUNTAIN,73058.38,True,FAILED,NOT_EVALUATED,Conventional,,,NOT_EVALUATED,,,,,,,,,,,,,,,,,,,,,,,NOT_EVALUATED,,,,,,,,NOT_EVALUATED,NOT_EVALUATED,NOT_EVALUATED,NOT_EVALUATED,FUSELAGE_SIZING,SIZING_FAILURE,"Sized fuselage width (0.25 m) exceeds wing root chord (0.22 m), which causes extreme aerodynamic blockage and drag. Select a more slender fuselage profile.","Status: SIZING_INFEASIBLE, Warnings: 0, Iterations: 0",4.55,0,False
4009,AGRICULTURE,3.37,99.8,105.8,98.7,RUNWAY,PARACHUTE,MOUNTAIN,58044.17,True,FAILED,NOT_EVALUATED,Conventional,,,NOT_EVALUATED,,,,,,,,,,,,,,,,,,,,,,,NOT_EVALUATED,,,,,,,,NOT_EVALUATED,NOT_EVALUATED,NOT_EVALUATED,NOT_EVALUATED,AVIONICS_SIZING,DATABASE_LIMITATION,COMPONENT_DATABASE_LIMITATION: Required communication range (99.80 km) exceeds the maximum range available in the telemetry catalog (80.00 km).,"Status: COMPONENT_DATABASE_LIMITATION, Warnings: 0, Iterations: 0",3.07,0,False
4016,SURVEY,4.96,31.5,138.2,93.2,CATAPULT,BELLY_LANDING,DESERT,4053.44,True,FAILED,NOT_EVALUATED,Conventional,,,NOT_EVALUATED,,,,,,,,,,,,,,,,,,,,,,,NOT_EVALUATED,,,,,,,,NOT_EVALUATED,NOT_EVALUATED,NOT_EVALUATED,NOT_EVALUATED,CONVERGENCE,PROPULSION_FAILURE,Subsystem execution failed with exception: PropulsionOptimizer failed: PropulsionOptimizer failed: No feasible design candidates found.; Convergence failed: Subsystem execution failed with exception: PropulsionOptimizer failed: PropulsionOptimizer failed: No feasible design candidates found.,"Status: PROPULSION_INFEASIBLE, Warnings: 0, Iterations: 0",3940.35,0,False
4020,TRAINING,16.94,55.3,79.2,77.6,RUNWAY,RUNWAY,RURAL,23501.52,True,EXCEPTION,NOT_EVALUATED,Conventional,,,NOT_EVALUATED,,,,,,,,,,,,,,,,,,,,,,,NOT_EVALUATED,,,,,,,,NOT_EVALUATED,NOT_EVALUATED,NOT_EVALUATED,NOT_EVALUATED,PROPULSION_SIZING,INTERNAL_EXCEPTION,PROPULSION_POWER_LIMIT: Sized power target of 4689.7 W exceeds maximum catalog motor power limit of 3400.0 W.,"Status: INTERNAL_EXCEPTION, Warnings: 0, Iterations: 0",2.94,0,False
4029,MAPPING,4.71,74.4,107.4,106.6,HAND_LAUNCH,RUNWAY,FOREST,53838.35,True,FAILED,NOT_EVALUATED,Conventional,,,NOT_EVALUATED,,,,,,,,,,,,,,,,,,,,,,,NOT_EVALUATED,,,,,,,,NOT_EVALUATED,NOT_EVALUATED,NOT_EVALUATED,NOT_EVALUATED,CONVERGENCE,PROPULSION_FAILURE,Subsystem execution failed with exception: PropulsionOptimizer failed: PropulsionOptimizer failed: No feasible design candidates found.; Convergence failed: Subsystem execution failed with exception: PropulsionOptimizer failed: PropulsionOptimizer failed: No feasible design candidates found.,"Status: PROPULSION_INFEASIBLE, Warnings: 0, Iterations: 0",3945.92,0,False
4035,TRAINING,4.54,93.6,81.2,50.5,RUNWAY,PARACHUTE,DESERT,14891.05,True,FAILED,NOT_EVALUATED,Conventional,,,NOT_EVALUATED,,,,,,,,,,,,,,,,,,,,,,,NOT_EVALUATED,,,,,,,,NOT_EVALUATED,NOT_EVALUATED,NOT_EVALUATED,NOT_EVALUATED,AVIONICS_SIZING,DATABASE_LIMITATION,COMPONENT_DATABASE_LIMITATION: Required communication range (93.60 km) exceeds the maximum range available in the telemetry catalog (80.00 km).,"Status: COMPONENT_DATABASE_LIMITATION, Warnings: 0, Iterations: 0",2.87,0,False
4040,CUSTOM,1.21,42.7,131.7,81.9,RUNWAY,NET_RECOVERY,MOUNTAIN,68215.58,True,FAILED,NOT_EVALUATED,Conventional,,,NOT_EVALUATED,,,,,,,,,,,,,,,,,,,,,,,NOT_EVALUATED,,,,,,,,NOT_EVALUATED,NOT_EVALUATED,NOT_EVALUATED,NOT_EVALUATED,VERIFICATION,VERIFICATION_FAILURE,Aircraft design failed verification compliance checks.; Aircraft design failed verification compliance checks.,"Status: VERIFICATION_FAILED, Warnings: 0, Iterations: 5",20958.43,5,True
4044,TRAINING,1.44,49.9,90.3,90.0,HAND_LAUNCH,RUNWAY,DESERT,75376.53,True,FAILED,NOT_EVALUATED,Conventional,,,NOT_EVALUATED,,,,,,,,,,,,,,,,,,,,,,,NOT_EVALUATED,,,,,,,,NOT_EVALUATED,NOT_EVALUATED,NOT_EVALUATED,NOT_EVALUATED,CONVERGENCE,PROPULSION_FAILURE,Subsystem execution failed with exception: PropulsionOptimizer failed: PropulsionOptimizer failed: No feasible design candidates found.; Convergence failed: Subsystem execution failed with exception: PropulsionOptimizer failed: PropulsionOptimizer failed: No feasible design candidates found.,"Status: PROPULSION_INFEASIBLE, Warnings: 0, Iterations: 1",8088.38,1,False
4047,DELIVERY,1.82,25.5,86.6,85.1,CATAPULT,RUNWAY,RURAL,58248.18,True,FAILED,NOT_EVALUATED,Conventional,,,NOT_EVALUATED,,,,,,,,,,,,,,,,,,,,,,,NOT_EVALUATED,,,,,,,,NOT_EVALUATED,NOT_EVALUATED,NOT_EVALUATED,NOT_EVALUATED,PROPULSION_SIZING,DATABASE_LIMITATION,"COMPONENT_DATABASE_LIMITATION: Lightest available component of type 'Cargo' in database weighs 2.00 kg, which exceeds the maximum allowed structural payload limit of 1.91 kg.","Status: COMPONENT_DATABASE_LIMITATION, Warnings: 0, Iterations: 0",4.28,0,False
4049,DISASTER_RESPONSE,3.51,90.9,129.8,81.4,CATAPULT,RUNWAY,DESERT,38123.85,True,FAILED,NOT_EVALUATED,Conventional,,,NOT_EVALUATED,,,,,,,,,,,,,,,,,,,,,,,NOT_EVALUATED,,,,,,,,NOT_EVALUATED,NOT_EVALUATED,NOT_EVALUATED,NOT_EVALUATED,AVIONICS_SIZING,DATABASE_LIMITATION,COMPONENT_DATABASE_LIMITATION: Required communication range (90.90 km) exceeds the maximum range available in the telemetry catalog (80.00 km).,"Status: COMPONENT_DATABASE_LIMITATION, Warnings: 0, Iterations: 0",2.99,0,False
4058,AGRICULTURE,2.09,117.5,88.8,100.8,HAND_LAUNCH,NET_RECOVERY,MOUNTAIN,56812.99,True,FAILED,NOT_EVALUATED,Conventional,,,NOT_EVALUATED,,,,,,,,,,,,,,,,,,,,,,,NOT_EVALUATED,,,,,,,,NOT_EVALUATED,NOT_EVALUATED,NOT_EVALUATED,NOT_EVALUATED,AVIONICS_SIZING,DATABASE_LIMITATION,COMPONENT_DATABASE_LIMITATION: Required communication range (117.50 km) exceeds the maximum range available in the telemetry catalog (80.00 km).,"Status: COMPONENT_DATABASE_LIMITATION, Warnings: 0, Iterations: 0",2.93,0,False
4060,CUSTOM,3.51,86.2,123.7,86.1,CATAPULT,NET_RECOVERY,FOREST,29620.94,True,FAILED,NOT_EVALUATED,Conventional,,,NOT_EVALUATED,,,,,,,,,,,,,,,,,,,,,,,NOT_EVALUATED,,,,,,,,NOT_EVALUATED,NOT_EVALUATED,NOT_EVALUATED,NOT_EVALUATED,AVIONICS_SIZING,DATABASE_LIMITATION,COMPONENT_DATABASE_LIMITATION: Required communication range (86.20 km) exceeds the maximum range available in the telemetry catalog (80.00 km).,"Status: COMPONENT_DATABASE_LIMITATION, Warnings: 0, Iterations: 0",2.91,0,False
4066,DELIVERY,2.38,37.2,103.9,107.8,RUNWAY,RUNWAY,FOREST,41224.07,True,EXCEPTION,NOT_EVALUATED,Conventional,,,NOT_EVALUATED,,,,,,,,,,,,,,,,,,,,,,,NOT_EVALUATED,,,,,,,,NOT_EVALUATED,NOT_EVALUATED,NOT_EVALUATED,NOT_EVALUATED,PERFORMANCE_SIZING,INTERNAL_EXCEPTION,Rate of climb (2.97 m/s) is below the minimum required rate of climb constraint (3.00 m/s).,"Status: INTERNAL_EXCEPTION, Warnings: 0, Iterations: 0",3.7,0,False
4072,CUSTOM,19.78,72.5,89.4,76.9,RUNWAY,RUNWAY,MOUNTAIN,26826.82,True,EXCEPTION,NOT_EVALUATED,Conventional,,,NOT_EVALUATED,,,,,,,,,,,,,,,,,,,,,,,NOT_EVALUATED,,,,,,,,NOT_EVALUATED,NOT_EVALUATED,NOT_EVALUATED,NOT_EVALUATED,PROPULSION_SIZING,INTERNAL_EXCEPTION,PROPULSION_POWER_LIMIT: Sized power target of 5475.9 W exceeds maximum catalog motor power limit of 3400.0 W.,"Status: INTERNAL_EXCEPTION, Warnings: 0, Iterations: 0",3.09,0,False
4098,SURVEY,4.74,100.8,140.2,60.7,HAND_LAUNCH,RUNWAY,MOUNTAIN,62585.69,True,FAILED,NOT_EVALUATED,Conventional,,,NOT_EVALUATED,,,,,,,,,,,,,,,,,,,,,,,NOT_EVALUATED,,,,,,,,NOT_EVALUATED,NOT_EVALUATED,NOT_EVALUATED,NOT_EVALUATED,AVIONICS_SIZING,DATABASE_LIMITATION,COMPONENT_DATABASE_LIMITATION: Required communication range (100.80 km) exceeds the maximum range available in the telemetry catalog (80.00 km).,"Status: COMPONENT_DATABASE_LIMITATION, Warnings: 0, Iterations: 0",3.02,0,False
4100,SECURITY,1.76,56.8,135.9,94.4,RUNWAY,RUNWAY,DESERT,53024.65,True,FAILED,NOT_EVALUATED,Conventional,,,NOT_EVALUATED,,,,,,,,,,,,,,,,,,,,,,,NOT_EVALUATED,,,,,,,,NOT_EVALUATED,NOT_EVALUATED,NOT_EVALUATED,NOT_EVALUATED,FUSELAGE_SIZING,SIZING_FAILURE,"Sized fuselage width (0.21 m) exceeds wing root chord (0.18 m), which causes extreme aerodynamic blockage and drag. Select a more slender fuselage profile.","Status: SIZING_INFEASIBLE, Warnings: 0, Iterations: 0",3.37,0,False
4102,MILITARY,3.97,108.6,136.9,85.6,RUNWAY,NET_RECOVERY,MOUNTAIN,7390.28,True,FAILED,NOT_EVALUATED,Conventional,,,NOT_EVALUATED,,,,,,,,,,,,,,,,,,,,,,,NOT_EVALUATED,,,,,,,,NOT_EVALUATED,NOT_EVALUATED,NOT_EVALUATED,NOT_EVALUATED,FUSELAGE_SIZING,SIZING_FAILURE,"Sized fuselage width (0.31 m) exceeds wing root chord (0.27 m), which causes extreme aerodynamic blockage and drag. Select a more slender fuselage profile.","Status: SIZING_INFEASIBLE, Warnings: 0, Iterations: 0",4.37,0,False
4114,SURVEY,15.48,80.0,55.0,40.5,RUNWAY,RUNWAY,DESERT,69714.26,True,INVALID_INPUT,NOT_EVALUATED,Conventional,,,NOT_EVALUATED,,,,,,,,,,,,,,,,,,,,,,,NOT_EVALUATED,,,,,,,,NOT_EVALUATED,NOT_EVALUATED,NOT_EVALUATED,NOT_EVALUATED,MISSION_TRANSLATION,INVALID_REQUIREMENTS,Stall speed target (45.0 km/h) must be less than cruise speed (40.5 km/h); Mission range (80.0 km) is physically inconsistent with cruise speed (40.5 km/h) and flight time (55.0 min). Max theoretical range is 37.1 km.,"Status: INVALID_REQUIREMENTS, Warnings: 0, Iterations: 0",0.37,0,False
4115,AGRICULTURE,4.09,45.4,140.2,56.8,RUNWAY,RUNWAY,FOREST,40960.51,True,FAILED,NOT_EVALUATED,Conventional,,,NOT_EVALUATED,,,,,,,,,,,,,,,,,,,,,,,NOT_EVALUATED,,,,,,,,NOT_EVALUATED,NOT_EVALUATED,NOT_EVALUATED,NOT_EVALUATED,PERFORMANCE_SIZING,PERFORMANCE_FAILURE,"Cruise speed (56.8 kmh) is below the minimum safe cruise speed boundary (57.9 kmh, representing a 30.0% safety margin above clean stall).","Status: PERFORMANCE_INFEASIBLE, Warnings: 0, Iterations: 0",3.92,0,False
4126,RESEARCH,1.12,47.0,122.8,108.7,RUNWAY,PARACHUTE,MOUNTAIN,78148.39,True,FAILED,NOT_EVALUATED,Conventional,,,NOT_EVALUATED,,,,,,,,,,,,,,,,,,,,,,,NOT_EVALUATED,,,,,,,,NOT_EVALUATED,NOT_EVALUATED,NOT_EVALUATED,NOT_EVALUATED,PROPULSION_SIZING,DATABASE_LIMITATION,"COMPONENT_DATABASE_LIMITATION: Lightest available component of type 'Scientific Instruments' in database weighs 1.80 kg, which exceeds the maximum allowed structural payload limit of 1.18 kg.","Status: COMPONENT_DATABASE_LIMITATION, Warnings: 0, Iterations: 0",2.42,0,False
4160,SECURITY,3.12,93.9,118.1,102.0,RUNWAY,BELLY_LANDING,MOUNTAIN,36553.5,True,FAILED,NOT_EVALUATED,Conventional,,,NOT_EVALUATED,,,,,,,,,,,,,,,,,,,,,,,NOT_EVALUATED,,,,,,,,NOT_EVALUATED,NOT_EVALUATED,NOT_EVALUATED,NOT_EVALUATED,FUSELAGE_SIZING,SIZING_FAILURE,"Sized fuselage width (0.27 m) exceeds wing root chord (0.24 m), which causes extreme aerodynamic blockage and drag. Select a more slender fuselage profile.","Status: SIZING_INFEASIBLE, Warnings: 0, Iterations: 0",3.77,0,False
4172,RESEARCH,1.83,65.6,85.3,84.6,RUNWAY,NET_RECOVERY,FOREST,58280.32,True,EXCEPTION,NOT_EVALUATED,Conventional,,,NOT_EVALUATED,,,,,,,,,,,,,,,,,,,,,,,NOT_EVALUATED,,,,,,,,NOT_EVALUATED,NOT_EVALUATED,NOT_EVALUATED,NOT_EVALUATED,PROPULSION_SIZING,INTERNAL_EXCEPTION,Sized payload weight (1.95 kg) exceeds maximum structural payload weight constraint (1.92 kg).,"Status: INTERNAL_EXCEPTION, Warnings: 0, Iterations: 0",3.66,0,False
4173,DELIVERY,23.26,50.9,44.2,75.8,RUNWAY,RUNWAY,DESERT,39980.66,True,FAILED,NOT_EVALUATED,Conventional,,,NOT_EVALUATED,,,,,,,,,,,,,,,,,,,,,,,NOT_EVALUATED,,,,,,,,NOT_EVALUATED,NOT_EVALUATED,NOT_EVALUATED,NOT_EVALUATED,PROPULSION_SIZING,PROPULSION_FAILURE,Takeoff thrust-to-weight ratio (0.26) is below minimum required constraint limit (0.30).; Selected motor maximum power (4101.4 W) is insufficient to sustain the power required during steady rate of climb (5274.9 W).,"Status: PROPULSION_INFEASIBLE, Warnings: 0, Iterations: 0",3.14,0,False
4176,DISASTER_RESPONSE,13.5,11.8,49.3,87.9,RUNWAY,RUNWAY,MOUNTAIN,34536.12,True,FAILED,NOT_EVALUATED,Conventional,,,NOT_EVALUATED,,,,,,,,,,,,,,,,,,,,,,,NOT_EVALUATED,,,,,,,,NOT_EVALUATED,NOT_EVALUATED,NOT_EVALUATED,NOT_EVALUATED,CONVERGENCE,PROPULSION_FAILURE,Subsystem execution failed with exception: PropulsionOptimizer failed: PropulsionOptimizer failed: No feasible design candidates found.; Convergence failed: Subsystem execution failed with exception: PropulsionOptimizer failed: PropulsionOptimizer failed: No feasible design candidates found.,"Status: PROPULSION_INFEASIBLE, Warnings: 0, Iterations: 0",3962.0,0,False
4177,SURVEY,1.62,116.9,47.2,51.4,HAND_LAUNCH,PARACHUTE,MOUNTAIN,53204.83,True,INVALID_INPUT,NOT_EVALUATED,Conventional,,,NOT_EVALUATED,,,,,,,,,,,,,,,,,,,,,,,NOT_EVALUATED,,,,,,,,NOT_EVALUATED,NOT_EVALUATED,NOT_EVALUATED,NOT_EVALUATED,MISSION_TRANSLATION,INVALID_REQUIREMENTS,Mission range (116.9 km) is physically inconsistent with cruise speed (51.4 km/h) and flight time (47.2 min). Max theoretical range is 40.4 km.,"Status: INVALID_REQUIREMENTS, Warnings: 0, Iterations: 0",0.27,0,False
4187,SURVEY,3.99,41.5,76.1,100.3,CATAPULT,NET_RECOVERY,MOUNTAIN,24904.77,True,FAILED,NOT_EVALUATED,Conventional,,,NOT_EVALUATED,,,,,,,,,,,,,,,,,,,,,,,NOT_EVALUATED,,,,,,,,NOT_EVALUATED,NOT_EVALUATED,NOT_EVALUATED,NOT_EVALUATED,CONVERGENCE,PROPULSION_FAILURE,Subsystem execution failed with exception: PropulsionOptimizer failed: PropulsionOptimizer failed: No feasible design candidates found.; Convergence failed: Subsystem execution failed with exception: PropulsionOptimizer failed: PropulsionOptimizer failed: No feasible design candidates found.,"Status: PROPULSION_INFEASIBLE, Warnings: 0, Iterations: 0",3763.96,0,False
4198,DELIVERY,23.81,42.7,73.2,76.1,RUNWAY,RUNWAY,MOUNTAIN,27734.75,True,FAILED,NOT_EVALUATED,Conventional,,,NOT_EVALUATED,,,,,,,,,,,,,,,,,,,,,,,NOT_EVALUATED,,,,,,,,NOT_EVALUATED,NOT_EVALUATED,NOT_EVALUATED,NOT_EVALUATED,PROPULSION_SIZING,PROPULSION_FAILURE,Takeoff thrust-to-weight ratio (0.26) is below minimum required constraint limit (0.30).; Selected motor maximum power (4101.4 W) is insufficient to sustain the power required during steady rate of climb (5399.7 W).,"Status: PROPULSION_INFEASIBLE, Warnings: 0, Iterations: 0",3.03,0,False
4204,MAPPING,1.43,41.4,112.5,89.3,CATAPULT,NET_RECOVERY,RURAL,9731.82,True,FAILED,NOT_EVALUATED,Conventional,,,NOT_EVALUATED,,,,,,,,,,,,,,,,,,,,,,,NOT_EVALUATED,,,,,,,,NOT_EVALUATED,NOT_EVALUATED,NOT_EVALUATED,NOT_EVALUATED,VERIFICATION,VERIFICATION_FAILURE,Aircraft design failed verification compliance checks.; Aircraft design failed verification compliance checks.,"Status: VERIFICATION_FAILED, Warnings: 0, Iterations: 5",21251.2,5,True
4210,AGRICULTURE,2.68,58.4,146.8,60.1,HAND_LAUNCH,NET_RECOVERY,RURAL,64352.68,True,FAILED,NOT_EVALUATED,Conventional,,,NOT_EVALUATED,,,,,,,,,,,,,,,,,,,,,,,NOT_EVALUATED,,,,,,,,NOT_EVALUATED,NOT_EVALUATED,NOT_EVALUATED,NOT_EVALUATED,PERFORMANCE_SIZING,PERFORMANCE_FAILURE,"Cruise speed (60.1 kmh) is below the minimum safe cruise speed boundary (62.7 kmh, representing a 30.0% safety margin above clean stall).","Status: PERFORMANCE_INFEASIBLE, Warnings: 0, Iterations: 0",3.88,0,False
4211,MILITARY,1.97,71.0,93.6,54.5,RUNWAY,NET_RECOVERY,FOREST,20574.4,True,FAILED,NOT_EVALUATED,Conventional,,,NOT_EVALUATED,,,,,,,,,,,,,,,,,,,,,,,NOT_EVALUATED,,,,,,,,NOT_EVALUATED,NOT_EVALUATED,NOT_EVALUATED,NOT_EVALUATED,FUSELAGE_SIZING,SIZING_FAILURE,"Sized fuselage width (0.22 m) exceeds wing root chord (0.19 m), which causes extreme aerodynamic blockage and drag. Select a more slender fuselage profile.","Status: SIZING_INFEASIBLE, Warnings: 0, Iterations: 0",4.45,0,False
4214,SURVEY,4.7,31.9,93.5,67.8,RUNWAY,PARACHUTE,FOREST,63916.91,True,EXCEPTION,NOT_EVALUATED,Conventional,,,NOT_EVALUATED,,,,,,,,,,,,,,,,,,,,,,,NOT_EVALUATED,,,,,,,,NOT_EVALUATED,NOT_EVALUATED,NOT_EVALUATED,NOT_EVALUATED,CONVERGENCE,INTERNAL_EXCEPTION,Design compliance score (76.0%) is below the minimum required safety compliance boundary (85.0%).,"Status: INTERNAL_EXCEPTION, Warnings: 0, Iterations: 6",26921.47,6,False
4223,MAPPING,4.59,118.2,70.5,57.3,HAND_LAUNCH,RUNWAY,FOREST,66338.79,True,INVALID_INPUT,NOT_EVALUATED,Conventional,,,NOT_EVALUATED,,,,,,,,,,,,,,,,,,,,,,,NOT_EVALUATED,,,,,,,,NOT_EVALUATED,NOT_EVALUATED,NOT_EVALUATED,NOT_EVALUATED,MISSION_TRANSLATION,INVALID_REQUIREMENTS,Mission range (118.2 km) is physically inconsistent with cruise speed (57.3 km/h) and flight time (70.5 min). Max theoretical range is 67.3 km.,"Status: INVALID_REQUIREMENTS, Warnings: 0, Iterations: 0",0.39,0,False
4226,MILITARY,1.77,65.3,64.5,85.6,RUNWAY,BELLY_LANDING,DESERT,70209.59,True,FAILED,NOT_EVALUATED,Conventional,,,NOT_EVALUATED,,,,,,,,,,,,,,,,,,,,,,,NOT_EVALUATED,,,,,,,,NOT_EVALUATED,NOT_EVALUATED,NOT_EVALUATED,NOT_EVALUATED,FUSELAGE_SIZING,SIZING_FAILURE,"Sized fuselage width (0.21 m) exceeds wing root chord (0.18 m), which causes extreme aerodynamic blockage and drag. Select a more slender fuselage profile.","Status: SIZING_INFEASIBLE, Warnings: 0, Iterations: 0",3.55,0,False
4228,MILITARY,1.39,101.8,85.3,99.5,RUNWAY,BELLY_LANDING,MOUNTAIN,62575.52,True,FAILED,NOT_EVALUATED,Conventional,,,NOT_EVALUATED,,,,,,,,,,,,,,,,,,,,,,,NOT_EVALUATED,,,,,,,,NOT_EVALUATED,NOT_EVALUATED,NOT_EVALUATED,NOT_EVALUATED,FUSELAGE_SIZING,SIZING_FAILURE,"Sized fuselage width (0.18 m) exceeds wing root chord (0.16 m), which causes extreme aerodynamic blockage and drag. Select a more slender fuselage profile.","Status: SIZING_INFEASIBLE, Warnings: 0, Iterations: 0",3.25,0,False
4229,DISASTER_RESPONSE,3.0,107.1,110.0,93.1,CATAPULT,NET_RECOVERY,FOREST,65145.63,True,FAILED,NOT_EVALUATED,Conventional,,,NOT_EVALUATED,,,,,,,,,,,,,,,,,,,,,,,NOT_EVALUATED,,,,,,,,NOT_EVALUATED,NOT_EVALUATED,NOT_EVALUATED,NOT_EVALUATED,AVIONICS_SIZING,DATABASE_LIMITATION,COMPONENT_DATABASE_LIMITATION: Required communication range (107.10 km) exceeds the maximum range available in the telemetry catalog (80.00 km).,"Status: COMPONENT_DATABASE_LIMITATION, Warnings: 0, Iterations: 0",3.3,0,False
4234,RESEARCH,2.78,80.8,69.9,59.4,HAND_LAUNCH,NET_RECOVERY,MOUNTAIN,36125.84,True,FAILED,NOT_EVALUATED,Conventional,,,NOT_EVALUATED,,,,,,,,,,,,,,,,,,,,,,,NOT_EVALUATED,,,,,,,,NOT_EVALUATED,NOT_EVALUATED,NOT_EVALUATED,NOT_EVALUATED,AVIONICS_SIZING,DATABASE_LIMITATION,COMPONENT_DATABASE_LIMITATION: Required communication range (80.80 km) exceeds the maximum range available in the telemetry catalog (80.00 km).,"Status: COMPONENT_DATABASE_LIMITATION, Warnings: 0, Iterations: 0",5.9,0,False
4239,TRAINING,4.57,64.2,122.9,67.6,CATAPULT,PARACHUTE,DESERT,39394.04,True,FAILED,NOT_EVALUATED,Conventional,,,NOT_EVALUATED,,,,,,,,,,,,,,,,,,,,,,,NOT_EVALUATED,,,,,,,,NOT_EVALUATED,NOT_EVALUATED,NOT_EVALUATED,NOT_EVALUATED,CONVERGENCE,PROPULSION_FAILURE,Subsystem execution failed with exception: PropulsionOptimizer failed: PropulsionOptimizer failed: No feasible design candidates found.; Convergence failed: Subsystem execution failed with exception: PropulsionOptimizer failed: PropulsionOptimizer failed: No feasible design candidates found.,"Status: PROPULSION_INFEASIBLE, Warnings: 0, Iterations: 0",4038.17,0,False
4241,DISASTER_RESPONSE,4.97,110.6,144.4,71.6,CATAPULT,NET_RECOVERY,FOREST,61122.46,True,FAILED,NOT_EVALUATED,Conventional,,,NOT_EVALUATED,,,,,,,,,,,,,,,,,,,,,,,NOT_EVALUATED,,,,,,,,NOT_EVALUATED,NOT_EVALUATED,NOT_EVALUATED,NOT_EVALUATED,AVIONICS_SIZING,DATABASE_LIMITATION,COMPONENT_DATABASE_LIMITATION: Required communication range (110.60 km) exceeds the maximum range available in the telemetry catalog (80.00 km).,"Status: COMPONENT_DATABASE_LIMITATION, Warnings: 0, Iterations: 0",3.29,0,False
4244,DISASTER_RESPONSE,20.21,52.6,82.6,86.6,RUNWAY,RUNWAY,DESERT,55200.19,True,EXCEPTION,NOT_EVALUATED,Conventional,,,NOT_EVALUATED,,,,,,,,,,,,,,,,,,,,,,,NOT_EVALUATED,,,,,,,,NOT_EVALUATED,NOT_EVALUATED,NOT_EVALUATED,NOT_EVALUATED,PROPULSION_SIZING,INTERNAL_EXCEPTION,PROPULSION_POWER_LIMIT: Sized power target of 5594.9 W exceeds maximum catalog motor power limit of 3400.0 W.,"Status: INTERNAL_EXCEPTION, Warnings: 0, Iterations: 0",3.13,0,False
4257,SECURITY,4.17,26.7,143.8,101.7,HAND_LAUNCH,PARACHUTE,DESERT,53807.87,True,FAILED,NOT_EVALUATED,Conventional,,,NOT_EVALUATED,,,,,,,,,,,,,,,,,,,,,,,NOT_EVALUATED,,,,,,,,NOT_EVALUATED,NOT_EVALUATED,NOT_EVALUATED,NOT_EVALUATED,FUSELAGE_SIZING,SIZING_FAILURE,"Sized fuselage width (0.32 m) exceeds wing root chord (0.28 m), which causes extreme aerodynamic blockage and drag. Select a more slender fuselage profile.","Status: SIZING_INFEASIBLE, Warnings: 0, Iterations: 0",5.66,0,False
4260,RESEARCH,12.36,31.8,44.7,48.5,RUNWAY,RUNWAY,DESERT,9298.17,True,FAILED,NOT_EVALUATED,Conventional,,,NOT_EVALUATED,,,,,,,,,,,,,,,,,,,,,,,NOT_EVALUATED,,,,,,,,NOT_EVALUATED,NOT_EVALUATED,NOT_EVALUATED,NOT_EVALUATED,CONVERGENCE,PROPULSION_FAILURE,Subsystem execution failed with exception: PropulsionOptimizer failed: PropulsionOptimizer failed: No feasible design candidates found.; Convergence failed: Subsystem execution failed with exception: PropulsionOptimizer failed: PropulsionOptimizer failed: No feasible design candidates found.,"Status: PROPULSION_INFEASIBLE, Warnings: 0, Iterations: 0",3985.99,0,False
4271,CUSTOM,3.72,99.1,50.1,61.4,HAND_LAUNCH,BELLY_LANDING,RURAL,54915.77,True,INVALID_INPUT,NOT_EVALUATED,Conventional,,,NOT_EVALUATED,,,,,,,,,,,,,,,,,,,,,,,NOT_EVALUATED,,,,,,,,NOT_EVALUATED,NOT_EVALUATED,NOT_EVALUATED,NOT_EVALUATED,MISSION_TRANSLATION,INVALID_REQUIREMENTS,Mission range (99.1 km) is physically inconsistent with cruise speed (61.4 km/h) and flight time (50.1 min). Max theoretical range is 51.3 km.,"Status: INVALID_REQUIREMENTS, Warnings: 0, Iterations: 0",0.48,0,False
4281,AGRICULTURE,18.98,14.1,47.9,62.3,RUNWAY,RUNWAY,DESERT,38448.23,True,EXCEPTION,NOT_EVALUATED,Conventional,,,NOT_EVALUATED,,,,,,,,,,,,,,,,,,,,,,,NOT_EVALUATED,,,,,,,,NOT_EVALUATED,NOT_EVALUATED,NOT_EVALUATED,NOT_EVALUATED,PROPULSION_SIZING,INTERNAL_EXCEPTION,PROPULSION_POWER_LIMIT: Sized power target of 5423.3 W exceeds maximum catalog motor power limit of 3400.0 W.,"Status: INTERNAL_EXCEPTION, Warnings: 0, Iterations: 0",3.4,0,False
4298,MILITARY,4.67,65.0,78.6,97.5,HAND_LAUNCH,BELLY_LANDING,MOUNTAIN,21247.69,True,FAILED,NOT_EVALUATED,Conventional,,,NOT_EVALUATED,,,,,,,,,,,,,,,,,,,,,,,NOT_EVALUATED,,,,,,,,NOT_EVALUATED,NOT_EVALUATED,NOT_EVALUATED,NOT_EVALUATED,FUSELAGE_SIZING,SIZING_FAILURE,"Sized fuselage width (0.34 m) exceeds wing root chord (0.30 m), which causes extreme aerodynamic blockage and drag. Select a more slender fuselage profile.","Status: SIZING_INFEASIBLE, Warnings: 0, Iterations: 0",4.73,0,False
4299,DISASTER_RESPONSE,4.15,111.8,123.3,59.1,HAND_LAUNCH,RUNWAY,MOUNTAIN,60459.55,True,FAILED,NOT_EVALUATED,Conventional,,,NOT_EVALUATED,,,,,,,,,,,,,,,,,,,,,,,NOT_EVALUATED,,,,,,,,NOT_EVALUATED,NOT_EVALUATED,NOT_EVALUATED,NOT_EVALUATED,AVIONICS_SIZING,DATABASE_LIMITATION,COMPONENT_DATABASE_LIMITATION: Required communication range (111.80 km) exceeds the maximum range available in the telemetry catalog (80.00 km).,"Status: COMPONENT_DATABASE_LIMITATION, Warnings: 0, Iterations: 0",2.99,0,False
4307,CUSTOM,2.42,40.6,125.2,69.1,CATAPULT,BELLY_LANDING,FOREST,6384.05,True,EXCEPTION,NOT_EVALUATED,Conventional,,,NOT_EVALUATED,,,,,,,,,,,,,,,,,,,,,,,NOT_EVALUATED,,,,,,,,NOT_EVALUATED,NOT_EVALUATED,NOT_EVALUATED,NOT_EVALUATED,CONVERGENCE,INTERNAL_EXCEPTION,Design compliance score (76.0%) is below the minimum required safety compliance boundary (85.0%).,"Status: INTERNAL_EXCEPTION, Warnings: 0, Iterations: 3",12564.88,3,False
4318,SECURITY,1.51,42.8,49.6,70.3,CATAPULT,NET_RECOVERY,DESERT,68747.63,True,FAILED,NOT_EVALUATED,Conventional,,,NOT_EVALUATED,,,,,,,,,,,,,,,,,,,,,,,NOT_EVALUATED,,,,,,,,NOT_EVALUATED,NOT_EVALUATED,NOT_EVALUATED,NOT_EVALUATED,FUSELAGE_SIZING,SIZING_FAILURE,"Sized fuselage width (0.19 m) exceeds wing root chord (0.17 m), which causes extreme aerodynamic blockage and drag. Select a more slender fuselage profile.","Status: SIZING_INFEASIBLE, Warnings: 0, Iterations: 0",3.23,0,False
4319,MAPPING,4.68,86.2,82.0,56.3,CATAPULT,NET_RECOVERY,RURAL,66881.48,True,FAILED,NOT_EVALUATED,Conventional,,,NOT_EVALUATED,,,,,,,,,,,,,,,,,,,,,,,NOT_EVALUATED,,,,,,,,NOT_EVALUATED,NOT_EVALUATED,NOT_EVALUATED,NOT_EVALUATED,AVIONICS_SIZING,DATABASE_LIMITATION,COMPONENT_DATABASE_LIMITATION: Required communication range (86.20 km) exceeds the maximum range available in the telemetry catalog (80.00 km).,"Status: COMPONENT_DATABASE_LIMITATION, Warnings: 0, Iterations: 0",2.85,0,False
4324,MAPPING,4.51,52.5,48.7,57.7,HAND_LAUNCH,BELLY_LANDING,RURAL,43325.65,True,FAILED,NOT_EVALUATED,Conventional,,,NOT_EVALUATED,,,,,,,,,,,,,,,,,,,,,,,NOT_EVALUATED,,,,,,,,NOT_EVALUATED,NOT_EVALUATED,NOT_EVALUATED,NOT_EVALUATED,CONVERGENCE,PROPULSION_FAILURE,Subsystem execution failed with exception: PropulsionOptimizer failed: PropulsionOptimizer failed: No feasible design candidates found.; Convergence failed: Subsystem execution failed with exception: PropulsionOptimizer failed: PropulsionOptimizer failed: No feasible design candidates found.,"Status: PROPULSION_INFEASIBLE, Warnings: 0, Iterations: 0",3850.28,0,False
4329,DISASTER_RESPONSE,2.85,43.5,52.5,62.6,CATAPULT,NET_RECOVERY,DESERT,14864.92,True,FAILED,NOT_EVALUATED,Conventional,,,NOT_EVALUATED,,,,,,,,,,,,,,,,,,,,,,,NOT_EVALUATED,,,,,,,,NOT_EVALUATED,NOT_EVALUATED,NOT_EVALUATED,NOT_EVALUATED,CONVERGENCE,CONVERGENCE_FAILURE,Oscillation detected: design state at iteration 6 matches state at iteration 4.; Convergence failed: Oscillation detected: design state at iteration 6 matches state at iteration 4.,"Status: NON_CONVERGED, Warnings: 0, Iterations: 6",26875.81,6,False
4331,MAPPING,4.28,104.8,132.6,91.2,RUNWAY,PARACHUTE,FOREST,17326.11,True,FAILED,NOT_EVALUATED,Conventional,,,NOT_EVALUATED,,,,,,,,,,,,,,,,,,,,,,,NOT_EVALUATED,,,,,,,,NOT_EVALUATED,NOT_EVALUATED,NOT_EVALUATED,NOT_EVALUATED,AVIONICS_SIZING,DATABASE_LIMITATION,COMPONENT_DATABASE_LIMITATION: Required communication range (104.80 km) exceeds the maximum range available in the telemetry catalog (80.00 km).,"Status: COMPONENT_DATABASE_LIMITATION, Warnings: 0, Iterations: 0",3.22,0,False
4342,CUSTOM,15.7,74.0,39.7,72.9,RUNWAY,RUNWAY,RURAL,30737.26,True,INVALID_INPUT,NOT_EVALUATED,Conventional,,,NOT_EVALUATED,,,,,,,,,,,,,,,,,,,,,,,NOT_EVALUATED,,,,,,,,NOT_EVALUATED,NOT_EVALUATED,NOT_EVALUATED,NOT_EVALUATED,MISSION_TRANSLATION,INVALID_REQUIREMENTS,Mission range (74.0 km) is physically inconsistent with cruise speed (72.9 km/h) and flight time (39.7 min). Max theoretical range is 48.2 km.,"Status: INVALID_REQUIREMENTS, Warnings: 0, Iterations: 0",0.32,0,False
4349,MILITARY,2.57,28.7,124.2,95.8,RUNWAY,NET_RECOVERY,FOREST,46202.62,True,FAILED,NOT_EVALUATED,Conventional,,,NOT_EVALUATED,,,,,,,,,,,,,,,,,,,,,,,NOT_EVALUATED,,,,,,,,NOT_EVALUATED,NOT_EVALUATED,NOT_EVALUATED,NOT_EVALUATED,FUSELAGE_SIZING,SIZING_FAILURE,"Sized fuselage width (0.25 m) exceeds wing root chord (0.22 m), which causes extreme aerodynamic blockage and drag. Select a more slender fuselage profile.","Status: SIZING_INFEASIBLE, Warnings: 0, Iterations: 0",4.5,0,False
4354,DELIVERY,2.61,94.8,46.7,76.2,RUNWAY,PARACHUTE,RURAL,79631.46,True,INVALID_INPUT,NOT_EVALUATED,Conventional,,,NOT_EVALUATED,,,,,,,,,,,,,,,,,,,,,,,NOT_EVALUATED,,,,,,,,NOT_EVALUATED,NOT_EVALUATED,NOT_EVALUATED,NOT_EVALUATED,MISSION_TRANSLATION,INVALID_REQUIREMENTS,Mission range (94.8 km) is physically inconsistent with cruise speed (76.2 km/h) and flight time (46.7 min). Max theoretical range is 59.3 km.,"Status: INVALID_REQUIREMENTS, Warnings: 0, Iterations: 0",0.26,0,False
4355,MAPPING,2.08,102.3,137.3,68.5,HAND_LAUNCH,BELLY_LANDING,RURAL,10479.8,True,FAILED,NOT_EVALUATED,Conventional,,,NOT_EVALUATED,,,,,,,,,,,,,,,,,,,,,,,NOT_EVALUATED,,,,,,,,NOT_EVALUATED,NOT_EVALUATED,NOT_EVALUATED,NOT_EVALUATED,AVIONICS_SIZING,DATABASE_LIMITATION,COMPONENT_DATABASE_LIMITATION: Required communication range (102.30 km) exceeds the maximum range available in the telemetry catalog (80.00 km).,"Status: COMPONENT_DATABASE_LIMITATION, Warnings: 0, Iterations: 0",2.98,0,False
4373,MILITARY,4.2,49.3,134.7,104.1,RUNWAY,NET_RECOVERY,DESERT,45380.42,True,FAILED,NOT_EVALUATED,Conventional,,,NOT_EVALUATED,,,,,,,,,,,,,,,,,,,,,,,NOT_EVALUATED,,,,,,,,NOT_EVALUATED,NOT_EVALUATED,NOT_EVALUATED,NOT_EVALUATED,FUSELAGE_SIZING,SIZING_FAILURE,"Sized fuselage width (0.32 m) exceeds wing root chord (0.28 m), which causes extreme aerodynamic blockage and drag. Select a more slender fuselage profile.","Status: SIZING_INFEASIBLE, Warnings: 0, Iterations: 0",3.5,0,False
4381,DELIVERY,2.68,110.1,88.3,74.4,RUNWAY,PARACHUTE,DESERT,3035.24,True,FAILED,NOT_EVALUATED,Conventional,,,NOT_EVALUATED,,,,,,,,,,,,,,,,,,,,,,,NOT_EVALUATED,,,,,,,,NOT_EVALUATED,NOT_EVALUATED,NOT_EVALUATED,NOT_EVALUATED,AVIONICS_SIZING,DATABASE_LIMITATION,COMPONENT_DATABASE_LIMITATION: Required communication range (110.10 km) exceeds the maximum range available in the telemetry catalog (80.00 km).,"Status: COMPONENT_DATABASE_LIMITATION, Warnings: 0, Iterations: 0",3.48,0,False
4388,MAPPING,3.61,72.3,109.5,85.3,HAND_LAUNCH,RUNWAY,MOUNTAIN,24562.07,True,FAILED,NOT_EVALUATED,Conventional,,,NOT_EVALUATED,,,,,,,,,,,,,,,,,,,,,,,NOT_EVALUATED,,,,,,,,NOT_EVALUATED,NOT_EVALUATED,NOT_EVALUATED,NOT_EVALUATED,CONVERGENCE,PROPULSION_FAILURE,Subsystem execution failed with exception: PropulsionOptimizer failed: PropulsionOptimizer failed: No feasible design candidates found.; Convergence failed: Subsystem execution failed with exception: PropulsionOptimizer failed: PropulsionOptimizer failed: No feasible design candidates found.,"Status: PROPULSION_INFEASIBLE, Warnings: 0, Iterations: 0",4088.95,0,False
4397,SURVEY,4.42,101.2,130.1,79.3,HAND_LAUNCH,BELLY_LANDING,MOUNTAIN,72215.89,True,FAILED,NOT_EVALUATED,Conventional,,,NOT_EVALUATED,,,,,,,,,,,,,,,,,,,,,,,NOT_EVALUATED,,,,,,,,NOT_EVALUATED,NOT_EVALUATED,NOT_EVALUATED,NOT_EVALUATED,AVIONICS_SIZING,DATABASE_LIMITATION,COMPONENT_DATABASE_LIMITATION: Required communication range (101.20 km) exceeds the maximum range available in the telemetry catalog (80.00 km).,"Status: COMPONENT_DATABASE_LIMITATION, Warnings: 0, Iterations: 0",3.66,0,False
4410,RESEARCH,22.22,64.0,62.7,89.9,RUNWAY,RUNWAY,DESERT,22528.75,True,EXCEPTION,NOT_EVALUATED,Conventional,,,NOT_EVALUATED,,,,,,,,,,,,,,,,,,,,,,,NOT_EVALUATED,,,,,,,,NOT_EVALUATED,NOT_EVALUATED,NOT_EVALUATED,NOT_EVALUATED,PROPULSION_SIZING,INTERNAL_EXCEPTION,PROPULSION_POWER_LIMIT: Sized power target of 6212.6 W exceeds maximum catalog motor power limit of 3400.0 W.,"Status: INTERNAL_EXCEPTION, Warnings: 0, Iterations: 0",19.42,0,False
4417,DISASTER_RESPONSE,14.79,47.3,54.0,83.8,RUNWAY,RUNWAY,MOUNTAIN,55750.41,True,FAILED,NOT_EVALUATED,Conventional,,,NOT_EVALUATED,,,,,,,,,,,,,,,,,,,,,,,NOT_EVALUATED,,,,,,,,NOT_EVALUATED,NOT_EVALUATED,NOT_EVALUATED,NOT_EVALUATED,CONVERGENCE,PROPULSION_FAILURE,Subsystem execution failed with exception: PropulsionOptimizer failed: PropulsionOptimizer failed: No feasible design candidates found.; Convergence failed: Subsystem execution failed with exception: PropulsionOptimizer failed: PropulsionOptimizer failed: No feasible design candidates found.,"Status: PROPULSION_INFEASIBLE, Warnings: 0, Iterations: 0",4267.35,0,False
4418,DISASTER_RESPONSE,4.66,25.2,67.6,90.7,RUNWAY,RUNWAY,DESERT,38952.05,True,EXCEPTION,NOT_EVALUATED,Conventional,,,NOT_EVALUATED,,,,,,,,,,,,,,,,,,,,,,,NOT_EVALUATED,,,,,,,,NOT_EVALUATED,NOT_EVALUATED,NOT_EVALUATED,NOT_EVALUATED,CONVERGENCE,INTERNAL_EXCEPTION,Design compliance score (76.0%) is below the minimum required safety compliance boundary (85.0%).,"Status: INTERNAL_EXCEPTION, Warnings: 0, Iterations: 5",22266.48,5,False
4430,SURVEY,17.91,41.9,80.2,51.1,RUNWAY,RUNWAY,DESERT,14299.41,True,EXCEPTION,NOT_EVALUATED,Conventional,,,NOT_EVALUATED,,,,,,,,,,,,,,,,,,,,,,,NOT_EVALUATED,,,,,,,,NOT_EVALUATED,NOT_EVALUATED,NOT_EVALUATED,NOT_EVALUATED,PROPULSION_SIZING,INTERNAL_EXCEPTION,PROPULSION_POWER_LIMIT: Sized power target of 4958.3 W exceeds maximum catalog motor power limit of 3400.0 W.,"Status: INTERNAL_EXCEPTION, Warnings: 0, Iterations: 0",3.12,0,False
4435,MAPPING,1.11,116.0,51.2,59.9,HAND_LAUNCH,RUNWAY,FOREST,34863.63,True,INVALID_INPUT,NOT_EVALUATED,Conventional,,,NOT_EVALUATED,,,,,,,,,,,,,,,,,,,,,,,NOT_EVALUATED,,,,,,,,NOT_EVALUATED,NOT_EVALUATED,NOT_EVALUATED,NOT_EVALUATED,MISSION_TRANSLATION,INVALID_REQUIREMENTS,Mission range (116.0 km) is physically inconsistent with cruise speed (59.9 km/h) and flight time (51.2 min). Max theoretical range is 51.1 km.,"Status: INVALID_REQUIREMENTS, Warnings: 0, Iterations: 0",0.36,0,False
4437,AGRICULTURE,2.43,55.3,147.2,85.1,RUNWAY,PARACHUTE,MOUNTAIN,69251.4,True,FAILED,NOT_EVALUATED,Conventional,,,NOT_EVALUATED,,,,,,,,,,,,,,,,,,,,,,,NOT_EVALUATED,,,,,,,,NOT_EVALUATED,NOT_EVALUATED,NOT_EVALUATED,NOT_EVALUATED,VERIFICATION,VERIFICATION_FAILURE,Aircraft design failed verification compliance checks.; Aircraft design failed verification compliance checks.,"Status: VERIFICATION_FAILED, Warnings: 0, Iterations: 4",17937.81,4,True
4443,RESEARCH,4.92,112.4,125.8,60.1,HAND_LAUNCH,BELLY_LANDING,MOUNTAIN,48560.64,True,FAILED,NOT_EVALUATED,Conventional,,,NOT_EVALUATED,,,,,,,,,,,,,,,,,,,,,,,NOT_EVALUATED,,,,,,,,NOT_EVALUATED,NOT_EVALUATED,NOT_EVALUATED,NOT_EVALUATED,AVIONICS_SIZING,DATABASE_LIMITATION,COMPONENT_DATABASE_LIMITATION: Required communication range (112.40 km) exceeds the maximum range available in the telemetry catalog (80.00 km).,"Status: COMPONENT_DATABASE_LIMITATION, Warnings: 0, Iterations: 0",3.35,0,False
4444,RESEARCH,4.0,118.8,51.3,89.2,RUNWAY,PARACHUTE,FOREST,47691.11,True,INVALID_INPUT,NOT_EVALUATED,Conventional,,,NOT_EVALUATED,,,,,,,,,,,,,,,,,,,,,,,NOT_EVALUATED,,,,,,,,NOT_EVALUATED,NOT_EVALUATED,NOT_EVALUATED,NOT_EVALUATED,MISSION_TRANSLATION,INVALID_REQUIREMENTS,Mission range (118.8 km) is physically inconsistent with cruise speed (89.2 km/h) and flight time (51.3 min). Max theoretical range is 76.3 km.,"Status: INVALID_REQUIREMENTS, Warnings: 0, Iterations: 0",0.42,0,False
4446,TRAINING,2.84,75.7,128.6,103.4,HAND_LAUNCH,PARACHUTE,DESERT,55836.44,True,FAILED,NOT_EVALUATED,Conventional,,,NOT_EVALUATED,,,,,,,,,,,,,,,,,,,,,,,NOT_EVALUATED,,,,,,,,NOT_EVALUATED,NOT_EVALUATED,NOT_EVALUATED,NOT_EVALUATED,CONVERGENCE,PROPULSION_FAILURE,Subsystem execution failed with exception: PropulsionOptimizer failed: PropulsionOptimizer failed: No feasible design candidates found.; Convergence failed: Subsystem execution failed with exception: PropulsionOptimizer failed: PropulsionOptimizer failed: No feasible design candidates found.,"Status: PROPULSION_INFEASIBLE, Warnings: 0, Iterations: 0",3846.13,0,False
4458,SECURITY,3.13,116.2,50.4,93.1,HAND_LAUNCH,NET_RECOVERY,MOUNTAIN,71474.13,True,FAILED,NOT_EVALUATED,Conventional,,,NOT_EVALUATED,,,,,,,,,,,,,,,,,,,,,,,NOT_EVALUATED,,,,,,,,NOT_EVALUATED,NOT_EVALUATED,NOT_EVALUATED,NOT_EVALUATED,FUSELAGE_SIZING,SIZING_FAILURE,"Sized fuselage width (0.27 m) exceeds wing root chord (0.24 m), which causes extreme aerodynamic blockage and drag. Select a more slender fuselage profile.","Status: SIZING_INFEASIBLE, Warnings: 0, Iterations: 0",5.59,0,False
4463,SECURITY,4.5,103.2,111.2,105.4,RUNWAY,RUNWAY,MOUNTAIN,6720.86,True,FAILED,NOT_EVALUATED,Conventional,,,NOT_EVALUATED,,,,,,,,,,,,,,,,,,,,,,,NOT_EVALUATED,,,,,,,,NOT_EVALUATED,NOT_EVALUATED,NOT_EVALUATED,NOT_EVALUATED,FUSELAGE_SIZING,SIZING_FAILURE,"Sized fuselage width (0.33 m) exceeds wing root chord (0.29 m), which causes extreme aerodynamic blockage and drag. Select a more slender fuselage profile.","Status: SIZING_INFEASIBLE, Warnings: 0, Iterations: 0",3.71,0,False
4466,MAPPING,2.82,111.8,114.0,106.0,RUNWAY,BELLY_LANDING,DESERT,53754.68,True,FAILED,NOT_EVALUATED,Conventional,,,NOT_EVALUATED,,,,,,,,,,,,,,,,,,,,,,,NOT_EVALUATED,,,,,,,,NOT_EVALUATED,NOT_EVALUATED,NOT_EVALUATED,NOT_EVALUATED,AVIONICS_SIZING,DATABASE_LIMITATION,COMPONENT_DATABASE_LIMITATION: Required communication range (111.80 km) exceeds the maximum range available in the telemetry catalog (80.00 km).,"Status: COMPONENT_DATABASE_LIMITATION, Warnings: 0, Iterations: 0",3.65,0,False
4480,RESEARCH,21.43,74.1,49.4,62.3,RUNWAY,RUNWAY,DESERT,69595.03,True,EXCEPTION,NOT_EVALUATED,Conventional,,,NOT_EVALUATED,,,,,,,,,,,,,,,,,,,,,,,NOT_EVALUATED,,,,,,,,NOT_EVALUATED,NOT_EVALUATED,NOT_EVALUATED,NOT_EVALUATED,PROPULSION_SIZING,INTERNAL_EXCEPTION,PROPULSION_POWER_LIMIT: Sized power target of 5991.6 W exceeds maximum catalog motor power limit of 3400.0 W.,"Status: INTERNAL_EXCEPTION, Warnings: 0, Iterations: 0",2.91,0,False
4490,MAPPING,12.68,17.3,85.1,53.9,RUNWAY,RUNWAY,MOUNTAIN,19461.77,True,FAILED,NOT_EVALUATED,Conventional,,,NOT_EVALUATED,,,,,,,,,,,,,,,,,,,,,,,NOT_EVALUATED,,,,,,,,NOT_EVALUATED,NOT_EVALUATED,NOT_EVALUATED,NOT_EVALUATED,CONVERGENCE,PROPULSION_FAILURE,Subsystem execution failed with exception: PropulsionOptimizer failed: PropulsionOptimizer failed: No feasible design candidates found.; Convergence failed: Subsystem execution failed with exception: PropulsionOptimizer failed: PropulsionOptimizer failed: No feasible design candidates found.,"Status: PROPULSION_INFEASIBLE, Warnings: 0, Iterations: 0",4459.96,0,False
4497,SECURITY,2.41,103.7,148.9,56.8,HAND_LAUNCH,BELLY_LANDING,DESERT,68240.3,True,FAILED,NOT_EVALUATED,Conventional,,,NOT_EVALUATED,,,,,,,,,,,,,,,,,,,,,,,NOT_EVALUATED,,,,,,,,NOT_EVALUATED,NOT_EVALUATED,NOT_EVALUATED,NOT_EVALUATED,FUSELAGE_SIZING,SIZING_FAILURE,"Sized fuselage width (0.24 m) exceeds wing root chord (0.21 m), which causes extreme aerodynamic blockage and drag. Select a more slender fuselage profile.","Status: SIZING_INFEASIBLE, Warnings: 0, Iterations: 0",3.26,0,False
4504,DISASTER_RESPONSE,19.77,78.9,85.1,57.1,RUNWAY,RUNWAY,DESERT,65307.73,True,EXCEPTION,NOT_EVALUATED,Conventional,,,NOT_EVALUATED,,,,,,,,,,,,,,,,,,,,,,,NOT_EVALUATED,,,,,,,,NOT_EVALUATED,NOT_EVALUATED,NOT_EVALUATED,NOT_EVALUATED,PROPULSION_SIZING,INTERNAL_EXCEPTION,PROPULSION_POWER_LIMIT: Sized power target of 5473.2 W exceeds maximum catalog motor power limit of 3400.0 W.,"Status: INTERNAL_EXCEPTION, Warnings: 0, Iterations: 0",2.75,0,False
4505,DISASTER_RESPONSE,4.73,67.2,113.6,61.8,RUNWAY,PARACHUTE,RURAL,50107.6,True,FAILED,NOT_EVALUATED,Conventional,,,NOT_EVALUATED,,,,,,,,,,,,,,,,,,,,,,,NOT_EVALUATED,,,,,,,,NOT_EVALUATED,NOT_EVALUATED,NOT_EVALUATED,NOT_EVALUATED,CONVERGENCE,PROPULSION_FAILURE,Subsystem execution failed with exception: PropulsionOptimizer failed: PropulsionOptimizer failed: No feasible design candidates found.; Convergence failed: Subsystem execution failed with exception: PropulsionOptimizer failed: PropulsionOptimizer failed: No feasible design candidates found.,"Status: PROPULSION_INFEASIBLE, Warnings: 0, Iterations: 0",4743.77,0,False
4508,TRAINING,3.98,53.9,88.7,92.0,RUNWAY,NET_RECOVERY,FOREST,59270.08,True,EXCEPTION,NOT_EVALUATED,Conventional,,,NOT_EVALUATED,,,,,,,,,,,,,,,,,,,,,,,NOT_EVALUATED,,,,,,,,NOT_EVALUATED,NOT_EVALUATED,NOT_EVALUATED,NOT_EVALUATED,CONVERGENCE,INTERNAL_EXCEPTION,Design compliance score (76.0%) is below the minimum required safety compliance boundary (85.0%).,"Status: INTERNAL_EXCEPTION, Warnings: 0, Iterations: 5",21946.06,5,False
4514,RESEARCH,1.77,70.5,76.9,66.2,CATAPULT,RUNWAY,FOREST,39160.77,True,EXCEPTION,NOT_EVALUATED,Conventional,,,NOT_EVALUATED,,,,,,,,,,,,,,,,,,,,,,,NOT_EVALUATED,,,,,,,,NOT_EVALUATED,NOT_EVALUATED,NOT_EVALUATED,NOT_EVALUATED,PROPULSION_SIZING,INTERNAL_EXCEPTION,Sized payload weight (1.95 kg) exceeds maximum structural payload weight constraint (1.86 kg).,"Status: INTERNAL_EXCEPTION, Warnings: 0, Iterations: 0",9.95,0,False
4522,MAPPING,4.29,94.5,104.3,65.5,RUNWAY,BELLY_LANDING,MOUNTAIN,21969.69,True,FAILED,NOT_EVALUATED,Conventional,,,NOT_EVALUATED,,,,,,,,,,,,,,,,,,,,,,,NOT_EVALUATED,,,,,,,,NOT_EVALUATED,NOT_EVALUATED,NOT_EVALUATED,NOT_EVALUATED,AVIONICS_SIZING,DATABASE_LIMITATION,COMPONENT_DATABASE_LIMITATION: Required communication range (94.50 km) exceeds the maximum range available in the telemetry catalog (80.00 km).,"Status: COMPONENT_DATABASE_LIMITATION, Warnings: 0, Iterations: 0",3.44,0,False
4523,DISASTER_RESPONSE,2.33,86.0,108.2,71.1,HAND_LAUNCH,RUNWAY,MOUNTAIN,45200.39,True,FAILED,NOT_EVALUATED,Conventional,,,NOT_EVALUATED,,,,,,,,,,,,,,,,,,,,,,,NOT_EVALUATED,,,,,,,,NOT_EVALUATED,NOT_EVALUATED,NOT_EVALUATED,NOT_EVALUATED,AVIONICS_SIZING,DATABASE_LIMITATION,COMPONENT_DATABASE_LIMITATION: Required communication range (86.00 km) exceeds the maximum range available in the telemetry catalog (80.00 km).,"Status: COMPONENT_DATABASE_LIMITATION, Warnings: 0, Iterations: 0",3.63,0,False
4526,TRAINING,20.19,32.8,45.2,54.1,RUNWAY,RUNWAY,DESERT,63976.82,True,EXCEPTION,NOT_EVALUATED,Conventional,,,NOT_EVALUATED,,,,,,,,,,,,,,,,,,,,,,,NOT_EVALUATED,,,,,,,,NOT_EVALUATED,NOT_EVALUATED,NOT_EVALUATED,NOT_EVALUATED,PROPULSION_SIZING,INTERNAL_EXCEPTION,PROPULSION_POWER_LIMIT: Sized power target of 5589.4 W exceeds maximum catalog motor power limit of 3400.0 W.,"Status: INTERNAL_EXCEPTION, Warnings: 0, Iterations: 0",7.81,0,False
4528,SURVEY,14.15,27.5,53.1,80.8,RUNWAY,RUNWAY,DESERT,71267.37,True,FAILED,NOT_EVALUATED,Conventional,,,NOT_EVALUATED,,,,,,,,,,,,,,,,,,,,,,,NOT_EVALUATED,,,,,,,,NOT_EVALUATED,NOT_EVALUATED,NOT_EVALUATED,NOT_EVALUATED,CONVERGENCE,PROPULSION_FAILURE,Subsystem execution failed with exception: PropulsionOptimizer failed: PropulsionOptimizer failed: No feasible design candidates found.; Convergence failed: Subsystem execution failed with exception: PropulsionOptimizer failed: PropulsionOptimizer failed: No feasible design candidates found.,"Status: PROPULSION_INFEASIBLE, Warnings: 0, Iterations: 0",4419.07,0,False
4529,TRAINING,4.72,42.4,62.1,77.5,CATAPULT,PARACHUTE,MOUNTAIN,78705.86,True,FAILED,NOT_EVALUATED,Conventional,,,NOT_EVALUATED,,,,,,,,,,,,,,,,,,,,,,,NOT_EVALUATED,,,,,,,,NOT_EVALUATED,NOT_EVALUATED,NOT_EVALUATED,NOT_EVALUATED,CONVERGENCE,PROPULSION_FAILURE,Subsystem execution failed with exception: PropulsionOptimizer failed: PropulsionOptimizer failed: No feasible design candidates found.; Convergence failed: Subsystem execution failed with exception: PropulsionOptimizer failed: PropulsionOptimizer failed: No feasible design candidates found.,"Status: PROPULSION_INFEASIBLE, Warnings: 0, Iterations: 0",3983.54,0,False
4542,AGRICULTURE,3.24,60.8,79.6,53.2,HAND_LAUNCH,RUNWAY,FOREST,78983.17,True,FAILED,NOT_EVALUATED,Conventional,,,NOT_EVALUATED,,,,,,,,,,,,,,,,,,,,,,,NOT_EVALUATED,,,,,,,,NOT_EVALUATED,NOT_EVALUATED,NOT_EVALUATED,NOT_EVALUATED,PERFORMANCE_SIZING,PERFORMANCE_FAILURE,"Cruise speed (53.2 kmh) is below the minimum safe cruise speed boundary (54.6 kmh, representing a 30.0% safety margin above clean stall).","Status: PERFORMANCE_INFEASIBLE, Warnings: 0, Iterations: 0",5.47,0,False
4543,RESEARCH,2.23,40.8,70.9,70.5,RUNWAY,NET_RECOVERY,FOREST,52783.39,True,FAILED,NOT_EVALUATED,Conventional,,,NOT_EVALUATED,,,,,,,,,,,,,,,,,,,,,,,NOT_EVALUATED,,,,,,,,NOT_EVALUATED,NOT_EVALUATED,NOT_EVALUATED,NOT_EVALUATED,CONVERGENCE,PROPULSION_FAILURE,Subsystem execution failed with exception: PropulsionOptimizer failed: PropulsionOptimizer failed: No feasible design candidates found.; Convergence failed: Subsystem execution failed with exception: PropulsionOptimizer failed: PropulsionOptimizer failed: No feasible design candidates found.,"Status: PROPULSION_INFEASIBLE, Warnings: 0, Iterations: 3",16988.36,3,False
4549,TRAINING,1.59,78.9,67.2,70.2,RUNWAY,NET_RECOVERY,MOUNTAIN,40091.87,True,FAILED,NOT_EVALUATED,Conventional,,,NOT_EVALUATED,,,,,,,,,,,,,,,,,,,,,,,NOT_EVALUATED,,,,,,,,NOT_EVALUATED,NOT_EVALUATED,NOT_EVALUATED,NOT_EVALUATED,CONVERGENCE,CONVERGENCE_FAILURE,Oscillation detected: design state at iteration 7 matches state at iteration 5.; Convergence failed: Oscillation detected: design state at iteration 7 matches state at iteration 5.,"Status: NON_CONVERGED, Warnings: 0, Iterations: 7",29723.14,7,False
4554,DISASTER_RESPONSE,16.68,35.3,87.8,55.6,RUNWAY,RUNWAY,RURAL,72925.44,True,EXCEPTION,NOT_EVALUATED,Conventional,,,NOT_EVALUATED,,,,,,,,,,,,,,,,,,,,,,,NOT_EVALUATED,,,,,,,,NOT_EVALUATED,NOT_EVALUATED,NOT_EVALUATED,NOT_EVALUATED,PROPULSION_SIZING,INTERNAL_EXCEPTION,PROPULSION_POWER_LIMIT: Sized power target of 4617.8 W exceeds maximum catalog motor power limit of 3400.0 W.,"Status: INTERNAL_EXCEPTION, Warnings: 0, Iterations: 0",2.87,0,False
4555,RESEARCH,1.46,38.7,109.0,64.7,CATAPULT,PARACHUTE,FOREST,67551.31,True,FAILED,NOT_EVALUATED,Conventional,,,NOT_EVALUATED,,,,,,,,,,,,,,,,,,,,,,,NOT_EVALUATED,,,,,,,,NOT_EVALUATED,NOT_EVALUATED,NOT_EVALUATED,NOT_EVALUATED,PROPULSION_SIZING,DATABASE_LIMITATION,"COMPONENT_DATABASE_LIMITATION: Lightest available component of type 'Scientific Instruments' in database weighs 1.80 kg, which exceeds the maximum allowed structural payload limit of 1.53 kg.","Status: COMPONENT_DATABASE_LIMITATION, Warnings: 0, Iterations: 0",2.46,0,False
4561,DELIVERY,21.78,42.1,84.6,77.9,RUNWAY,RUNWAY,DESERT,36739.83,True,FAILED,NOT_EVALUATED,Conventional,,,NOT_EVALUATED,,,,,,,,,,,,,,,,,,,,,,,NOT_EVALUATED,,,,,,,,NOT_EVALUATED,NOT_EVALUATED,NOT_EVALUATED,NOT_EVALUATED,PROPULSION_SIZING,PROPULSION_FAILURE,Takeoff thrust-to-weight ratio (0.28) is below minimum required constraint limit (0.30).; Selected motor maximum power (4101.4 W) is insufficient to sustain the power required during steady rate of climb (4939.4 W).,"Status: PROPULSION_INFEASIBLE, Warnings: 0, Iterations: 0",2.77,0,False
4564,MAPPING,8.61,60.2,56.8,48.4,RUNWAY,RUNWAY,DESERT,29355.27,True,EXCEPTION,NOT_EVALUATED,Conventional,,,NOT_EVALUATED,,,,,,,,,,,,,,,,,,,,,,,NOT_EVALUATED,,,,,,,,NOT_EVALUATED,NOT_EVALUATED,NOT_EVALUATED,NOT_EVALUATED,PERFORMANCE_SIZING,INTERNAL_EXCEPTION,Sized maximum flight range (53.9 km) is below mission range requirement (60.2 km).,"Status: INTERNAL_EXCEPTION, Warnings: 0, Iterations: 0",3.27,0,False
4568,AGRICULTURE,4.79,54.5,91.2,54.0,CATAPULT,PARACHUTE,DESERT,3543.46,True,FAILED,NOT_EVALUATED,Conventional,,,NOT_EVALUATED,,,,,,,,,,,,,,,,,,,,,,,NOT_EVALUATED,,,,,,,,NOT_EVALUATED,NOT_EVALUATED,NOT_EVALUATED,NOT_EVALUATED,CONVERGENCE,PROPULSION_FAILURE,Subsystem execution failed with exception: PropulsionOptimizer failed: PropulsionOptimizer failed: No feasible design candidates found.; Convergence failed: Subsystem execution failed with exception: PropulsionOptimizer failed: PropulsionOptimizer failed: No feasible design candidates found.,"Status: PROPULSION_INFEASIBLE, Warnings: 0, Iterations: 0",4187.24,0,False
4581,MAPPING,2.73,58.9,76.3,73.5,CATAPULT,RUNWAY,MOUNTAIN,47675.41,True,FAILED,NOT_EVALUATED,Conventional,,,NOT_EVALUATED,,,,,,,,,,,,,,,,,,,,,,,NOT_EVALUATED,,,,,,,,NOT_EVALUATED,NOT_EVALUATED,NOT_EVALUATED,NOT_EVALUATED,CONVERGENCE,PROPULSION_FAILURE,Subsystem execution failed with exception: PropulsionOptimizer failed: PropulsionOptimizer failed: No feasible design candidates found.; Convergence failed: Subsystem execution failed with exception: PropulsionOptimizer failed: PropulsionOptimizer failed: No feasible design candidates found.,"Status: PROPULSION_INFEASIBLE, Warnings: 0, Iterations: 1",8474.65,1,False
4590,TRAINING,2.3,100.3,121.1,108.5,CATAPULT,RUNWAY,MOUNTAIN,35821.09,True,FAILED,NOT_EVALUATED,Conventional,,,NOT_EVALUATED,,,,,,,,,,,,,,,,,,,,,,,NOT_EVALUATED,,,,,,,,NOT_EVALUATED,NOT_EVALUATED,NOT_EVALUATED,NOT_EVALUATED,AVIONICS_SIZING,DATABASE_LIMITATION,COMPONENT_DATABASE_LIMITATION: Required communication range (100.30 km) exceeds the maximum range available in the telemetry catalog (80.00 km).,"Status: COMPONENT_DATABASE_LIMITATION, Warnings: 0, Iterations: 0",4.2,0,False
4598,MAPPING,2.71,79.9,108.5,54.8,RUNWAY,BELLY_LANDING,FOREST,58632.84,True,FAILED,NOT_EVALUATED,Conventional,,,NOT_EVALUATED,,,,,,,,,,,,,,,,,,,,,,,NOT_EVALUATED,,,,,,,,NOT_EVALUATED,NOT_EVALUATED,NOT_EVALUATED,NOT_EVALUATED,PERFORMANCE_SIZING,PERFORMANCE_FAILURE,"Cruise speed (54.8 kmh) is below the minimum safe cruise speed boundary (56.9 kmh, representing a 20.0% safety margin above clean stall).","Status: PERFORMANCE_INFEASIBLE, Warnings: 0, Iterations: 0",3.55,0,False
4599,TRAINING,4.41,34.8,87.2,66.8,HAND_LAUNCH,PARACHUTE,DESERT,8452.65,True,FAILED,NOT_EVALUATED,Conventional,,,NOT_EVALUATED,,,,,,,,,,,,,,,,,,,,,,,NOT_EVALUATED,,,,,,,,NOT_EVALUATED,NOT_EVALUATED,NOT_EVALUATED,NOT_EVALUATED,CONVERGENCE,PROPULSION_FAILURE,Subsystem execution failed with exception: PropulsionOptimizer failed: PropulsionOptimizer failed: No feasible design candidates found.; Convergence failed: Subsystem execution failed with exception: PropulsionOptimizer failed: PropulsionOptimizer failed: No feasible design candidates found.,"Status: PROPULSION_INFEASIBLE, Warnings: 0, Iterations: 0",4233.6,0,False
4601,RESEARCH,22.8,60.3,53.1,85.8,RUNWAY,RUNWAY,MOUNTAIN,62686.01,True,EXCEPTION,NOT_EVALUATED,Conventional,,,NOT_EVALUATED,,,,,,,,,,,,,,,,,,,,,,,NOT_EVALUATED,,,,,,,,NOT_EVALUATED,NOT_EVALUATED,NOT_EVALUATED,NOT_EVALUATED,PROPULSION_SIZING,INTERNAL_EXCEPTION,PROPULSION_POWER_LIMIT: Sized power target of 6374.6 W exceeds maximum catalog motor power limit of 3400.0 W.,"Status: INTERNAL_EXCEPTION, Warnings: 0, Iterations: 0",3.31,0,False
4606,MAPPING,3.96,119.3,108.1,83.2,HAND_LAUNCH,PARACHUTE,MOUNTAIN,10089.37,True,FAILED,NOT_EVALUATED,Conventional,,,NOT_EVALUATED,,,,,,,,,,,,,,,,,,,,,,,NOT_EVALUATED,,,,,,,,NOT_EVALUATED,NOT_EVALUATED,NOT_EVALUATED,NOT_EVALUATED,AVIONICS_SIZING,DATABASE_LIMITATION,COMPONENT_DATABASE_LIMITATION: Required communication range (119.30 km) exceeds the maximum range available in the telemetry catalog (80.00 km).,"Status: COMPONENT_DATABASE_LIMITATION, Warnings: 0, Iterations: 0",5.44,0,False
4638,AGRICULTURE,4.78,37.7,63.7,104.8,HAND_LAUNCH,PARACHUTE,MOUNTAIN,20894.69,True,FAILED,NOT_EVALUATED,Conventional,,,NOT_EVALUATED,,,,,,,,,,,,,,,,,,,,,,,NOT_EVALUATED,,,,,,,,NOT_EVALUATED,NOT_EVALUATED,NOT_EVALUATED,NOT_EVALUATED,CONVERGENCE,PROPULSION_FAILURE,Subsystem execution failed with exception: PropulsionOptimizer failed: PropulsionOptimizer failed: No feasible design candidates found.; Convergence failed: Subsystem execution failed with exception: PropulsionOptimizer failed: PropulsionOptimizer failed: No feasible design candidates found.,"Status: PROPULSION_INFEASIBLE, Warnings: 0, Iterations: 0",4288.51,0,False
4643,TRAINING,16.0,25.7,20.4,55.8,RUNWAY,RUNWAY,MOUNTAIN,24018.31,True,EXCEPTION,NOT_EVALUATED,Conventional,,,NOT_EVALUATED,,,,,,,,,,,,,,,,,,,,,,,NOT_EVALUATED,,,,,,,,NOT_EVALUATED,NOT_EVALUATED,NOT_EVALUATED,NOT_EVALUATED,PROPULSION_SIZING,INTERNAL_EXCEPTION,PROPULSION_POWER_LIMIT: Sized power target of 4429.4 W exceeds maximum catalog motor power limit of 3400.0 W.,"Status: INTERNAL_EXCEPTION, Warnings: 0, Iterations: 0",3.22,0,False
4644,MILITARY,3.74,113.8,58.4,79.6,HAND_LAUNCH,NET_RECOVERY,MOUNTAIN,72299.62,True,FAILED,NOT_EVALUATED,Conventional,,,NOT_EVALUATED,,,,,,,,,,,,,,,,,,,,,,,NOT_EVALUATED,,,,,,,,NOT_EVALUATED,NOT_EVALUATED,NOT_EVALUATED,NOT_EVALUATED,FUSELAGE_SIZING,SIZING_FAILURE,"Sized fuselage width (0.30 m) exceeds wing root chord (0.27 m), which causes extreme aerodynamic blockage and drag. Select a more slender fuselage profile.","Status: SIZING_INFEASIBLE, Warnings: 0, Iterations: 0",3.25,0,False
4652,DISASTER_RESPONSE,4.91,48.2,87.1,73.2,RUNWAY,BELLY_LANDING,FOREST,21113.87,True,FAILED,NOT_EVALUATED,Conventional,,,NOT_EVALUATED,,,,,,,,,,,,,,,,,,,,,,,NOT_EVALUATED,,,,,,,,NOT_EVALUATED,NOT_EVALUATED,NOT_EVALUATED,NOT_EVALUATED,CONVERGENCE,PROPULSION_FAILURE,Subsystem execution failed with exception: PropulsionOptimizer failed: PropulsionOptimizer failed: No feasible design candidates found.; Convergence failed: Subsystem execution failed with exception: PropulsionOptimizer failed: PropulsionOptimizer failed: No feasible design candidates found.,"Status: PROPULSION_INFEASIBLE, Warnings: 0, Iterations: 0",4221.45,0,False
4653,SECURITY,4.55,54.6,51.4,69.3,RUNWAY,PARACHUTE,MOUNTAIN,20278.45,True,FAILED,NOT_EVALUATED,Conventional,,,NOT_EVALUATED,,,,,,,,,,,,,,,,,,,,,,,NOT_EVALUATED,,,,,,,,NOT_EVALUATED,NOT_EVALUATED,NOT_EVALUATED,NOT_EVALUATED,FUSELAGE_SIZING,SIZING_FAILURE,"Sized fuselage width (0.33 m) exceeds wing root chord (0.29 m), which causes extreme aerodynamic blockage and drag. Select a more slender fuselage profile.","Status: SIZING_INFEASIBLE, Warnings: 0, Iterations: 0",3.27,0,False
4666,DISASTER_RESPONSE,2.8,107.6,111.4,101.8,RUNWAY,PARACHUTE,DESERT,37537.21,True,FAILED,NOT_EVALUATED,Conventional,,,NOT_EVALUATED,,,,,,,,,,,,,,,,,,,,,,,NOT_EVALUATED,,,,,,,,NOT_EVALUATED,NOT_EVALUATED,NOT_EVALUATED,NOT_EVALUATED,AVIONICS_SIZING,DATABASE_LIMITATION,COMPONENT_DATABASE_LIMITATION: Required communication range (107.60 km) exceeds the maximum range available in the telemetry catalog (80.00 km).,"Status: COMPONENT_DATABASE_LIMITATION, Warnings: 0, Iterations: 0",3.58,0,False
4669,SURVEY,4.03,62.4,108.3,107.8,RUNWAY,BELLY_LANDING,MOUNTAIN,44003.22,True,FAILED,NOT_EVALUATED,Conventional,,,NOT_EVALUATED,,,,,,,,,,,,,,,,,,,,,,,NOT_EVALUATED,,,,,,,,NOT_EVALUATED,NOT_EVALUATED,NOT_EVALUATED,NOT_EVALUATED,CONVERGENCE,PROPULSION_FAILURE,Subsystem execution failed with exception: PropulsionOptimizer failed: PropulsionOptimizer failed: No feasible design candidates found.; Convergence failed: Subsystem execution failed with exception: PropulsionOptimizer failed: PropulsionOptimizer failed: No feasible design candidates found.,"Status: PROPULSION_INFEASIBLE, Warnings: 0, Iterations: 0",4092.13,0,False
4674,DELIVERY,11.57,27.0,84.5,60.5,RUNWAY,RUNWAY,MOUNTAIN,43137.15,True,FAILED,NOT_EVALUATED,Conventional,,,NOT_EVALUATED,,,,,,,,,,,,,,,,,,,,,,,NOT_EVALUATED,,,,,,,,NOT_EVALUATED,NOT_EVALUATED,NOT_EVALUATED,NOT_EVALUATED,MASS_SIZING,MASS_FAILURE,Calculated takeoff weight (31.08 kg) exceeds maximum takeoff weight limit constraint (25.00 kg).,"Status: MTOW_LIMIT_EXCEEDED, Warnings: 0, Iterations: 0",3.32,0,False
4676,SURVEY,1.9,27.8,64.7,70.0,CATAPULT,NET_RECOVERY,DESERT,74898.42,True,FAILED,NOT_EVALUATED,Conventional,,,NOT_EVALUATED,,,,,,,,,,,,,,,,,,,,,,,NOT_EVALUATED,,,,,,,,NOT_EVALUATED,NOT_EVALUATED,NOT_EVALUATED,NOT_EVALUATED,CONVERGENCE,CONVERGENCE_FAILURE,Oscillation detected: design state at iteration 7 matches state at iteration 5.; Convergence failed: Oscillation detected: design state at iteration 7 matches state at iteration 5.,"Status: NON_CONVERGED, Warnings: 0, Iterations: 7",28194.47,7,False
4678,MAPPING,1.33,69.7,46.2,77.6,CATAPULT,RUNWAY,MOUNTAIN,49014.75,True,FAILED,NOT_EVALUATED,Conventional,,,NOT_EVALUATED,,,,,,,,,,,,,,,,,,,,,,,NOT_EVALUATED,,,,,,,,NOT_EVALUATED,NOT_EVALUATED,NOT_EVALUATED,NOT_EVALUATED,CONVERGENCE,PROPULSION_FAILURE,Subsystem execution failed with exception: PropulsionOptimizer failed: PropulsionOptimizer failed: No feasible design candidates found.; Convergence failed: Subsystem execution failed with exception: PropulsionOptimizer failed: PropulsionOptimizer failed: No feasible design candidates found.,"Status: PROPULSION_INFEASIBLE, Warnings: 0, Iterations: 1",8337.14,1,False
4688,AGRICULTURE,4.57,95.9,65.1,85.9,CATAPULT,PARACHUTE,MOUNTAIN,13137.8,True,FAILED,NOT_EVALUATED,Conventional,,,NOT_EVALUATED,,,,,,,,,,,,,,,,,,,,,,,NOT_EVALUATED,,,,,,,,NOT_EVALUATED,NOT_EVALUATED,NOT_EVALUATED,NOT_EVALUATED,AVIONICS_SIZING,DATABASE_LIMITATION,COMPONENT_DATABASE_LIMITATION: Required communication range (95.90 km) exceeds the maximum range available in the telemetry catalog (80.00 km).,"Status: COMPONENT_DATABASE_LIMITATION, Warnings: 0, Iterations: 0",3.42,0,False
4689,SECURITY,3.18,29.9,49.9,90.6,CATAPULT,PARACHUTE,DESERT,32955.25,True,FAILED,NOT_EVALUATED,Conventional,,,NOT_EVALUATED,,,,,,,,,,,,,,,,,,,,,,,NOT_EVALUATED,,,,,,,,NOT_EVALUATED,NOT_EVALUATED,NOT_EVALUATED,NOT_EVALUATED,FUSELAGE_SIZING,SIZING_FAILURE,"Sized fuselage width (0.28 m) exceeds wing root chord (0.24 m), which causes extreme aerodynamic blockage and drag. Select a more slender fuselage profile.","Status: SIZING_INFEASIBLE, Warnings: 0, Iterations: 0",3.61,0,False
4691,RESEARCH,4.06,72.9,108.7,69.3,RUNWAY,PARACHUTE,RURAL,9946.69,True,FAILED,NOT_EVALUATED,Conventional,,,NOT_EVALUATED,,,,,,,,,,,,,,,,,,,,,,,NOT_EVALUATED,,,,,,,,NOT_EVALUATED,NOT_EVALUATED,NOT_EVALUATED,NOT_EVALUATED,CONVERGENCE,PROPULSION_FAILURE,Subsystem execution failed with exception: PropulsionOptimizer failed: PropulsionOptimizer failed: No feasible design candidates found.; Convergence failed: Subsystem execution failed with exception: PropulsionOptimizer failed: PropulsionOptimizer failed: No feasible design candidates found.,"Status: PROPULSION_INFEASIBLE, Warnings: 0, Iterations: 0",3851.28,0,False
4693,SECURITY,4.59,114.1,117.3,64.5,RUNWAY,NET_RECOVERY,MOUNTAIN,34470.9,True,FAILED,NOT_EVALUATED,Conventional,,,NOT_EVALUATED,,,,,,,,,,,,,,,,,,,,,,,NOT_EVALUATED,,,,,,,,NOT_EVALUATED,NOT_EVALUATED,NOT_EVALUATED,NOT_EVALUATED,FUSELAGE_SIZING,SIZING_FAILURE,"Sized fuselage width (0.33 m) exceeds wing root chord (0.29 m), which causes extreme aerodynamic blockage and drag. Select a more slender fuselage profile.","Status: SIZING_INFEASIBLE, Warnings: 0, Iterations: 0",3.78,0,False
4703,SECURITY,3.17,109.0,60.8,72.5,HAND_LAUNCH,RUNWAY,FOREST,20305.63,True,FAILED,NOT_EVALUATED,Conventional,,,NOT_EVALUATED,,,,,,,,,,,,,,,,,,,,,,,NOT_EVALUATED,,,,,,,,NOT_EVALUATED,NOT_EVALUATED,NOT_EVALUATED,NOT_EVALUATED,FUSELAGE_SIZING,SIZING_FAILURE,"Sized fuselage width (0.28 m) exceeds wing root chord (0.24 m), which causes extreme aerodynamic blockage and drag. Select a more slender fuselage profile.","Status: SIZING_INFEASIBLE, Warnings: 0, Iterations: 0",3.12,0,False
4713,CUSTOM,1.02,41.1,55.6,97.2,RUNWAY,NET_RECOVERY,RURAL,8867.53,True,FAILED,NOT_EVALUATED,Conventional,,,NOT_EVALUATED,,,,,,,,,,,,,,,,,,,,,,,NOT_EVALUATED,,,,,,,,NOT_EVALUATED,NOT_EVALUATED,NOT_EVALUATED,NOT_EVALUATED,VERIFICATION,VERIFICATION_FAILURE,Aircraft design failed verification compliance checks.; Aircraft design failed verification compliance checks.,"Status: VERIFICATION_FAILED, Warnings: 0, Iterations: 6",24684.46,6,True
4729,SECURITY,2.6,26.7,67.7,55.9,RUNWAY,RUNWAY,FOREST,74889.21,True,FAILED,NOT_EVALUATED,Conventional,,,NOT_EVALUATED,,,,,,,,,,,,,,,,,,,,,,,NOT_EVALUATED,,,,,,,,NOT_EVALUATED,NOT_EVALUATED,NOT_EVALUATED,NOT_EVALUATED,FUSELAGE_SIZING,SIZING_FAILURE,"Sized fuselage width (0.25 m) exceeds wing root chord (0.22 m), which causes extreme aerodynamic blockage and drag. Select a more slender fuselage profile.","Status: SIZING_INFEASIBLE, Warnings: 0, Iterations: 0",3.4,0,False
4731,AGRICULTURE,2.12,39.0,103.8,90.1,RUNWAY,RUNWAY,MOUNTAIN,76186.07,True,FAILED,NOT_EVALUATED,Conventional,,,NOT_EVALUATED,,,,,,,,,,,,,,,,,,,,,,,NOT_EVALUATED,,,,,,,,NOT_EVALUATED,NOT_EVALUATED,NOT_EVALUATED,NOT_EVALUATED,VERIFICATION,VERIFICATION_FAILURE,Aircraft design failed verification compliance checks.; Aircraft design failed verification compliance checks.,"Status: VERIFICATION_FAILED, Warnings: 0, Iterations: 5",20606.89,5,True
4733,MAPPING,1.31,74.8,142.5,109.4,HAND_LAUNCH,BELLY_LANDING,FOREST,42184.67,True,FAILED,NOT_EVALUATED,Conventional,,,NOT_EVALUATED,,,,,,,,,,,,,,,,,,,,,,,NOT_EVALUATED,,,,,,,,NOT_EVALUATED,NOT_EVALUATED,NOT_EVALUATED,NOT_EVALUATED,VERIFICATION,VERIFICATION_FAILURE,Aircraft design failed verification compliance checks.; Aircraft design failed verification compliance checks.,"Status: VERIFICATION_FAILED, Warnings: 0, Iterations: 5",20519.23,5,True
4734,AGRICULTURE,13.74,60.2,45.8,79.6,RUNWAY,RUNWAY,RURAL,26876.32,True,FAILED,NOT_EVALUATED,Conventional,,,NOT_EVALUATED,,,,,,,,,,,,,,,,,,,,,,,NOT_EVALUATED,,,,,,,,NOT_EVALUATED,NOT_EVALUATED,NOT_EVALUATED,NOT_EVALUATED,CONVERGENCE,PROPULSION_FAILURE,Subsystem execution failed with exception: PropulsionOptimizer failed: PropulsionOptimizer failed: No feasible design candidates found.; Convergence failed: Subsystem execution failed with exception: PropulsionOptimizer failed: PropulsionOptimizer failed: No feasible design candidates found.,"Status: PROPULSION_INFEASIBLE, Warnings: 0, Iterations: 0",3763.39,0,False
4739,DELIVERY,8.44,78.2,88.3,52.6,RUNWAY,RUNWAY,MOUNTAIN,62591.74,True,FAILED,NOT_EVALUATED,Conventional,,,NOT_EVALUATED,,,,,,,,,,,,,,,,,,,,,,,NOT_EVALUATED,,,,,,,,NOT_EVALUATED,NOT_EVALUATED,NOT_EVALUATED,NOT_EVALUATED,PERFORMANCE_SIZING,PERFORMANCE_FAILURE,"Cruise speed (52.6 kmh) is below the minimum safe cruise speed boundary (54.7 kmh, representing a 35.0% safety margin above clean stall).","Status: PERFORMANCE_INFEASIBLE, Warnings: 0, Iterations: 0",3.57,0,False
4744,MILITARY,4.69,110.6,84.0,53.4,RUNWAY,RUNWAY,FOREST,57105.01,True,FAILED,NOT_EVALUATED,Conventional,,,NOT_EVALUATED,,,,,,,,,,,,,,,,,,,,,,,NOT_EVALUATED,,,,,,,,NOT_EVALUATED,NOT_EVALUATED,NOT_EVALUATED,NOT_EVALUATED,FUSELAGE_SIZING,SIZING_FAILURE,"Sized fuselage width (0.34 m) exceeds wing root chord (0.30 m), which causes extreme aerodynamic blockage and drag. Select a more slender fuselage profile.","Status: SIZING_INFEASIBLE, Warnings: 0, Iterations: 0",3.26,0,False
4746,SURVEY,1.36,38.1,74.7,50.5,HAND_LAUNCH,RUNWAY,DESERT,51144.64,True,FAILED,NOT_EVALUATED,Conventional,,,NOT_EVALUATED,,,,,,,,,,,,,,,,,,,,,,,NOT_EVALUATED,,,,,,,,NOT_EVALUATED,NOT_EVALUATED,NOT_EVALUATED,NOT_EVALUATED,PERFORMANCE_SIZING,PERFORMANCE_FAILURE,"Cruise speed (50.5 kmh) is below the minimum safe cruise speed boundary (63.0 kmh, representing a 20.0% safety margin above clean stall).","Status: PERFORMANCE_INFEASIBLE, Warnings: 0, Iterations: 0",4.39,0,False
4758,AGRICULTURE,17.73,54.5,58.0,82.1,RUNWAY,RUNWAY,RURAL,42055.22,True,EXCEPTION,NOT_EVALUATED,Conventional,,,NOT_EVALUATED,,,,,,,,,,,,,,,,,,,,,,,NOT_EVALUATED,,,,,,,,NOT_EVALUATED,NOT_EVALUATED,NOT_EVALUATED,NOT_EVALUATED,PROPULSION_SIZING,INTERNAL_EXCEPTION,PROPULSION_POWER_LIMIT: Sized power target of 5066.1 W exceeds maximum catalog motor power limit of 3400.0 W.,"Status: INTERNAL_EXCEPTION, Warnings: 0, Iterations: 0",3.32,0,False
4765,CUSTOM,3.0,41.5,83.6,99.3,HAND_LAUNCH,PARACHUTE,FOREST,5300.69,True,FAILED,NOT_EVALUATED,Conventional,,,NOT_EVALUATED,,,,,,,,,,,,,,,,,,,,,,,NOT_EVALUATED,,,,,,,,NOT_EVALUATED,NOT_EVALUATED,NOT_EVALUATED,NOT_EVALUATED,CONVERGENCE,PROPULSION_FAILURE,Subsystem execution failed with exception: PropulsionOptimizer failed: PropulsionOptimizer failed: No feasible design candidates found.; Convergence failed: Subsystem execution failed with exception: PropulsionOptimizer failed: PropulsionOptimizer failed: No feasible design candidates found.,"Status: PROPULSION_INFEASIBLE, Warnings: 0, Iterations: 0",4058.49,0,False
4770,DELIVERY,3.72,32.0,57.1,106.6,HAND_LAUNCH,PARACHUTE,DESERT,57862.7,True,FAILED,NOT_EVALUATED,Conventional,,,NOT_EVALUATED,,,,,,,,,,,,,,,,,,,,,,,NOT_EVALUATED,,,,,,,,NOT_EVALUATED,NOT_EVALUATED,NOT_EVALUATED,NOT_EVALUATED,CONVERGENCE,PROPULSION_FAILURE,Subsystem execution failed with exception: PropulsionOptimizer failed: PropulsionOptimizer failed: No feasible design candidates found.; Convergence failed: Subsystem execution failed with exception: PropulsionOptimizer failed: PropulsionOptimizer failed: No feasible design candidates found.,"Status: PROPULSION_INFEASIBLE, Warnings: 0, Iterations: 0",4189.88,0,False
4783,DISASTER_RESPONSE,1.59,45.0,111.2,84.2,CATAPULT,BELLY_LANDING,DESERT,31147.17,True,FAILED,NOT_EVALUATED,Conventional,,,NOT_EVALUATED,,,,,,,,,,,,,,,,,,,,,,,NOT_EVALUATED,,,,,,,,NOT_EVALUATED,NOT_EVALUATED,NOT_EVALUATED,NOT_EVALUATED,VERIFICATION,VERIFICATION_FAILURE,Aircraft design failed verification compliance checks.; Aircraft design failed verification compliance checks.,"Status: VERIFICATION_FAILED, Warnings: 0, Iterations: 5",19716.19,5,True
4785,DELIVERY,4.71,80.7,94.3,51.3,HAND_LAUNCH,BELLY_LANDING,DESERT,26192.77,True,FAILED,NOT_EVALUATED,Conventional,,,NOT_EVALUATED,,,,,,,,,,,,,,,,,,,,,,,NOT_EVALUATED,,,,,,,,NOT_EVALUATED,NOT_EVALUATED,NOT_EVALUATED,NOT_EVALUATED,AVIONICS_SIZING,DATABASE_LIMITATION,COMPONENT_DATABASE_LIMITATION: Required communication range (80.70 km) exceeds the maximum range available in the telemetry catalog (80.00 km).,"Status: COMPONENT_DATABASE_LIMITATION, Warnings: 0, Iterations: 0",3.9,0,False
4792,RESEARCH,4.18,30.0,123.8,65.1,CATAPULT,BELLY_LANDING,MOUNTAIN,21029.46,True,FAILED,NOT_EVALUATED,Conventional,,,NOT_EVALUATED,,,,,,,,,,,,,,,,,,,,,,,NOT_EVALUATED,,,,,,,,NOT_EVALUATED,NOT_EVALUATED,NOT_EVALUATED,NOT_EVALUATED,CONVERGENCE,PROPULSION_FAILURE,Subsystem execution failed with exception: PropulsionOptimizer failed: PropulsionOptimizer failed: No feasible design candidates found.; Convergence failed: Subsystem execution failed with exception: PropulsionOptimizer failed: PropulsionOptimizer failed: No feasible design candidates found.,"Status: PROPULSION_INFEASIBLE, Warnings: 0, Iterations: 0",3973.53,0,False
4800,RESEARCH,3.41,82.1,66.8,64.2,RUNWAY,RUNWAY,FOREST,64566.53,True,FAILED,NOT_EVALUATED,Conventional,,,NOT_EVALUATED,,,,,,,,,,,,,,,,,,,,,,,NOT_EVALUATED,,,,,,,,NOT_EVALUATED,NOT_EVALUATED,NOT_EVALUATED,NOT_EVALUATED,AVIONICS_SIZING,DATABASE_LIMITATION,COMPONENT_DATABASE_LIMITATION: Required communication range (82.10 km) exceeds the maximum range available in the telemetry catalog (80.00 km).,"Status: COMPONENT_DATABASE_LIMITATION, Warnings: 0, Iterations: 0",3.58,0,False
4805,TRAINING,1.7,64.8,80.3,59.3,HAND_LAUNCH,BELLY_LANDING,FOREST,56729.9,True,FAILED,NOT_EVALUATED,Conventional,,,NOT_EVALUATED,,,,,,,,,,,,,,,,,,,,,,,NOT_EVALUATED,,,,,,,,NOT_EVALUATED,NOT_EVALUATED,NOT_EVALUATED,NOT_EVALUATED,PERFORMANCE_SIZING,PERFORMANCE_FAILURE,"Cruise speed (59.3 kmh) is below the minimum safe cruise speed boundary (60.7 kmh, representing a 20.0% safety margin above clean stall).","Status: PERFORMANCE_INFEASIBLE, Warnings: 0, Iterations: 0",4.51,0,False
4812,AGRICULTURE,2.31,114.9,98.3,92.5,CATAPULT,PARACHUTE,RURAL,7635.12,True,FAILED,NOT_EVALUATED,Conventional,,,NOT_EVALUATED,,,,,,,,,,,,,,,,,,,,,,,NOT_EVALUATED,,,,,,,,NOT_EVALUATED,NOT_EVALUATED,NOT_EVALUATED,NOT_EVALUATED,AVIONICS_SIZING,DATABASE_LIMITATION,COMPONENT_DATABASE_LIMITATION: Required communication range (114.90 km) exceeds the maximum range available in the telemetry catalog (80.00 km).,"Status: COMPONENT_DATABASE_LIMITATION, Warnings: 0, Iterations: 0",4.43,0,False
4814,RESEARCH,22.91,36.5,86.8,71.1,RUNWAY,RUNWAY,RURAL,67696.42,True,EXCEPTION,NOT_EVALUATED,Conventional,,,NOT_EVALUATED,,,,,,,,,,,,,,,,,,,,,,,NOT_EVALUATED,,,,,,,,NOT_EVALUATED,NOT_EVALUATED,NOT_EVALUATED,NOT_EVALUATED,PROPULSION_SIZING,INTERNAL_EXCEPTION,PROPULSION_POWER_LIMIT: Sized power target of 6405.5 W exceeds maximum catalog motor power limit of 3400.0 W.,"Status: INTERNAL_EXCEPTION, Warnings: 0, Iterations: 0",19.76,0,False
4819,TRAINING,8.59,24.7,27.0,43.4,RUNWAY,RUNWAY,DESERT,42760.29,True,INVALID_INPUT,NOT_EVALUATED,Conventional,,,NOT_EVALUATED,,,,,,,,,,,,,,,,,,,,,,,NOT_EVALUATED,,,,,,,,NOT_EVALUATED,NOT_EVALUATED,NOT_EVALUATED,NOT_EVALUATED,MISSION_TRANSLATION,INVALID_REQUIREMENTS,Stall speed target (45.0 km/h) must be less than cruise speed (43.4 km/h),"Status: INVALID_REQUIREMENTS, Warnings: 0, Iterations: 0",0.29,0,False
4820,SECURITY,2.31,48.3,141.5,56.4,CATAPULT,BELLY_LANDING,DESERT,56568.87,True,FAILED,NOT_EVALUATED,Conventional,,,NOT_EVALUATED,,,,,,,,,,,,,,,,,,,,,,,NOT_EVALUATED,,,,,,,,NOT_EVALUATED,NOT_EVALUATED,NOT_EVALUATED,NOT_EVALUATED,FUSELAGE_SIZING,SIZING_FAILURE,"Sized fuselage width (0.24 m) exceeds wing root chord (0.21 m), which causes extreme aerodynamic blockage and drag. Select a more slender fuselage profile.","Status: SIZING_INFEASIBLE, Warnings: 0, Iterations: 0",4.47,0,False
4828,RESEARCH,3.93,40.6,140.0,89.0,CATAPULT,NET_RECOVERY,RURAL,15804.4,True,FAILED,NOT_EVALUATED,Conventional,,,NOT_EVALUATED,,,,,,,,,,,,,,,,,,,,,,,NOT_EVALUATED,,,,,,,,NOT_EVALUATED,NOT_EVALUATED,NOT_EVALUATED,NOT_EVALUATED,CONVERGENCE,PROPULSION_FAILURE,Subsystem execution failed with exception: PropulsionOptimizer failed: PropulsionOptimizer failed: No feasible design candidates found.; Convergence failed: Subsystem execution failed with exception: PropulsionOptimizer failed: PropulsionOptimizer failed: No feasible design candidates found.,"Status: PROPULSION_INFEASIBLE, Warnings: 0, Iterations: 0",3931.7,0,False
4829,DELIVERY,1.1,94.2,139.9,59.2,HAND_LAUNCH,NET_RECOVERY,FOREST,2910.28,True,FAILED,NOT_EVALUATED,Conventional,,,NOT_EVALUATED,,,,,,,,,,,,,,,,,,,,,,,NOT_EVALUATED,,,,,,,,NOT_EVALUATED,NOT_EVALUATED,NOT_EVALUATED,NOT_EVALUATED,PROPULSION_SIZING,DATABASE_LIMITATION,"COMPONENT_DATABASE_LIMITATION: Lightest available component of type 'Cargo' in database weighs 2.00 kg, which exceeds the maximum allowed structural payload limit of 1.16 kg.","Status: COMPONENT_DATABASE_LIMITATION, Warnings: 0, Iterations: 0",4.57,0,False
4833,DISASTER_RESPONSE,3.16,74.0,148.0,58.0,CATAPULT,RUNWAY,DESERT,46769.13,True,FAILED,NOT_EVALUATED,Conventional,,,NOT_EVALUATED,,,,,,,,,,,,,,,,,,,,,,,NOT_EVALUATED,,,,,,,,NOT_EVALUATED,NOT_EVALUATED,NOT_EVALUATED,NOT_EVALUATED,PERFORMANCE_SIZING,PERFORMANCE_FAILURE,"Cruise speed (58.0 kmh) is below the minimum safe cruise speed boundary (58.3 kmh, representing a 20.0% safety margin above clean stall).","Status: PERFORMANCE_INFEASIBLE, Warnings: 0, Iterations: 0",4.03,0,False
4840,RESEARCH,4.45,92.9,91.8,99.1,RUNWAY,PARACHUTE,FOREST,36991.08,True,FAILED,NOT_EVALUATED,Conventional,,,NOT_EVALUATED,,,,,,,,,,,,,,,,,,,,,,,NOT_EVALUATED,,,,,,,,NOT_EVALUATED,NOT_EVALUATED,NOT_EVALUATED,NOT_EVALUATED,AVIONICS_SIZING,DATABASE_LIMITATION,COMPONENT_DATABASE_LIMITATION: Required communication range (92.90 km) exceeds the maximum range available in the telemetry catalog (80.00 km).,"Status: COMPONENT_DATABASE_LIMITATION, Warnings: 0, Iterations: 0",3.52,0,False
4844,DELIVERY,14.31,40.0,75.5,77.4,RUNWAY,RUNWAY,MOUNTAIN,13824.87,True,FAILED,NOT_EVALUATED,Conventional,,,NOT_EVALUATED,,,,,,,,,,,,,,,,,,,,,,,NOT_EVALUATED,,,,,,,,NOT_EVALUATED,NOT_EVALUATED,NOT_EVALUATED,NOT_EVALUATED,MASS_SIZING,MASS_FAILURE,Calculated takeoff weight (38.57 kg) exceeds maximum takeoff weight limit constraint (25.00 kg).,"Status: MTOW_LIMIT_EXCEEDED, Warnings: 0, Iterations: 0",3.44,0,False
4845,CUSTOM,4.92,61.2,47.6,52.1,RUNWAY,RUNWAY,RURAL,23923.36,True,EXCEPTION,NOT_EVALUATED,Conventional,,,NOT_EVALUATED,,,,,,,,,,,,,,,,,,,,,,,NOT_EVALUATED,,,,,,,,NOT_EVALUATED,NOT_EVALUATED,NOT_EVALUATED,NOT_EVALUATED,PERFORMANCE_SIZING,INTERNAL_EXCEPTION,Sized maximum flight range (48.6 km) is below mission range requirement (61.2 km).,"Status: INTERNAL_EXCEPTION, Warnings: 0, Iterations: 0",4.72,0,False
4866,MAPPING,3.99,28.5,104.9,90.2,RUNWAY,BELLY_LANDING,FOREST,66857.58,True,EXCEPTION,NOT_EVALUATED,Conventional,,,NOT_EVALUATED,,,,,,,,,,,,,,,,,,,,,,,NOT_EVALUATED,,,,,,,,NOT_EVALUATED,NOT_EVALUATED,NOT_EVALUATED,NOT_EVALUATED,CONVERGENCE,INTERNAL_EXCEPTION,Design compliance score (76.0%) is below the minimum required safety compliance boundary (85.0%).,"Status: INTERNAL_EXCEPTION, Warnings: 0, Iterations: 6",19839.35,6,False
4869,MILITARY,24.05,55.7,51.6,83.6,RUNWAY,RUNWAY,RURAL,57349.42,True,FAILED,NOT_EVALUATED,Conventional,,,NOT_EVALUATED,,,,,,,,,,,,,,,,,,,,,,,NOT_EVALUATED,,,,,,,,NOT_EVALUATED,NOT_EVALUATED,NOT_EVALUATED,NOT_EVALUATED,FUSELAGE_SIZING,SIZING_FAILURE,"Sized fuselage width (0.76 m) exceeds wing root chord (0.67 m), which causes extreme aerodynamic blockage and drag. Select a more slender fuselage profile.","Status: SIZING_INFEASIBLE, Warnings: 0, Iterations: 0",5.81,0,False
4874,SECURITY,3.58,63.8,131.0,80.9,CATAPULT,RUNWAY,MOUNTAIN,15070.84,True,FAILED,NOT_EVALUATED,Conventional,,,NOT_EVALUATED,,,,,,,,,,,,,,,,,,,,,,,NOT_EVALUATED,,,,,,,,NOT_EVALUATED,NOT_EVALUATED,NOT_EVALUATED,NOT_EVALUATED,FUSELAGE_SIZING,SIZING_FAILURE,"Sized fuselage width (0.29 m) exceeds wing root chord (0.26 m), which causes extreme aerodynamic blockage and drag. Select a more slender fuselage profile.","Status: SIZING_INFEASIBLE, Warnings: 0, Iterations: 0",3.31,0,False
4878,MILITARY,3.13,48.7,133.9,82.1,CATAPULT,NET_RECOVERY,RURAL,65905.26,True,FAILED,NOT_EVALUATED,Conventional,,,NOT_EVALUATED,,,,,,,,,,,,,,,,,,,,,,,NOT_EVALUATED,,,,,,,,NOT_EVALUATED,NOT_EVALUATED,NOT_EVALUATED,NOT_EVALUATED,FUSELAGE_SIZING,SIZING_FAILURE,"Sized fuselage width (0.27 m) exceeds wing root chord (0.24 m), which causes extreme aerodynamic blockage and drag. Select a more slender fuselage profile.","Status: SIZING_INFEASIBLE, Warnings: 0, Iterations: 0",3.39,0,False
4883,SECURITY,1.84,85.4,138.4,84.7,RUNWAY,BELLY_LANDING,MOUNTAIN,50086.48,True,FAILED,NOT_EVALUATED,Conventional,,,NOT_EVALUATED,,,,,,,,,,,,,,,,,,,,,,,NOT_EVALUATED,,,,,,,,NOT_EVALUATED,NOT_EVALUATED,NOT_EVALUATED,NOT_EVALUATED,FUSELAGE_SIZING,SIZING_FAILURE,"Sized fuselage width (0.21 m) exceeds wing root chord (0.19 m), which causes extreme aerodynamic blockage and drag. Select a more slender fuselage profile.","Status: SIZING_INFEASIBLE, Warnings: 0, Iterations: 0",17.67,0,False
4888,TRAINING,11.65,27.8,40.9,44.5,RUNWAY,RUNWAY,MOUNTAIN,70285.22,True,INVALID_INPUT,NOT_EVALUATED,Conventional,,,NOT_EVALUATED,,,,,,,,,,,,,,,,,,,,,,,NOT_EVALUATED,,,,,,,,NOT_EVALUATED,NOT_EVALUATED,NOT_EVALUATED,NOT_EVALUATED,MISSION_TRANSLATION,INVALID_REQUIREMENTS,Stall speed target (45.0 km/h) must be less than cruise speed (44.5 km/h),"Status: INVALID_REQUIREMENTS, Warnings: 0, Iterations: 0",0.23,0,False
4891,TRAINING,2.52,40.6,144.0,88.9,CATAPULT,BELLY_LANDING,MOUNTAIN,42629.76,True,FAILED,NOT_EVALUATED,Conventional,,,NOT_EVALUATED,,,,,,,,,,,,,,,,,,,,,,,NOT_EVALUATED,,,,,,,,NOT_EVALUATED,NOT_EVALUATED,NOT_EVALUATED,NOT_EVALUATED,CONVERGENCE,PROPULSION_FAILURE,Subsystem execution failed with exception: PropulsionOptimizer failed: PropulsionOptimizer failed: No feasible design candidates found.; Convergence failed: Subsystem execution failed with exception: PropulsionOptimizer failed: PropulsionOptimizer failed: No feasible design candidates found.,"Status: PROPULSION_INFEASIBLE, Warnings: 0, Iterations: 0",4110.4,0,False
4895,SURVEY,1.43,94.9,64.4,61.6,CATAPULT,PARACHUTE,DESERT,37963.14,True,FAILED,NOT_EVALUATED,Conventional,,,NOT_EVALUATED,,,,,,,,,,,,,,,,,,,,,,,NOT_EVALUATED,,,,,,,,NOT_EVALUATED,NOT_EVALUATED,NOT_EVALUATED,NOT_EVALUATED,AVIONICS_SIZING,DATABASE_LIMITATION,COMPONENT_DATABASE_LIMITATION: Required communication range (94.90 km) exceeds the maximum range available in the telemetry catalog (80.00 km).,"Status: COMPONENT_DATABASE_LIMITATION, Warnings: 0, Iterations: 0",4.33,0,False
4896,CUSTOM,3.79,62.7,48.5,55.8,RUNWAY,PARACHUTE,DESERT,27317.45,True,EXCEPTION,NOT_EVALUATED,Conventional,,,NOT_EVALUATED,,,,,,,,,,,,,,,,,,,,,,,NOT_EVALUATED,,,,,,,,NOT_EVALUATED,NOT_EVALUATED,NOT_EVALUATED,NOT_EVALUATED,PERFORMANCE_SIZING,INTERNAL_EXCEPTION,Sized maximum flight range (53.0 km) is below mission range requirement (62.7 km).,"Status: INTERNAL_EXCEPTION, Warnings: 0, Iterations: 0",3.42,0,False
4898,SECURITY,19.61,11.3,50.5,72.0,RUNWAY,RUNWAY,RURAL,66666.87,True,FAILED,NOT_EVALUATED,Conventional,,,NOT_EVALUATED,,,,,,,,,,,,,,,,,,,,,,,NOT_EVALUATED,,,,,,,,NOT_EVALUATED,NOT_EVALUATED,NOT_EVALUATED,NOT_EVALUATED,FUSELAGE_SIZING,SIZING_FAILURE,"Sized fuselage width (0.69 m) exceeds wing root chord (0.61 m), which causes extreme aerodynamic blockage and drag. Select a more slender fuselage profile.","Status: SIZING_INFEASIBLE, Warnings: 0, Iterations: 0",5.21,0,False
4899,MAPPING,1.86,67.0,135.1,104.1,HAND_LAUNCH,RUNWAY,FOREST,23686.6,True,FAILED,NOT_EVALUATED,Conventional,,,NOT_EVALUATED,,,,,,,,,,,,,,,,,,,,,,,NOT_EVALUATED,,,,,,,,NOT_EVALUATED,NOT_EVALUATED,NOT_EVALUATED,NOT_EVALUATED,CONVERGENCE,PROPULSION_FAILURE,Subsystem execution failed with exception: PropulsionOptimizer failed: PropulsionOptimizer failed: No feasible design candidates found.; Convergence failed: Subsystem execution failed with exception: PropulsionOptimizer failed: PropulsionOptimizer failed: No feasible design candidates found.,"Status: PROPULSION_INFEASIBLE, Warnings: 0, Iterations: 1",7617.8,1,False
4915,AGRICULTURE,2.04,116.1,129.2,82.9,RUNWAY,BELLY_LANDING,FOREST,41371.88,True,FAILED,NOT_EVALUATED,Conventional,,,NOT_EVALUATED,,,,,,,,,,,,,,,,,,,,,,,NOT_EVALUATED,,,,,,,,NOT_EVALUATED,NOT_EVALUATED,NOT_EVALUATED,NOT_EVALUATED,AVIONICS_SIZING,DATABASE_LIMITATION,COMPONENT_DATABASE_LIMITATION: Required communication range (116.10 km) exceeds the maximum range available in the telemetry catalog (80.00 km).,"Status: COMPONENT_DATABASE_LIMITATION, Warnings: 0, Iterations: 0",3.31,0,False
4924,SECURITY,1.72,51.7,135.4,67.6,CATAPULT,PARACHUTE,RURAL,18569.21,True,FAILED,NOT_EVALUATED,Conventional,,,NOT_EVALUATED,,,,,,,,,,,,,,,,,,,,,,,NOT_EVALUATED,,,,,,,,NOT_EVALUATED,NOT_EVALUATED,NOT_EVALUATED,NOT_EVALUATED,FUSELAGE_SIZING,SIZING_FAILURE,"Sized fuselage width (0.20 m) exceeds wing root chord (0.18 m), which causes extreme aerodynamic blockage and drag. Select a more slender fuselage profile.","Status: SIZING_INFEASIBLE, Warnings: 0, Iterations: 0",3.22,0,False
4929,SURVEY,2.6,94.2,78.7,82.0,RUNWAY,RUNWAY,MOUNTAIN,73633.18,True,FAILED,NOT_EVALUATED,Conventional,,,NOT_EVALUATED,,,,,,,,,,,,,,,,,,,,,,,NOT_EVALUATED,,,,,,,,NOT_EVALUATED,NOT_EVALUATED,NOT_EVALUATED,NOT_EVALUATED,AVIONICS_SIZING,DATABASE_LIMITATION,COMPONENT_DATABASE_LIMITATION: Required communication range (94.20 km) exceeds the maximum range available in the telemetry catalog (80.00 km).,"Status: COMPONENT_DATABASE_LIMITATION, Warnings: 0, Iterations: 0",4.67,0,False
4936,MILITARY,2.62,97.9,100.8,98.8,CATAPULT,BELLY_LANDING,RURAL,8770.65,True,FAILED,NOT_EVALUATED,Conventional,,,NOT_EVALUATED,,,,,,,,,,,,,,,,,,,,,,,NOT_EVALUATED,,,,,,,,NOT_EVALUATED,NOT_EVALUATED,NOT_EVALUATED,NOT_EVALUATED,FUSELAGE_SIZING,SIZING_FAILURE,"Sized fuselage width (0.25 m) exceeds wing root chord (0.22 m), which causes extreme aerodynamic blockage and drag. Select a more slender fuselage profile.","Status: SIZING_INFEASIBLE, Warnings: 0, Iterations: 0",15.46,0,False
4953,TRAINING,1.65,88.4,88.5,90.8,HAND_LAUNCH,BELLY_LANDING,FOREST,47438.11,True,FAILED,NOT_EVALUATED,Conventional,,,NOT_EVALUATED,,,,,,,,,,,,,,,,,,,,,,,NOT_EVALUATED,,,,,,,,NOT_EVALUATED,NOT_EVALUATED,NOT_EVALUATED,NOT_EVALUATED,AVIONICS_SIZING,DATABASE_LIMITATION,COMPONENT_DATABASE_LIMITATION: Required communication range (88.40 km) exceeds the maximum range available in the telemetry catalog (80.00 km).,"Status: COMPONENT_DATABASE_LIMITATION, Warnings: 0, Iterations: 0",3.16,0,False
4954,MILITARY,2.58,99.5,67.5,57.7,HAND_LAUNCH,NET_RECOVERY,MOUNTAIN,79882.27,True,INVALID_INPUT,NOT_EVALUATED,Conventional,,,NOT_EVALUATED,,,,,,,,,,,,,,,,,,,,,,,NOT_EVALUATED,,,,,,,,NOT_EVALUATED,NOT_EVALUATED,NOT_EVALUATED,NOT_EVALUATED,MISSION_TRANSLATION,INVALID_REQUIREMENTS,Mission range (99.5 km) is physically inconsistent with cruise speed (57.7 km/h) and flight time (67.5 min). Max theoretical range is 64.9 km.,"Status: INVALID_REQUIREMENTS, Warnings: 0, Iterations: 0",0.21,0,False
4956,SECURITY,1.2,71.7,131.2,56.8,RUNWAY,RUNWAY,DESERT,51555.3,True,FAILED,NOT_EVALUATED,Conventional,,,NOT_EVALUATED,,,,,,,,,,,,,,,,,,,,,,,NOT_EVALUATED,,,,,,,,NOT_EVALUATED,NOT_EVALUATED,NOT_EVALUATED,NOT_EVALUATED,FUSELAGE_SIZING,SIZING_FAILURE,"Sized fuselage width (0.17 m) exceeds wing root chord (0.15 m), which causes extreme aerodynamic blockage and drag. Select a more slender fuselage profile.","Status: SIZING_INFEASIBLE, Warnings: 0, Iterations: 0",3.02,0,False
4969,SECURITY,1.61,93.7,111.8,103.2,RUNWAY,RUNWAY,MOUNTAIN,7233.71,True,FAILED,NOT_EVALUATED,Conventional,,,NOT_EVALUATED,,,,,,,,,,,,,,,,,,,,,,,NOT_EVALUATED,,,,,,,,NOT_EVALUATED,NOT_EVALUATED,NOT_EVALUATED,NOT_EVALUATED,FUSELAGE_SIZING,SIZING_FAILURE,"Sized fuselage width (0.20 m) exceeds wing root chord (0.17 m), which causes extreme aerodynamic blockage and drag. Select a more slender fuselage profile.","Status: SIZING_INFEASIBLE, Warnings: 0, Iterations: 0",3.04,0,False
4976,TRAINING,19.27,14.2,83.2,75.5,RUNWAY,RUNWAY,MOUNTAIN,58613.04,True,EXCEPTION,NOT_EVALUATED,Conventional,,,NOT_EVALUATED,,,,,,,,,,,,,,,,,,,,,,,NOT_EVALUATED,,,,,,,,NOT_EVALUATED,NOT_EVALUATED,NOT_EVALUATED,NOT_EVALUATED,PROPULSION_SIZING,INTERNAL_EXCEPTION,PROPULSION_POWER_LIMIT: Sized power target of 5334.8 W exceeds maximum catalog motor power limit of 3400.0 W.,"Status: INTERNAL_EXCEPTION, Warnings: 0, Iterations: 0",4.29,0,False
4989,TRAINING,2.54,50.0,147.0,98.8,CATAPULT,RUNWAY,RURAL,4700.83,True,FAILED,NOT_EVALUATED,Conventional,,,NOT_EVALUATED,,,,,,,,,,,,,,,,,,,,,,,NOT_EVALUATED,,,,,,,,NOT_EVALUATED,NOT_EVALUATED,NOT_EVALUATED,NOT_EVALUATED,CONVERGENCE,PROPULSION_FAILURE,Subsystem execution failed with exception: PropulsionOptimizer failed: PropulsionOptimizer failed: No feasible design candidates found.; Convergence failed: Subsystem execution failed with exception: PropulsionOptimizer failed: PropulsionOptimizer failed: No feasible design candidates found.,"Status: PROPULSION_INFEASIBLE, Warnings: 0, Iterations: 0",3968.7,0,False
4994,TRAINING,1.98,101.8,78.6,95.7,CATAPULT,PARACHUTE,DESERT,78258.06,True,FAILED,NOT_EVALUATED,Conventional,,,NOT_EVALUATED,,,,,,,,,,,,,,,,,,,,,,,NOT_EVALUATED,,,,,,,,NOT_EVALUATED,NOT_EVALUATED,NOT_EVALUATED,NOT_EVALUATED,AVIONICS_SIZING,DATABASE_LIMITATION,COMPONENT_DATABASE_LIMITATION: Required communication range (101.80 km) exceeds the maximum range available in the telemetry catalog (80.00 km).,"Status: COMPONENT_DATABASE_LIMITATION, Warnings: 0, Iterations: 0",3.19,0,False
