case_id,mission_type,payload_kg,endurance_min,range_km,cruise_speed_kmh,environment,takeoff_type,landing_type,budget,input_valid,selection_success,selected_vehicle_family,selection_score,alternative_vehicle,warnings,failure_category,failure_reason,execution_time_ms
1,DISASTER_RESPONSE,3.7,103.5,37.8,109.3,FOREST,CATAPULT,BELLY_LANDING,70303.64,True,True,FIXED_WING,1.0,VTOL,,,,0.2532
2,MILITARY,7.51,50.6,60.0,97.9,MARINE,VERTICAL,VERTICAL,33993.78,True,True,VTOL,0.95,MULTIROTOR,,,,0.0922
3,MILITARY,7.12,95.8,130.4,95.3,MOUNTAIN,VERTICAL,VERTICAL,48206.62,True,True,VTOL,0.95,MULTIROTOR,,,,0.0826
4,SURVEY,45.0,30.0,20.0,60.0,RURAL,VERTICAL,VERTICAL,,True,False,None,,None,High payload mass (45.0 kg) requires specialized heavy-lift structural airframe.,NO_VALID_VEHICLE,No feasible aircraft design solution: Payload requirement (45.0 kg) exceeds maximum studio envelope limit (35.0 kg).,0.0481
5,SURVEY,0.73,24.9,2.1,38.1,INDOOR,VERTICAL,VERTICAL,61668.55,True,True,MULTIROTOR,0.8,None,,,,0.0766
6,SURVEY,45.0,30.0,20.0,60.0,RURAL,VERTICAL,VERTICAL,,True,False,None,,None,High payload mass (45.0 kg) requires specialized heavy-lift structural airframe.,NO_VALID_VEHICLE,No feasible aircraft design solution: Payload requirement (45.0 kg) exceeds maximum studio envelope limit (35.0 kg).,0.0397
7,DELIVERY,3.05,68.4,92.2,105.8,RURAL,VERTICAL,VERTICAL,33096.15,True,True,VTOL,0.95,MULTIROTOR,,,,0.0732
8,TRAINING,1.38,76.7,94.5,67.8,DESERT,HAND_LAUNCH,PARACHUTE,79043.73,True,True,FIXED_WING,1.0,VTOL,,,,0.0722
9,MILITARY,5.58,116.6,123.9,90.3,MARINE,VERTICAL,VERTICAL,69908.44,True,True,VTOL,0.95,MULTIROTOR,,,,0.071
10,SECURITY,8.18,48.7,29.8,87.3,MOUNTAIN,RUNWAY,RUNWAY,72509.3,True,True,FIXED_WING,0.85,VTOL,,,,0.0709
11,TRAINING,3.3,15.9,11.0,41.4,URBAN,VERTICAL,VERTICAL,21731.74,True,True,MULTIROTOR,0.8,VTOL,,,,0.0713
12,RESEARCH,4.78,97.5,35.6,88.7,RURAL,CATAPULT,NET_RECOVERY,22324.88,True,True,FIXED_WING,1.0,VTOL,,,,0.0688
13,SURVEY,3.0,30.0,20.0,60.0,RURAL,VERTICAL,VERTICAL,-100.0,False,False,None,,None,,INVALID_REQUIREMENTS,Financial budget must be greater than $0 if specified. Provided: $-100.0.,0.0129
14,CUSTOM,0.67,9.2,1.7,33.5,INDOOR,VERTICAL,VERTICAL,61455.19,True,True,MULTIROTOR,0.8,None,,,,0.07
15,SURVEY,2.0,30.0,20.0,350.0,RURAL,VERTICAL,VERTICAL,,True,False,None,,None,,NO_VALID_VEHICLE,No feasible aircraft design solution: Cruise speed requirement (350.0 km/h) exceeds platform dynamic limit (300.0 km/h).,0.0398
16,SECURITY,0.52,8.7,4.1,38.7,INDOOR,VERTICAL,VERTICAL,61892.41,True,True,MULTIROTOR,0.8,None,,,,0.063
17,DELIVERY,1.98,22.4,10.4,46.4,URBAN,VERTICAL,VERTICAL,43038.95,True,True,MULTIROTOR,0.8,VTOL,,,,0.0724
18,CUSTOM,4.24,75.3,101.3,119.4,RURAL,VERTICAL,VERTICAL,20595.83,True,True,VTOL,0.95,MULTIROTOR,,,,0.0698
19,TRAINING,2.53,49.0,90.7,105.3,RURAL,RUNWAY,RUNWAY,78642.05,True,True,FIXED_WING,1.0,VTOL,,,,0.0857
20,SECURITY,3.42,37.6,10.0,47.7,RURAL,VERTICAL,VERTICAL,20719.86,True,True,MULTIROTOR,0.8,VTOL,,,,0.0665
21,SURVEY,1.45,77.3,81.4,73.9,RURAL,HAND_LAUNCH,BELLY_LANDING,48848.73,True,True,FIXED_WING,1.0,VTOL,,,,0.0687
22,TRAINING,2.51,124.2,67.4,103.4,FOREST,RUNWAY,RUNWAY,8983.92,True,True,FIXED_WING,1.0,VTOL,,,,0.0673
23,INSPECTION,0.2,23.6,4.0,28.6,INDOOR,VERTICAL,VERTICAL,2983.33,True,True,MULTIROTOR,0.8,None,,,,0.0624
24,SURVEY,5.0,30.0,20.0,60.0,RURAL,VERTICAL,VERTICAL,10000.0,False,False,None,,None,,INVALID_REQUIREMENTS,Maximum takeoff weight limit (3.0 kg) must be greater than payload weight (5.0 kg).,0.0091
25,SURVEY,45.0,30.0,20.0,60.0,RURAL,VERTICAL,VERTICAL,,True,False,None,,None,High payload mass (45.0 kg) requires specialized heavy-lift structural airframe.,NO_VALID_VEHICLE,No feasible aircraft design solution: Payload requirement (45.0 kg) exceeds maximum studio envelope limit (35.0 kg).,0.0372
26,MILITARY,4.03,71.7,139.5,77.8,MARINE,VERTICAL,VERTICAL,39032.27,True,True,VTOL,0.95,MULTIROTOR,,,,0.0678
27,SURVEY,20.32,64.6,33.4,68.8,MOUNTAIN,RUNWAY,RUNWAY,5254.26,True,True,FIXED_WING,1.0,VTOL,,,,0.0677
28,SURVEY,2.0,30.0,500.0,60.0,RURAL,VERTICAL,VERTICAL,,True,False,None,,None,Extended range target (500.0 km) approaches maximum battery energy density threshold.,NO_VALID_VEHICLE,No feasible aircraft design solution: Range requirement (500.0 km) exceeds maximum studio envelope limit (450.0 km).,0.0391
29,TRAINING,2.57,28.4,2.2,30.4,RURAL,VERTICAL,VERTICAL,38330.63,True,True,MULTIROTOR,0.8,VTOL,,,,0.0702
30,SURVEY,2.0,500.0,20.0,60.0,RURAL,VERTICAL,VERTICAL,,True,False,None,,None,,NO_VALID_VEHICLE,No feasible aircraft design solution: Endurance requirement (500.0 min) exceeds battery/fuel energy storage density limit (450.0 min).,0.041
31,SURVEY,11.14,60.3,77.8,67.0,RURAL,VERTICAL,RUNWAY,26591.41,True,True,VTOL,0.95,MULTIROTOR,,,,0.072
32,SURVEY,2.0,30.0,20.0,350.0,RURAL,VERTICAL,VERTICAL,,True,False,None,,None,,NO_VALID_VEHICLE,No feasible aircraft design solution: Cruise speed requirement (350.0 km/h) exceeds platform dynamic limit (300.0 km/h).,0.042
33,MILITARY,0.87,21.8,3.7,21.7,INDOOR,VERTICAL,VERTICAL,6999.42,True,True,MULTIROTOR,0.8,None,,,,0.0671
34,SURVEY,4.17,34.7,72.3,118.6,RURAL,VERTICAL,VERTICAL,33557.07,True,True,VTOL,0.95,MULTIROTOR,,,,0.0666
35,SURVEY,7.46,52.3,55.0,69.5,RURAL,VERTICAL,VERTICAL,40805.01,True,True,VTOL,0.95,MULTIROTOR,,,,0.066
36,SURVEY,45.0,30.0,20.0,60.0,RURAL,VERTICAL,VERTICAL,,True,False,None,,None,High payload mass (45.0 kg) requires specialized heavy-lift structural airframe.,NO_VALID_VEHICLE,No feasible aircraft design solution: Payload requirement (45.0 kg) exceeds maximum studio envelope limit (35.0 kg).,0.0386
37,INSPECTION,0.33,6.4,3.2,17.9,INDOOR,VERTICAL,VERTICAL,24845.23,True,True,MULTIROTOR,0.8,None,,,,0.0617
38,INSPECTION,23.12,46.0,64.8,48.0,DESERT,VERTICAL,VERTICAL,33151.67,True,True,VTOL,0.95,MULTIROTOR,,,,0.07
39,INSPECTION,1.24,9.3,4.8,36.6,INDOOR,VERTICAL,VERTICAL,14652.4,True,True,MULTIROTOR,0.8,None,,,,0.0618
40,SURVEY,2.0,30.0,20.0,350.0,RURAL,VERTICAL,VERTICAL,,True,False,None,,None,,NO_VALID_VEHICLE,No feasible aircraft design solution: Cruise speed requirement (350.0 km/h) exceeds platform dynamic limit (300.0 km/h).,0.0354
41,SURVEY,3.0,30.0,20.0,60.0,RURAL,VERTICAL,VERTICAL,-100.0,False,False,None,,None,,INVALID_REQUIREMENTS,Financial budget must be greater than $0 if specified. Provided: $-100.0.,0.0088
42,RESEARCH,1.3,20.2,1.5,38.6,INDOOR,VERTICAL,VERTICAL,6347.35,True,True,MULTIROTOR,0.8,None,,,,0.0655
43,AGRICULTURE,2.02,15.4,14.1,24.3,RURAL,VERTICAL,VERTICAL,61312.16,True,True,MULTIROTOR,0.8,VTOL,,,,0.0649
44,RESEARCH,0.32,15.1,1.7,18.3,INDOOR,VERTICAL,VERTICAL,75025.24,True,True,MULTIROTOR,0.8,None,,,,0.0645
45,SURVEY,45.0,30.0,20.0,60.0,RURAL,VERTICAL,VERTICAL,,True,False,None,,None,High payload mass (45.0 kg) requires specialized heavy-lift structural airframe.,NO_VALID_VEHICLE,No feasible aircraft design solution: Payload requirement (45.0 kg) exceeds maximum studio envelope limit (35.0 kg).,0.0363
46,DISASTER_RESPONSE,7.75,82.5,137.4,117.7,RURAL,VERTICAL,VERTICAL,54416.89,True,True,VTOL,0.95,MULTIROTOR,,,,0.0742
47,DISASTER_RESPONSE,2.56,31.4,5.0,22.1,URBAN,VERTICAL,VERTICAL,76941.73,True,True,MULTIROTOR,0.8,VTOL,,,,0.0653
48,SURVEY,25.0,30.0,250.0,60.0,RURAL,VERTICAL,VERTICAL,,True,False,None,,None,,NO_VALID_VEHICLE,No feasible aircraft design solution: Combined heavy payload (25.0 kg) and extended range (250.0 km) exceeds structural MTOW limit.,0.044
49,RESEARCH,0.36,16.2,0.5,39.3,INDOOR,VERTICAL,VERTICAL,30088.33,True,True,MULTIROTOR,0.8,None,,,,0.0619
50,DISASTER_RESPONSE,2.07,10.5,13.9,47.9,RURAL,VERTICAL,VERTICAL,5590.36,True,True,MULTIROTOR,0.8,VTOL,,,,0.0652
51,CUSTOM,6.69,98.6,57.9,63.2,FOREST,VERTICAL,VERTICAL,61128.13,True,True,VTOL,0.95,MULTIROTOR,,,,0.069
52,MAPPING,0.9,20.2,3.3,14.3,INDOOR,VERTICAL,VERTICAL,75506.25,True,True,MULTIROTOR,0.8,None,,,,0.0644
53,TRAINING,2.1,16.0,14.9,27.8,RURAL,VERTICAL,VERTICAL,30577.53,True,True,MULTIROTOR,0.8,VTOL,,,,0.0646
54,SURVEY,3.0,-10.0,20.0,60.0,RURAL,VERTICAL,VERTICAL,10000.0,False,False,None,,None,,INVALID_REQUIREMENTS,Target flight time must be greater than 0 minutes. Provided: -10.0 min.,0.0084
55,RESEARCH,3.49,14.7,10.3,36.4,RURAL,VERTICAL,VERTICAL,29123.78,True,True,MULTIROTOR,0.8,VTOL,,,,0.0719
56,AGRICULTURE,2.28,32.7,2.7,24.9,URBAN,VERTICAL,VERTICAL,11474.54,True,True,MULTIROTOR,0.8,VTOL,,,,0.0645
57,DELIVERY,3.05,97.8,107.9,79.5,MARINE,VERTICAL,VERTICAL,72670.88,True,True,VTOL,0.95,MULTIROTOR,,,,0.0661
58,CUSTOM,1.4,93.9,30.3,81.6,FOREST,HAND_LAUNCH,RUNWAY,30124.14,True,True,FIXED_WING,1.0,VTOL,,,,0.0696
59,INSPECTION,17.17,23.1,61.7,59.8,DESERT,VERTICAL,RUNWAY,19503.79,True,True,VTOL,0.95,MULTIROTOR,,,,0.0709
60,SURVEY,3.0,30.0,-5.0,60.0,RURAL,VERTICAL,VERTICAL,10000.0,False,False,None,,None,,INVALID_REQUIREMENTS,Target range must be greater than 0 km. Provided: -5.0 km.,0.0145
61,TRAINING,6.93,64.7,112.3,109.8,MOUNTAIN,VERTICAL,VERTICAL,39047.33,True,True,VTOL,0.95,MULTIROTOR,,,,0.2154
62,INSPECTION,0.4,14.0,2.5,20.2,INDOOR,VERTICAL,VERTICAL,9839.46,True,True,MULTIROTOR,0.8,None,,,,0.0846
63,SURVEY,2.0,30.0,500.0,60.0,RURAL,VERTICAL,VERTICAL,,True,False,None,,None,Extended range target (500.0 km) approaches maximum battery energy density threshold.,NO_VALID_VEHICLE,No feasible aircraft design solution: Range requirement (500.0 km) exceeds maximum studio envelope limit (450.0 km).,0.0535
64,CUSTOM,2.85,21.0,7.1,34.9,RURAL,VERTICAL,VERTICAL,37187.06,True,True,MULTIROTOR,0.8,VTOL,,,,0.21
65,SURVEY,10.15,68.7,70.0,69.8,RURAL,VERTICAL,RUNWAY,24102.97,True,True,VTOL,0.95,MULTIROTOR,,,,0.1354
66,SECURITY,3.19,107.0,141.9,117.3,MOUNTAIN,VERTICAL,VERTICAL,5283.31,True,True,VTOL,0.95,MULTIROTOR,,,,0.1163
67,DELIVERY,22.67,77.0,71.1,62.4,RURAL,VERTICAL,RUNWAY,23821.09,True,True,VTOL,0.95,MULTIROTOR,,,,0.1757
68,SURVEY,1.33,7.7,4.8,30.5,INDOOR,VERTICAL,VERTICAL,41487.27,True,True,MULTIROTOR,0.8,None,,,,0.1166
69,DELIVERY,3.86,22.1,7.3,37.3,RURAL,VERTICAL,VERTICAL,78430.58,True,True,MULTIROTOR,0.8,VTOL,,,,0.0946
70,INSPECTION,3.68,50.0,67.4,90.6,MOUNTAIN,CATAPULT,BELLY_LANDING,36509.56,True,True,VTOL,0.8,MULTIROTOR,,,,0.0906
71,SURVEY,45.0,30.0,20.0,60.0,RURAL,VERTICAL,VERTICAL,,True,False,None,,None,High payload mass (45.0 kg) requires specialized heavy-lift structural airframe.,NO_VALID_VEHICLE,No feasible aircraft design solution: Payload requirement (45.0 kg) exceeds maximum studio envelope limit (35.0 kg).,0.0541
72,SURVEY,2.0,30.0,20.0,350.0,RURAL,VERTICAL,VERTICAL,,True,False,None,,None,,NO_VALID_VEHICLE,No feasible aircraft design solution: Cruise speed requirement (350.0 km/h) exceeds platform dynamic limit (300.0 km/h).,0.0455
73,DISASTER_RESPONSE,3.44,52.1,40.7,119.6,RURAL,VERTICAL,VERTICAL,53545.69,True,True,VTOL,0.95,MULTIROTOR,,,,0.0781
74,AGRICULTURE,2.95,21.5,4.5,22.8,URBAN,VERTICAL,VERTICAL,33243.15,True,True,MULTIROTOR,0.8,VTOL,,,,0.0724
75,SURVEY,14.63,36.5,39.5,63.6,DESERT,RUNWAY,RUNWAY,67434.84,True,True,FIXED_WING,1.0,VTOL,,,,0.0749
76,TRAINING,2.07,29.2,11.3,43.4,RURAL,VERTICAL,VERTICAL,19219.87,True,True,MULTIROTOR,0.8,VTOL,,,,0.0664
77,MILITARY,2.12,30.2,3.0,44.9,RURAL,VERTICAL,VERTICAL,38887.84,True,True,MULTIROTOR,0.8,VTOL,,,,0.0656
78,INSPECTION,1.91,18.9,8.9,39.7,URBAN,VERTICAL,VERTICAL,34129.78,True,True,MULTIROTOR,0.8,VTOL,,,,0.0646
79,SURVEY,25.0,30.0,250.0,60.0,RURAL,VERTICAL,VERTICAL,,True,False,None,,None,,NO_VALID_VEHICLE,No feasible aircraft design solution: Combined heavy payload (25.0 kg) and extended range (250.0 km) exceeds structural MTOW limit.,0.0358
80,RESEARCH,7.68,106.9,85.5,79.2,MOUNTAIN,VERTICAL,VERTICAL,46538.1,True,True,VTOL,0.95,MULTIROTOR,,,,0.0666
81,SECURITY,0.85,32.9,7.2,29.8,RURAL,VERTICAL,VERTICAL,54486.91,True,True,MULTIROTOR,0.8,VTOL,,,,0.0799
82,SURVEY,9.58,88.3,61.9,82.7,MOUNTAIN,VERTICAL,RUNWAY,53044.8,True,True,VTOL,0.95,MULTIROTOR,,,,0.071
83,SECURITY,6.69,45.9,124.7,60.8,RURAL,VERTICAL,VERTICAL,55336.1,True,True,VTOL,0.95,MULTIROTOR,,,,0.0698
84,MILITARY,3.13,87.3,97.7,101.1,FOREST,VERTICAL,VERTICAL,7345.71,True,True,VTOL,0.95,MULTIROTOR,,,,0.0652
85,SURVEY,2.0,30.0,500.0,60.0,RURAL,VERTICAL,VERTICAL,,True,False,None,,None,Extended range target (500.0 km) approaches maximum battery energy density threshold.,NO_VALID_VEHICLE,No feasible aircraft design solution: Range requirement (500.0 km) exceeds maximum studio envelope limit (450.0 km).,0.0398
86,AGRICULTURE,6.77,62.6,79.0,62.8,MARINE,VERTICAL,VERTICAL,13112.04,True,True,VTOL,0.95,MULTIROTOR,,,,0.0849
87,RESEARCH,1.05,24.6,2.3,32.6,INDOOR,VERTICAL,VERTICAL,63573.15,True,True,MULTIROTOR,0.8,None,,,,0.065
88,SURVEY,3.0,30.0,20.0,60.0,RURAL,VERTICAL,VERTICAL,-100.0,False,False,None,,None,,INVALID_REQUIREMENTS,Financial budget must be greater than $0 if specified. Provided: $-100.0.,0.0109
89,MAPPING,1.46,23.5,4.9,12.7,INDOOR,VERTICAL,VERTICAL,37969.84,True,True,MULTIROTOR,0.8,None,,,,0.0633
90,INSPECTION,15.56,64.9,54.5,53.5,RURAL,RUNWAY,VERTICAL,78588.41,True,True,VTOL,0.8,MULTIROTOR,,,,0.0665
91,INSPECTION,4.04,100.5,107.5,74.3,RURAL,VERTICAL,VERTICAL,58158.07,True,True,VTOL,0.95,MULTIROTOR,,,,0.0662
92,DELIVERY,1.61,25.5,9.9,24.1,RURAL,VERTICAL,VERTICAL,11904.2,True,True,MULTIROTOR,0.8,VTOL,,,,0.0646
93,RESEARCH,0.85,21.8,2.9,23.8,INDOOR,VERTICAL,VERTICAL,72026.6,True,True,MULTIROTOR,0.8,None,,,,0.0617
94,SURVEY,18.0,280.0,20.0,60.0,RURAL,VERTICAL,VERTICAL,,True,False,None,,None,,NO_VALID_VEHICLE,No feasible aircraft design solution: Combined heavy payload (18.0 kg) and ultra-long endurance (280.0 min) is physically unachievable.,0.0365
95,MAPPING,5.33,52.5,72.7,86.8,FOREST,VERTICAL,VERTICAL,45506.29,True,True,VTOL,0.95,MULTIROTOR,,,,0.0706
96,SURVEY,2.0,500.0,20.0,60.0,RURAL,VERTICAL,VERTICAL,,True,False,None,,None,,NO_VALID_VEHICLE,No feasible aircraft design solution: Endurance requirement (500.0 min) exceeds battery/fuel energy storage density limit (450.0 min).,0.0384
97,DISASTER_RESPONSE,1.19,7.1,2.5,14.7,INDOOR,VERTICAL,VERTICAL,31644.65,True,True,MULTIROTOR,0.8,None,,,,0.0624
98,AGRICULTURE,1.85,18.2,14.4,20.2,RURAL,VERTICAL,VERTICAL,71996.23,True,True,MULTIROTOR,0.8,VTOL,,,,0.0643
99,MILITARY,22.44,56.7,36.3,76.5,DESERT,RUNWAY,RUNWAY,28793.9,True,True,FIXED_WING,1.0,VTOL,,,,0.0689
100,SURVEY,25.0,30.0,250.0,60.0,RURAL,VERTICAL,VERTICAL,,True,False,None,,None,,NO_VALID_VEHICLE,No feasible aircraft design solution: Combined heavy payload (25.0 kg) and extended range (250.0 km) exceeds structural MTOW limit.,0.0377
101,SECURITY,3.91,148.2,81.6,86.5,FOREST,CATAPULT,PARACHUTE,67819.88,True,True,FIXED_WING,1.0,VTOL,,,,0.0661
102,SURVEY,2.05,60.4,53.2,63.6,FOREST,VERTICAL,VERTICAL,69632.37,True,True,VTOL,0.95,MULTIROTOR,,,,0.0654
103,SURVEY,0.51,27.7,12.6,20.3,URBAN,VERTICAL,VERTICAL,18885.46,True,True,MULTIROTOR,0.8,VTOL,,,,0.0655
104,MAPPING,0.83,17.4,1.7,22.0,INDOOR,VERTICAL,VERTICAL,71031.74,True,True,MULTIROTOR,0.8,None,,,,0.0661
105,MILITARY,5.32,96.2,110.4,67.8,RURAL,VERTICAL,VERTICAL,72298.86,True,True,VTOL,0.95,MULTIROTOR,,,,0.0659
106,SECURITY,1.44,136.4,106.1,102.1,DESERT,RUNWAY,RUNWAY,26736.15,True,True,FIXED_WING,1.0,VTOL,,,,0.0665
107,SECURITY,2.95,49.1,71.0,95.6,MOUNTAIN,VERTICAL,VERTICAL,29484.35,True,True,VTOL,0.95,MULTIROTOR,,,,0.0736
108,SURVEY,2.0,30.0,500.0,60.0,RURAL,VERTICAL,VERTICAL,,True,False,None,,None,Extended range target (500.0 km) approaches maximum battery energy density threshold.,NO_VALID_VEHICLE,No feasible aircraft design solution: Range requirement (500.0 km) exceeds maximum studio envelope limit (450.0 km).,0.0415
109,MILITARY,11.28,81.7,27.1,60.4,MOUNTAIN,VERTICAL,RUNWAY,54874.44,True,True,VTOL,0.8,MULTIROTOR,,,,0.9451
110,DELIVERY,1.45,96.7,37.3,74.1,DESERT,CATAPULT,BELLY_LANDING,15492.75,True,True,FIXED_WING,1.0,VTOL,,,,0.0982
111,RESEARCH,7.57,60.8,137.7,110.5,MARINE,VERTICAL,VERTICAL,42795.99,True,True,VTOL,0.95,MULTIROTOR,,,,0.0757
112,SURVEY,4.69,36.4,101.3,93.3,FOREST,VERTICAL,VERTICAL,21177.06,True,True,VTOL,0.95,MULTIROTOR,,,,0.071
113,SECURITY,0.11,22.6,4.7,11.6,INDOOR,VERTICAL,VERTICAL,69325.42,True,True,MULTIROTOR,0.8,None,,,,0.0648
114,DELIVERY,2.36,120.1,34.5,75.3,FOREST,HAND_LAUNCH,RUNWAY,73737.29,True,True,FIXED_WING,1.0,VTOL,,,,0.0683
115,SURVEY,2.5,62.6,119.0,60.8,FOREST,VERTICAL,VERTICAL,48754.63,True,True,VTOL,0.95,MULTIROTOR,,,,0.0696
116,RESEARCH,11.27,69.6,42.8,47.3,MOUNTAIN,RUNWAY,VERTICAL,24571.45,True,True,VTOL,0.8,MULTIROTOR,,,,0.0679
117,SURVEY,3.0,-10.0,20.0,60.0,RURAL,VERTICAL,VERTICAL,10000.0,False,False,None,,None,,INVALID_REQUIREMENTS,Target flight time must be greater than 0 minutes. Provided: -10.0 min.,0.0104
118,RESEARCH,7.33,30.9,78.8,110.0,RURAL,VERTICAL,VERTICAL,15321.5,True,True,VTOL,0.95,MULTIROTOR,,,,0.0688
119,MAPPING,0.61,32.3,7.2,38.0,RURAL,VERTICAL,VERTICAL,53982.4,True,True,MULTIROTOR,0.8,VTOL,,,,0.0703
120,DELIVERY,3.51,13.7,5.4,46.5,RURAL,VERTICAL,VERTICAL,44602.29,True,True,MULTIROTOR,0.8,VTOL,,,,0.0757
121,CUSTOM,0.97,8.3,4.6,10.8,INDOOR,VERTICAL,VERTICAL,66504.25,True,True,MULTIROTOR,0.8,None,,,,0.0622
122,SURVEY,5.63,95.0,96.3,78.9,MARINE,VERTICAL,VERTICAL,37206.13,True,True,VTOL,0.95,MULTIROTOR,,,,0.0668
123,DELIVERY,1.8,13.9,4.7,38.6,RURAL,VERTICAL,VERTICAL,21819.55,True,True,MULTIROTOR,0.8,VTOL,,,,0.065
124,SECURITY,0.12,8.4,0.6,29.7,INDOOR,VERTICAL,VERTICAL,7557.0,True,True,MULTIROTOR,0.8,None,,,,0.0616
125,RESEARCH,4.26,90.4,88.1,109.8,MOUNTAIN,RUNWAY,PARACHUTE,12345.96,True,True,FIXED_WING,1.0,VTOL,,,,0.0663
126,MAPPING,18.64,41.3,45.3,45.2,DESERT,VERTICAL,VERTICAL,46049.85,True,True,VTOL,0.95,MULTIROTOR,,,,0.0674
127,DISASTER_RESPONSE,3.82,28.9,2.5,25.3,URBAN,VERTICAL,VERTICAL,77937.17,True,True,MULTIROTOR,0.8,VTOL,,,,0.0676
128,INSPECTION,4.45,35.7,128.0,114.6,MARINE,VERTICAL,VERTICAL,77888.36,True,True,VTOL,0.95,MULTIROTOR,,,,0.0661
129,INSPECTION,1.54,17.5,6.4,28.4,RURAL,VERTICAL,VERTICAL,64673.56,True,True,MULTIROTOR,0.8,VTOL,,,,0.0673
130,CUSTOM,1.83,71.2,34.1,82.9,DESERT,RUNWAY,RUNWAY,33774.42,True,True,FIXED_WING,1.0,VTOL,,,,0.0718
131,SURVEY,45.0,30.0,20.0,60.0,RURAL,VERTICAL,VERTICAL,,True,False,None,,None,High payload mass (45.0 kg) requires specialized heavy-lift structural airframe.,NO_VALID_VEHICLE,No feasible aircraft design solution: Payload requirement (45.0 kg) exceeds maximum studio envelope limit (35.0 kg).,0.0392
132,SECURITY,0.76,37.7,10.9,49.8,RURAL,VERTICAL,VERTICAL,60977.03,True,True,MULTIROTOR,0.8,VTOL,,,,0.071
133,SURVEY,25.0,30.0,250.0,60.0,RURAL,VERTICAL,VERTICAL,,True,False,None,,None,,NO_VALID_VEHICLE,No feasible aircraft design solution: Combined heavy payload (25.0 kg) and extended range (250.0 km) exceeds structural MTOW limit.,0.0397
134,SURVEY,18.0,280.0,20.0,60.0,RURAL,VERTICAL,VERTICAL,,True,False,None,,None,,NO_VALID_VEHICLE,No feasible aircraft design solution: Combined heavy payload (18.0 kg) and ultra-long endurance (280.0 min) is physically unachievable.,0.0386
135,RESEARCH,2.11,27.0,7.5,31.1,RURAL,VERTICAL,VERTICAL,73098.18,True,True,MULTIROTOR,0.8,VTOL,,,,0.0675
136,MAPPING,3.11,77.9,60.7,118.6,FOREST,VERTICAL,VERTICAL,23380.5,True,True,VTOL,0.95,MULTIROTOR,,,,0.0684
137,CUSTOM,5.99,60.1,74.6,105.3,RURAL,VERTICAL,VERTICAL,63534.6,True,True,VTOL,0.95,MULTIROTOR,,,,0.0655
138,SECURITY,23.41,47.8,49.9,73.4,MOUNTAIN,RUNWAY,VERTICAL,45130.51,True,True,VTOL,0.8,MULTIROTOR,,,,0.066
139,DELIVERY,1.49,15.3,0.6,13.0,INDOOR,VERTICAL,VERTICAL,49463.62,True,True,MULTIROTOR,0.8,None,,,,0.0655
140,SURVEY,3.0,30.0,20.0,60.0,RURAL,VERTICAL,VERTICAL,-100.0,False,False,None,,None,,INVALID_REQUIREMENTS,Financial budget must be greater than $0 if specified. Provided: $-100.0.,0.0091
141,INSPECTION,0.62,36.4,7.7,23.9,URBAN,VERTICAL,VERTICAL,37011.5,True,True,MULTIROTOR,0.8,VTOL,,,,0.0654
142,MILITARY,1.2,16.5,3.2,20.4,INDOOR,VERTICAL,VERTICAL,68846.23,True,True,MULTIROTOR,0.8,None,,,,0.0616
143,RESEARCH,1.26,11.9,2.8,19.7,INDOOR,VERTICAL,VERTICAL,71032.37,True,True,MULTIROTOR,0.8,None,,,,0.0614
144,DISASTER_RESPONSE,0.87,11.1,14.0,43.9,RURAL,VERTICAL,VERTICAL,48054.54,True,True,MULTIROTOR,0.8,VTOL,,,,0.0692
145,INSPECTION,1.16,12.0,4.1,37.4,INDOOR,VERTICAL,VERTICAL,48744.22,True,True,MULTIROTOR,0.8,None,,,,0.0683
146,DISASTER_RESPONSE,0.24,8.3,1.4,32.9,INDOOR,VERTICAL,VERTICAL,13407.67,True,True,MULTIROTOR,0.8,None,,,,0.242
147,CUSTOM,0.85,19.0,0.9,35.8,INDOOR,VERTICAL,VERTICAL,75670.72,True,True,MULTIROTOR,0.8,None,,,,0.1092
148,SURVEY,45.0,30.0,20.0,60.0,RURAL,VERTICAL,VERTICAL,,True,False,None,,None,High payload mass (45.0 kg) requires specialized heavy-lift structural airframe.,NO_VALID_VEHICLE,No feasible aircraft design solution: Payload requirement (45.0 kg) exceeds maximum studio envelope limit (35.0 kg).,0.0483
149,DELIVERY,2.55,77.8,57.3,63.9,RURAL,VERTICAL,VERTICAL,24850.04,True,True,VTOL,0.95,MULTIROTOR,,,,0.0877
150,SURVEY,2.0,500.0,20.0,60.0,RURAL,VERTICAL,VERTICAL,,True,False,None,,None,,NO_VALID_VEHICLE,No feasible aircraft design solution: Endurance requirement (500.0 min) exceeds battery/fuel energy storage density limit (450.0 min).,0.051
151,MILITARY,1.27,16.0,11.3,22.6,RURAL,VERTICAL,VERTICAL,47882.13,True,True,MULTIROTOR,0.8,VTOL,,,,0.0981
152,MILITARY,0.71,12.8,4.0,25.5,INDOOR,VERTICAL,VERTICAL,33626.76,True,True,MULTIROTOR,0.8,None,,,,0.0747
153,CUSTOM,2.18,17.9,9.7,26.7,RURAL,VERTICAL,VERTICAL,11903.01,True,True,MULTIROTOR,0.8,VTOL,,,,0.0771
154,DISASTER_RESPONSE,23.0,83.7,16.0,61.7,DESERT,RUNWAY,RUNWAY,16909.15,True,True,FIXED_WING,1.0,VTOL,,,,0.0766
155,SECURITY,1.16,81.6,45.8,59.4,MOUNTAIN,RUNWAY,RUNWAY,68852.59,True,True,FIXED_WING,1.0,VTOL,,,,0.0972
156,MAPPING,3.23,51.7,44.3,57.7,FOREST,HAND_LAUNCH,RUNWAY,29421.69,True,True,FIXED_WING,1.0,VTOL,,,,0.0858
157,DISASTER_RESPONSE,15.92,38.5,38.4,45.4,RURAL,RUNWAY,VERTICAL,41274.09,True,True,VTOL,0.8,MULTIROTOR,,,,0.0751
158,SECURITY,14.87,35.1,62.9,44.2,DESERT,VERTICAL,RUNWAY,34250.91,True,True,VTOL,0.95,MULTIROTOR,,,,0.0734
159,INSPECTION,2.32,12.1,14.3,48.3,RURAL,VERTICAL,VERTICAL,52211.89,True,True,MULTIROTOR,0.8,VTOL,,,,0.0924
160,DISASTER_RESPONSE,24.55,62.3,15.5,87.2,MOUNTAIN,RUNWAY,VERTICAL,62205.59,True,True,VTOL,0.7,MULTIROTOR,,,,0.097
161,CUSTOM,2.21,105.6,98.1,103.7,RURAL,HAND_LAUNCH,BELLY_LANDING,35349.99,True,True,FIXED_WING,1.0,VTOL,,,,0.0746
162,SURVEY,0.0,30.0,20.0,60.0,RURAL,VERTICAL,VERTICAL,10000.0,False,False,None,,None,,INVALID_REQUIREMENTS,Payload weight must be greater than 0 kg. Provided: 0.0 kg.,0.0164
163,MAPPING,0.69,24.7,1.6,22.4,INDOOR,VERTICAL,VERTICAL,20720.94,True,True,MULTIROTOR,0.8,None,,,,0.0804
164,DELIVERY,15.91,30.0,70.4,72.8,RURAL,VERTICAL,VERTICAL,57426.1,True,True,VTOL,0.95,MULTIROTOR,,,,0.067
165,SECURITY,9.24,32.7,63.7,73.1,DESERT,RUNWAY,VERTICAL,73712.55,True,True,VTOL,0.8,MULTIROTOR,,,,0.0672
166,AGRICULTURE,7.7,116.9,119.3,116.8,RURAL,VERTICAL,VERTICAL,5807.84,True,True,VTOL,0.95,MULTIROTOR,,,,0.0673
167,CUSTOM,0.98,28.4,2.7,45.5,URBAN,VERTICAL,VERTICAL,66132.59,True,True,MULTIROTOR,0.8,VTOL,,,,0.0632
168,SURVEY,3.0,30.0,20.0,0.0,RURAL,VERTICAL,VERTICAL,10000.0,False,False,None,,None,,INVALID_REQUIREMENTS,Cruise speed must be greater than 0 km/h. Provided: 0.0 km/h.,0.0084
169,CUSTOM,3.85,98.5,90.1,91.6,RURAL,VERTICAL,VERTICAL,12467.44,True,True,VTOL,0.95,MULTIROTOR,,,,0.0639
170,TRAINING,7.33,65.0,31.4,99.8,MARINE,VERTICAL,VERTICAL,66636.42,True,True,VTOL,0.95,MULTIROTOR,,,,0.0651
171,MILITARY,15.17,60.7,63.4,50.6,DESERT,RUNWAY,RUNWAY,7643.34,True,True,FIXED_WING,1.0,VTOL,,,,0.0717
172,TRAINING,0.52,5.0,3.3,11.3,INDOOR,VERTICAL,VERTICAL,29380.58,True,True,MULTIROTOR,0.8,None,,,,0.065
173,MILITARY,1.86,72.9,67.3,53.3,DESERT,RUNWAY,PARACHUTE,65379.84,True,True,FIXED_WING,1.0,VTOL,,,,0.0658
174,INSPECTION,19.85,31.2,76.5,78.4,DESERT,RUNWAY,RUNWAY,79244.53,True,True,VTOL,0.8,MULTIROTOR,,,,0.0711
175,AGRICULTURE,0.28,13.8,4.2,13.6,INDOOR,VERTICAL,VERTICAL,47944.94,True,True,MULTIROTOR,0.8,None,,,,0.0632
176,INSPECTION,5.55,86.7,71.8,65.5,FOREST,VERTICAL,VERTICAL,46055.62,True,True,VTOL,0.95,MULTIROTOR,,,,0.0669
177,RESEARCH,14.71,86.6,50.5,74.4,MOUNTAIN,VERTICAL,RUNWAY,18632.93,True,True,VTOL,0.95,MULTIROTOR,,,,0.1296
178,DELIVERY,0.45,13.0,1.7,15.7,INDOOR,VERTICAL,VERTICAL,42212.3,True,True,MULTIROTOR,0.8,None,,,,0.0666
179,MILITARY,3.27,17.5,10.4,41.9,URBAN,VERTICAL,VERTICAL,76221.52,True,True,MULTIROTOR,0.8,VTOL,,,,0.0676
180,SURVEY,4.77,111.8,35.7,100.3,FOREST,HAND_LAUNCH,BELLY_LANDING,69171.68,True,True,FIXED_WING,1.0,VTOL,,,,0.0717
181,DISASTER_RESPONSE,3.55,47.2,123.6,80.3,MOUNTAIN,VERTICAL,VERTICAL,68740.49,True,True,VTOL,0.95,MULTIROTOR,,,,0.0702
182,SECURITY,23.24,56.4,48.4,57.0,MOUNTAIN,RUNWAY,VERTICAL,43563.99,True,True,VTOL,0.8,MULTIROTOR,,,,0.0688
183,SURVEY,45.0,30.0,20.0,60.0,RURAL,VERTICAL,VERTICAL,,True,False,None,,None,High payload mass (45.0 kg) requires specialized heavy-lift structural airframe.,NO_VALID_VEHICLE,No feasible aircraft design solution: Payload requirement (45.0 kg) exceeds maximum studio envelope limit (35.0 kg).,0.0391
184,SECURITY,1.33,149.3,37.1,95.2,FOREST,HAND_LAUNCH,NET_RECOVERY,65561.35,True,True,FIXED_WING,1.0,VTOL,,,,0.0686
185,SURVEY,0.79,12.3,4.0,15.5,INDOOR,VERTICAL,VERTICAL,76232.62,True,True,MULTIROTOR,0.8,None,,,,0.0659
186,MAPPING,1.44,10.6,2.2,35.2,INDOOR,VERTICAL,VERTICAL,17731.45,True,True,MULTIROTOR,0.8,None,,,,0.069
187,SURVEY,2.0,30.0,500.0,60.0,RURAL,VERTICAL,VERTICAL,,True,False,None,,None,Extended range target (500.0 km) approaches maximum battery energy density threshold.,NO_VALID_VEHICLE,No feasible aircraft design solution: Range requirement (500.0 km) exceeds maximum studio envelope limit (450.0 km).,0.0409
188,MAPPING,20.77,56.7,16.5,78.3,DESERT,RUNWAY,RUNWAY,52670.39,True,True,FIXED_WING,0.85,VTOL,,,,0.0853
189,SURVEY,45.0,30.0,20.0,60.0,RURAL,VERTICAL,VERTICAL,,True,False,None,,None,High payload mass (45.0 kg) requires specialized heavy-lift structural airframe.,NO_VALID_VEHICLE,No feasible aircraft design solution: Payload requirement (45.0 kg) exceeds maximum studio envelope limit (35.0 kg).,0.0461
190,DELIVERY,1.83,33.2,4.8,21.8,RURAL,VERTICAL,VERTICAL,78495.98,True,True,MULTIROTOR,0.8,VTOL,,,,0.073
191,CUSTOM,3.97,86.5,64.5,103.4,RURAL,RUNWAY,NET_RECOVERY,44845.67,True,True,FIXED_WING,1.0,VTOL,,,,0.0732
192,SECURITY,3.25,103.9,33.4,92.5,FOREST,CATAPULT,NET_RECOVERY,30138.6,True,True,FIXED_WING,1.0,VTOL,,,,0.0741
193,SURVEY,3.36,83.7,94.5,51.6,DESERT,RUNWAY,BELLY_LANDING,62566.57,True,True,FIXED_WING,1.0,VTOL,,,,0.071
194,DELIVERY,5.17,108.7,32.1,76.5,MOUNTAIN,VERTICAL,VERTICAL,17759.57,True,True,VTOL,0.95,MULTIROTOR,,,,0.0707
195,INSPECTION,3.87,16.3,11.6,22.3,URBAN,VERTICAL,VERTICAL,11201.52,True,True,MULTIROTOR,0.8,VTOL,,,,0.0672
196,SURVEY,2.0,500.0,20.0,60.0,RURAL,VERTICAL,VERTICAL,,True,False,None,,None,,NO_VALID_VEHICLE,No feasible aircraft design solution: Endurance requirement (500.0 min) exceeds battery/fuel energy storage density limit (450.0 min).,0.0378
197,CUSTOM,0.6,6.5,3.1,29.3,INDOOR,VERTICAL,VERTICAL,53955.94,True,True,MULTIROTOR,0.8,None,,,,0.0645
198,SURVEY,6.27,41.5,102.6,95.5,FOREST,VERTICAL,VERTICAL,15811.93,True,True,VTOL,0.95,MULTIROTOR,,,,0.0743
199,CUSTOM,21.65,73.8,69.6,46.7,DESERT,RUNWAY,VERTICAL,21638.91,True,True,VTOL,0.8,MULTIROTOR,,,,0.0674
200,MAPPING,22.73,53.4,30.1,56.8,MOUNTAIN,VERTICAL,RUNWAY,17560.66,True,True,VTOL,0.95,MULTIROTOR,,,,0.0678
201,RESEARCH,2.52,40.8,38.0,112.1,MOUNTAIN,VERTICAL,VERTICAL,54546.06,True,True,VTOL,0.95,MULTIROTOR,,,,0.065
202,TRAINING,1.72,136.3,84.0,93.2,MOUNTAIN,CATAPULT,PARACHUTE,20440.02,True,True,FIXED_WING,1.0,VTOL,,,,0.0671
203,SURVEY,25.0,30.0,250.0,60.0,RURAL,VERTICAL,VERTICAL,,True,False,None,,None,,NO_VALID_VEHICLE,No feasible aircraft design solution: Combined heavy payload (25.0 kg) and extended range (250.0 km) exceeds structural MTOW limit.,0.0377
204,CUSTOM,4.71,48.0,47.3,55.0,DESERT,CATAPULT,NET_RECOVERY,52694.31,True,True,FIXED_WING,1.0,VTOL,,,,0.068
205,RESEARCH,19.94,36.7,64.8,45.4,RURAL,RUNWAY,VERTICAL,56434.17,True,True,VTOL,0.8,MULTIROTOR,,,,0.0631
206,DISASTER_RESPONSE,0.24,24.6,3.2,36.9,INDOOR,VERTICAL,VERTICAL,9013.53,True,True,MULTIROTOR,0.8,None,,,,0.0594
207,TRAINING,5.09,77.5,132.8,85.7,RURAL,VERTICAL,VERTICAL,51602.17,True,True,VTOL,0.95,MULTIROTOR,,,,0.0634
208,DELIVERY,2.0,24.2,12.2,38.3,URBAN,VERTICAL,VERTICAL,36266.68,True,True,MULTIROTOR,0.8,VTOL,,,,0.0645
209,SURVEY,2.0,30.0,500.0,60.0,RURAL,VERTICAL,VERTICAL,,True,False,None,,None,Extended range target (500.0 km) approaches maximum battery energy density threshold.,NO_VALID_VEHICLE,No feasible aircraft design solution: Range requirement (500.0 km) exceeds maximum studio envelope limit (450.0 km).,0.0349
210,INSPECTION,1.11,67.1,47.3,57.3,DESERT,RUNWAY,BELLY_LANDING,62598.67,True,True,VTOL,0.8,MULTIROTOR,,,,0.0635
211,SURVEY,4.34,137.1,56.6,90.8,RURAL,CATAPULT,PARACHUTE,32998.25,True,True,FIXED_WING,1.0,VTOL,,,,0.066
212,SURVEY,0.64,21.9,1.9,33.7,INDOOR,VERTICAL,VERTICAL,45942.78,True,True,MULTIROTOR,0.8,None,,,,0.0603
213,RESEARCH,0.21,9.9,1.2,19.2,INDOOR,VERTICAL,VERTICAL,63031.23,True,True,MULTIROTOR,0.8,None,,,,0.0654
214,SECURITY,1.73,18.9,8.4,49.2,URBAN,VERTICAL,VERTICAL,5429.84,True,True,MULTIROTOR,0.8,VTOL,,,,0.0657
215,DISASTER_RESPONSE,2.61,10.6,3.1,36.5,URBAN,VERTICAL,VERTICAL,17303.39,True,True,MULTIROTOR,0.8,VTOL,,,,0.0719
216,CUSTOM,3.82,105.0,124.9,101.7,MARINE,VERTICAL,VERTICAL,75627.04,True,True,VTOL,0.95,MULTIROTOR,,,,0.0694
217,MILITARY,0.99,7.5,2.6,21.9,INDOOR,VERTICAL,VERTICAL,35683.27,True,True,MULTIROTOR,0.8,None,,,,0.0632
218,MILITARY,3.92,135.6,110.4,60.7,DESERT,CATAPULT,NET_RECOVERY,56881.03,True,True,FIXED_WING,1.0,VTOL,,,,0.0647
219,SECURITY,4.76,110.6,67.4,93.9,MARINE,VERTICAL,VERTICAL,11137.68,True,True,VTOL,0.95,MULTIROTOR,,,,0.0643
220,RESEARCH,1.68,58.2,71.5,104.8,DESERT,RUNWAY,RUNWAY,79934.08,True,True,FIXED_WING,1.0,VTOL,,,,0.0639
221,CUSTOM,0.94,33.1,14.7,20.5,URBAN,VERTICAL,VERTICAL,19284.37,True,True,MULTIROTOR,0.8,VTOL,,,,0.0677
222,DELIVERY,1.94,123.3,101.1,65.9,RURAL,HAND_LAUNCH,NET_RECOVERY,7392.6,True,True,FIXED_WING,1.0,VTOL,,,,0.0638
223,AGRICULTURE,4.63,83.6,114.2,64.0,FOREST,VERTICAL,VERTICAL,64679.65,True,True,VTOL,0.95,MULTIROTOR,,,,0.0683
224,TRAINING,2.49,37.8,7.2,24.4,URBAN,VERTICAL,VERTICAL,59945.4,True,True,MULTIROTOR,0.8,VTOL,,,,0.0636
225,TRAINING,4.43,117.2,69.0,62.6,RURAL,RUNWAY,BELLY_LANDING,7076.77,True,True,FIXED_WING,1.0,VTOL,,,,0.0655
226,SURVEY,18.0,280.0,20.0,60.0,RURAL,VERTICAL,VERTICAL,,True,False,None,,None,,NO_VALID_VEHICLE,No feasible aircraft design solution: Combined heavy payload (18.0 kg) and ultra-long endurance (280.0 min) is physically unachievable.,0.0352
227,SURVEY,18.0,280.0,20.0,60.0,RURAL,VERTICAL,VERTICAL,,True,False,None,,None,,NO_VALID_VEHICLE,No feasible aircraft design solution: Combined heavy payload (18.0 kg) and ultra-long endurance (280.0 min) is physically unachievable.,0.0336
228,SECURITY,4.06,115.2,30.2,119.7,MARINE,VERTICAL,VERTICAL,37394.5,True,True,VTOL,0.95,MULTIROTOR,,,,0.0651
229,SURVEY,11.63,76.5,24.6,81.8,RURAL,RUNWAY,VERTICAL,49948.22,True,True,VTOL,0.7,MULTIROTOR,,,,0.0686
230,RESEARCH,2.37,38.5,4.4,26.6,RURAL,VERTICAL,VERTICAL,12557.06,True,True,MULTIROTOR,0.8,VTOL,,,,0.062
231,TRAINING,4.61,60.4,110.8,89.9,RURAL,CATAPULT,BELLY_LANDING,54807.42,True,True,FIXED_WING,1.0,VTOL,,,,0.068
232,DISASTER_RESPONSE,7.08,44.0,113.9,85.3,MARINE,VERTICAL,VERTICAL,40819.68,True,True,VTOL,0.95,MULTIROTOR,,,,0.0678
233,SURVEY,1.34,13.2,1.6,36.1,INDOOR,VERTICAL,VERTICAL,48303.64,True,True,MULTIROTOR,0.8,None,,,,0.0591
234,DISASTER_RESPONSE,2.9,16.7,5.9,30.3,URBAN,VERTICAL,VERTICAL,57553.27,True,True,MULTIROTOR,0.8,VTOL,,,,0.0647
235,SURVEY,12.71,65.6,59.8,53.0,MOUNTAIN,RUNWAY,VERTICAL,65692.87,True,True,VTOL,0.8,MULTIROTOR,,,,0.0689
236,DISASTER_RESPONSE,19.02,83.0,21.9,69.2,RURAL,VERTICAL,RUNWAY,74569.59,True,True,VTOL,0.7,MULTIROTOR,,,,0.0637
237,MILITARY,3.44,10.6,9.2,44.8,RURAL,VERTICAL,VERTICAL,5814.21,True,True,MULTIROTOR,0.8,VTOL,,,,0.0662
238,DELIVERY,2.22,113.4,69.8,72.4,RURAL,HAND_LAUNCH,PARACHUTE,60448.9,True,True,FIXED_WING,1.0,VTOL,,,,0.0701
239,SECURITY,1.76,108.5,112.3,53.3,DESERT,HAND_LAUNCH,PARACHUTE,32002.68,True,True,FIXED_WING,1.0,VTOL,,,,0.0673
240,RESEARCH,10.58,23.7,38.1,69.9,MOUNTAIN,RUNWAY,VERTICAL,58159.64,True,True,VTOL,0.8,MULTIROTOR,,,,0.082
241,DISASTER_RESPONSE,5.33,108.6,134.5,106.9,MARINE,VERTICAL,VERTICAL,46979.92,True,True,VTOL,0.95,MULTIROTOR,,,,0.0903
242,AGRICULTURE,0.9,17.1,3.8,10.4,INDOOR,VERTICAL,VERTICAL,50672.4,True,True,MULTIROTOR,0.8,None,,,,0.1587
243,AGRICULTURE,3.86,83.6,114.0,78.0,RURAL,RUNWAY,BELLY_LANDING,60285.63,True,True,FIXED_WING,1.0,VTOL,,,,0.2422
244,TRAINING,18.17,22.1,64.1,46.6,DESERT,VERTICAL,RUNWAY,40342.5,True,True,VTOL,0.95,MULTIROTOR,,,,0.2202
245,SURVEY,2.0,30.0,20.0,350.0,RURAL,VERTICAL,VERTICAL,,True,False,None,,None,,NO_VALID_VEHICLE,No feasible aircraft design solution: Cruise speed requirement (350.0 km/h) exceeds platform dynamic limit (300.0 km/h).,0.102
246,DELIVERY,8.03,35.9,76.0,47.7,RURAL,RUNWAY,VERTICAL,50625.41,True,True,VTOL,0.8,MULTIROTOR,,,,0.1335
247,MILITARY,4.49,68.0,71.3,59.1,RURAL,RUNWAY,NET_RECOVERY,48258.68,True,True,FIXED_WING,1.0,VTOL,,,,0.0921
248,RESEARCH,4.94,48.2,36.7,63.6,DESERT,RUNWAY,BELLY_LANDING,76825.67,True,True,FIXED_WING,1.0,VTOL,,,,0.0928
249,SURVEY,2.0,500.0,20.0,60.0,RURAL,VERTICAL,VERTICAL,,True,False,None,,None,,NO_VALID_VEHICLE,No feasible aircraft design solution: Endurance requirement (500.0 min) exceeds battery/fuel energy storage density limit (450.0 min).,0.0564
250,DISASTER_RESPONSE,0.74,13.1,2.3,29.3,INDOOR,VERTICAL,VERTICAL,75512.68,True,True,MULTIROTOR,0.8,None,,,,0.0802
251,MILITARY,20.29,45.1,19.0,49.6,MOUNTAIN,RUNWAY,VERTICAL,18936.58,True,True,VTOL,0.7,MULTIROTOR,,,,0.0888
252,MAPPING,17.67,28.2,33.4,80.7,RURAL,VERTICAL,RUNWAY,64793.42,True,True,VTOL,0.95,MULTIROTOR,,,,0.0789
253,SURVEY,5.89,103.8,145.3,63.1,RURAL,VERTICAL,VERTICAL,26923.96,True,True,VTOL,0.95,MULTIROTOR,,,,0.0871
254,TRAINING,1.2,32.1,14.6,31.1,URBAN,VERTICAL,VERTICAL,70455.82,True,True,MULTIROTOR,0.8,VTOL,,,,0.1087
255,DELIVERY,4.33,112.9,45.9,113.8,FOREST,VERTICAL,VERTICAL,15423.61,True,True,VTOL,0.95,MULTIROTOR,,,,0.0829
256,RESEARCH,7.0,93.1,133.5,70.7,RURAL,VERTICAL,VERTICAL,24221.99,True,True,VTOL,0.95,MULTIROTOR,,,,0.0641
257,SURVEY,45.0,30.0,20.0,60.0,RURAL,VERTICAL,VERTICAL,,True,False,None,,None,High payload mass (45.0 kg) requires specialized heavy-lift structural airframe.,NO_VALID_VEHICLE,No feasible aircraft design solution: Payload requirement (45.0 kg) exceeds maximum studio envelope limit (35.0 kg).,0.0363
258,DISASTER_RESPONSE,0.95,15.0,3.0,26.4,INDOOR,VERTICAL,VERTICAL,18571.83,True,True,MULTIROTOR,0.8,None,,,,0.0596
259,DELIVERY,3.86,114.8,28.4,102.6,FOREST,CATAPULT,PARACHUTE,24106.06,True,True,FIXED_WING,1.0,VTOL,,,,0.0648
260,MAPPING,2.76,27.4,4.7,41.4,URBAN,VERTICAL,VERTICAL,53201.92,True,True,MULTIROTOR,0.8,VTOL,,,,0.0648
261,DISASTER_RESPONSE,13.11,39.6,78.4,82.6,RURAL,VERTICAL,VERTICAL,8424.81,True,True,VTOL,0.95,MULTIROTOR,,,,0.066
262,SECURITY,5.71,115.4,91.7,73.4,RURAL,VERTICAL,VERTICAL,35500.95,True,True,VTOL,0.95,MULTIROTOR,,,,0.0716
263,INSPECTION,3.59,147.5,73.8,87.6,DESERT,CATAPULT,BELLY_LANDING,10981.05,True,True,VTOL,0.8,MULTIROTOR,,,,0.0673
264,MAPPING,1.81,19.3,5.0,31.6,RURAL,VERTICAL,VERTICAL,8296.4,True,True,MULTIROTOR,0.8,VTOL,,,,0.0652
265,MAPPING,7.14,84.5,48.2,69.7,MOUNTAIN,VERTICAL,VERTICAL,74175.23,True,True,VTOL,0.95,MULTIROTOR,,,,0.0688
266,SURVEY,15.75,47.8,71.0,88.5,RURAL,RUNWAY,VERTICAL,18329.25,True,True,VTOL,0.8,MULTIROTOR,,,,0.069
267,SURVEY,3.0,-10.0,20.0,60.0,RURAL,VERTICAL,VERTICAL,10000.0,False,False,None,,None,,INVALID_REQUIREMENTS,Target flight time must be greater than 0 minutes. Provided: -10.0 min.,0.0173
268,DISASTER_RESPONSE,4.63,111.0,30.5,58.1,DESERT,HAND_LAUNCH,BELLY_LANDING,11338.12,True,True,FIXED_WING,1.0,VTOL,,,,0.0765
269,SURVEY,18.0,280.0,20.0,60.0,RURAL,VERTICAL,VERTICAL,,True,False,None,,None,,NO_VALID_VEHICLE,No feasible aircraft design solution: Combined heavy payload (18.0 kg) and ultra-long endurance (280.0 min) is physically unachievable.,0.0413
270,MILITARY,5.19,111.1,133.4,98.9,MARINE,VERTICAL,VERTICAL,20017.55,True,True,VTOL,0.95,MULTIROTOR,,,,0.0707
271,RESEARCH,4.99,121.7,93.5,57.7,MOUNTAIN,HAND_LAUNCH,BELLY_LANDING,76726.31,True,True,FIXED_WING,1.0,VTOL,,,,0.0951
272,SURVEY,25.0,30.0,250.0,60.0,RURAL,VERTICAL,VERTICAL,,True,False,None,,None,,NO_VALID_VEHICLE,No feasible aircraft design solution: Combined heavy payload (25.0 kg) and extended range (250.0 km) exceeds structural MTOW limit.,0.036
273,SURVEY,3.0,30.0,20.0,0.0,RURAL,VERTICAL,VERTICAL,10000.0,False,False,None,,None,,INVALID_REQUIREMENTS,Cruise speed must be greater than 0 km/h. Provided: 0.0 km/h.,0.0089
274,DISASTER_RESPONSE,2.41,124.8,41.4,104.6,RURAL,HAND_LAUNCH,RUNWAY,13266.89,True,True,FIXED_WING,1.0,VTOL,,,,0.081
275,MILITARY,4.15,129.3,104.8,93.5,FOREST,CATAPULT,BELLY_LANDING,42506.78,True,True,FIXED_WING,1.0,VTOL,,,,0.0673
276,SURVEY,2.0,500.0,20.0,60.0,RURAL,VERTICAL,VERTICAL,,True,False,None,,None,,NO_VALID_VEHICLE,No feasible aircraft design solution: Endurance requirement (500.0 min) exceeds battery/fuel energy storage density limit (450.0 min).,0.0346
277,TRAINING,5.99,56.7,30.7,102.0,RURAL,VERTICAL,VERTICAL,10992.1,True,True,VTOL,0.95,MULTIROTOR,,,,0.0627
278,SURVEY,2.0,30.0,500.0,60.0,RURAL,VERTICAL,VERTICAL,,True,False,None,,None,Extended range target (500.0 km) approaches maximum battery energy density threshold.,NO_VALID_VEHICLE,No feasible aircraft design solution: Range requirement (500.0 km) exceeds maximum studio envelope limit (450.0 km).,0.0344
279,SURVEY,0.44,20.1,2.8,26.5,INDOOR,VERTICAL,VERTICAL,39044.87,True,True,MULTIROTOR,0.8,None,,,,0.0595
280,AGRICULTURE,3.47,39.8,13.4,25.6,RURAL,VERTICAL,VERTICAL,44668.65,True,True,MULTIROTOR,0.8,VTOL,,,,0.0825
281,DELIVERY,4.75,133.7,65.6,96.5,MOUNTAIN,HAND_LAUNCH,RUNWAY,63707.21,True,True,FIXED_WING,1.0,VTOL,,,,0.0674
282,CUSTOM,16.8,82.1,53.5,47.5,RURAL,VERTICAL,VERTICAL,11687.47,True,True,VTOL,0.95,MULTIROTOR,,,,0.0637
283,AGRICULTURE,6.88,30.9,142.0,116.1,MOUNTAIN,VERTICAL,VERTICAL,31918.2,True,True,VTOL,0.95,MULTIROTOR,,,,0.0685
284,SURVEY,3.99,16.7,10.3,21.5,RURAL,VERTICAL,VERTICAL,65554.64,True,True,MULTIROTOR,0.8,VTOL,,,,0.0645
285,AGRICULTURE,2.17,48.9,92.0,90.6,FOREST,CATAPULT,RUNWAY,60716.35,True,True,FIXED_WING,1.0,VTOL,,,,0.0683
286,SURVEY,2.0,30.0,20.0,350.0,RURAL,VERTICAL,VERTICAL,,True,False,None,,None,,NO_VALID_VEHICLE,No feasible aircraft design solution: Cruise speed requirement (350.0 km/h) exceeds platform dynamic limit (300.0 km/h).,0.0348
287,MAPPING,9.08,54.6,24.0,52.0,DESERT,RUNWAY,VERTICAL,17728.94,True,True,VTOL,0.7,MULTIROTOR,,,,0.0639
288,RESEARCH,1.27,19.2,7.0,30.0,RURAL,VERTICAL,VERTICAL,18035.02,True,True,MULTIROTOR,0.8,VTOL,,,,0.0689
289,SURVEY,3.0,-10.0,20.0,60.0,RURAL,VERTICAL,VERTICAL,10000.0,False,False,None,,None,,INVALID_REQUIREMENTS,Target flight time must be greater than 0 minutes. Provided: -10.0 min.,0.0086
290,SURVEY,18.0,280.0,20.0,60.0,RURAL,VERTICAL,VERTICAL,,True,False,None,,None,,NO_VALID_VEHICLE,No feasible aircraft design solution: Combined heavy payload (18.0 kg) and ultra-long endurance (280.0 min) is physically unachievable.,0.0354
291,SURVEY,1.08,139.4,56.1,74.7,RURAL,RUNWAY,BELLY_LANDING,7466.88,True,True,FIXED_WING,1.0,VTOL,,,,0.0622
292,SURVEY,2.0,30.0,20.0,350.0,RURAL,VERTICAL,VERTICAL,,True,False,None,,None,,NO_VALID_VEHICLE,No feasible aircraft design solution: Cruise speed requirement (350.0 km/h) exceeds platform dynamic limit (300.0 km/h).,0.0339
293,SURVEY,25.0,30.0,250.0,60.0,RURAL,VERTICAL,VERTICAL,,True,False,None,,None,,NO_VALID_VEHICLE,No feasible aircraft design solution: Combined heavy payload (25.0 kg) and extended range (250.0 km) exceeds structural MTOW limit.,0.0329
294,CUSTOM,3.2,72.6,75.2,108.2,DESERT,CATAPULT,PARACHUTE,17954.02,True,True,FIXED_WING,1.0,VTOL,,,,0.0632
295,AGRICULTURE,2.71,30.2,3.5,45.0,URBAN,VERTICAL,VERTICAL,77383.71,True,True,MULTIROTOR,0.8,VTOL,,,,0.0685
296,DELIVERY,7.29,71.0,136.6,94.7,MOUNTAIN,VERTICAL,VERTICAL,35920.71,True,True,VTOL,0.95,MULTIROTOR,,,,0.0642
297,AGRICULTURE,1.31,24.0,0.6,29.2,INDOOR,VERTICAL,VERTICAL,48728.29,True,True,MULTIROTOR,0.8,None,,,,0.0614
298,MILITARY,3.04,125.3,110.5,90.5,DESERT,RUNWAY,NET_RECOVERY,20704.68,True,True,FIXED_WING,1.0,VTOL,,,,0.0689
299,SECURITY,21.41,40.9,69.4,45.9,MOUNTAIN,VERTICAL,RUNWAY,22181.59,True,True,VTOL,0.95,MULTIROTOR,,,,0.0688
300,SURVEY,25.0,30.0,250.0,60.0,RURAL,VERTICAL,VERTICAL,,True,False,None,,None,,NO_VALID_VEHICLE,No feasible aircraft design solution: Combined heavy payload (25.0 kg) and extended range (250.0 km) exceeds structural MTOW limit.,0.0341
301,SECURITY,1.66,103.9,42.2,65.1,MOUNTAIN,CATAPULT,NET_RECOVERY,43717.51,True,True,FIXED_WING,1.0,VTOL,,,,0.0679
302,CUSTOM,5.93,106.3,143.7,63.2,MOUNTAIN,VERTICAL,VERTICAL,59585.76,True,True,VTOL,0.95,MULTIROTOR,,,,0.0641
303,SURVEY,0.65,8.3,4.5,11.7,INDOOR,VERTICAL,VERTICAL,11628.67,True,True,MULTIROTOR,0.8,None,,,,0.0597
304,SURVEY,2.92,58.1,46.0,63.3,FOREST,CATAPULT,PARACHUTE,23248.69,True,True,FIXED_WING,1.0,VTOL,,,,0.0629
305,MAPPING,4.99,109.1,27.7,95.4,DESERT,CATAPULT,BELLY_LANDING,34535.5,True,True,FIXED_WING,1.0,VTOL,,,,0.0695
306,CUSTOM,16.03,20.3,41.3,48.9,DESERT,RUNWAY,RUNWAY,17569.61,True,True,FIXED_WING,1.0,VTOL,,,,0.0642
307,SURVEY,0.0,30.0,20.0,60.0,RURAL,VERTICAL,VERTICAL,10000.0,False,False,None,,None,,INVALID_REQUIREMENTS,Payload weight must be greater than 0 kg. Provided: 0.0 kg.,0.008
308,DISASTER_RESPONSE,2.97,50.2,34.2,100.0,MOUNTAIN,VERTICAL,VERTICAL,11214.65,True,True,VTOL,0.95,MULTIROTOR,,,,0.0658
309,SURVEY,2.0,30.0,20.0,350.0,RURAL,VERTICAL,VERTICAL,,True,False,None,,None,,NO_VALID_VEHICLE,No feasible aircraft design solution: Cruise speed requirement (350.0 km/h) exceeds platform dynamic limit (300.0 km/h).,0.0453
310,DISASTER_RESPONSE,0.47,6.9,1.9,12.9,INDOOR,VERTICAL,VERTICAL,21771.92,True,True,MULTIROTOR,0.8,None,,,,0.0612
311,MAPPING,3.51,39.5,10.6,23.0,URBAN,VERTICAL,VERTICAL,51134.95,True,True,MULTIROTOR,0.8,VTOL,,,,0.0625
312,SURVEY,2.0,30.0,20.0,350.0,RURAL,VERTICAL,VERTICAL,,True,False,None,,None,,NO_VALID_VEHICLE,No feasible aircraft design solution: Cruise speed requirement (350.0 km/h) exceeds platform dynamic limit (300.0 km/h).,0.0341
313,SURVEY,2.12,32.8,13.9,34.7,RURAL,VERTICAL,VERTICAL,31193.82,True,True,MULTIROTOR,0.8,VTOL,,,,0.0613
314,SURVEY,18.0,280.0,20.0,60.0,RURAL,VERTICAL,VERTICAL,,True,False,None,,None,,NO_VALID_VEHICLE,No feasible aircraft design solution: Combined heavy payload (18.0 kg) and ultra-long endurance (280.0 min) is physically unachievable.,0.0341
315,CUSTOM,1.07,105.7,103.2,53.3,MOUNTAIN,HAND_LAUNCH,NET_RECOVERY,36440.4,True,True,FIXED_WING,1.0,VTOL,,,,0.0707
316,SURVEY,45.0,30.0,20.0,60.0,RURAL,VERTICAL,VERTICAL,,True,False,None,,None,High payload mass (45.0 kg) requires specialized heavy-lift structural airframe.,NO_VALID_VEHICLE,No feasible aircraft design solution: Payload requirement (45.0 kg) exceeds maximum studio envelope limit (35.0 kg).,0.0349
317,SURVEY,2.0,30.0,20.0,350.0,RURAL,VERTICAL,VERTICAL,,True,False,None,,None,,NO_VALID_VEHICLE,No feasible aircraft design solution: Cruise speed requirement (350.0 km/h) exceeds platform dynamic limit (300.0 km/h).,0.0354
318,SURVEY,45.0,30.0,20.0,60.0,RURAL,VERTICAL,VERTICAL,,True,False,None,,None,High payload mass (45.0 kg) requires specialized heavy-lift structural airframe.,NO_VALID_VEHICLE,No feasible aircraft design solution: Payload requirement (45.0 kg) exceeds maximum studio envelope limit (35.0 kg).,0.0353
319,SURVEY,3.0,30.0,20.0,0.0,RURAL,VERTICAL,VERTICAL,10000.0,False,False,None,,None,,INVALID_REQUIREMENTS,Cruise speed must be greater than 0 km/h. Provided: 0.0 km/h.,0.0081
320,SURVEY,2.0,500.0,20.0,60.0,RURAL,VERTICAL,VERTICAL,,True,False,None,,None,,NO_VALID_VEHICLE,No feasible aircraft design solution: Endurance requirement (500.0 min) exceeds battery/fuel energy storage density limit (450.0 min).,0.0352
321,DISASTER_RESPONSE,14.54,20.0,33.8,71.2,DESERT,VERTICAL,VERTICAL,50054.25,True,True,VTOL,0.95,MULTIROTOR,,,,0.0636
322,TRAINING,4.28,68.6,82.8,88.4,FOREST,RUNWAY,RUNWAY,27619.08,True,True,FIXED_WING,1.0,VTOL,,,,0.0629
323,RESEARCH,1.71,11.7,4.0,47.9,URBAN,VERTICAL,VERTICAL,21959.95,True,True,MULTIROTOR,0.8,VTOL,,,,0.0639
324,SURVEY,25.0,30.0,250.0,60.0,RURAL,VERTICAL,VERTICAL,,True,False,None,,None,,NO_VALID_VEHICLE,No feasible aircraft design solution: Combined heavy payload (25.0 kg) and extended range (250.0 km) exceeds structural MTOW limit.,0.034
325,SURVEY,3.0,-10.0,20.0,60.0,RURAL,VERTICAL,VERTICAL,10000.0,False,False,None,,None,,INVALID_REQUIREMENTS,Target flight time must be greater than 0 minutes. Provided: -10.0 min.,0.0078
326,DELIVERY,1.46,73.5,63.2,50.9,FOREST,CATAPULT,PARACHUTE,34066.71,True,True,FIXED_WING,1.0,VTOL,,,,0.0696
327,MILITARY,16.1,40.9,55.9,67.0,DESERT,RUNWAY,RUNWAY,76978.17,True,True,FIXED_WING,1.0,VTOL,,,,0.0874
328,SURVEY,0.47,18.8,2.9,20.8,INDOOR,VERTICAL,VERTICAL,62614.41,True,True,MULTIROTOR,0.8,None,,,,0.0598
329,INSPECTION,0.43,6.9,2.2,28.8,INDOOR,VERTICAL,VERTICAL,67498.89,True,True,MULTIROTOR,0.8,None,,,,0.0632
330,RESEARCH,2.76,59.6,56.4,118.0,MOUNTAIN,VERTICAL,VERTICAL,65609.14,True,True,VTOL,0.95,MULTIROTOR,,,,0.064
331,SURVEY,45.0,30.0,20.0,60.0,RURAL,VERTICAL,VERTICAL,,True,False,None,,None,High payload mass (45.0 kg) requires specialized heavy-lift structural airframe.,NO_VALID_VEHICLE,No feasible aircraft design solution: Payload requirement (45.0 kg) exceeds maximum studio envelope limit (35.0 kg).,0.0367
332,SURVEY,2.0,30.0,500.0,60.0,RURAL,VERTICAL,VERTICAL,,True,False,None,,None,Extended range target (500.0 km) approaches maximum battery energy density threshold.,NO_VALID_VEHICLE,No feasible aircraft design solution: Range requirement (500.0 km) exceeds maximum studio envelope limit (450.0 km).,0.0358
333,MAPPING,2.14,37.2,13.4,42.5,URBAN,VERTICAL,VERTICAL,23373.2,True,True,MULTIROTOR,0.8,VTOL,,,,0.0638
334,DELIVERY,16.16,77.1,46.9,64.2,DESERT,VERTICAL,RUNWAY,47167.44,True,True,VTOL,0.95,MULTIROTOR,,,,0.0663
335,SURVEY,3.0,30.0,20.0,60.0,RURAL,VERTICAL,VERTICAL,-100.0,False,False,None,,None,,INVALID_REQUIREMENTS,Financial budget must be greater than $0 if specified. Provided: $-100.0.,0.0085
336,MILITARY,21.74,87.5,31.8,46.7,RURAL,VERTICAL,RUNWAY,27901.98,True,True,VTOL,0.95,MULTIROTOR,,,,0.1288
337,DELIVERY,5.24,99.4,49.0,79.3,RURAL,VERTICAL,VERTICAL,43938.84,True,True,VTOL,0.95,MULTIROTOR,,,,0.1054
338,RESEARCH,8.52,85.8,34.0,50.1,MOUNTAIN,RUNWAY,RUNWAY,16781.13,True,True,FIXED_WING,1.0,VTOL,,,,0.1396
339,RESEARCH,2.32,23.4,4.7,41.5,URBAN,VERTICAL,VERTICAL,19530.82,True,True,MULTIROTOR,0.8,VTOL,,,,0.1105
340,AGRICULTURE,24.78,89.7,38.3,41.1,RURAL,VERTICAL,RUNWAY,15071.31,True,True,VTOL,0.95,MULTIROTOR,,,,0.0655
341,MAPPING,4.43,149.3,32.3,104.6,FOREST,RUNWAY,RUNWAY,49397.91,True,True,FIXED_WING,1.0,VTOL,,,,0.0718
342,DISASTER_RESPONSE,4.24,66.0,91.4,53.7,DESERT,CATAPULT,NET_RECOVERY,33588.72,True,True,FIXED_WING,1.0,VTOL,,,,0.0763
343,TRAINING,3.26,20.1,10.6,25.6,URBAN,VERTICAL,VERTICAL,21264.43,True,True,MULTIROTOR,0.8,VTOL,,,,0.0657
344,SURVEY,2.0,30.0,500.0,60.0,RURAL,VERTICAL,VERTICAL,,True,False,None,,None,Extended range target (500.0 km) approaches maximum battery energy density threshold.,NO_VALID_VEHICLE,No feasible aircraft design solution: Range requirement (500.0 km) exceeds maximum studio envelope limit (450.0 km).,0.0349
345,MAPPING,3.12,70.0,33.5,98.1,RURAL,CATAPULT,RUNWAY,60757.41,True,True,FIXED_WING,1.0,VTOL,,,,0.0624
346,MAPPING,1.35,19.1,2.9,35.1,INDOOR,VERTICAL,VERTICAL,34400.26,True,True,MULTIROTOR,0.8,None,,,,0.0599
347,RESEARCH,0.47,23.0,2.1,18.1,INDOOR,VERTICAL,VERTICAL,43475.75,True,True,MULTIROTOR,0.8,None,,,,0.0635
348,INSPECTION,4.74,31.3,141.9,89.1,MARINE,VERTICAL,VERTICAL,62143.15,True,True,VTOL,0.95,MULTIROTOR,,,,0.0644
349,MILITARY,4.4,100.7,118.1,67.7,MOUNTAIN,VERTICAL,VERTICAL,29675.16,True,True,VTOL,0.95,MULTIROTOR,,,,0.0719
350,SECURITY,0.73,14.0,0.6,24.5,INDOOR,VERTICAL,VERTICAL,4542.22,True,True,MULTIROTOR,0.8,None,,,,0.06
351,DISASTER_RESPONSE,12.95,61.1,13.5,70.3,RURAL,RUNWAY,VERTICAL,56417.88,True,True,VTOL,0.5,MULTIROTOR,,,,0.0634
352,MILITARY,3.15,18.4,9.1,25.0,URBAN,VERTICAL,VERTICAL,22347.02,True,True,MULTIROTOR,0.8,VTOL,,,,0.0624
353,MAPPING,7.35,104.6,146.7,78.5,RURAL,VERTICAL,VERTICAL,39125.27,True,True,VTOL,0.95,MULTIROTOR,,,,0.0631
354,TRAINING,1.43,136.0,36.3,65.4,MOUNTAIN,HAND_LAUNCH,RUNWAY,11449.79,True,True,FIXED_WING,1.0,VTOL,,,,0.0681
355,INSPECTION,2.48,106.6,130.7,67.6,FOREST,VERTICAL,VERTICAL,61778.05,True,True,VTOL,0.95,MULTIROTOR,,,,0.0657
356,MAPPING,2.52,114.9,114.1,94.8,RURAL,CATAPULT,RUNWAY,72080.75,True,True,FIXED_WING,1.0,VTOL,,,,0.0635
357,CUSTOM,0.41,21.1,3.3,32.0,INDOOR,VERTICAL,VERTICAL,34078.4,True,True,MULTIROTOR,0.8,None,,,,0.0606
358,SURVEY,0.0,30.0,20.0,60.0,RURAL,VERTICAL,VERTICAL,10000.0,False,False,None,,None,,INVALID_REQUIREMENTS,Payload weight must be greater than 0 kg. Provided: 0.0 kg.,0.0089
359,CUSTOM,4.15,50.8,49.8,79.0,RURAL,HAND_LAUNCH,BELLY_LANDING,31469.74,True,True,FIXED_WING,1.0,VTOL,,,,0.0644
360,SURVEY,18.0,280.0,20.0,60.0,RURAL,VERTICAL,VERTICAL,,True,False,None,,None,,NO_VALID_VEHICLE,No feasible aircraft design solution: Combined heavy payload (18.0 kg) and ultra-long endurance (280.0 min) is physically unachievable.,0.0369
361,RESEARCH,6.58,93.2,77.3,76.9,MARINE,VERTICAL,VERTICAL,16615.8,True,True,VTOL,0.95,MULTIROTOR,,,,0.068
362,RESEARCH,6.55,93.4,87.1,118.0,RURAL,VERTICAL,VERTICAL,25859.35,True,True,VTOL,0.95,MULTIROTOR,,,,0.0636
363,SURVEY,2.0,500.0,20.0,60.0,RURAL,VERTICAL,VERTICAL,,True,False,None,,None,,NO_VALID_VEHICLE,No feasible aircraft design solution: Endurance requirement (500.0 min) exceeds battery/fuel energy storage density limit (450.0 min).,0.0338
364,TRAINING,1.74,34.9,11.8,32.0,RURAL,VERTICAL,VERTICAL,2025.59,True,True,MULTIROTOR,0.8,VTOL,,,,0.0628
365,DELIVERY,8.08,21.8,25.7,60.6,DESERT,RUNWAY,RUNWAY,23936.33,True,True,FIXED_WING,0.85,VTOL,,,,0.0637
366,TRAINING,0.68,22.1,2.0,26.7,INDOOR,VERTICAL,VERTICAL,36170.67,True,True,MULTIROTOR,0.8,None,,,,0.0594
367,DISASTER_RESPONSE,0.35,20.5,3.1,31.5,INDOOR,VERTICAL,VERTICAL,30747.04,True,True,MULTIROTOR,0.8,None,,,,0.0606
368,SURVEY,0.61,22.4,3.8,20.6,INDOOR,VERTICAL,VERTICAL,48853.88,True,True,MULTIROTOR,0.8,None,,,,0.0678
369,SURVEY,18.66,67.3,78.2,44.8,DESERT,RUNWAY,VERTICAL,67070.88,True,True,VTOL,0.8,MULTIROTOR,,,,0.0731
370,INSPECTION,19.78,24.6,63.1,73.4,RURAL,VERTICAL,VERTICAL,7486.55,True,True,VTOL,0.95,MULTIROTOR,,,,0.0695
371,INSPECTION,4.94,99.2,38.3,86.1,RURAL,VERTICAL,VERTICAL,61247.24,True,True,VTOL,0.95,MULTIROTOR,,,,0.0637
372,MILITARY,0.51,19.2,1.8,30.1,INDOOR,VERTICAL,VERTICAL,14935.56,True,True,MULTIROTOR,0.8,None,,,,0.0595
373,SURVEY,1.25,34.1,8.5,28.0,RURAL,VERTICAL,VERTICAL,35484.02,True,True,MULTIROTOR,0.8,VTOL,,,,0.0651
374,DELIVERY,1.32,31.7,7.7,23.6,RURAL,VERTICAL,VERTICAL,43289.67,True,True,MULTIROTOR,0.8,VTOL,,,,0.0649
375,SURVEY,3.0,-10.0,20.0,60.0,RURAL,VERTICAL,VERTICAL,10000.0,False,False,None,,None,,INVALID_REQUIREMENTS,Target flight time must be greater than 0 minutes. Provided: -10.0 min.,0.0075
376,SECURITY,1.05,8.1,4.2,31.7,INDOOR,VERTICAL,VERTICAL,64795.96,True,True,MULTIROTOR,0.8,None,,,,0.0596
377,TRAINING,3.09,60.9,67.5,106.1,MOUNTAIN,CATAPULT,PARACHUTE,73939.07,True,True,FIXED_WING,1.0,VTOL,,,,0.0658
378,SURVEY,18.0,280.0,20.0,60.0,RURAL,VERTICAL,VERTICAL,,True,False,None,,None,,NO_VALID_VEHICLE,No feasible aircraft design solution: Combined heavy payload (18.0 kg) and ultra-long endurance (280.0 min) is physically unachievable.,0.0344
379,DELIVERY,7.73,71.1,52.2,86.1,RURAL,VERTICAL,VERTICAL,15835.18,True,True,VTOL,0.95,MULTIROTOR,,,,0.0675
380,AGRICULTURE,3.92,21.1,2.6,33.4,RURAL,VERTICAL,VERTICAL,71095.68,True,True,MULTIROTOR,0.8,VTOL,,,,0.0628
381,DELIVERY,15.25,57.0,47.4,77.3,MOUNTAIN,RUNWAY,VERTICAL,22203.69,True,True,VTOL,0.8,MULTIROTOR,,,,0.0645
382,MILITARY,17.4,61.2,76.9,78.3,RURAL,RUNWAY,VERTICAL,53556.35,True,True,VTOL,0.8,MULTIROTOR,,,,0.0868
383,MILITARY,0.52,15.0,3.2,28.9,INDOOR,VERTICAL,VERTICAL,45982.7,True,True,MULTIROTOR,0.8,None,,,,0.0736
384,RESEARCH,6.86,59.5,127.6,85.0,RURAL,VERTICAL,VERTICAL,6160.03,True,True,VTOL,0.95,MULTIROTOR,,,,0.0646
385,SURVEY,2.0,30.0,20.0,350.0,RURAL,VERTICAL,VERTICAL,,True,False,None,,None,,NO_VALID_VEHICLE,No feasible aircraft design solution: Cruise speed requirement (350.0 km/h) exceeds platform dynamic limit (300.0 km/h).,0.034
386,AGRICULTURE,2.74,62.5,28.3,76.1,DESERT,HAND_LAUNCH,PARACHUTE,64053.18,True,True,FIXED_WING,1.0,VTOL,,,,0.0686
387,SECURITY,2.68,22.3,9.0,34.8,URBAN,VERTICAL,VERTICAL,21110.94,True,True,MULTIROTOR,0.8,VTOL,,,,0.069
388,AGRICULTURE,13.89,63.7,20.2,76.3,DESERT,RUNWAY,VERTICAL,5504.67,True,True,VTOL,0.7,MULTIROTOR,,,,0.0647
389,TRAINING,13.28,24.8,31.8,62.0,MOUNTAIN,RUNWAY,RUNWAY,76547.75,True,True,FIXED_WING,1.0,VTOL,,,,0.0691
390,SURVEY,18.0,280.0,20.0,60.0,RURAL,VERTICAL,VERTICAL,,True,False,None,,None,,NO_VALID_VEHICLE,No feasible aircraft design solution: Combined heavy payload (18.0 kg) and ultra-long endurance (280.0 min) is physically unachievable.,0.0369
391,MAPPING,3.05,100.4,42.9,102.6,MOUNTAIN,VERTICAL,VERTICAL,30025.01,True,True,VTOL,0.95,MULTIROTOR,,,,0.065
392,SECURITY,1.62,84.6,81.3,98.4,RURAL,HAND_LAUNCH,NET_RECOVERY,3240.89,True,True,FIXED_WING,1.0,VTOL,,,,0.0684
393,SURVEY,2.0,30.0,20.0,350.0,RURAL,VERTICAL,VERTICAL,,True,False,None,,None,,NO_VALID_VEHICLE,No feasible aircraft design solution: Cruise speed requirement (350.0 km/h) exceeds platform dynamic limit (300.0 km/h).,0.0368
394,SURVEY,2.0,30.0,20.0,350.0,RURAL,VERTICAL,VERTICAL,,True,False,None,,None,,NO_VALID_VEHICLE,No feasible aircraft design solution: Cruise speed requirement (350.0 km/h) exceeds platform dynamic limit (300.0 km/h).,0.0354
395,MILITARY,0.79,31.7,3.0,33.7,RURAL,VERTICAL,VERTICAL,66439.25,True,True,MULTIROTOR,0.8,VTOL,,,,0.0677
396,AGRICULTURE,6.85,80.8,130.7,99.7,FOREST,VERTICAL,VERTICAL,42353.36,True,True,VTOL,0.95,MULTIROTOR,,,,0.0636
397,CUSTOM,22.85,39.3,47.2,67.2,MOUNTAIN,RUNWAY,RUNWAY,21356.21,True,True,FIXED_WING,1.0,VTOL,,,,0.0696
398,DISASTER_RESPONSE,1.01,12.8,2.9,18.0,INDOOR,VERTICAL,VERTICAL,25179.78,True,True,MULTIROTOR,0.8,None,,,,0.0644
399,TRAINING,4.98,140.7,111.5,69.0,DESERT,HAND_LAUNCH,BELLY_LANDING,63499.95,True,True,FIXED_WING,1.0,VTOL,,,,0.0638
400,MAPPING,4.59,35.7,69.2,116.8,MARINE,VERTICAL,VERTICAL,72400.32,True,True,VTOL,0.95,MULTIROTOR,,,,0.064
401,RESEARCH,6.84,38.5,131.7,76.5,RURAL,VERTICAL,VERTICAL,48734.5,True,True,VTOL,0.95,MULTIROTOR,,,,0.0672
402,CUSTOM,0.71,12.5,4.6,39.9,INDOOR,VERTICAL,VERTICAL,13954.74,True,True,MULTIROTOR,0.8,None,,,,0.0596
403,MILITARY,1.17,21.3,1.4,12.8,INDOOR,VERTICAL,VERTICAL,61768.83,True,True,MULTIROTOR,0.8,None,,,,0.0637
404,SURVEY,5.0,30.0,20.0,60.0,RURAL,VERTICAL,VERTICAL,10000.0,False,False,None,,None,,INVALID_REQUIREMENTS,Maximum takeoff weight limit (3.0 kg) must be greater than payload weight (5.0 kg).,0.0091
405,DELIVERY,3.84,148.7,94.6,106.7,FOREST,CATAPULT,RUNWAY,32529.95,True,True,FIXED_WING,1.0,VTOL,,,,0.133
406,RESEARCH,4.17,50.5,85.2,67.4,MOUNTAIN,RUNWAY,RUNWAY,19981.35,True,True,FIXED_WING,1.0,VTOL,,,,0.0673
407,DISASTER_RESPONSE,7.47,107.3,51.0,68.3,FOREST,VERTICAL,VERTICAL,26674.32,True,True,VTOL,0.95,MULTIROTOR,,,,0.0689
408,SECURITY,0.75,21.7,14.9,34.3,URBAN,VERTICAL,VERTICAL,13473.01,True,True,MULTIROTOR,0.8,VTOL,,,,0.063
409,INSPECTION,2.3,98.0,108.3,84.4,MOUNTAIN,RUNWAY,NET_RECOVERY,76864.84,True,True,VTOL,0.8,MULTIROTOR,,,,0.0639
410,SURVEY,25.0,30.0,250.0,60.0,RURAL,VERTICAL,VERTICAL,,True,False,None,,None,,NO_VALID_VEHICLE,No feasible aircraft design solution: Combined heavy payload (25.0 kg) and extended range (250.0 km) exceeds structural MTOW limit.,0.0371
411,SURVEY,18.0,280.0,20.0,60.0,RURAL,VERTICAL,VERTICAL,,True,False,None,,None,,NO_VALID_VEHICLE,No feasible aircraft design solution: Combined heavy payload (18.0 kg) and ultra-long endurance (280.0 min) is physically unachievable.,0.0366
412,SURVEY,45.0,30.0,20.0,60.0,RURAL,VERTICAL,VERTICAL,,True,False,None,,None,High payload mass (45.0 kg) requires specialized heavy-lift structural airframe.,NO_VALID_VEHICLE,No feasible aircraft design solution: Payload requirement (45.0 kg) exceeds maximum studio envelope limit (35.0 kg).,0.0374
413,AGRICULTURE,0.78,17.4,5.9,33.0,RURAL,VERTICAL,VERTICAL,34082.08,True,True,MULTIROTOR,0.8,VTOL,,,,0.0708
414,SURVEY,0.98,12.9,4.4,19.2,INDOOR,VERTICAL,VERTICAL,8159.14,True,True,MULTIROTOR,0.8,None,,,,0.0642
415,MILITARY,16.13,44.4,22.1,85.2,RURAL,VERTICAL,VERTICAL,9697.06,True,True,VTOL,0.7,MULTIROTOR,,,,0.0655
416,RESEARCH,3.36,100.4,50.8,76.6,RURAL,RUNWAY,NET_RECOVERY,57889.14,True,True,FIXED_WING,1.0,VTOL,,,,0.0653
417,MILITARY,3.59,91.9,108.3,99.8,FOREST,HAND_LAUNCH,NET_RECOVERY,16664.64,True,True,FIXED_WING,1.0,VTOL,,,,0.0659
418,MILITARY,2.89,142.6,72.0,67.5,RURAL,CATAPULT,PARACHUTE,71590.9,True,True,FIXED_WING,1.0,VTOL,,,,0.1313
419,RESEARCH,14.07,56.8,47.0,79.6,RURAL,VERTICAL,RUNWAY,41899.59,True,True,VTOL,0.95,MULTIROTOR,,,,0.0721
420,CUSTOM,1.32,142.3,35.3,74.9,MOUNTAIN,RUNWAY,NET_RECOVERY,28597.34,True,True,FIXED_WING,1.0,VTOL,,,,0.0666
421,SURVEY,5.0,30.0,20.0,60.0,RURAL,VERTICAL,VERTICAL,10000.0,False,False,None,,None,,INVALID_REQUIREMENTS,Maximum takeoff weight limit (3.0 kg) must be greater than payload weight (5.0 kg).,0.0082
422,SURVEY,2.0,30.0,500.0,60.0,RURAL,VERTICAL,VERTICAL,,True,False,None,,None,Extended range target (500.0 km) approaches maximum battery energy density threshold.,NO_VALID_VEHICLE,No feasible aircraft design solution: Range requirement (500.0 km) exceeds maximum studio envelope limit (450.0 km).,0.0349
423,SECURITY,0.5,6.3,1.5,31.6,INDOOR,VERTICAL,VERTICAL,8391.58,True,True,MULTIROTOR,0.8,None,,,,0.0592
424,AGRICULTURE,1.22,7.3,4.5,19.3,INDOOR,VERTICAL,VERTICAL,25379.94,True,True,MULTIROTOR,0.8,None,,,,0.0604
425,MILITARY,3.29,34.7,5.0,20.8,URBAN,VERTICAL,VERTICAL,2975.34,True,True,MULTIROTOR,0.8,VTOL,,,,0.0677
426,TRAINING,5.72,98.0,32.6,119.4,FOREST,VERTICAL,VERTICAL,71080.22,True,True,VTOL,0.95,MULTIROTOR,,,,0.0636
427,SURVEY,18.0,280.0,20.0,60.0,RURAL,VERTICAL,VERTICAL,,True,False,None,,None,,NO_VALID_VEHICLE,No feasible aircraft design solution: Combined heavy payload (18.0 kg) and ultra-long endurance (280.0 min) is physically unachievable.,0.0344
428,SECURITY,2.26,137.8,100.6,94.2,MOUNTAIN,RUNWAY,PARACHUTE,2012.03,True,True,FIXED_WING,1.0,VTOL,,,,0.0641
429,DELIVERY,3.04,134.6,105.9,66.6,FOREST,CATAPULT,RUNWAY,29190.4,True,True,FIXED_WING,1.0,VTOL,,,,0.0723
430,DELIVERY,0.48,6.5,4.3,12.3,INDOOR,VERTICAL,VERTICAL,13774.29,True,True,MULTIROTOR,0.8,None,,,,0.0811
431,SURVEY,18.0,280.0,20.0,60.0,RURAL,VERTICAL,VERTICAL,,True,False,None,,None,,NO_VALID_VEHICLE,No feasible aircraft design solution: Combined heavy payload (18.0 kg) and ultra-long endurance (280.0 min) is physically unachievable.,0.0353
432,SECURITY,1.13,11.6,2.3,24.4,URBAN,VERTICAL,VERTICAL,76555.92,True,True,MULTIROTOR,0.8,VTOL,,,,0.0737
433,TRAINING,10.59,23.4,62.5,52.8,DESERT,RUNWAY,RUNWAY,53647.96,True,True,FIXED_WING,1.0,VTOL,,,,0.0724
434,MAPPING,5.83,31.4,63.7,75.8,MOUNTAIN,VERTICAL,VERTICAL,46165.23,True,True,VTOL,0.95,MULTIROTOR,,,,0.0689
435,DELIVERY,1.44,23.4,9.7,45.1,URBAN,VERTICAL,VERTICAL,50748.64,True,True,MULTIROTOR,0.8,VTOL,,,,0.0626
436,TRAINING,0.83,12.2,1.6,30.5,INDOOR,VERTICAL,VERTICAL,76806.06,True,True,MULTIROTOR,0.8,None,,,,0.0598
437,CUSTOM,11.42,75.6,12.4,64.5,MOUNTAIN,VERTICAL,RUNWAY,58611.89,True,True,VTOL,0.5,MULTIROTOR,,,,0.072
438,TRAINING,1.39,24.8,10.3,33.6,URBAN,VERTICAL,VERTICAL,42970.2,True,True,MULTIROTOR,0.8,VTOL,,,,0.0632
439,INSPECTION,3.21,91.3,40.0,82.0,FOREST,RUNWAY,BELLY_LANDING,70890.99,True,True,VTOL,0.8,MULTIROTOR,,,,0.0649
440,DELIVERY,3.44,47.8,29.3,81.2,FOREST,CATAPULT,NET_RECOVERY,16637.11,True,True,FIXED_WING,0.85,VTOL,,,,0.0643
441,SECURITY,7.66,31.4,76.8,118.4,RURAL,VERTICAL,VERTICAL,24203.35,True,True,VTOL,0.95,MULTIROTOR,,,,0.0636
442,TRAINING,22.08,54.1,58.0,40.5,MOUNTAIN,VERTICAL,VERTICAL,43696.9,True,True,VTOL,0.95,MULTIROTOR,,,,0.0708
443,SURVEY,45.0,30.0,20.0,60.0,RURAL,VERTICAL,VERTICAL,,True,False,None,,None,High payload mass (45.0 kg) requires specialized heavy-lift structural airframe.,NO_VALID_VEHICLE,No feasible aircraft design solution: Payload requirement (45.0 kg) exceeds maximum studio envelope limit (35.0 kg).,0.036
444,SECURITY,7.89,31.8,76.4,96.8,FOREST,VERTICAL,VERTICAL,24735.3,True,True,VTOL,0.95,MULTIROTOR,,,,0.0624
445,SURVEY,1.8,25.2,14.2,31.3,URBAN,VERTICAL,VERTICAL,19177.13,True,True,MULTIROTOR,0.8,VTOL,,,,0.0626
446,MAPPING,1.12,10.7,0.8,31.2,INDOOR,VERTICAL,VERTICAL,12213.64,True,True,MULTIROTOR,0.8,None,,,,0.0593
447,SURVEY,0.0,30.0,20.0,60.0,RURAL,VERTICAL,VERTICAL,10000.0,False,False,None,,None,,INVALID_REQUIREMENTS,Payload weight must be greater than 0 kg. Provided: 0.0 kg.,0.008
448,MAPPING,2.16,58.8,42.9,61.7,MOUNTAIN,CATAPULT,RUNWAY,3306.37,True,True,FIXED_WING,1.0,VTOL,,,,0.0644
449,INSPECTION,0.24,10.4,0.6,30.1,INDOOR,VERTICAL,VERTICAL,51815.59,True,True,MULTIROTOR,0.8,None,,,,0.0636
450,SECURITY,4.49,119.6,70.5,98.0,RURAL,RUNWAY,RUNWAY,36410.28,True,True,FIXED_WING,1.0,VTOL,,,,0.0725
451,AGRICULTURE,1.52,114.0,97.9,61.8,MOUNTAIN,HAND_LAUNCH,NET_RECOVERY,62119.08,True,True,FIXED_WING,1.0,VTOL,,,,0.077
452,SURVEY,3.0,30.0,20.0,0.0,RURAL,VERTICAL,VERTICAL,10000.0,False,False,None,,None,,INVALID_REQUIREMENTS,Cruise speed must be greater than 0 km/h. Provided: 0.0 km/h.,0.0152
453,SURVEY,8.33,66.2,38.6,65.4,DESERT,RUNWAY,RUNWAY,79323.3,True,True,FIXED_WING,1.0,VTOL,,,,0.232
454,SECURITY,1.1,23.9,2.5,27.6,INDOOR,VERTICAL,VERTICAL,21860.17,True,True,MULTIROTOR,0.8,None,,,,0.0916
455,MILITARY,2.13,17.5,13.5,20.6,RURAL,VERTICAL,VERTICAL,72445.17,True,True,MULTIROTOR,0.8,VTOL,,,,0.0975
456,RESEARCH,4.23,109.0,101.3,67.7,MOUNTAIN,VERTICAL,VERTICAL,62869.77,True,True,VTOL,0.95,MULTIROTOR,,,,0.1361
457,SECURITY,3.77,27.2,4.6,27.7,URBAN,VERTICAL,VERTICAL,52277.02,True,True,MULTIROTOR,0.8,VTOL,,,,0.117
458,SECURITY,0.65,19.6,3.7,17.5,INDOOR,VERTICAL,VERTICAL,5804.67,True,True,MULTIROTOR,0.8,None,,,,0.107
459,SURVEY,0.29,12.4,2.2,39.2,INDOOR,VERTICAL,VERTICAL,74965.24,True,True,MULTIROTOR,0.8,None,,,,0.0796
460,RESEARCH,1.32,21.8,2.2,37.2,INDOOR,VERTICAL,VERTICAL,15860.4,True,True,MULTIROTOR,0.8,None,,,,0.0813
461,SECURITY,1.4,19.2,4.1,18.0,INDOOR,VERTICAL,VERTICAL,43690.71,True,True,MULTIROTOR,0.8,None,,,,0.0919
462,SURVEY,2.0,30.0,20.0,350.0,RURAL,VERTICAL,VERTICAL,,True,False,None,,None,,NO_VALID_VEHICLE,No feasible aircraft design solution: Cruise speed requirement (350.0 km/h) exceeds platform dynamic limit (300.0 km/h).,0.0495
463,MAPPING,4.74,80.8,99.6,97.3,DESERT,CATAPULT,NET_RECOVERY,75024.32,True,True,FIXED_WING,1.0,VTOL,,,,0.1053
464,CUSTOM,16.09,81.0,60.5,46.8,RURAL,VERTICAL,RUNWAY,75933.81,True,True,VTOL,0.95,MULTIROTOR,,,,0.0915
465,CUSTOM,3.82,35.5,6.3,36.2,RURAL,VERTICAL,VERTICAL,25535.85,True,True,MULTIROTOR,0.8,VTOL,,,,0.0946
466,TRAINING,1.17,77.0,114.7,84.9,RURAL,RUNWAY,BELLY_LANDING,69345.08,True,True,FIXED_WING,1.0,VTOL,,,,0.0948
467,RESEARCH,0.29,15.0,2.6,28.3,INDOOR,VERTICAL,VERTICAL,12830.43,True,True,MULTIROTOR,0.8,None,,,,0.085
468,INSPECTION,0.41,24.3,0.9,28.8,INDOOR,VERTICAL,VERTICAL,20044.94,True,True,MULTIROTOR,0.8,None,,,,0.0638
469,SURVEY,25.0,30.0,250.0,60.0,RURAL,VERTICAL,VERTICAL,,True,False,None,,None,,NO_VALID_VEHICLE,No feasible aircraft design solution: Combined heavy payload (25.0 kg) and extended range (250.0 km) exceeds structural MTOW limit.,0.0554
470,MAPPING,8.06,31.8,32.7,45.7,DESERT,VERTICAL,RUNWAY,11692.04,True,True,VTOL,0.95,MULTIROTOR,,,,0.0812
471,TRAINING,0.53,5.3,1.5,29.8,INDOOR,VERTICAL,VERTICAL,64376.34,True,True,MULTIROTOR,0.8,None,,,,0.0775
472,SURVEY,2.0,500.0,20.0,60.0,RURAL,VERTICAL,VERTICAL,,True,False,None,,None,,NO_VALID_VEHICLE,No feasible aircraft design solution: Endurance requirement (500.0 min) exceeds battery/fuel energy storage density limit (450.0 min).,0.0427
473,SURVEY,25.0,30.0,250.0,60.0,RURAL,VERTICAL,VERTICAL,,True,False,None,,None,,NO_VALID_VEHICLE,No feasible aircraft design solution: Combined heavy payload (25.0 kg) and extended range (250.0 km) exceeds structural MTOW limit.,0.0399
474,DELIVERY,3.19,39.5,13.7,39.4,URBAN,VERTICAL,VERTICAL,68146.36,True,True,MULTIROTOR,0.8,VTOL,,,,0.076
475,RESEARCH,1.09,35.0,7.1,29.5,URBAN,VERTICAL,VERTICAL,63820.52,True,True,MULTIROTOR,0.8,VTOL,,,,0.0631
476,AGRICULTURE,7.72,79.0,50.5,64.7,MARINE,VERTICAL,VERTICAL,69874.22,True,True,VTOL,0.95,MULTIROTOR,,,,0.0656
477,CUSTOM,22.91,56.2,48.1,71.6,MOUNTAIN,VERTICAL,VERTICAL,76936.49,True,True,VTOL,0.95,MULTIROTOR,,,,0.0724
478,DELIVERY,1.23,20.2,9.0,49.2,URBAN,VERTICAL,VERTICAL,12089.58,True,True,MULTIROTOR,0.8,VTOL,,,,0.0631
479,SURVEY,0.0,30.0,20.0,60.0,RURAL,VERTICAL,VERTICAL,10000.0,False,False,None,,None,,INVALID_REQUIREMENTS,Payload weight must be greater than 0 kg. Provided: 0.0 kg.,0.0128
480,MAPPING,14.03,53.3,34.4,54.0,RURAL,RUNWAY,VERTICAL,60101.85,True,True,VTOL,0.8,MULTIROTOR,,,,0.0675
481,SECURITY,4.87,48.5,105.1,111.8,MARINE,VERTICAL,VERTICAL,65417.48,True,True,VTOL,0.95,MULTIROTOR,,,,0.0649
482,SURVEY,3.0,-10.0,20.0,60.0,RURAL,VERTICAL,VERTICAL,10000.0,False,False,None,,None,,INVALID_REQUIREMENTS,Target flight time must be greater than 0 minutes. Provided: -10.0 min.,0.0082
483,DISASTER_RESPONSE,0.35,24.7,4.7,24.9,INDOOR,VERTICAL,VERTICAL,53621.86,True,True,MULTIROTOR,0.8,None,,,,0.064
484,MILITARY,1.04,23.8,1.8,22.7,INDOOR,VERTICAL,VERTICAL,51881.42,True,True,MULTIROTOR,0.8,None,,,,0.0602
485,AGRICULTURE,5.91,59.2,115.3,77.2,FOREST,VERTICAL,VERTICAL,34210.01,True,True,VTOL,0.95,MULTIROTOR,,,,0.0694
486,DELIVERY,0.46,24.1,0.9,21.5,INDOOR,VERTICAL,VERTICAL,22370.48,True,True,MULTIROTOR,0.8,None,,,,0.0641
487,INSPECTION,2.61,23.3,4.2,38.5,URBAN,VERTICAL,VERTICAL,26270.25,True,True,MULTIROTOR,0.8,VTOL,,,,0.0628
488,SURVEY,0.0,30.0,20.0,60.0,RURAL,VERTICAL,VERTICAL,10000.0,False,False,None,,None,,INVALID_REQUIREMENTS,Payload weight must be greater than 0 kg. Provided: 0.0 kg.,0.0077
489,CUSTOM,1.79,22.8,6.6,22.6,RURAL,VERTICAL,VERTICAL,71031.75,True,True,MULTIROTOR,0.8,VTOL,,,,0.0627
490,INSPECTION,2.82,18.7,14.0,30.7,URBAN,VERTICAL,VERTICAL,43939.46,True,True,MULTIROTOR,0.8,VTOL,,,,0.0658
491,MAPPING,1.03,98.3,34.3,74.8,FOREST,CATAPULT,NET_RECOVERY,59392.38,True,True,FIXED_WING,1.0,VTOL,,,,0.0724
492,SECURITY,2.82,14.8,7.5,30.6,RURAL,VERTICAL,VERTICAL,18733.53,True,True,MULTIROTOR,0.8,VTOL,,,,0.0718
493,MAPPING,22.77,57.3,55.0,60.3,MOUNTAIN,VERTICAL,VERTICAL,18599.53,True,True,VTOL,0.95,MULTIROTOR,,,,0.0642
494,RESEARCH,1.05,84.5,46.0,81.3,RURAL,RUNWAY,PARACHUTE,7968.96,True,True,FIXED_WING,1.0,VTOL,,,,0.0633
495,RESEARCH,1.47,136.3,40.4,98.7,FOREST,CATAPULT,BELLY_LANDING,25383.72,True,True,FIXED_WING,1.0,VTOL,,,,0.0642
496,DELIVERY,2.51,38.8,6.5,44.9,URBAN,VERTICAL,VERTICAL,26425.18,True,True,MULTIROTOR,0.8,VTOL,,,,0.0629
497,SECURITY,5.88,118.9,63.9,64.5,RURAL,VERTICAL,VERTICAL,55537.9,True,True,VTOL,0.95,MULTIROTOR,,,,0.064
498,RESEARCH,4.88,98.2,33.4,75.4,MOUNTAIN,RUNWAY,NET_RECOVERY,69047.69,True,True,FIXED_WING,1.0,VTOL,,,,0.066
499,MILITARY,7.14,81.1,94.6,85.1,FOREST,VERTICAL,VERTICAL,71658.36,True,True,VTOL,0.95,MULTIROTOR,,,,0.0666
500,SURVEY,18.0,280.0,20.0,60.0,RURAL,VERTICAL,VERTICAL,,True,False,None,,None,,NO_VALID_VEHICLE,No feasible aircraft design solution: Combined heavy payload (18.0 kg) and ultra-long endurance (280.0 min) is physically unachievable.,0.0358
501,TRAINING,0.47,8.6,2.8,33.8,INDOOR,VERTICAL,VERTICAL,37285.47,True,True,MULTIROTOR,0.8,None,,,,0.0647
502,SURVEY,2.0,30.0,500.0,60.0,RURAL,VERTICAL,VERTICAL,,True,False,None,,None,Extended range target (500.0 km) approaches maximum battery energy density threshold.,NO_VALID_VEHICLE,No feasible aircraft design solution: Range requirement (500.0 km) exceeds maximum studio envelope limit (450.0 km).,0.0354
503,RESEARCH,5.2,92.0,79.5,93.8,FOREST,VERTICAL,VERTICAL,18855.13,True,True,VTOL,0.95,MULTIROTOR,,,,0.064
504,RESEARCH,3.23,14.7,10.2,39.5,RURAL,VERTICAL,VERTICAL,66267.28,True,True,MULTIROTOR,0.8,VTOL,,,,0.0661
505,SURVEY,3.0,30.0,20.0,0.0,RURAL,VERTICAL,VERTICAL,10000.0,False,False,None,,None,,INVALID_REQUIREMENTS,Cruise speed must be greater than 0 km/h. Provided: 0.0 km/h.,0.0088
506,RESEARCH,3.62,98.4,84.4,86.8,FOREST,VERTICAL,VERTICAL,57320.58,True,True,VTOL,0.95,MULTIROTOR,,,,0.0641
507,TRAINING,3.97,59.0,89.0,103.7,MOUNTAIN,CATAPULT,BELLY_LANDING,10650.26,True,True,FIXED_WING,1.0,VTOL,,,,0.0645
508,DISASTER_RESPONSE,0.26,18.0,3.0,12.9,INDOOR,VERTICAL,VERTICAL,24039.94,True,True,MULTIROTOR,0.8,None,,,,0.0594
509,CUSTOM,17.99,33.6,76.1,71.2,RURAL,VERTICAL,RUNWAY,2132.36,True,True,VTOL,0.95,MULTIROTOR,,,,0.0637
510,TRAINING,2.28,23.9,12.6,47.8,URBAN,VERTICAL,VERTICAL,68152.95,True,True,MULTIROTOR,0.8,VTOL,,,,0.067
511,SECURITY,0.46,9.9,2.5,34.5,INDOOR,VERTICAL,VERTICAL,66705.2,True,True,MULTIROTOR,0.8,None,,,,0.0594
512,INSPECTION,0.77,9.2,1.8,30.2,INDOOR,VERTICAL,VERTICAL,13589.55,True,True,MULTIROTOR,0.8,None,,,,0.0615
513,MAPPING,3.02,119.9,66.1,72.7,MOUNTAIN,VERTICAL,VERTICAL,3356.31,True,True,VTOL,0.95,MULTIROTOR,,,,0.0665
514,SURVEY,18.0,280.0,20.0,60.0,RURAL,VERTICAL,VERTICAL,,True,False,None,,None,,NO_VALID_VEHICLE,No feasible aircraft design solution: Combined heavy payload (18.0 kg) and ultra-long endurance (280.0 min) is physically unachievable.,0.0382
515,DISASTER_RESPONSE,0.19,11.5,2.6,37.5,INDOOR,VERTICAL,VERTICAL,68530.35,True,True,MULTIROTOR,0.8,None,,,,0.0602
516,MILITARY,5.85,94.2,57.8,84.1,FOREST,VERTICAL,VERTICAL,2782.23,True,True,VTOL,0.95,MULTIROTOR,,,,0.0642
517,SECURITY,1.46,19.2,3.9,18.2,INDOOR,VERTICAL,VERTICAL,71087.97,True,True,MULTIROTOR,0.8,None,,,,0.0643
518,AGRICULTURE,3.17,27.2,14.0,28.4,URBAN,VERTICAL,VERTICAL,21883.46,True,True,MULTIROTOR,0.8,VTOL,,,,0.063
519,INSPECTION,12.19,85.7,24.2,58.7,RURAL,RUNWAY,RUNWAY,54785.26,True,True,VTOL,0.7,MULTIROTOR,,,,0.0717
520,SURVEY,4.79,132.4,68.6,55.5,RURAL,CATAPULT,NET_RECOVERY,66449.39,True,True,FIXED_WING,1.0,VTOL,,,,0.064
521,SECURITY,0.7,9.2,1.2,36.9,INDOOR,VERTICAL,VERTICAL,2979.34,True,True,MULTIROTOR,0.8,None,,,,0.0635
522,SURVEY,1.05,15.4,3.5,28.3,INDOOR,VERTICAL,VERTICAL,33001.48,True,True,MULTIROTOR,0.8,None,,,,0.0613
523,MILITARY,4.17,114.0,135.8,104.4,FOREST,VERTICAL,VERTICAL,14577.55,True,True,VTOL,0.95,MULTIROTOR,,,,0.0667
524,AGRICULTURE,3.1,103.5,65.4,74.4,DESERT,CATAPULT,RUNWAY,21832.38,True,True,FIXED_WING,1.0,VTOL,,,,0.0657
525,AGRICULTURE,2.27,26.1,4.1,24.9,URBAN,VERTICAL,VERTICAL,45553.65,True,True,MULTIROTOR,0.8,VTOL,,,,0.0664
526,CUSTOM,3.89,21.3,12.3,36.2,URBAN,VERTICAL,VERTICAL,73505.65,True,True,MULTIROTOR,0.8,VTOL,,,,0.0613
527,MAPPING,2.83,63.1,85.7,56.3,DESERT,HAND_LAUNCH,RUNWAY,70056.44,True,True,FIXED_WING,1.0,VTOL,,,,0.0689
528,SURVEY,2.0,500.0,20.0,60.0,RURAL,VERTICAL,VERTICAL,,True,False,None,,None,,NO_VALID_VEHICLE,No feasible aircraft design solution: Endurance requirement (500.0 min) exceeds battery/fuel energy storage density limit (450.0 min).,0.0379
529,MAPPING,1.01,18.1,4.6,10.8,INDOOR,VERTICAL,VERTICAL,13397.51,True,True,MULTIROTOR,0.8,None,,,,0.0639
530,DELIVERY,9.14,44.0,32.7,58.3,MOUNTAIN,VERTICAL,RUNWAY,32833.99,True,True,VTOL,0.95,MULTIROTOR,,,,0.066
531,SURVEY,18.0,280.0,20.0,60.0,RURAL,VERTICAL,VERTICAL,,True,False,None,,None,,NO_VALID_VEHICLE,No feasible aircraft design solution: Combined heavy payload (18.0 kg) and ultra-long endurance (280.0 min) is physically unachievable.,0.0398
532,AGRICULTURE,2.31,107.4,57.3,110.0,FOREST,VERTICAL,VERTICAL,51618.4,True,True,VTOL,0.95,MULTIROTOR,,,,0.0805
533,DELIVERY,0.82,19.3,1.5,37.8,INDOOR,VERTICAL,VERTICAL,64060.39,True,True,MULTIROTOR,0.8,None,,,,0.0966
534,CUSTOM,2.53,136.6,99.4,105.6,DESERT,RUNWAY,PARACHUTE,60743.22,True,True,FIXED_WING,1.0,VTOL,,,,0.0948
535,DELIVERY,11.27,79.3,63.9,73.9,MOUNTAIN,VERTICAL,VERTICAL,6779.16,True,True,VTOL,0.95,MULTIROTOR,,,,0.078
536,SURVEY,2.0,500.0,20.0,60.0,RURAL,VERTICAL,VERTICAL,,True,False,None,,None,,NO_VALID_VEHICLE,No feasible aircraft design solution: Endurance requirement (500.0 min) exceeds battery/fuel energy storage density limit (450.0 min).,0.0427
537,SURVEY,45.0,30.0,20.0,60.0,RURAL,VERTICAL,VERTICAL,,True,False,None,,None,High payload mass (45.0 kg) requires specialized heavy-lift structural airframe.,NO_VALID_VEHICLE,No feasible aircraft design solution: Payload requirement (45.0 kg) exceeds maximum studio envelope limit (35.0 kg).,0.0407
538,DISASTER_RESPONSE,0.42,13.1,3.3,19.0,INDOOR,VERTICAL,VERTICAL,16677.01,True,True,MULTIROTOR,0.8,None,,,,0.0698
539,SURVEY,3.0,30.0,20.0,0.0,RURAL,VERTICAL,VERTICAL,10000.0,False,False,None,,None,,INVALID_REQUIREMENTS,Cruise speed must be greater than 0 km/h. Provided: 0.0 km/h.,0.0107
540,DELIVERY,13.68,26.5,41.5,78.7,MOUNTAIN,RUNWAY,VERTICAL,75327.1,True,True,VTOL,0.8,MULTIROTOR,,,,0.0823
541,CUSTOM,0.85,31.2,13.7,45.1,RURAL,VERTICAL,VERTICAL,36857.51,True,True,MULTIROTOR,0.8,VTOL,,,,0.0792
542,SURVEY,3.0,30.0,20.0,0.0,RURAL,VERTICAL,VERTICAL,10000.0,False,False,None,,None,,INVALID_REQUIREMENTS,Cruise speed must be greater than 0 km/h. Provided: 0.0 km/h.,0.0089
543,RESEARCH,0.86,23.1,0.9,30.5,INDOOR,VERTICAL,VERTICAL,47819.72,True,True,MULTIROTOR,0.8,None,,,,0.0601
544,SURVEY,3.0,30.0,20.0,0.0,RURAL,VERTICAL,VERTICAL,10000.0,False,False,None,,None,,INVALID_REQUIREMENTS,Cruise speed must be greater than 0 km/h. Provided: 0.0 km/h.,0.0077
545,INSPECTION,3.21,129.8,88.7,94.7,MOUNTAIN,HAND_LAUNCH,BELLY_LANDING,21678.87,True,True,VTOL,0.8,MULTIROTOR,,,,0.0659
546,MILITARY,3.09,47.0,105.0,78.9,FOREST,RUNWAY,PARACHUTE,58848.17,True,True,FIXED_WING,1.0,VTOL,,,,0.0891
547,SECURITY,2.23,76.5,126.9,114.1,RURAL,VERTICAL,VERTICAL,9468.11,True,True,VTOL,0.95,MULTIROTOR,,,,0.082
548,DISASTER_RESPONSE,20.14,88.0,29.9,87.6,DESERT,RUNWAY,VERTICAL,61477.13,True,True,VTOL,0.8,MULTIROTOR,,,,0.0707
549,SECURITY,4.36,100.4,56.4,59.8,MOUNTAIN,CATAPULT,BELLY_LANDING,47783.65,True,True,FIXED_WING,1.0,VTOL,,,,0.0708
550,SECURITY,3.84,56.9,67.2,100.2,DESERT,HAND_LAUNCH,RUNWAY,42352.79,True,True,FIXED_WING,1.0,VTOL,,,,0.0754
551,SURVEY,2.0,500.0,20.0,60.0,RURAL,VERTICAL,VERTICAL,,True,False,None,,None,,NO_VALID_VEHICLE,No feasible aircraft design solution: Endurance requirement (500.0 min) exceeds battery/fuel energy storage density limit (450.0 min).,0.0422
552,DISASTER_RESPONSE,0.47,14.1,2.0,24.0,INDOOR,VERTICAL,VERTICAL,19847.7,True,True,MULTIROTOR,0.8,None,,,,0.0637
553,AGRICULTURE,1.47,6.0,3.9,22.9,INDOOR,VERTICAL,VERTICAL,68333.44,True,True,MULTIROTOR,0.8,None,,,,0.0632
554,CUSTOM,3.74,37.2,11.1,39.3,RURAL,VERTICAL,VERTICAL,2737.19,True,True,MULTIROTOR,0.8,VTOL,,,,0.071
555,SURVEY,1.05,20.6,4.3,34.9,INDOOR,VERTICAL,VERTICAL,32459.97,True,True,MULTIROTOR,0.8,None,,,,0.0647
556,SURVEY,0.25,5.3,0.7,10.8,INDOOR,VERTICAL,VERTICAL,18553.91,True,True,MULTIROTOR,0.8,None,,,,0.0733
557,AGRICULTURE,2.4,42.3,39.5,76.8,MARINE,VERTICAL,VERTICAL,79915.01,True,True,VTOL,0.95,MULTIROTOR,,,,0.0745
558,DISASTER_RESPONSE,5.03,57.4,70.7,85.9,FOREST,VERTICAL,VERTICAL,32896.53,True,True,VTOL,0.95,MULTIROTOR,,,,0.0708
559,MILITARY,1.35,130.9,78.4,50.3,DESERT,CATAPULT,RUNWAY,60084.79,True,True,FIXED_WING,1.0,VTOL,,,,0.0804
560,CUSTOM,1.09,54.6,78.8,59.4,MOUNTAIN,CATAPULT,RUNWAY,78239.53,True,True,FIXED_WING,1.0,VTOL,,,,0.069
561,DELIVERY,1.43,126.4,105.5,90.1,DESERT,RUNWAY,PARACHUTE,40116.59,True,True,FIXED_WING,1.0,VTOL,,,,0.076
562,DELIVERY,4.92,39.9,34.8,95.1,FOREST,VERTICAL,VERTICAL,64520.81,True,True,VTOL,0.95,MULTIROTOR,,,,0.0683
563,INSPECTION,4.62,70.0,89.9,68.4,MARINE,VERTICAL,VERTICAL,54557.78,True,True,VTOL,0.95,MULTIROTOR,,,,0.0699
564,AGRICULTURE,2.93,134.1,28.8,83.4,MOUNTAIN,RUNWAY,BELLY_LANDING,40249.18,True,True,FIXED_WING,1.0,VTOL,,,,0.0747
565,DISASTER_RESPONSE,23.14,34.0,57.9,49.9,RURAL,VERTICAL,RUNWAY,78055.06,True,True,VTOL,0.95,MULTIROTOR,,,,0.0681
566,MAPPING,1.13,21.4,4.3,33.9,INDOOR,VERTICAL,VERTICAL,61599.04,True,True,MULTIROTOR,0.8,None,,,,0.0647
567,DISASTER_RESPONSE,4.86,58.6,68.5,103.7,FOREST,CATAPULT,RUNWAY,73338.73,True,True,FIXED_WING,1.0,VTOL,,,,0.0799
568,TRAINING,3.83,35.5,7.7,33.0,RURAL,VERTICAL,VERTICAL,70154.71,True,True,MULTIROTOR,0.8,VTOL,,,,0.0905
569,RESEARCH,2.47,47.9,81.0,104.2,FOREST,VERTICAL,VERTICAL,19346.29,True,True,VTOL,0.95,MULTIROTOR,,,,0.0689
570,TRAINING,7.53,78.5,138.7,61.3,MARINE,VERTICAL,VERTICAL,22683.12,True,True,VTOL,0.95,MULTIROTOR,,,,0.0725
571,DISASTER_RESPONSE,3.62,48.2,100.0,76.6,FOREST,HAND_LAUNCH,PARACHUTE,6403.13,True,True,FIXED_WING,1.0,VTOL,,,,0.0638
572,MAPPING,3.03,38.9,3.3,32.9,RURAL,VERTICAL,VERTICAL,30265.84,True,True,MULTIROTOR,0.8,VTOL,,,,0.0623
573,MILITARY,6.44,99.0,54.7,73.5,MARINE,VERTICAL,VERTICAL,53725.11,True,True,VTOL,0.95,MULTIROTOR,,,,0.0675
574,SURVEY,45.0,30.0,20.0,60.0,RURAL,VERTICAL,VERTICAL,,True,False,None,,None,High payload mass (45.0 kg) requires specialized heavy-lift structural airframe.,NO_VALID_VEHICLE,No feasible aircraft design solution: Payload requirement (45.0 kg) exceeds maximum studio envelope limit (35.0 kg).,0.0357
575,SURVEY,2.0,30.0,20.0,350.0,RURAL,VERTICAL,VERTICAL,,True,False,None,,None,,NO_VALID_VEHICLE,No feasible aircraft design solution: Cruise speed requirement (350.0 km/h) exceeds platform dynamic limit (300.0 km/h).,0.0365
576,SURVEY,2.53,12.7,2.5,32.7,URBAN,VERTICAL,VERTICAL,30143.93,True,True,MULTIROTOR,0.8,VTOL,,,,0.0659
577,DELIVERY,1.95,22.1,12.7,24.1,URBAN,VERTICAL,VERTICAL,23724.32,True,True,MULTIROTOR,0.8,VTOL,,,,0.0712
578,MAPPING,3.71,19.2,6.2,40.9,URBAN,VERTICAL,VERTICAL,38750.93,True,True,MULTIROTOR,0.8,VTOL,,,,0.0624
579,DELIVERY,11.32,71.3,21.6,43.4,DESERT,VERTICAL,RUNWAY,53153.28,True,True,VTOL,0.7,MULTIROTOR,,,,0.0652
580,MILITARY,3.47,18.0,2.9,33.5,RURAL,VERTICAL,VERTICAL,33448.57,True,True,MULTIROTOR,0.8,VTOL,,,,0.0683
581,AGRICULTURE,4.41,45.5,29.6,63.8,DESERT,HAND_LAUNCH,PARACHUTE,22437.69,True,True,FIXED_WING,0.85,VTOL,,,,0.0641
582,CUSTOM,0.23,6.8,1.0,30.7,INDOOR,VERTICAL,VERTICAL,72632.75,True,True,MULTIROTOR,0.8,None,,,,0.0645
583,SURVEY,3.08,149.8,52.9,98.4,DESERT,HAND_LAUNCH,RUNWAY,18078.05,True,True,FIXED_WING,1.0,VTOL,,,,0.068
584,DISASTER_RESPONSE,1.49,7.6,4.9,38.5,INDOOR,VERTICAL,VERTICAL,65563.61,True,True,MULTIROTOR,0.8,None,,,,0.0594
585,AGRICULTURE,2.22,29.2,5.0,20.3,RURAL,VERTICAL,VERTICAL,8873.69,True,True,MULTIROTOR,0.8,VTOL,,,,0.0631
586,SURVEY,16.2,79.7,49.4,89.4,MOUNTAIN,RUNWAY,VERTICAL,71647.37,True,True,VTOL,0.8,MULTIROTOR,,,,0.0653
587,SURVEY,3.0,-10.0,20.0,60.0,RURAL,VERTICAL,VERTICAL,10000.0,False,False,None,,None,,INVALID_REQUIREMENTS,Target flight time must be greater than 0 minutes. Provided: -10.0 min.,0.0095
588,DISASTER_RESPONSE,4.12,82.8,108.9,94.7,RURAL,VERTICAL,VERTICAL,18766.98,True,True,VTOL,0.95,MULTIROTOR,,,,0.0668
589,AGRICULTURE,6.12,65.6,32.4,97.8,MARINE,VERTICAL,VERTICAL,13924.66,True,True,VTOL,0.95,MULTIROTOR,,,,0.0642
590,RESEARCH,10.63,69.9,23.9,50.8,DESERT,VERTICAL,RUNWAY,4862.11,True,True,VTOL,0.7,MULTIROTOR,,,,0.0643
591,CUSTOM,7.7,85.7,56.8,108.0,RURAL,VERTICAL,VERTICAL,26131.08,True,True,VTOL,0.95,MULTIROTOR,,,,0.0632
592,SURVEY,20.66,82.4,70.2,69.9,RURAL,RUNWAY,RUNWAY,66706.64,True,True,FIXED_WING,1.0,VTOL,,,,0.0646
593,RESEARCH,7.63,81.9,149.3,101.0,RURAL,VERTICAL,VERTICAL,64556.21,True,True,VTOL,0.95,MULTIROTOR,,,,0.0773
594,SURVEY,18.0,280.0,20.0,60.0,RURAL,VERTICAL,VERTICAL,,True,False,None,,None,,NO_VALID_VEHICLE,No feasible aircraft design solution: Combined heavy payload (18.0 kg) and ultra-long endurance (280.0 min) is physically unachievable.,0.0359
595,RESEARCH,7.01,80.4,104.4,114.8,FOREST,VERTICAL,VERTICAL,52552.35,True,True,VTOL,0.95,MULTIROTOR,,,,0.0679
596,SURVEY,2.0,30.0,500.0,60.0,RURAL,VERTICAL,VERTICAL,,True,False,None,,None,Extended range target (500.0 km) approaches maximum battery energy density threshold.,NO_VALID_VEHICLE,No feasible aircraft design solution: Range requirement (500.0 km) exceeds maximum studio envelope limit (450.0 km).,0.0378
597,CUSTOM,19.35,73.1,78.5,49.8,MOUNTAIN,VERTICAL,VERTICAL,35981.62,True,True,VTOL,0.95,MULTIROTOR,,,,0.0643
598,MILITARY,2.26,13.6,5.2,39.4,URBAN,VERTICAL,VERTICAL,24545.37,True,True,MULTIROTOR,0.8,VTOL,,,,0.0647
599,TRAINING,2.11,74.7,71.5,71.4,MARINE,VERTICAL,VERTICAL,70890.93,True,True,VTOL,0.95,MULTIROTOR,,,,0.0691
600,AGRICULTURE,7.12,77.8,76.0,97.9,RURAL,VERTICAL,VERTICAL,52986.68,True,True,VTOL,0.95,MULTIROTOR,,,,0.0649
601,MILITARY,1.3,64.2,32.9,92.0,MOUNTAIN,RUNWAY,RUNWAY,77650.56,True,True,FIXED_WING,1.0,VTOL,,,,0.0688
602,SURVEY,3.46,19.7,11.1,42.3,URBAN,VERTICAL,VERTICAL,57951.19,True,True,MULTIROTOR,0.8,VTOL,,,,0.0635
603,SURVEY,5.0,30.0,20.0,60.0,RURAL,VERTICAL,VERTICAL,10000.0,False,False,None,,None,,INVALID_REQUIREMENTS,Maximum takeoff weight limit (3.0 kg) must be greater than payload weight (5.0 kg).,0.0082
604,AGRICULTURE,4.39,133.7,31.0,99.0,MOUNTAIN,CATAPULT,BELLY_LANDING,29996.18,True,True,FIXED_WING,1.0,VTOL,,,,0.0641
605,MILITARY,0.98,15.1,2.6,20.8,URBAN,VERTICAL,VERTICAL,54720.79,True,True,MULTIROTOR,0.8,VTOL,,,,0.0627
606,SECURITY,3.16,24.9,10.1,38.6,URBAN,VERTICAL,VERTICAL,12797.02,True,True,MULTIROTOR,0.8,VTOL,,,,0.0634
607,SECURITY,0.67,23.2,1.5,22.6,INDOOR,VERTICAL,VERTICAL,66810.98,True,True,MULTIROTOR,0.8,None,,,,0.0603
608,TRAINING,16.3,72.3,74.3,78.2,DESERT,RUNWAY,RUNWAY,4814.86,True,True,FIXED_WING,1.0,VTOL,,,,0.0688
609,SURVEY,3.48,127.3,86.2,67.1,RURAL,RUNWAY,PARACHUTE,13727.77,True,True,FIXED_WING,1.0,VTOL,,,,0.0691
610,INSPECTION,5.8,91.8,89.8,90.1,FOREST,VERTICAL,VERTICAL,55480.48,True,True,VTOL,0.95,MULTIROTOR,,,,0.0643
611,INSPECTION,1.34,10.0,4.1,26.2,INDOOR,VERTICAL,VERTICAL,59122.25,True,True,MULTIROTOR,0.8,None,,,,0.067
612,SECURITY,6.95,94.7,114.7,84.9,FOREST,VERTICAL,VERTICAL,66222.8,True,True,VTOL,0.95,MULTIROTOR,,,,0.0646
613,SURVEY,18.0,280.0,20.0,60.0,RURAL,VERTICAL,VERTICAL,,True,False,None,,None,,NO_VALID_VEHICLE,No feasible aircraft design solution: Combined heavy payload (18.0 kg) and ultra-long endurance (280.0 min) is physically unachievable.,0.0378
614,SURVEY,2.0,500.0,20.0,60.0,RURAL,VERTICAL,VERTICAL,,True,False,None,,None,,NO_VALID_VEHICLE,No feasible aircraft design solution: Endurance requirement (500.0 min) exceeds battery/fuel energy storage density limit (450.0 min).,0.0367
615,MILITARY,2.85,124.1,66.2,94.1,MOUNTAIN,RUNWAY,BELLY_LANDING,5925.89,True,True,FIXED_WING,1.0,VTOL,,,,0.0661
616,SURVEY,2.0,30.0,20.0,350.0,RURAL,VERTICAL,VERTICAL,,True,False,None,,None,,NO_VALID_VEHICLE,No feasible aircraft design solution: Cruise speed requirement (350.0 km/h) exceeds platform dynamic limit (300.0 km/h).,0.0344
617,SURVEY,3.62,32.3,10.0,36.5,URBAN,VERTICAL,VERTICAL,71978.33,True,True,MULTIROTOR,0.8,VTOL,,,,0.063
618,DELIVERY,0.78,8.4,4.8,39.8,INDOOR,VERTICAL,VERTICAL,29933.52,True,True,MULTIROTOR,0.8,None,,,,0.0596
619,SURVEY,18.0,280.0,20.0,60.0,RURAL,VERTICAL,VERTICAL,,True,False,None,,None,,NO_VALID_VEHICLE,No feasible aircraft design solution: Combined heavy payload (18.0 kg) and ultra-long endurance (280.0 min) is physically unachievable.,0.0341
620,AGRICULTURE,6.98,91.3,148.6,65.6,FOREST,VERTICAL,VERTICAL,21648.16,True,True,VTOL,0.95,MULTIROTOR,,,,0.0639
621,SECURITY,3.09,129.7,84.5,82.7,RURAL,CATAPULT,NET_RECOVERY,20448.38,True,True,FIXED_WING,1.0,VTOL,,,,0.0715
622,RESEARCH,24.3,78.6,69.0,46.7,DESERT,VERTICAL,RUNWAY,7043.46,True,True,VTOL,0.95,MULTIROTOR,,,,0.0653
623,SECURITY,2.48,34.7,3.7,25.3,URBAN,VERTICAL,VERTICAL,78509.42,True,True,MULTIROTOR,0.8,VTOL,,,,0.0627
624,INSPECTION,1.42,111.2,111.7,96.2,DESERT,RUNWAY,RUNWAY,76166.18,True,True,VTOL,0.8,MULTIROTOR,,,,0.0635
625,MAPPING,20.27,59.2,35.7,72.2,RURAL,RUNWAY,RUNWAY,50981.5,True,True,FIXED_WING,1.0,VTOL,,,,0.0656
626,MAPPING,22.89,26.6,54.6,67.0,DESERT,VERTICAL,VERTICAL,39806.07,True,True,VTOL,0.95,MULTIROTOR,,,,0.0692
627,SURVEY,2.0,30.0,500.0,60.0,RURAL,VERTICAL,VERTICAL,,True,False,None,,None,Extended range target (500.0 km) approaches maximum battery energy density threshold.,NO_VALID_VEHICLE,No feasible aircraft design solution: Range requirement (500.0 km) exceeds maximum studio envelope limit (450.0 km).,0.0378
628,AGRICULTURE,1.39,6.7,3.6,38.3,INDOOR,VERTICAL,VERTICAL,11926.86,True,True,MULTIROTOR,0.8,None,,,,0.0617
629,MAPPING,4.92,60.1,60.8,68.1,FOREST,CATAPULT,NET_RECOVERY,11446.18,True,True,FIXED_WING,1.0,VTOL,,,,0.0715
630,SURVEY,3.0,-10.0,20.0,60.0,RURAL,VERTICAL,VERTICAL,10000.0,False,False,None,,None,,INVALID_REQUIREMENTS,Target flight time must be greater than 0 minutes. Provided: -10.0 min.,0.0092
631,SECURITY,1.19,7.4,4.5,10.2,INDOOR,VERTICAL,VERTICAL,54521.59,True,True,MULTIROTOR,0.8,None,,,,0.0701
632,SURVEY,3.0,-10.0,20.0,60.0,RURAL,VERTICAL,VERTICAL,10000.0,False,False,None,,None,,INVALID_REQUIREMENTS,Target flight time must be greater than 0 minutes. Provided: -10.0 min.,0.0077
633,SURVEY,45.0,30.0,20.0,60.0,RURAL,VERTICAL,VERTICAL,,True,False,None,,None,High payload mass (45.0 kg) requires specialized heavy-lift structural airframe.,NO_VALID_VEHICLE,No feasible aircraft design solution: Payload requirement (45.0 kg) exceeds maximum studio envelope limit (35.0 kg).,0.0376
634,MILITARY,0.9,6.0,2.8,13.3,INDOOR,VERTICAL,VERTICAL,68834.46,True,True,MULTIROTOR,0.8,None,,,,0.0622
635,RESEARCH,3.68,36.4,3.0,50.0,RURAL,VERTICAL,VERTICAL,18762.56,True,True,MULTIROTOR,0.8,VTOL,,,,0.1245
636,DISASTER_RESPONSE,0.48,12.1,3.8,26.1,INDOOR,VERTICAL,VERTICAL,63758.75,True,True,MULTIROTOR,0.8,None,,,,0.0647
637,SURVEY,2.0,500.0,20.0,60.0,RURAL,VERTICAL,VERTICAL,,True,False,None,,None,,NO_VALID_VEHICLE,No feasible aircraft design solution: Endurance requirement (500.0 min) exceeds battery/fuel energy storage density limit (450.0 min).,0.0373
638,MAPPING,20.44,67.1,79.6,50.2,RURAL,VERTICAL,RUNWAY,5148.12,True,True,VTOL,0.95,MULTIROTOR,,,,0.0685
639,SURVEY,45.0,30.0,20.0,60.0,RURAL,VERTICAL,VERTICAL,,True,False,None,,None,High payload mass (45.0 kg) requires specialized heavy-lift structural airframe.,NO_VALID_VEHICLE,No feasible aircraft design solution: Payload requirement (45.0 kg) exceeds maximum studio envelope limit (35.0 kg).,0.0346
640,MILITARY,17.23,60.0,79.1,72.9,MOUNTAIN,RUNWAY,RUNWAY,9082.82,True,True,FIXED_WING,1.0,VTOL,,,,0.0645
641,MAPPING,2.54,46.4,64.9,87.9,DESERT,HAND_LAUNCH,NET_RECOVERY,19908.45,True,True,FIXED_WING,1.0,VTOL,,,,0.0652
642,DISASTER_RESPONSE,3.94,132.8,32.3,91.4,FOREST,RUNWAY,BELLY_LANDING,60551.81,True,True,FIXED_WING,1.0,VTOL,,,,0.0685
643,MILITARY,2.08,127.1,64.4,101.2,DESERT,HAND_LAUNCH,RUNWAY,6476.82,True,True,FIXED_WING,1.0,VTOL,,,,0.0641
644,SURVEY,2.0,30.0,500.0,60.0,RURAL,VERTICAL,VERTICAL,,True,False,None,,None,Extended range target (500.0 km) approaches maximum battery energy density threshold.,NO_VALID_VEHICLE,No feasible aircraft design solution: Range requirement (500.0 km) exceeds maximum studio envelope limit (450.0 km).,0.0377
645,DELIVERY,2.87,37.9,6.0,46.9,URBAN,VERTICAL,VERTICAL,56899.22,True,True,MULTIROTOR,0.8,VTOL,,,,0.0661
646,MILITARY,20.43,32.5,43.2,64.1,DESERT,VERTICAL,VERTICAL,37679.72,True,True,VTOL,0.95,MULTIROTOR,,,,0.067
647,CUSTOM,3.65,80.4,75.8,83.2,RURAL,RUNWAY,PARACHUTE,46770.74,True,True,FIXED_WING,1.0,VTOL,,,,0.0684
648,INSPECTION,1.14,116.3,67.4,106.0,MOUNTAIN,CATAPULT,BELLY_LANDING,50854.77,True,True,VTOL,0.8,MULTIROTOR,,,,0.0658
649,SURVEY,3.45,76.9,65.4,98.5,RURAL,HAND_LAUNCH,BELLY_LANDING,77375.77,True,True,FIXED_WING,1.0,VTOL,,,,0.0697
650,MAPPING,21.93,64.6,27.0,73.9,DESERT,RUNWAY,VERTICAL,9254.71,True,True,VTOL,0.8,MULTIROTOR,,,,0.0694
651,RESEARCH,0.54,12.4,4.9,32.2,INDOOR,VERTICAL,VERTICAL,65561.75,True,True,MULTIROTOR,0.8,None,,,,0.0619
652,SECURITY,21.58,23.9,18.8,62.2,RURAL,VERTICAL,RUNWAY,3355.12,True,True,VTOL,0.7,MULTIROTOR,,,,0.0682
653,RESEARCH,0.95,20.2,10.8,24.2,URBAN,VERTICAL,VERTICAL,13141.8,True,True,MULTIROTOR,0.8,VTOL,,,,0.0632
654,SURVEY,2.0,30.0,20.0,350.0,RURAL,VERTICAL,VERTICAL,,True,False,None,,None,,NO_VALID_VEHICLE,No feasible aircraft design solution: Cruise speed requirement (350.0 km/h) exceeds platform dynamic limit (300.0 km/h).,0.0345
655,DELIVERY,9.33,25.0,78.0,50.9,DESERT,RUNWAY,VERTICAL,73293.07,True,True,VTOL,0.8,MULTIROTOR,,,,0.0631
656,RESEARCH,3.61,14.5,6.7,40.8,RURAL,VERTICAL,VERTICAL,36291.07,True,True,MULTIROTOR,0.8,VTOL,,,,0.0674
657,RESEARCH,4.64,83.2,100.3,96.9,FOREST,VERTICAL,VERTICAL,77470.62,True,True,VTOL,0.95,MULTIROTOR,,,,0.0859
658,DISASTER_RESPONSE,5.37,110.2,41.3,62.6,FOREST,VERTICAL,VERTICAL,39010.95,True,True,VTOL,0.95,MULTIROTOR,,,,0.0917
659,SURVEY,0.28,15.4,4.6,32.0,INDOOR,VERTICAL,VERTICAL,56952.39,True,True,MULTIROTOR,0.8,None,,,,0.2038
660,SURVEY,0.0,30.0,20.0,60.0,RURAL,VERTICAL,VERTICAL,10000.0,False,False,None,,None,,INVALID_REQUIREMENTS,Payload weight must be greater than 0 kg. Provided: 0.0 kg.,0.0162
661,SURVEY,4.78,33.7,59.5,76.1,RURAL,VERTICAL,VERTICAL,52439.78,True,True,VTOL,0.95,MULTIROTOR,,,,0.111
662,MAPPING,10.88,53.2,35.5,59.0,DESERT,VERTICAL,VERTICAL,76938.55,True,True,VTOL,0.95,MULTIROTOR,,,,0.1085
663,SURVEY,0.0,30.0,20.0,60.0,RURAL,VERTICAL,VERTICAL,10000.0,False,False,None,,None,,INVALID_REQUIREMENTS,Payload weight must be greater than 0 kg. Provided: 0.0 kg.,0.0171
664,TRAINING,0.37,8.4,4.2,35.3,INDOOR,VERTICAL,VERTICAL,74303.14,True,True,MULTIROTOR,0.8,None,,,,0.0937
665,SURVEY,2.0,30.0,500.0,60.0,RURAL,VERTICAL,VERTICAL,,True,False,None,,None,Extended range target (500.0 km) approaches maximum battery energy density threshold.,NO_VALID_VEHICLE,No feasible aircraft design solution: Range requirement (500.0 km) exceeds maximum studio envelope limit (450.0 km).,0.0587
666,MILITARY,14.04,55.1,78.8,44.0,MOUNTAIN,VERTICAL,RUNWAY,12188.23,True,True,VTOL,0.95,MULTIROTOR,,,,0.0855
667,SECURITY,4.79,104.0,138.4,108.7,RURAL,VERTICAL,VERTICAL,23548.83,True,True,VTOL,0.95,MULTIROTOR,,,,0.0865
668,DISASTER_RESPONSE,3.84,65.3,79.5,57.8,FOREST,RUNWAY,PARACHUTE,67930.55,True,True,FIXED_WING,1.0,VTOL,,,,0.0942
669,SURVEY,0.0,30.0,20.0,60.0,RURAL,VERTICAL,VERTICAL,10000.0,False,False,None,,None,,INVALID_REQUIREMENTS,Payload weight must be greater than 0 kg. Provided: 0.0 kg.,0.0124
670,MILITARY,3.26,81.7,71.1,93.6,DESERT,RUNWAY,NET_RECOVERY,19658.86,True,True,FIXED_WING,1.0,VTOL,,,,0.1747
671,MAPPING,0.26,17.3,1.4,25.8,INDOOR,VERTICAL,VERTICAL,11686.44,True,True,MULTIROTOR,0.8,None,,,,0.1285
672,MAPPING,12.33,39.1,51.1,78.7,RURAL,VERTICAL,VERTICAL,16623.54,True,True,VTOL,0.95,MULTIROTOR,,,,0.1044
673,CUSTOM,1.37,18.3,1.9,24.6,INDOOR,VERTICAL,VERTICAL,11065.22,True,True,MULTIROTOR,0.8,None,,,,0.094
674,MILITARY,5.61,34.0,68.2,83.0,FOREST,VERTICAL,VERTICAL,55795.57,True,True,VTOL,0.95,MULTIROTOR,,,,0.0985
675,RESEARCH,4.82,106.0,98.9,80.9,MOUNTAIN,VERTICAL,VERTICAL,11006.22,True,True,VTOL,0.95,MULTIROTOR,,,,0.0904
676,DELIVERY,1.29,21.6,8.6,39.1,URBAN,VERTICAL,VERTICAL,43711.54,True,True,MULTIROTOR,0.8,VTOL,,,,0.0965
677,MAPPING,5.39,70.4,114.0,116.9,RURAL,VERTICAL,VERTICAL,42627.35,True,True,VTOL,0.95,MULTIROTOR,,,,0.0752
678,SURVEY,2.0,30.0,500.0,60.0,RURAL,VERTICAL,VERTICAL,,True,False,None,,None,Extended range target (500.0 km) approaches maximum battery energy density threshold.,NO_VALID_VEHICLE,No feasible aircraft design solution: Range requirement (500.0 km) exceeds maximum studio envelope limit (450.0 km).,0.0421
679,AGRICULTURE,2.41,10.3,4.3,48.2,URBAN,VERTICAL,VERTICAL,29231.39,True,True,MULTIROTOR,0.8,VTOL,,,,0.0701
680,TRAINING,2.64,22.2,11.0,25.3,RURAL,VERTICAL,VERTICAL,37806.11,True,True,MULTIROTOR,0.8,VTOL,,,,0.0642
681,TRAINING,7.52,96.2,149.7,76.1,MARINE,VERTICAL,VERTICAL,67865.23,True,True,VTOL,0.95,MULTIROTOR,,,,0.0657
682,SURVEY,2.0,30.0,20.0,350.0,RURAL,VERTICAL,VERTICAL,,True,False,None,,None,,NO_VALID_VEHICLE,No feasible aircraft design solution: Cruise speed requirement (350.0 km/h) exceeds platform dynamic limit (300.0 km/h).,0.0357
683,DELIVERY,0.24,21.3,1.4,37.0,INDOOR,VERTICAL,VERTICAL,13161.18,True,True,MULTIROTOR,0.8,None,,,,0.0643
684,TRAINING,3.25,56.5,79.4,110.0,DESERT,CATAPULT,NET_RECOVERY,19627.88,True,True,FIXED_WING,1.0,VTOL,,,,0.0665
685,MAPPING,0.7,10.4,2.4,25.6,INDOOR,VERTICAL,VERTICAL,17269.95,True,True,MULTIROTOR,0.8,None,,,,0.0681
686,MAPPING,19.41,82.3,11.4,52.3,MOUNTAIN,VERTICAL,VERTICAL,73982.23,True,True,VTOL,0.5,MULTIROTOR,,,,0.0663
687,SURVEY,45.0,30.0,20.0,60.0,RURAL,VERTICAL,VERTICAL,,True,False,None,,None,High payload mass (45.0 kg) requires specialized heavy-lift structural airframe.,NO_VALID_VEHICLE,No feasible aircraft design solution: Payload requirement (45.0 kg) exceeds maximum studio envelope limit (35.0 kg).,0.0389
688,SURVEY,2.0,30.0,20.0,350.0,RURAL,VERTICAL,VERTICAL,,True,False,None,,None,,NO_VALID_VEHICLE,No feasible aircraft design solution: Cruise speed requirement (350.0 km/h) exceeds platform dynamic limit (300.0 km/h).,0.0519
689,MILITARY,22.62,54.1,32.7,61.8,DESERT,VERTICAL,RUNWAY,28722.84,True,True,VTOL,0.95,MULTIROTOR,,,,0.0931
690,MILITARY,3.93,28.4,8.3,43.9,URBAN,VERTICAL,VERTICAL,49471.64,True,True,MULTIROTOR,0.8,VTOL,,,,0.0683
691,SURVEY,18.0,280.0,20.0,60.0,RURAL,VERTICAL,VERTICAL,,True,False,None,,None,,NO_VALID_VEHICLE,No feasible aircraft design solution: Combined heavy payload (18.0 kg) and ultra-long endurance (280.0 min) is physically unachievable.,0.0375
692,DISASTER_RESPONSE,2.64,29.2,4.4,37.7,RURAL,VERTICAL,VERTICAL,7829.71,True,True,MULTIROTOR,0.8,VTOL,,,,0.0672
693,RESEARCH,0.11,7.0,1.1,22.9,INDOOR,VERTICAL,VERTICAL,10638.63,True,True,MULTIROTOR,0.8,None,,,,0.0644
694,MILITARY,0.96,37.4,3.0,40.1,RURAL,VERTICAL,VERTICAL,23081.45,True,True,MULTIROTOR,0.8,VTOL,,,,0.0647
695,MAPPING,11.16,70.9,41.9,81.2,RURAL,RUNWAY,RUNWAY,68521.47,True,True,FIXED_WING,1.0,VTOL,,,,0.0707
696,RESEARCH,0.11,17.8,2.8,17.9,INDOOR,VERTICAL,VERTICAL,49853.31,True,True,MULTIROTOR,0.8,None,,,,0.0604
697,CUSTOM,2.52,18.1,12.5,28.6,URBAN,VERTICAL,VERTICAL,69041.45,True,True,MULTIROTOR,0.8,VTOL,,,,0.0643
698,DISASTER_RESPONSE,3.06,19.8,11.1,33.4,URBAN,VERTICAL,VERTICAL,73512.56,True,True,MULTIROTOR,0.8,VTOL,,,,0.0637
699,INSPECTION,1.7,11.3,2.4,25.4,URBAN,VERTICAL,VERTICAL,27306.19,True,True,MULTIROTOR,0.8,VTOL,,,,0.0702
700,SURVEY,18.0,280.0,20.0,60.0,RURAL,VERTICAL,VERTICAL,,True,False,None,,None,,NO_VALID_VEHICLE,No feasible aircraft design solution: Combined heavy payload (18.0 kg) and ultra-long endurance (280.0 min) is physically unachievable.,0.036
701,SURVEY,45.0,30.0,20.0,60.0,RURAL,VERTICAL,VERTICAL,,True,False,None,,None,High payload mass (45.0 kg) requires specialized heavy-lift structural airframe.,NO_VALID_VEHICLE,No feasible aircraft design solution: Payload requirement (45.0 kg) exceeds maximum studio envelope limit (35.0 kg).,0.0372
702,MAPPING,21.36,85.4,75.9,53.9,MOUNTAIN,RUNWAY,RUNWAY,62048.56,True,True,FIXED_WING,1.0,VTOL,,,,0.0813
703,INSPECTION,13.46,52.4,13.8,77.7,DESERT,RUNWAY,VERTICAL,33754.45,True,True,VTOL,0.5,MULTIROTOR,,,,0.0672
704,SURVEY,2.0,30.0,500.0,60.0,RURAL,VERTICAL,VERTICAL,,True,False,None,,None,Extended range target (500.0 km) approaches maximum battery energy density threshold.,NO_VALID_VEHICLE,No feasible aircraft design solution: Range requirement (500.0 km) exceeds maximum studio envelope limit (450.0 km).,0.0362
705,SURVEY,2.0,500.0,20.0,60.0,RURAL,VERTICAL,VERTICAL,,True,False,None,,None,,NO_VALID_VEHICLE,No feasible aircraft design solution: Endurance requirement (500.0 min) exceeds battery/fuel energy storage density limit (450.0 min).,0.0361
706,MAPPING,20.51,28.3,75.1,81.8,DESERT,RUNWAY,VERTICAL,26363.02,True,True,VTOL,0.8,MULTIROTOR,,,,0.0698
707,CUSTOM,3.14,57.0,96.5,62.0,FOREST,HAND_LAUNCH,PARACHUTE,68494.23,True,True,FIXED_WING,1.0,VTOL,,,,0.064
708,SURVEY,3.0,30.0,-5.0,60.0,RURAL,VERTICAL,VERTICAL,10000.0,False,False,None,,None,,INVALID_REQUIREMENTS,Target range must be greater than 0 km. Provided: -5.0 km.,0.0102
709,SURVEY,3.0,-10.0,20.0,60.0,RURAL,VERTICAL,VERTICAL,10000.0,False,False,None,,None,,INVALID_REQUIREMENTS,Target flight time must be greater than 0 minutes. Provided: -10.0 min.,0.0082
710,SURVEY,5.6,55.7,115.9,119.4,RURAL,VERTICAL,VERTICAL,67630.41,True,True,VTOL,0.95,MULTIROTOR,,,,0.073
711,SECURITY,8.8,59.5,68.8,54.2,DESERT,VERTICAL,VERTICAL,25175.22,True,True,VTOL,0.95,MULTIROTOR,,,,0.0655
712,AGRICULTURE,0.73,7.8,3.5,18.6,INDOOR,VERTICAL,VERTICAL,74004.04,True,True,MULTIROTOR,0.8,None,,,,0.0611
713,SURVEY,2.0,30.0,500.0,60.0,RURAL,VERTICAL,VERTICAL,,True,False,None,,None,Extended range target (500.0 km) approaches maximum battery energy density threshold.,NO_VALID_VEHICLE,No feasible aircraft design solution: Range requirement (500.0 km) exceeds maximum studio envelope limit (450.0 km).,0.0352
714,DELIVERY,7.73,77.4,140.0,99.4,MOUNTAIN,VERTICAL,VERTICAL,48924.27,True,True,VTOL,0.95,MULTIROTOR,,,,0.0653
715,SURVEY,20.81,51.3,67.0,40.6,MOUNTAIN,RUNWAY,VERTICAL,65579.67,True,True,VTOL,0.8,MULTIROTOR,,,,0.0668
716,SURVEY,1.21,10.6,4.5,40.4,RURAL,VERTICAL,VERTICAL,59936.72,True,True,MULTIROTOR,0.8,VTOL,,,,0.0752
717,SECURITY,0.53,13.0,13.0,38.1,RURAL,VERTICAL,VERTICAL,54072.79,True,True,MULTIROTOR,0.8,VTOL,,,,0.0681
718,SURVEY,2.0,30.0,500.0,60.0,RURAL,VERTICAL,VERTICAL,,True,False,None,,None,Extended range target (500.0 km) approaches maximum battery energy density threshold.,NO_VALID_VEHICLE,No feasible aircraft design solution: Range requirement (500.0 km) exceeds maximum studio envelope limit (450.0 km).,0.039
719,DELIVERY,1.85,28.4,11.6,22.5,RURAL,VERTICAL,VERTICAL,66870.67,True,True,MULTIROTOR,0.8,VTOL,,,,0.0687
720,TRAINING,3.9,20.6,11.8,39.7,RURAL,VERTICAL,VERTICAL,12299.85,True,True,MULTIROTOR,0.8,VTOL,,,,0.0626
721,DELIVERY,3.23,26.8,2.1,27.3,RURAL,VERTICAL,VERTICAL,48330.37,True,True,MULTIROTOR,0.8,VTOL,,,,0.0634
722,SURVEY,2.0,500.0,20.0,60.0,RURAL,VERTICAL,VERTICAL,,True,False,None,,None,,NO_VALID_VEHICLE,No feasible aircraft design solution: Endurance requirement (500.0 min) exceeds battery/fuel energy storage density limit (450.0 min).,0.035
723,SURVEY,3.0,30.0,20.0,0.0,RURAL,VERTICAL,VERTICAL,10000.0,False,False,None,,None,,INVALID_REQUIREMENTS,Cruise speed must be greater than 0 km/h. Provided: 0.0 km/h.,0.0082
724,SECURITY,2.23,70.5,105.7,59.0,RURAL,CATAPULT,NET_RECOVERY,72737.18,True,True,FIXED_WING,1.0,VTOL,,,,0.0715
725,CUSTOM,3.06,133.6,74.8,64.7,DESERT,HAND_LAUNCH,BELLY_LANDING,63840.37,True,True,FIXED_WING,1.0,VTOL,,,,0.0665
726,RESEARCH,2.52,104.0,115.1,93.7,RURAL,VERTICAL,VERTICAL,8912.03,True,True,VTOL,0.95,MULTIROTOR,,,,0.0687
727,AGRICULTURE,1.07,34.3,9.3,36.2,URBAN,VERTICAL,VERTICAL,34355.45,True,True,MULTIROTOR,0.8,VTOL,,,,0.067
728,INSPECTION,4.75,96.4,58.1,60.6,RURAL,CATAPULT,RUNWAY,73976.14,True,True,VTOL,0.8,MULTIROTOR,,,,0.0704
729,TRAINING,4.77,117.0,81.7,112.8,MARINE,VERTICAL,VERTICAL,12284.42,True,True,VTOL,0.95,MULTIROTOR,,,,0.0653
730,INSPECTION,2.89,13.8,12.0,20.3,RURAL,VERTICAL,VERTICAL,3376.0,True,True,MULTIROTOR,0.8,VTOL,,,,0.0659
731,DISASTER_RESPONSE,1.92,28.5,8.7,36.6,RURAL,VERTICAL,VERTICAL,36864.46,True,True,MULTIROTOR,0.8,VTOL,,,,0.0709
732,AGRICULTURE,5.27,73.9,45.4,70.2,RURAL,VERTICAL,VERTICAL,13026.4,True,True,VTOL,0.95,MULTIROTOR,,,,0.146
733,SURVEY,2.0,500.0,20.0,60.0,RURAL,VERTICAL,VERTICAL,,True,False,None,,None,,NO_VALID_VEHICLE,No feasible aircraft design solution: Endurance requirement (500.0 min) exceeds battery/fuel energy storage density limit (450.0 min).,0.0522
734,MAPPING,0.38,17.0,4.9,39.1,INDOOR,VERTICAL,VERTICAL,12041.26,True,True,MULTIROTOR,0.8,None,,,,0.0625
735,AGRICULTURE,2.6,115.8,72.2,100.7,FOREST,CATAPULT,NET_RECOVERY,9045.21,True,True,FIXED_WING,1.0,VTOL,,,,0.0661
736,SURVEY,16.71,25.2,71.5,56.7,MOUNTAIN,RUNWAY,VERTICAL,13456.7,True,True,VTOL,0.8,MULTIROTOR,,,,0.0703
737,INSPECTION,5.85,54.3,78.9,111.5,FOREST,VERTICAL,VERTICAL,56787.18,True,True,VTOL,0.95,MULTIROTOR,,,,0.069
738,AGRICULTURE,1.11,111.6,48.3,82.8,RURAL,CATAPULT,PARACHUTE,12612.47,True,True,FIXED_WING,1.0,VTOL,,,,0.0642
739,DISASTER_RESPONSE,9.7,85.7,40.2,45.7,MOUNTAIN,VERTICAL,RUNWAY,72836.16,True,True,VTOL,0.95,MULTIROTOR,,,,0.0701
740,CUSTOM,3.04,20.0,7.3,26.5,URBAN,VERTICAL,VERTICAL,53082.31,True,True,MULTIROTOR,0.8,VTOL,,,,0.0639
741,SURVEY,1.47,21.4,2.3,25.9,INDOOR,VERTICAL,VERTICAL,38267.64,True,True,MULTIROTOR,0.8,None,,,,0.0685
742,RESEARCH,4.96,117.0,126.1,70.2,RURAL,VERTICAL,VERTICAL,44084.39,True,True,VTOL,0.95,MULTIROTOR,,,,0.0835
743,INSPECTION,1.18,24.8,5.0,32.6,INDOOR,VERTICAL,VERTICAL,5549.27,True,True,MULTIROTOR,0.8,None,,,,0.0606
744,DELIVERY,0.56,19.2,4.5,30.8,INDOOR,VERTICAL,VERTICAL,6944.19,True,True,MULTIROTOR,0.8,None,,,,0.0601
745,CUSTOM,1.25,15.8,0.8,25.4,INDOOR,VERTICAL,VERTICAL,48768.1,True,True,MULTIROTOR,0.8,None,,,,0.0589
746,SURVEY,2.0,30.0,500.0,60.0,RURAL,VERTICAL,VERTICAL,,True,False,None,,None,Extended range target (500.0 km) approaches maximum battery energy density threshold.,NO_VALID_VEHICLE,No feasible aircraft design solution: Range requirement (500.0 km) exceeds maximum studio envelope limit (450.0 km).,0.0346
747,SURVEY,3.53,39.6,6.2,30.5,RURAL,VERTICAL,VERTICAL,22245.14,True,True,MULTIROTOR,0.8,VTOL,,,,0.0628
748,RESEARCH,0.67,10.0,2.9,20.8,INDOOR,VERTICAL,VERTICAL,66701.17,True,True,MULTIROTOR,0.8,None,,,,0.0715
749,DISASTER_RESPONSE,2.34,28.7,11.1,38.1,RURAL,VERTICAL,VERTICAL,48749.44,True,True,MULTIROTOR,0.8,VTOL,,,,0.0681
750,SECURITY,0.75,17.0,2.8,31.8,INDOOR,VERTICAL,VERTICAL,61682.21,True,True,MULTIROTOR,0.8,None,,,,0.0672
751,SECURITY,2.73,27.9,11.0,41.4,URBAN,VERTICAL,VERTICAL,32219.97,True,True,MULTIROTOR,0.8,VTOL,,,,0.0637
752,SURVEY,21.73,29.3,37.9,54.6,RURAL,RUNWAY,VERTICAL,12986.08,True,True,VTOL,0.8,MULTIROTOR,,,,0.0645
753,SURVEY,18.0,280.0,20.0,60.0,RURAL,VERTICAL,VERTICAL,,True,False,None,,None,,NO_VALID_VEHICLE,No feasible aircraft design solution: Combined heavy payload (18.0 kg) and ultra-long endurance (280.0 min) is physically unachievable.,0.0351
754,SURVEY,3.0,30.0,20.0,0.0,RURAL,VERTICAL,VERTICAL,10000.0,False,False,None,,None,,INVALID_REQUIREMENTS,Cruise speed must be greater than 0 km/h. Provided: 0.0 km/h.,0.0085
755,RESEARCH,13.93,33.2,72.7,43.5,MOUNTAIN,VERTICAL,VERTICAL,40856.17,True,True,VTOL,0.95,MULTIROTOR,,,,0.0659
756,RESEARCH,12.47,76.5,57.6,71.0,DESERT,RUNWAY,VERTICAL,66827.15,True,True,VTOL,0.8,MULTIROTOR,,,,0.0722
757,MAPPING,1.41,17.4,1.4,11.2,INDOOR,VERTICAL,VERTICAL,33762.61,True,True,MULTIROTOR,0.8,None,,,,0.0598
758,INSPECTION,24.74,29.3,73.3,47.1,MOUNTAIN,VERTICAL,RUNWAY,42856.6,True,True,VTOL,0.95,MULTIROTOR,,,,0.0643
759,MILITARY,0.38,11.0,2.7,36.3,INDOOR,VERTICAL,VERTICAL,66191.57,True,True,MULTIROTOR,0.8,None,,,,0.064
760,CUSTOM,0.12,20.6,4.4,24.7,INDOOR,VERTICAL,VERTICAL,59470.29,True,True,MULTIROTOR,0.8,None,,,,0.0617
761,SECURITY,0.39,22.6,1.6,16.4,INDOOR,VERTICAL,VERTICAL,5101.13,True,True,MULTIROTOR,0.8,None,,,,0.0589
762,DISASTER_RESPONSE,2.68,13.9,6.0,44.5,URBAN,VERTICAL,VERTICAL,36660.25,True,True,MULTIROTOR,0.8,VTOL,,,,0.0622
763,SURVEY,2.0,30.0,20.0,350.0,RURAL,VERTICAL,VERTICAL,,True,False,None,,None,,NO_VALID_VEHICLE,No feasible aircraft design solution: Cruise speed requirement (350.0 km/h) exceeds platform dynamic limit (300.0 km/h).,0.0349
764,SURVEY,4.89,77.0,74.1,106.3,MOUNTAIN,CATAPULT,RUNWAY,45648.19,True,True,FIXED_WING,1.0,VTOL,,,,0.0644
765,INSPECTION,0.94,34.2,8.7,49.7,URBAN,VERTICAL,VERTICAL,40253.54,True,True,MULTIROTOR,0.8,VTOL,,,,0.0657
766,DISASTER_RESPONSE,1.29,22.1,3.1,31.0,INDOOR,VERTICAL,VERTICAL,53206.23,True,True,MULTIROTOR,0.8,None,,,,0.0594
767,CUSTOM,4.42,102.8,78.4,98.1,FOREST,VERTICAL,VERTICAL,49823.46,True,True,VTOL,0.95,MULTIROTOR,,,,0.0639
768,RESEARCH,2.08,25.1,14.5,47.6,RURAL,VERTICAL,VERTICAL,32842.06,True,True,MULTIROTOR,0.8,VTOL,,,,0.0706
769,CUSTOM,1.5,10.9,1.2,18.1,INDOOR,VERTICAL,VERTICAL,32256.32,True,True,MULTIROTOR,0.8,None,,,,0.0617
770,CUSTOM,4.23,118.7,71.1,57.8,FOREST,CATAPULT,RUNWAY,64808.82,True,True,FIXED_WING,1.0,VTOL,,,,0.0655
771,DELIVERY,2.68,19.4,3.5,46.7,RURAL,VERTICAL,VERTICAL,33374.71,True,True,MULTIROTOR,0.8,VTOL,,,,0.0673
772,DELIVERY,2.5,62.1,51.6,58.8,FOREST,RUNWAY,RUNWAY,37314.2,True,True,FIXED_WING,1.0,VTOL,,,,0.0635
773,DELIVERY,9.03,81.6,74.0,44.4,MOUNTAIN,VERTICAL,VERTICAL,70771.95,True,True,VTOL,0.95,MULTIROTOR,,,,0.0675
774,INSPECTION,3.72,131.2,117.2,66.0,DESERT,CATAPULT,RUNWAY,23464.23,True,True,VTOL,0.8,MULTIROTOR,,,,0.0646
775,CUSTOM,3.24,62.2,103.0,100.7,FOREST,CATAPULT,NET_RECOVERY,2719.31,True,True,FIXED_WING,1.0,VTOL,,,,0.0685
776,DISASTER_RESPONSE,3.8,15.4,9.8,46.8,URBAN,VERTICAL,VERTICAL,28255.56,True,True,MULTIROTOR,0.8,VTOL,,,,0.0629
777,DELIVERY,0.27,22.5,3.1,24.8,INDOOR,VERTICAL,VERTICAL,77821.14,True,True,MULTIROTOR,0.8,None,,,,0.0637
778,DISASTER_RESPONSE,1.03,23.4,2.0,22.8,INDOOR,VERTICAL,VERTICAL,39296.4,True,True,MULTIROTOR,0.8,None,,,,0.0594
779,MAPPING,21.21,45.2,13.8,59.5,MOUNTAIN,RUNWAY,VERTICAL,32851.43,True,True,VTOL,0.5,MULTIROTOR,,,,0.0671
780,RESEARCH,3.09,15.5,11.8,20.4,URBAN,VERTICAL,VERTICAL,76540.16,True,True,MULTIROTOR,0.8,VTOL,,,,0.063
781,TRAINING,2.25,39.3,3.0,27.4,RURAL,VERTICAL,VERTICAL,69457.95,True,True,MULTIROTOR,0.8,VTOL,,,,0.0685
782,SECURITY,1.52,101.0,94.1,73.9,MOUNTAIN,CATAPULT,PARACHUTE,18371.23,True,True,FIXED_WING,1.0,VTOL,,,,0.0663
783,SURVEY,18.1,88.3,11.8,84.4,RURAL,RUNWAY,VERTICAL,25160.86,True,True,VTOL,0.5,MULTIROTOR,,,,0.0641
784,AGRICULTURE,1.59,89.0,95.7,62.3,DESERT,HAND_LAUNCH,RUNWAY,2062.35,True,True,FIXED_WING,1.0,VTOL,,,,0.0656
785,DISASTER_RESPONSE,2.77,149.5,107.5,109.4,FOREST,RUNWAY,NET_RECOVERY,34442.22,True,True,FIXED_WING,1.0,VTOL,,,,0.0647
786,AGRICULTURE,6.94,85.1,85.7,100.4,RURAL,VERTICAL,VERTICAL,41673.07,True,True,VTOL,0.95,MULTIROTOR,,,,0.065
787,AGRICULTURE,1.42,18.8,4.7,10.8,INDOOR,VERTICAL,VERTICAL,35760.85,True,True,MULTIROTOR,0.8,None,,,,0.065
788,TRAINING,13.41,56.1,15.3,56.9,RURAL,VERTICAL,RUNWAY,5813.22,True,True,VTOL,0.7,MULTIROTOR,,,,0.0643
789,TRAINING,4.57,98.3,132.5,119.8,MOUNTAIN,VERTICAL,VERTICAL,47981.56,True,True,VTOL,0.95,MULTIROTOR,,,,0.0696
790,SURVEY,25.0,30.0,250.0,60.0,RURAL,VERTICAL,VERTICAL,,True,False,None,,None,,NO_VALID_VEHICLE,No feasible aircraft design solution: Combined heavy payload (25.0 kg) and extended range (250.0 km) exceeds structural MTOW limit.,0.0359
791,SECURITY,15.68,74.0,73.8,86.8,DESERT,VERTICAL,VERTICAL,29029.67,True,True,VTOL,0.95,MULTIROTOR,,,,0.0642
792,SURVEY,2.0,30.0,500.0,60.0,RURAL,VERTICAL,VERTICAL,,True,False,None,,None,Extended range target (500.0 km) approaches maximum battery energy density threshold.,NO_VALID_VEHICLE,No feasible aircraft design solution: Range requirement (500.0 km) exceeds maximum studio envelope limit (450.0 km).,0.0376
793,MILITARY,6.98,32.6,116.0,72.3,MARINE,VERTICAL,VERTICAL,75429.62,True,True,VTOL,0.95,MULTIROTOR,,,,0.0761
794,INSPECTION,1.76,82.0,49.3,103.2,FOREST,HAND_LAUNCH,RUNWAY,55965.76,True,True,VTOL,0.8,MULTIROTOR,,,,0.1856
795,DELIVERY,2.46,14.6,8.5,24.8,URBAN,VERTICAL,VERTICAL,26885.99,True,True,MULTIROTOR,0.8,VTOL,,,,0.1126
796,TRAINING,4.53,98.7,92.7,97.4,RURAL,HAND_LAUNCH,RUNWAY,45705.03,True,True,FIXED_WING,1.0,VTOL,,,,0.073
797,SECURITY,1.27,130.8,74.6,97.1,MOUNTAIN,RUNWAY,BELLY_LANDING,78155.43,True,True,FIXED_WING,1.0,VTOL,,,,0.0749
798,AGRICULTURE,5.72,89.4,116.7,85.8,MARINE,VERTICAL,VERTICAL,59005.19,True,True,VTOL,0.95,MULTIROTOR,,,,0.0689
799,SURVEY,25.0,30.0,250.0,60.0,RURAL,VERTICAL,VERTICAL,,True,False,None,,None,,NO_VALID_VEHICLE,No feasible aircraft design solution: Combined heavy payload (25.0 kg) and extended range (250.0 km) exceeds structural MTOW limit.,0.0381
800,TRAINING,0.96,15.6,14.2,49.1,RURAL,VERTICAL,VERTICAL,15283.02,True,True,MULTIROTOR,0.8,VTOL,,,,0.0739
801,SURVEY,3.0,30.0,-5.0,60.0,RURAL,VERTICAL,VERTICAL,10000.0,False,False,None,,None,,INVALID_REQUIREMENTS,Target range must be greater than 0 km. Provided: -5.0 km.,0.0094
802,SURVEY,25.0,30.0,250.0,60.0,RURAL,VERTICAL,VERTICAL,,True,False,None,,None,,NO_VALID_VEHICLE,No feasible aircraft design solution: Combined heavy payload (25.0 kg) and extended range (250.0 km) exceeds structural MTOW limit.,0.0359
803,SURVEY,0.0,30.0,20.0,60.0,RURAL,VERTICAL,VERTICAL,10000.0,False,False,None,,None,,INVALID_REQUIREMENTS,Payload weight must be greater than 0 kg. Provided: 0.0 kg.,0.008
804,SURVEY,4.51,76.1,63.4,77.7,MOUNTAIN,VERTICAL,VERTICAL,57046.3,True,True,VTOL,0.95,MULTIROTOR,,,,0.066
805,SURVEY,5.0,30.0,20.0,60.0,RURAL,VERTICAL,VERTICAL,10000.0,False,False,None,,None,,INVALID_REQUIREMENTS,Maximum takeoff weight limit (3.0 kg) must be greater than payload weight (5.0 kg).,0.0083
806,MILITARY,6.06,92.6,72.0,102.3,FOREST,VERTICAL,VERTICAL,3630.15,True,True,VTOL,0.95,MULTIROTOR,,,,0.0713
807,SURVEY,5.0,30.0,20.0,60.0,RURAL,VERTICAL,VERTICAL,10000.0,False,False,None,,None,,INVALID_REQUIREMENTS,Maximum takeoff weight limit (3.0 kg) must be greater than payload weight (5.0 kg).,0.0087
808,INSPECTION,8.55,81.4,23.3,54.9,DESERT,VERTICAL,VERTICAL,2350.13,True,True,VTOL,0.7,MULTIROTOR,,,,0.0695
809,SECURITY,0.18,11.2,3.9,35.4,INDOOR,VERTICAL,VERTICAL,31903.92,True,True,MULTIROTOR,0.8,None,,,,0.0618
810,AGRICULTURE,0.84,20.7,0.7,12.2,INDOOR,VERTICAL,VERTICAL,23169.37,True,True,MULTIROTOR,0.8,None,,,,0.0601
811,AGRICULTURE,1.76,65.0,101.8,81.0,DESERT,CATAPULT,NET_RECOVERY,40776.67,True,True,FIXED_WING,1.0,VTOL,,,,0.0659
812,SECURITY,4.03,64.2,144.1,104.1,MARINE,VERTICAL,VERTICAL,17089.35,True,True,VTOL,0.95,MULTIROTOR,,,,0.0654
813,INSPECTION,0.79,20.5,4.8,30.8,INDOOR,VERTICAL,VERTICAL,11811.62,True,True,MULTIROTOR,0.8,None,,,,0.0656
814,AGRICULTURE,1.0,13.3,1.3,24.5,INDOOR,VERTICAL,VERTICAL,58139.62,True,True,MULTIROTOR,0.8,None,,,,0.0601
815,CUSTOM,0.23,7.3,4.0,33.2,INDOOR,VERTICAL,VERTICAL,34788.43,True,True,MULTIROTOR,0.8,None,,,,0.0643
816,CUSTOM,1.28,18.4,2.4,16.8,INDOOR,VERTICAL,VERTICAL,10548.91,True,True,MULTIROTOR,0.8,None,,,,0.0593
817,SURVEY,3.0,30.0,-5.0,60.0,RURAL,VERTICAL,VERTICAL,10000.0,False,False,None,,None,,INVALID_REQUIREMENTS,Target range must be greater than 0 km. Provided: -5.0 km.,0.0079
818,MAPPING,3.68,29.0,5.0,31.2,URBAN,VERTICAL,VERTICAL,39770.23,True,True,MULTIROTOR,0.8,VTOL,,,,0.067
819,RESEARCH,0.85,11.4,1.0,13.8,INDOOR,VERTICAL,VERTICAL,34250.67,True,True,MULTIROTOR,0.8,None,,,,0.0604
820,TRAINING,4.24,68.1,68.8,95.5,DESERT,RUNWAY,NET_RECOVERY,21553.07,True,True,FIXED_WING,1.0,VTOL,,,,0.0731
821,MAPPING,7.68,58.4,85.7,80.8,MARINE,VERTICAL,VERTICAL,56778.9,True,True,VTOL,0.95,MULTIROTOR,,,,0.0699
822,DISASTER_RESPONSE,3.44,15.3,14.0,45.5,RURAL,VERTICAL,VERTICAL,39356.67,True,True,MULTIROTOR,0.8,VTOL,,,,0.0638
823,DELIVERY,3.88,108.8,87.6,78.2,RURAL,HAND_LAUNCH,PARACHUTE,55961.16,True,True,FIXED_WING,1.0,VTOL,,,,0.0642
824,SURVEY,0.0,30.0,20.0,60.0,RURAL,VERTICAL,VERTICAL,10000.0,False,False,None,,None,,INVALID_REQUIREMENTS,Payload weight must be greater than 0 kg. Provided: 0.0 kg.,0.008
825,CUSTOM,11.9,61.0,10.3,61.1,MOUNTAIN,RUNWAY,RUNWAY,37916.18,True,True,FIXED_WING,1.0,VTOL,,,,0.0703
826,SURVEY,0.31,6.5,3.9,28.8,INDOOR,VERTICAL,VERTICAL,65771.21,True,True,MULTIROTOR,0.8,None,,,,0.0643
827,MILITARY,7.1,81.2,69.0,95.0,FOREST,VERTICAL,VERTICAL,74404.92,True,True,VTOL,0.95,MULTIROTOR,,,,0.0687
828,MILITARY,0.75,6.6,0.7,19.8,INDOOR,VERTICAL,VERTICAL,42898.7,True,True,MULTIROTOR,0.8,None,,,,0.0602
829,SURVEY,4.64,103.1,107.5,88.2,MARINE,VERTICAL,VERTICAL,4049.67,True,True,VTOL,0.95,MULTIROTOR,,,,0.0674
830,SECURITY,18.62,42.0,77.7,78.2,MOUNTAIN,VERTICAL,VERTICAL,33314.51,True,True,VTOL,0.95,MULTIROTOR,,,,0.0664
831,SURVEY,25.0,30.0,250.0,60.0,RURAL,VERTICAL,VERTICAL,,True,False,None,,None,,NO_VALID_VEHICLE,No feasible aircraft design solution: Combined heavy payload (25.0 kg) and extended range (250.0 km) exceeds structural MTOW limit.,0.0362
832,TRAINING,1.18,13.0,3.0,16.9,INDOOR,VERTICAL,VERTICAL,17112.05,True,True,MULTIROTOR,0.8,None,,,,0.0614
833,SURVEY,45.0,30.0,20.0,60.0,RURAL,VERTICAL,VERTICAL,,True,False,None,,None,High payload mass (45.0 kg) requires specialized heavy-lift structural airframe.,NO_VALID_VEHICLE,No feasible aircraft design solution: Payload requirement (45.0 kg) exceeds maximum studio envelope limit (35.0 kg).,0.04
834,CUSTOM,0.46,9.1,4.9,35.7,INDOOR,VERTICAL,VERTICAL,74036.42,True,True,MULTIROTOR,0.8,None,,,,0.0609
835,DISASTER_RESPONSE,1.04,15.2,1.4,19.6,INDOOR,VERTICAL,VERTICAL,61993.03,True,True,MULTIROTOR,0.8,None,,,,0.0605
836,SURVEY,15.78,62.3,58.8,54.4,DESERT,VERTICAL,VERTICAL,5260.51,True,True,VTOL,0.95,MULTIROTOR,,,,0.0651
837,SURVEY,3.0,-10.0,20.0,60.0,RURAL,VERTICAL,VERTICAL,10000.0,False,False,None,,None,,INVALID_REQUIREMENTS,Target flight time must be greater than 0 minutes. Provided: -10.0 min.,0.0079
838,RESEARCH,20.04,66.2,20.1,75.8,MOUNTAIN,RUNWAY,RUNWAY,63223.42,True,True,FIXED_WING,1.0,VTOL,,,,0.0707
839,CUSTOM,0.51,14.5,2.4,25.7,INDOOR,VERTICAL,VERTICAL,25172.42,True,True,MULTIROTOR,0.8,None,,,,0.0629
840,MILITARY,2.25,77.8,89.7,104.3,RURAL,RUNWAY,BELLY_LANDING,12447.98,True,True,FIXED_WING,1.0,VTOL,,,,0.0678
841,RESEARCH,3.4,141.8,92.9,84.9,RURAL,RUNWAY,BELLY_LANDING,39798.36,True,True,FIXED_WING,1.0,VTOL,,,,0.0641
842,MAPPING,2.0,99.3,41.9,74.4,FOREST,RUNWAY,PARACHUTE,12665.3,True,True,FIXED_WING,1.0,VTOL,,,,0.0638
843,AGRICULTURE,4.6,114.2,106.0,79.4,FOREST,CATAPULT,PARACHUTE,49144.35,True,True,FIXED_WING,1.0,VTOL,,,,0.0664
844,DELIVERY,1.01,18.8,3.5,33.3,INDOOR,VERTICAL,VERTICAL,34978.97,True,True,MULTIROTOR,0.8,None,,,,0.0603
845,DELIVERY,6.56,45.2,65.3,108.7,FOREST,VERTICAL,VERTICAL,53965.24,True,True,VTOL,0.95,MULTIROTOR,,,,0.0692
846,MAPPING,2.08,82.4,45.0,117.9,MARINE,VERTICAL,VERTICAL,54331.97,True,True,VTOL,0.95,MULTIROTOR,,,,0.0702
847,SURVEY,0.0,30.0,20.0,60.0,RURAL,VERTICAL,VERTICAL,10000.0,False,False,None,,None,,INVALID_REQUIREMENTS,Payload weight must be greater than 0 kg. Provided: 0.0 kg.,0.008
848,INSPECTION,14.44,42.4,58.5,47.8,MOUNTAIN,RUNWAY,VERTICAL,69004.67,True,True,VTOL,0.8,MULTIROTOR,,,,0.0703
849,DISASTER_RESPONSE,12.19,89.7,56.0,82.7,MOUNTAIN,VERTICAL,RUNWAY,44892.48,True,True,VTOL,0.95,MULTIROTOR,,,,0.0697
850,TRAINING,4.07,107.6,100.2,86.9,MOUNTAIN,VERTICAL,VERTICAL,20513.73,True,True,VTOL,0.95,MULTIROTOR,,,,0.0644
851,SURVEY,2.0,30.0,500.0,60.0,RURAL,VERTICAL,VERTICAL,,True,False,None,,None,Extended range target (500.0 km) approaches maximum battery energy density threshold.,NO_VALID_VEHICLE,No feasible aircraft design solution: Range requirement (500.0 km) exceeds maximum studio envelope limit (450.0 km).,0.0358
852,SECURITY,4.1,121.3,95.4,54.4,MOUNTAIN,CATAPULT,NET_RECOVERY,77651.47,True,True,FIXED_WING,1.0,VTOL,,,,0.0671
853,SURVEY,2.0,30.0,500.0,60.0,RURAL,VERTICAL,VERTICAL,,True,False,None,,None,Extended range target (500.0 km) approaches maximum battery energy density threshold.,NO_VALID_VEHICLE,No feasible aircraft design solution: Range requirement (500.0 km) exceeds maximum studio envelope limit (450.0 km).,0.0377
854,CUSTOM,2.46,39.6,2.7,29.3,RURAL,VERTICAL,VERTICAL,37508.79,True,True,MULTIROTOR,0.8,VTOL,,,,0.063
855,SURVEY,2.0,30.0,500.0,60.0,RURAL,VERTICAL,VERTICAL,,True,False,None,,None,Extended range target (500.0 km) approaches maximum battery energy density threshold.,NO_VALID_VEHICLE,No feasible aircraft design solution: Range requirement (500.0 km) exceeds maximum studio envelope limit (450.0 km).,0.0349
856,SECURITY,14.47,38.0,44.9,69.9,MOUNTAIN,RUNWAY,RUNWAY,8730.54,True,True,FIXED_WING,1.0,VTOL,,,,0.0693
857,CUSTOM,16.41,83.9,65.0,76.3,RURAL,VERTICAL,RUNWAY,14657.85,True,True,VTOL,0.95,MULTIROTOR,,,,0.0686
858,INSPECTION,1.13,17.8,7.8,38.2,URBAN,VERTICAL,VERTICAL,78282.36,True,True,MULTIROTOR,0.8,VTOL,,,,0.0683
859,DISASTER_RESPONSE,11.67,70.7,24.6,81.0,DESERT,VERTICAL,VERTICAL,45276.03,True,True,VTOL,0.7,MULTIROTOR,,,,0.0707
860,MILITARY,1.18,13.5,4.2,18.8,INDOOR,VERTICAL,VERTICAL,6473.8,True,True,MULTIROTOR,0.8,None,,,,0.0616
861,CUSTOM,3.26,21.5,8.5,47.7,URBAN,VERTICAL,VERTICAL,6273.88,True,True,MULTIROTOR,0.8,VTOL,,,,0.0701
862,TRAINING,14.18,74.5,32.9,81.6,DESERT,VERTICAL,VERTICAL,60223.68,True,True,VTOL,0.95,MULTIROTOR,,,,0.1258
863,DISASTER_RESPONSE,0.68,38.2,9.2,21.3,URBAN,VERTICAL,VERTICAL,69346.25,True,True,MULTIROTOR,0.8,VTOL,,,,0.0626
864,SURVEY,2.0,500.0,20.0,60.0,RURAL,VERTICAL,VERTICAL,,True,False,None,,None,,NO_VALID_VEHICLE,No feasible aircraft design solution: Endurance requirement (500.0 min) exceeds battery/fuel energy storage density limit (450.0 min).,0.035
865,SECURITY,3.38,22.1,4.7,42.7,RURAL,VERTICAL,VERTICAL,42537.82,True,True,MULTIROTOR,0.8,VTOL,,,,0.067
866,SURVEY,3.0,30.0,-5.0,60.0,RURAL,VERTICAL,VERTICAL,10000.0,False,False,None,,None,,INVALID_REQUIREMENTS,Target range must be greater than 0 km. Provided: -5.0 km.,0.0083
867,DISASTER_RESPONSE,1.03,65.0,111.3,80.2,FOREST,RUNWAY,RUNWAY,14971.7,True,True,FIXED_WING,1.0,VTOL,,,,0.0666
868,AGRICULTURE,3.05,134.7,101.9,77.8,RURAL,CATAPULT,BELLY_LANDING,23853.37,True,True,FIXED_WING,1.0,VTOL,,,,0.0912
869,SECURITY,7.61,108.1,97.8,105.3,RURAL,VERTICAL,VERTICAL,74967.69,True,True,VTOL,0.95,MULTIROTOR,,,,0.1379
870,SURVEY,7.14,54.9,62.0,72.2,MARINE,VERTICAL,VERTICAL,76687.82,True,True,VTOL,0.95,MULTIROTOR,,,,0.2222
871,AGRICULTURE,16.09,29.2,78.2,89.0,MOUNTAIN,VERTICAL,VERTICAL,56574.8,True,True,VTOL,0.95,MULTIROTOR,,,,0.1874
872,TRAINING,3.74,35.2,4.8,21.1,RURAL,VERTICAL,VERTICAL,49023.51,True,True,MULTIROTOR,0.8,VTOL,,,,0.2129
873,RESEARCH,4.23,129.2,33.1,86.8,DESERT,RUNWAY,PARACHUTE,40034.55,True,True,FIXED_WING,1.0,VTOL,,,,0.1629
874,SURVEY,3.0,30.0,20.0,60.0,RURAL,VERTICAL,VERTICAL,-100.0,False,False,None,,None,,INVALID_REQUIREMENTS,Financial budget must be greater than $0 if specified. Provided: $-100.0.,0.0145
875,SURVEY,45.0,30.0,20.0,60.0,RURAL,VERTICAL,VERTICAL,,True,False,None,,None,High payload mass (45.0 kg) requires specialized heavy-lift structural airframe.,NO_VALID_VEHICLE,No feasible aircraft design solution: Payload requirement (45.0 kg) exceeds maximum studio envelope limit (35.0 kg).,0.0558
876,SECURITY,21.62,54.2,17.6,53.0,MOUNTAIN,RUNWAY,VERTICAL,34213.22,True,True,VTOL,0.7,MULTIROTOR,,,,0.1214
877,MILITARY,0.61,14.4,4.3,38.4,INDOOR,VERTICAL,VERTICAL,4797.32,True,True,MULTIROTOR,0.8,None,,,,0.1083
878,SURVEY,2.0,30.0,500.0,60.0,RURAL,VERTICAL,VERTICAL,,True,False,None,,None,Extended range target (500.0 km) approaches maximum battery energy density threshold.,NO_VALID_VEHICLE,No feasible aircraft design solution: Range requirement (500.0 km) exceeds maximum studio envelope limit (450.0 km).,0.2588
879,SURVEY,25.0,30.0,250.0,60.0,RURAL,VERTICAL,VERTICAL,,True,False,None,,None,,NO_VALID_VEHICLE,No feasible aircraft design solution: Combined heavy payload (25.0 kg) and extended range (250.0 km) exceeds structural MTOW limit.,0.0632
880,SURVEY,45.0,30.0,20.0,60.0,RURAL,VERTICAL,VERTICAL,,True,False,None,,None,High payload mass (45.0 kg) requires specialized heavy-lift structural airframe.,NO_VALID_VEHICLE,No feasible aircraft design solution: Payload requirement (45.0 kg) exceeds maximum studio envelope limit (35.0 kg).,0.043
881,CUSTOM,20.93,55.1,31.3,57.7,MOUNTAIN,VERTICAL,RUNWAY,25376.95,True,True,VTOL,0.95,MULTIROTOR,,,,0.089
882,SURVEY,4.58,131.9,43.7,92.9,RURAL,RUNWAY,NET_RECOVERY,6607.79,True,True,FIXED_WING,1.0,VTOL,,,,0.1063
883,CUSTOM,0.4,18.3,1.5,13.7,INDOOR,VERTICAL,VERTICAL,62534.21,True,True,MULTIROTOR,0.8,None,,,,0.0648
884,DELIVERY,5.07,97.6,120.1,114.6,RURAL,VERTICAL,VERTICAL,8703.15,True,True,VTOL,0.95,MULTIROTOR,,,,0.0711
885,MILITARY,2.61,36.1,8.7,43.0,URBAN,VERTICAL,VERTICAL,46950.42,True,True,MULTIROTOR,0.8,VTOL,,,,0.0645
886,MILITARY,1.72,93.7,112.7,67.6,MOUNTAIN,HAND_LAUNCH,BELLY_LANDING,13662.2,True,True,FIXED_WING,1.0,VTOL,,,,0.0699
887,AGRICULTURE,5.1,41.4,86.3,110.9,MOUNTAIN,VERTICAL,VERTICAL,40498.92,True,True,VTOL,0.95,MULTIROTOR,,,,0.0704
888,DISASTER_RESPONSE,17.33,31.3,36.2,79.1,MOUNTAIN,RUNWAY,RUNWAY,75915.24,True,True,FIXED_WING,1.0,VTOL,,,,0.0659
889,MILITARY,1.53,135.5,73.1,52.3,FOREST,HAND_LAUNCH,RUNWAY,48649.68,True,True,FIXED_WING,1.0,VTOL,,,,0.08
890,INSPECTION,0.17,20.3,3.8,26.0,INDOOR,VERTICAL,VERTICAL,68430.91,True,True,MULTIROTOR,0.8,None,,,,0.0704
891,AGRICULTURE,3.87,95.4,88.4,74.2,MOUNTAIN,VERTICAL,VERTICAL,29779.58,True,True,VTOL,0.95,MULTIROTOR,,,,0.0679
892,SURVEY,3.0,30.0,20.0,0.0,RURAL,VERTICAL,VERTICAL,10000.0,False,False,None,,None,,INVALID_REQUIREMENTS,Cruise speed must be greater than 0 km/h. Provided: 0.0 km/h.,0.01
893,AGRICULTURE,22.57,48.7,16.8,69.7,DESERT,RUNWAY,RUNWAY,78186.63,True,True,FIXED_WING,0.85,VTOL,,,,0.0676
894,SURVEY,0.74,8.7,4.7,16.3,INDOOR,VERTICAL,VERTICAL,57859.76,True,True,MULTIROTOR,0.8,None,,,,0.0609
895,MAPPING,3.83,91.7,124.5,110.2,FOREST,VERTICAL,VERTICAL,30113.59,True,True,VTOL,0.95,MULTIROTOR,,,,0.0651
896,INSPECTION,3.5,41.7,43.2,106.1,MARINE,VERTICAL,VERTICAL,49388.9,True,True,VTOL,0.95,MULTIROTOR,,,,0.0683
897,TRAINING,1.61,28.0,10.7,39.2,RURAL,VERTICAL,VERTICAL,59273.98,True,True,MULTIROTOR,0.8,VTOL,,,,0.0686
898,TRAINING,1.37,13.5,1.2,10.3,INDOOR,VERTICAL,VERTICAL,71071.68,True,True,MULTIROTOR,0.8,None,,,,0.0603
899,SURVEY,25.0,30.0,250.0,60.0,RURAL,VERTICAL,VERTICAL,,True,False,None,,None,,NO_VALID_VEHICLE,No feasible aircraft design solution: Combined heavy payload (25.0 kg) and extended range (250.0 km) exceeds structural MTOW limit.,0.036
900,CUSTOM,3.27,125.5,95.2,104.6,MOUNTAIN,CATAPULT,PARACHUTE,76975.54,True,True,FIXED_WING,1.0,VTOL,,,,0.0691
901,MAPPING,5.6,57.1,128.5,90.3,FOREST,VERTICAL,VERTICAL,36584.28,True,True,VTOL,0.95,MULTIROTOR,,,,0.0668
902,SURVEY,45.0,30.0,20.0,60.0,RURAL,VERTICAL,VERTICAL,,True,False,None,,None,High payload mass (45.0 kg) requires specialized heavy-lift structural airframe.,NO_VALID_VEHICLE,No feasible aircraft design solution: Payload requirement (45.0 kg) exceeds maximum studio envelope limit (35.0 kg).,0.0353
903,SURVEY,25.0,30.0,250.0,60.0,RURAL,VERTICAL,VERTICAL,,True,False,None,,None,,NO_VALID_VEHICLE,No feasible aircraft design solution: Combined heavy payload (25.0 kg) and extended range (250.0 km) exceeds structural MTOW limit.,0.0383
904,SURVEY,2.0,30.0,500.0,60.0,RURAL,VERTICAL,VERTICAL,,True,False,None,,None,Extended range target (500.0 km) approaches maximum battery energy density threshold.,NO_VALID_VEHICLE,No feasible aircraft design solution: Range requirement (500.0 km) exceeds maximum studio envelope limit (450.0 km).,0.0362
905,MAPPING,1.35,37.8,14.9,35.8,RURAL,VERTICAL,VERTICAL,29822.88,True,True,MULTIROTOR,0.8,VTOL,,,,0.0673
906,SURVEY,2.0,30.0,500.0,60.0,RURAL,VERTICAL,VERTICAL,,True,False,None,,None,Extended range target (500.0 km) approaches maximum battery energy density threshold.,NO_VALID_VEHICLE,No feasible aircraft design solution: Range requirement (500.0 km) exceeds maximum studio envelope limit (450.0 km).,0.0348
907,DELIVERY,15.11,71.8,51.3,77.2,RURAL,VERTICAL,RUNWAY,74273.46,True,True,VTOL,0.95,MULTIROTOR,,,,0.0688
908,INSPECTION,2.39,23.3,3.5,23.3,RURAL,VERTICAL,VERTICAL,69228.64,True,True,MULTIROTOR,0.8,VTOL,,,,0.0657
909,MILITARY,3.15,12.2,8.9,45.0,RURAL,VERTICAL,VERTICAL,40067.89,True,True,MULTIROTOR,0.8,VTOL,,,,0.0628
910,MAPPING,14.96,20.6,63.7,64.4,RURAL,VERTICAL,RUNWAY,25769.57,True,True,VTOL,0.95,MULTIROTOR,,,,0.0638
911,INSPECTION,0.25,23.4,3.6,12.0,INDOOR,VERTICAL,VERTICAL,24893.09,True,True,MULTIROTOR,0.8,None,,,,0.0635
912,MILITARY,6.96,37.5,50.2,117.4,FOREST,VERTICAL,VERTICAL,44877.29,True,True,VTOL,0.95,MULTIROTOR,,,,0.0633
913,SURVEY,0.0,30.0,20.0,60.0,RURAL,VERTICAL,VERTICAL,10000.0,False,False,None,,None,,INVALID_REQUIREMENTS,Payload weight must be greater than 0 kg. Provided: 0.0 kg.,0.009
914,SURVEY,2.0,500.0,20.0,60.0,RURAL,VERTICAL,VERTICAL,,True,False,None,,None,,NO_VALID_VEHICLE,No feasible aircraft design solution: Endurance requirement (500.0 min) exceeds battery/fuel energy storage density limit (450.0 min).,0.0373
915,SURVEY,25.0,30.0,250.0,60.0,RURAL,VERTICAL,VERTICAL,,True,False,None,,None,,NO_VALID_VEHICLE,No feasible aircraft design solution: Combined heavy payload (25.0 kg) and extended range (250.0 km) exceeds structural MTOW limit.,0.0365
916,SECURITY,4.23,109.1,67.1,116.7,RURAL,VERTICAL,VERTICAL,16078.75,True,True,VTOL,0.95,MULTIROTOR,,,,0.0687
917,MILITARY,2.77,12.7,3.5,31.2,RURAL,VERTICAL,VERTICAL,74727.85,True,True,MULTIROTOR,0.8,VTOL,,,,0.0624
918,MILITARY,0.56,34.3,7.8,39.4,URBAN,VERTICAL,VERTICAL,62942.86,True,True,MULTIROTOR,0.8,VTOL,,,,0.0737
919,RESEARCH,2.72,146.8,116.8,55.0,RURAL,CATAPULT,RUNWAY,62998.54,True,True,FIXED_WING,1.0,VTOL,,,,0.0649
920,INSPECTION,4.85,66.3,94.8,87.4,MOUNTAIN,VERTICAL,VERTICAL,21836.29,True,True,VTOL,0.95,MULTIROTOR,,,,0.2644
921,DISASTER_RESPONSE,2.24,32.0,3.5,30.1,RURAL,VERTICAL,VERTICAL,11050.25,True,True,MULTIROTOR,0.8,VTOL,,,,0.1202
922,RESEARCH,0.62,22.8,3.4,20.6,INDOOR,VERTICAL,VERTICAL,27471.68,True,True,MULTIROTOR,0.8,None,,,,0.0752
923,INSPECTION,0.88,14.7,2.2,27.5,INDOOR,VERTICAL,VERTICAL,53903.8,True,True,MULTIROTOR,0.8,None,,,,0.0719
924,SURVEY,2.0,500.0,20.0,60.0,RURAL,VERTICAL,VERTICAL,,True,False,None,,None,,NO_VALID_VEHICLE,No feasible aircraft design solution: Endurance requirement (500.0 min) exceeds battery/fuel energy storage density limit (450.0 min).,0.0437
925,SURVEY,0.65,22.2,0.8,20.6,INDOOR,VERTICAL,VERTICAL,33564.38,True,True,MULTIROTOR,0.8,None,,,,0.0629
926,MILITARY,1.16,13.0,4.7,34.5,INDOOR,VERTICAL,VERTICAL,46846.82,True,True,MULTIROTOR,0.8,None,,,,0.0733
927,DISASTER_RESPONSE,3.38,31.9,10.5,44.6,URBAN,VERTICAL,VERTICAL,26603.73,True,True,MULTIROTOR,0.8,VTOL,,,,0.0647
928,MAPPING,20.65,50.8,10.8,43.8,DESERT,VERTICAL,VERTICAL,70296.64,True,True,VTOL,0.5,MULTIROTOR,,,,0.0885
929,TRAINING,3.17,103.1,57.1,85.2,FOREST,HAND_LAUNCH,BELLY_LANDING,30952.91,True,True,FIXED_WING,1.0,VTOL,,,,0.0736
930,DELIVERY,2.16,59.3,99.7,66.7,MOUNTAIN,HAND_LAUNCH,BELLY_LANDING,31498.78,True,True,FIXED_WING,1.0,VTOL,,,,0.0701
931,SECURITY,24.0,31.7,51.1,47.7,RURAL,RUNWAY,RUNWAY,70724.56,True,True,FIXED_WING,1.0,VTOL,,,,0.0685
932,TRAINING,3.82,29.9,8.1,25.6,URBAN,VERTICAL,VERTICAL,46017.0,True,True,MULTIROTOR,0.8,VTOL,,,,0.0632
933,DISASTER_RESPONSE,3.24,10.4,4.7,27.0,RURAL,VERTICAL,VERTICAL,73201.95,True,True,MULTIROTOR,0.8,VTOL,,,,0.0675
934,MILITARY,3.39,27.7,10.6,35.7,RURAL,VERTICAL,VERTICAL,29062.98,True,True,MULTIROTOR,0.8,VTOL,,,,0.0663
935,MILITARY,11.21,57.9,33.1,70.5,MOUNTAIN,RUNWAY,RUNWAY,6017.92,True,True,FIXED_WING,1.0,VTOL,,,,0.0681
936,SURVEY,3.0,30.0,-5.0,60.0,RURAL,VERTICAL,VERTICAL,10000.0,False,False,None,,None,,INVALID_REQUIREMENTS,Target range must be greater than 0 km. Provided: -5.0 km.,0.0102
937,RESEARCH,0.56,20.6,4.1,22.7,INDOOR,VERTICAL,VERTICAL,16996.39,True,True,MULTIROTOR,0.8,None,,,,0.0645
938,SURVEY,45.0,30.0,20.0,60.0,RURAL,VERTICAL,VERTICAL,,True,False,None,,None,High payload mass (45.0 kg) requires specialized heavy-lift structural airframe.,NO_VALID_VEHICLE,No feasible aircraft design solution: Payload requirement (45.0 kg) exceeds maximum studio envelope limit (35.0 kg).,0.0556
939,MAPPING,0.12,21.7,4.5,30.6,INDOOR,VERTICAL,VERTICAL,37406.41,True,True,MULTIROTOR,0.8,None,,,,0.0742
940,MAPPING,3.43,84.7,47.8,68.0,MOUNTAIN,RUNWAY,RUNWAY,48439.79,True,True,FIXED_WING,1.0,VTOL,,,,0.068
941,SURVEY,0.0,30.0,20.0,60.0,RURAL,VERTICAL,VERTICAL,10000.0,False,False,None,,None,,INVALID_REQUIREMENTS,Payload weight must be greater than 0 kg. Provided: 0.0 kg.,0.0085
942,SURVEY,45.0,30.0,20.0,60.0,RURAL,VERTICAL,VERTICAL,,True,False,None,,None,High payload mass (45.0 kg) requires specialized heavy-lift structural airframe.,NO_VALID_VEHICLE,No feasible aircraft design solution: Payload requirement (45.0 kg) exceeds maximum studio envelope limit (35.0 kg).,0.0394
943,MILITARY,13.69,66.0,10.3,60.6,MOUNTAIN,VERTICAL,VERTICAL,31844.76,True,True,VTOL,0.5,MULTIROTOR,,,,0.0673
944,MILITARY,3.8,131.2,111.5,65.2,RURAL,CATAPULT,NET_RECOVERY,8002.3,True,True,FIXED_WING,1.0,VTOL,,,,0.0663
945,MAPPING,4.82,128.9,92.5,70.8,DESERT,CATAPULT,BELLY_LANDING,36973.4,True,True,FIXED_WING,1.0,VTOL,,,,0.0727
946,SECURITY,17.98,54.7,12.4,57.3,RURAL,RUNWAY,RUNWAY,54471.09,True,True,FIXED_WING,0.85,VTOL,,,,0.0674
947,SECURITY,4.44,45.8,29.7,61.2,MOUNTAIN,RUNWAY,RUNWAY,6608.27,True,True,FIXED_WING,0.85,VTOL,,,,0.0699
948,DISASTER_RESPONSE,16.23,34.5,22.9,80.9,RURAL,RUNWAY,VERTICAL,51052.13,True,True,VTOL,0.7,MULTIROTOR,,,,0.0687
949,INSPECTION,4.01,85.2,115.9,70.1,RURAL,HAND_LAUNCH,PARACHUTE,67088.1,True,True,VTOL,0.8,MULTIROTOR,,,,0.0731
950,INSPECTION,3.27,98.4,62.0,97.0,MOUNTAIN,CATAPULT,NET_RECOVERY,28000.36,True,True,VTOL,0.8,MULTIROTOR,,,,0.0684
951,SECURITY,12.8,46.4,16.8,69.1,MOUNTAIN,VERTICAL,VERTICAL,48833.92,True,True,VTOL,0.7,MULTIROTOR,,,,0.0696
952,TRAINING,6.98,108.1,103.2,97.4,RURAL,VERTICAL,VERTICAL,76258.96,True,True,VTOL,0.95,MULTIROTOR,,,,0.0694
953,MAPPING,0.17,19.5,3.5,28.8,INDOOR,VERTICAL,VERTICAL,63748.94,True,True,MULTIROTOR,0.8,None,,,,0.068
954,SURVEY,0.0,30.0,20.0,60.0,RURAL,VERTICAL,VERTICAL,10000.0,False,False,None,,None,,INVALID_REQUIREMENTS,Payload weight must be greater than 0 kg. Provided: 0.0 kg.,0.0087
955,RESEARCH,4.18,133.4,63.9,84.9,DESERT,RUNWAY,BELLY_LANDING,5796.48,True,True,FIXED_WING,1.0,VTOL,,,,0.0702
956,SURVEY,45.0,30.0,20.0,60.0,RURAL,VERTICAL,VERTICAL,,True,False,None,,None,High payload mass (45.0 kg) requires specialized heavy-lift structural airframe.,NO_VALID_VEHICLE,No feasible aircraft design solution: Payload requirement (45.0 kg) exceeds maximum studio envelope limit (35.0 kg).,0.0446
957,CUSTOM,3.21,65.7,49.9,61.4,FOREST,VERTICAL,VERTICAL,19272.49,True,True,VTOL,0.95,MULTIROTOR,,,,0.0773
958,SURVEY,45.0,30.0,20.0,60.0,RURAL,VERTICAL,VERTICAL,,True,False,None,,None,High payload mass (45.0 kg) requires specialized heavy-lift structural airframe.,NO_VALID_VEHICLE,No feasible aircraft design solution: Payload requirement (45.0 kg) exceeds maximum studio envelope limit (35.0 kg).,0.0396
959,DISASTER_RESPONSE,1.33,10.0,1.7,37.2,INDOOR,VERTICAL,VERTICAL,44491.44,True,True,MULTIROTOR,0.8,None,,,,0.0675
960,SURVEY,24.51,67.7,70.3,78.3,RURAL,RUNWAY,VERTICAL,74443.43,True,True,VTOL,0.8,MULTIROTOR,,,,0.1022
961,SURVEY,3.25,33.6,5.1,26.2,RURAL,VERTICAL,VERTICAL,45692.5,True,True,MULTIROTOR,0.8,VTOL,,,,0.0744
962,DISASTER_RESPONSE,1.35,71.9,78.9,63.0,RURAL,HAND_LAUNCH,PARACHUTE,71705.79,True,True,FIXED_WING,1.0,VTOL,,,,0.0788
963,MILITARY,22.17,67.2,39.7,77.0,RURAL,RUNWAY,VERTICAL,57895.65,True,True,VTOL,0.8,MULTIROTOR,,,,0.0742
964,DELIVERY,1.63,58.5,112.1,88.5,MOUNTAIN,CATAPULT,NET_RECOVERY,4971.09,True,True,FIXED_WING,1.0,VTOL,,,,0.0897
965,RESEARCH,1.2,21.7,7.7,39.4,URBAN,VERTICAL,VERTICAL,26102.37,True,True,MULTIROTOR,0.8,VTOL,,,,0.0756
966,SURVEY,3.0,30.0,20.0,60.0,RURAL,VERTICAL,VERTICAL,-100.0,False,False,None,,None,,INVALID_REQUIREMENTS,Financial budget must be greater than $0 if specified. Provided: $-100.0.,0.0096
967,SURVEY,2.0,30.0,20.0,350.0,RURAL,VERTICAL,VERTICAL,,True,False,None,,None,,NO_VALID_VEHICLE,No feasible aircraft design solution: Cruise speed requirement (350.0 km/h) exceeds platform dynamic limit (300.0 km/h).,0.0424
968,SURVEY,2.0,30.0,20.0,350.0,RURAL,VERTICAL,VERTICAL,,True,False,None,,None,,NO_VALID_VEHICLE,No feasible aircraft design solution: Cruise speed requirement (350.0 km/h) exceeds platform dynamic limit (300.0 km/h).,0.0429
969,RESEARCH,4.39,72.6,69.6,71.4,RURAL,HAND_LAUNCH,PARACHUTE,24889.27,True,True,FIXED_WING,1.0,VTOL,,,,0.0811
970,SURVEY,2.0,30.0,500.0,60.0,RURAL,VERTICAL,VERTICAL,,True,False,None,,None,Extended range target (500.0 km) approaches maximum battery energy density threshold.,NO_VALID_VEHICLE,No feasible aircraft design solution: Range requirement (500.0 km) exceeds maximum studio envelope limit (450.0 km).,0.0421
971,SECURITY,7.09,35.2,68.9,107.2,RURAL,VERTICAL,VERTICAL,75177.7,True,True,VTOL,0.95,MULTIROTOR,,,,0.0818
972,SURVEY,3.0,30.0,-5.0,60.0,RURAL,VERTICAL,VERTICAL,10000.0,False,False,None,,None,,INVALID_REQUIREMENTS,Target range must be greater than 0 km. Provided: -5.0 km.,0.0098
973,SECURITY,0.77,21.8,7.0,34.1,RURAL,VERTICAL,VERTICAL,11434.5,True,True,MULTIROTOR,0.8,VTOL,,,,0.0813
974,RESEARCH,0.26,7.3,1.9,34.1,INDOOR,VERTICAL,VERTICAL,47782.53,True,True,MULTIROTOR,0.8,None,,,,0.0734
975,DELIVERY,0.54,21.1,3.2,24.5,INDOOR,VERTICAL,VERTICAL,8013.26,True,True,MULTIROTOR,0.8,None,,,,0.0733
976,TRAINING,3.07,105.0,104.2,55.1,MOUNTAIN,CATAPULT,PARACHUTE,71826.81,True,True,FIXED_WING,1.0,VTOL,,,,0.0853
977,RESEARCH,3.8,82.9,54.2,115.6,MOUNTAIN,VERTICAL,VERTICAL,68682.15,True,True,VTOL,0.95,MULTIROTOR,,,,0.0856
978,MAPPING,6.62,69.4,132.8,63.9,FOREST,VERTICAL,VERTICAL,37775.02,True,True,VTOL,0.95,MULTIROTOR,,,,0.0849
979,CUSTOM,0.6,29.1,3.8,42.4,RURAL,VERTICAL,VERTICAL,4781.1,True,True,MULTIROTOR,0.8,VTOL,,,,0.0806
980,DISASTER_RESPONSE,2.06,15.0,2.1,20.1,URBAN,VERTICAL,VERTICAL,16055.82,True,True,MULTIROTOR,0.8,VTOL,,,,0.0788
981,TRAINING,0.71,17.1,4.6,28.9,INDOOR,VERTICAL,VERTICAL,13341.69,True,True,MULTIROTOR,0.8,None,,,,0.0744
982,INSPECTION,10.88,45.3,52.4,88.3,MOUNTAIN,VERTICAL,RUNWAY,31215.13,True,True,VTOL,0.95,MULTIROTOR,,,,0.0787
983,DISASTER_RESPONSE,2.11,31.1,33.0,76.5,MOUNTAIN,VERTICAL,VERTICAL,63962.75,True,True,VTOL,0.95,MULTIROTOR,,,,0.0733
984,MAPPING,10.47,36.9,38.1,81.8,RURAL,VERTICAL,VERTICAL,24575.56,True,True,VTOL,0.95,MULTIROTOR,,,,0.0738
985,SURVEY,19.43,35.5,45.7,42.1,RURAL,RUNWAY,RUNWAY,51573.55,True,True,FIXED_WING,1.0,VTOL,,,,0.0801
986,SECURITY,3.0,100.0,55.8,80.5,MOUNTAIN,VERTICAL,VERTICAL,45126.36,True,True,VTOL,0.95,MULTIROTOR,,,,0.08
987,MILITARY,2.88,119.6,31.5,84.4,MOUNTAIN,VERTICAL,VERTICAL,4184.14,True,True,VTOL,0.95,MULTIROTOR,,,,0.0717
988,CUSTOM,9.55,64.1,17.4,56.7,DESERT,VERTICAL,VERTICAL,68785.19,True,True,VTOL,0.7,MULTIROTOR,,,,0.0779
989,SURVEY,45.0,30.0,20.0,60.0,RURAL,VERTICAL,VERTICAL,,True,False,None,,None,High payload mass (45.0 kg) requires specialized heavy-lift structural airframe.,NO_VALID_VEHICLE,No feasible aircraft design solution: Payload requirement (45.0 kg) exceeds maximum studio envelope limit (35.0 kg).,0.0379
990,DISASTER_RESPONSE,2.38,13.8,14.3,40.8,RURAL,VERTICAL,VERTICAL,22674.23,True,True,MULTIROTOR,0.8,VTOL,,,,0.0668
991,DELIVERY,0.61,22.9,1.7,26.2,INDOOR,VERTICAL,VERTICAL,61821.03,True,True,MULTIROTOR,0.8,None,,,,0.0664
992,RESEARCH,1.96,142.1,75.0,96.7,RURAL,RUNWAY,RUNWAY,65793.03,True,True,FIXED_WING,1.0,VTOL,,,,0.0703
993,AGRICULTURE,0.83,16.4,1.0,13.9,INDOOR,VERTICAL,VERTICAL,67941.16,True,True,MULTIROTOR,0.8,None,,,,0.0617
994,DELIVERY,16.64,83.3,79.7,44.5,RURAL,VERTICAL,VERTICAL,59774.56,True,True,VTOL,0.95,MULTIROTOR,,,,0.0642
995,CUSTOM,2.38,137.4,29.6,79.0,DESERT,RUNWAY,BELLY_LANDING,41508.94,True,True,FIXED_WING,1.0,VTOL,,,,0.0635
996,INSPECTION,2.83,98.5,51.3,65.9,MOUNTAIN,CATAPULT,PARACHUTE,73818.55,True,True,VTOL,0.8,MULTIROTOR,,,,0.0682
997,CUSTOM,0.52,17.1,2.0,47.8,URBAN,VERTICAL,VERTICAL,42080.97,True,True,MULTIROTOR,0.8,VTOL,,,,0.0626
998,AGRICULTURE,5.4,116.3,38.7,84.0,FOREST,VERTICAL,VERTICAL,2795.54,True,True,VTOL,0.95,MULTIROTOR,,,,0.0638
999,DELIVERY,2.36,21.5,13.0,39.9,URBAN,VERTICAL,VERTICAL,29262.99,True,True,MULTIROTOR,0.8,VTOL,,,,0.0645
1000,SURVEY,1.01,88.0,62.8,80.9,RURAL,CATAPULT,BELLY_LANDING,59576.97,True,True,FIXED_WING,1.0,VTOL,,,,0.0689
1001,CUSTOM,2.07,26.1,12.8,34.3,URBAN,VERTICAL,VERTICAL,55224.38,True,True,MULTIROTOR,0.8,VTOL,,,,0.0658
1002,INSPECTION,20.95,83.2,18.7,64.0,MOUNTAIN,VERTICAL,RUNWAY,73797.9,True,True,VTOL,0.7,MULTIROTOR,,,,0.0663
1003,CUSTOM,0.38,8.4,1.8,21.6,INDOOR,VERTICAL,VERTICAL,68579.49,True,True,MULTIROTOR,0.8,None,,,,0.0602
1004,SURVEY,45.0,30.0,20.0,60.0,RURAL,VERTICAL,VERTICAL,,True,False,None,,None,High payload mass (45.0 kg) requires specialized heavy-lift structural airframe.,NO_VALID_VEHICLE,No feasible aircraft design solution: Payload requirement (45.0 kg) exceeds maximum studio envelope limit (35.0 kg).,0.0371
1005,SURVEY,18.0,280.0,20.0,60.0,RURAL,VERTICAL,VERTICAL,,True,False,None,,None,,NO_VALID_VEHICLE,No feasible aircraft design solution: Combined heavy payload (18.0 kg) and ultra-long endurance (280.0 min) is physically unachievable.,0.0361
1006,SURVEY,2.49,80.1,104.7,88.7,MOUNTAIN,VERTICAL,VERTICAL,72551.06,True,True,VTOL,0.95,MULTIROTOR,,,,0.0663
1007,DELIVERY,0.51,23.2,2.9,22.6,INDOOR,VERTICAL,VERTICAL,4487.82,True,True,MULTIROTOR,0.8,None,,,,0.0589
1008,INSPECTION,0.75,8.6,3.5,32.1,INDOOR,VERTICAL,VERTICAL,57466.07,True,True,MULTIROTOR,0.8,None,,,,0.0586
1009,MILITARY,3.62,18.9,4.8,40.0,URBAN,VERTICAL,VERTICAL,16133.42,True,True,MULTIROTOR,0.8,VTOL,,,,0.0621
1010,SURVEY,4.51,97.5,116.5,99.5,DESERT,RUNWAY,RUNWAY,60821.85,True,True,FIXED_WING,1.0,VTOL,,,,0.0644
1011,MILITARY,1.44,17.5,4.6,20.4,INDOOR,VERTICAL,VERTICAL,13991.21,True,True,MULTIROTOR,0.8,None,,,,0.0598
1012,AGRICULTURE,17.76,71.3,60.9,88.1,RURAL,VERTICAL,RUNWAY,6717.15,True,True,VTOL,0.95,MULTIROTOR,,,,0.0637
1013,SURVEY,0.65,11.6,1.7,39.7,INDOOR,VERTICAL,VERTICAL,23625.09,True,True,MULTIROTOR,0.8,None,,,,0.0642
1014,DELIVERY,20.67,35.9,41.3,87.1,DESERT,RUNWAY,VERTICAL,55945.32,True,True,VTOL,0.8,MULTIROTOR,,,,0.0694
1015,DISASTER_RESPONSE,0.16,22.5,3.6,24.8,INDOOR,VERTICAL,VERTICAL,58347.51,True,True,MULTIROTOR,0.8,None,,,,0.0607
1016,CUSTOM,18.49,31.2,31.8,73.5,DESERT,VERTICAL,VERTICAL,33695.35,True,True,VTOL,0.95,MULTIROTOR,,,,0.0666
1017,SURVEY,18.0,280.0,20.0,60.0,RURAL,VERTICAL,VERTICAL,,True,False,None,,None,,NO_VALID_VEHICLE,No feasible aircraft design solution: Combined heavy payload (18.0 kg) and ultra-long endurance (280.0 min) is physically unachievable.,0.0371
1018,DELIVERY,9.04,37.2,51.6,42.9,DESERT,RUNWAY,RUNWAY,78538.65,True,True,FIXED_WING,1.0,VTOL,,,,0.0678
1019,SURVEY,2.65,22.9,8.6,24.1,URBAN,VERTICAL,VERTICAL,42664.89,True,True,MULTIROTOR,0.8,VTOL,,,,0.0642
1020,MAPPING,9.15,55.2,67.9,68.0,MOUNTAIN,VERTICAL,VERTICAL,57696.67,True,True,VTOL,0.95,MULTIROTOR,,,,0.0685
1021,TRAINING,3.09,22.3,12.0,25.2,URBAN,VERTICAL,VERTICAL,2014.51,True,True,MULTIROTOR,0.8,VTOL,,,,0.0622
1022,SURVEY,25.0,30.0,250.0,60.0,RURAL,VERTICAL,VERTICAL,,True,False,None,,None,,NO_VALID_VEHICLE,No feasible aircraft design solution: Combined heavy payload (25.0 kg) and extended range (250.0 km) exceeds structural MTOW limit.,0.0366
1023,MAPPING,21.48,83.6,62.7,85.3,MOUNTAIN,RUNWAY,VERTICAL,62266.22,True,True,VTOL,0.8,MULTIROTOR,,,,0.0698
1024,DELIVERY,1.45,13.7,2.3,23.5,INDOOR,VERTICAL,VERTICAL,20513.73,True,True,MULTIROTOR,0.8,None,,,,0.0633
1025,SURVEY,17.94,33.2,47.7,60.2,DESERT,VERTICAL,VERTICAL,59494.35,True,True,VTOL,0.95,MULTIROTOR,,,,0.0654
1026,DISASTER_RESPONSE,2.11,105.4,130.3,61.8,FOREST,VERTICAL,VERTICAL,26833.17,True,True,VTOL,0.95,MULTIROTOR,,,,0.0646
1027,SURVEY,3.0,-10.0,20.0,60.0,RURAL,VERTICAL,VERTICAL,10000.0,False,False,None,,None,,INVALID_REQUIREMENTS,Target flight time must be greater than 0 minutes. Provided: -10.0 min.,0.0085
1028,DISASTER_RESPONSE,3.9,109.9,83.3,107.5,MARINE,VERTICAL,VERTICAL,21811.65,True,True,VTOL,0.95,MULTIROTOR,,,,0.0701
1029,SURVEY,2.0,30.0,20.0,350.0,RURAL,VERTICAL,VERTICAL,,True,False,None,,None,,NO_VALID_VEHICLE,No feasible aircraft design solution: Cruise speed requirement (350.0 km/h) exceeds platform dynamic limit (300.0 km/h).,0.0353
1030,DISASTER_RESPONSE,3.87,13.0,13.7,24.3,URBAN,VERTICAL,VERTICAL,14934.98,True,True,MULTIROTOR,0.8,VTOL,,,,0.0669
1031,SURVEY,18.0,280.0,20.0,60.0,RURAL,VERTICAL,VERTICAL,,True,False,None,,None,,NO_VALID_VEHICLE,No feasible aircraft design solution: Combined heavy payload (18.0 kg) and ultra-long endurance (280.0 min) is physically unachievable.,0.0371
1032,MAPPING,1.2,22.5,3.0,27.6,INDOOR,VERTICAL,VERTICAL,62317.73,True,True,MULTIROTOR,0.8,None,,,,0.0608
1033,CUSTOM,5.22,89.6,128.8,99.1,MOUNTAIN,VERTICAL,VERTICAL,18985.25,True,True,VTOL,0.95,MULTIROTOR,,,,0.0644
1034,SURVEY,45.0,30.0,20.0,60.0,RURAL,VERTICAL,VERTICAL,,True,False,None,,None,High payload mass (45.0 kg) requires specialized heavy-lift structural airframe.,NO_VALID_VEHICLE,No feasible aircraft design solution: Payload requirement (45.0 kg) exceeds maximum studio envelope limit (35.0 kg).,0.0347
1035,AGRICULTURE,7.77,45.8,87.6,64.7,MOUNTAIN,VERTICAL,VERTICAL,60999.07,True,True,VTOL,0.95,MULTIROTOR,,,,0.0629
1036,SURVEY,3.0,-10.0,20.0,60.0,RURAL,VERTICAL,VERTICAL,10000.0,False,False,None,,None,,INVALID_REQUIREMENTS,Target flight time must be greater than 0 minutes. Provided: -10.0 min.,0.0078
1037,MILITARY,0.48,23.5,4.6,13.1,INDOOR,VERTICAL,VERTICAL,68726.37,True,True,MULTIROTOR,0.8,None,,,,0.0638
1038,RESEARCH,4.29,112.1,92.5,95.4,MOUNTAIN,RUNWAY,NET_RECOVERY,43095.73,True,True,FIXED_WING,1.0,VTOL,,,,0.0646
1039,SURVEY,2.0,500.0,20.0,60.0,RURAL,VERTICAL,VERTICAL,,True,False,None,,None,,NO_VALID_VEHICLE,No feasible aircraft design solution: Endurance requirement (500.0 min) exceeds battery/fuel energy storage density limit (450.0 min).,0.0352
1040,DELIVERY,3.03,51.7,34.2,66.8,FOREST,HAND_LAUNCH,BELLY_LANDING,77292.0,True,True,FIXED_WING,1.0,VTOL,,,,0.064
1041,DELIVERY,1.88,48.7,101.3,103.6,MOUNTAIN,CATAPULT,BELLY_LANDING,76486.8,True,True,FIXED_WING,1.0,VTOL,,,,0.0736
1042,SURVEY,45.0,30.0,20.0,60.0,RURAL,VERTICAL,VERTICAL,,True,False,None,,None,High payload mass (45.0 kg) requires specialized heavy-lift structural airframe.,NO_VALID_VEHICLE,No feasible aircraft design solution: Payload requirement (45.0 kg) exceeds maximum studio envelope limit (35.0 kg).,0.0354
1043,MILITARY,4.55,73.6,93.9,55.8,DESERT,CATAPULT,RUNWAY,34936.46,True,True,FIXED_WING,1.0,VTOL,,,,0.0713
1044,MILITARY,6.81,66.5,62.9,62.8,RURAL,VERTICAL,VERTICAL,21680.61,True,True,VTOL,0.95,MULTIROTOR,,,,0.0653
1045,SECURITY,19.29,86.2,57.7,42.9,DESERT,RUNWAY,VERTICAL,31443.66,True,True,VTOL,0.8,MULTIROTOR,,,,0.067
1046,CUSTOM,4.51,59.5,63.7,88.6,DESERT,HAND_LAUNCH,BELLY_LANDING,4463.42,True,True,FIXED_WING,1.0,VTOL,,,,0.0666
1047,TRAINING,2.92,14.4,8.6,27.7,RURAL,VERTICAL,VERTICAL,34522.88,True,True,MULTIROTOR,0.8,VTOL,,,,0.0672
1048,CUSTOM,1.29,7.4,4.1,27.2,INDOOR,VERTICAL,VERTICAL,45180.69,True,True,MULTIROTOR,0.8,None,,,,0.0601
1049,SURVEY,0.88,33.1,3.3,30.1,URBAN,VERTICAL,VERTICAL,8011.59,True,True,MULTIROTOR,0.8,VTOL,,,,0.0628
1050,CUSTOM,3.02,25.2,13.1,34.8,RURAL,VERTICAL,VERTICAL,62508.1,True,True,MULTIROTOR,0.8,VTOL,,,,0.063
1051,CUSTOM,0.65,22.6,3.9,19.1,INDOOR,VERTICAL,VERTICAL,32477.85,True,True,MULTIROTOR,0.8,None,,,,0.0615
1052,INSPECTION,1.2,60.3,43.3,71.2,DESERT,HAND_LAUNCH,PARACHUTE,71319.85,True,True,VTOL,0.8,MULTIROTOR,,,,0.0644
1053,MAPPING,6.18,87.8,105.9,87.7,MOUNTAIN,VERTICAL,VERTICAL,39242.24,True,True,VTOL,0.95,MULTIROTOR,,,,0.07
1054,MILITARY,0.33,5.7,0.7,24.5,INDOOR,VERTICAL,VERTICAL,75426.26,True,True,MULTIROTOR,0.8,None,,,,0.06
1055,RESEARCH,0.57,7.1,3.3,19.4,INDOOR,VERTICAL,VERTICAL,14664.44,True,True,MULTIROTOR,0.8,None,,,,0.0595
1056,AGRICULTURE,16.73,43.7,17.6,76.2,RURAL,RUNWAY,RUNWAY,30618.87,True,True,FIXED_WING,0.85,VTOL,,,,0.0692
1057,SURVEY,2.0,30.0,500.0,60.0,RURAL,VERTICAL,VERTICAL,,True,False,None,,None,Extended range target (500.0 km) approaches maximum battery energy density threshold.,NO_VALID_VEHICLE,No feasible aircraft design solution: Range requirement (500.0 km) exceeds maximum studio envelope limit (450.0 km).,0.0372
1058,DELIVERY,11.02,54.4,25.6,75.3,RURAL,RUNWAY,RUNWAY,43160.42,True,True,FIXED_WING,0.85,VTOL,,,,0.0651
1059,DISASTER_RESPONSE,21.97,31.5,39.1,78.6,MOUNTAIN,VERTICAL,RUNWAY,74579.42,True,True,VTOL,0.95,MULTIROTOR,,,,0.0644
1060,CUSTOM,4.12,127.7,43.1,80.7,MOUNTAIN,HAND_LAUNCH,BELLY_LANDING,34345.52,True,True,FIXED_WING,1.0,VTOL,,,,0.0638
1061,MAPPING,1.91,107.0,53.7,99.2,RURAL,CATAPULT,NET_RECOVERY,12082.48,True,True,FIXED_WING,1.0,VTOL,,,,0.0634
1062,CUSTOM,3.85,66.6,105.4,56.7,FOREST,RUNWAY,PARACHUTE,12956.53,True,True,FIXED_WING,1.0,VTOL,,,,0.0637
1063,SECURITY,15.27,72.0,61.9,47.5,DESERT,VERTICAL,RUNWAY,15915.85,True,True,VTOL,0.95,MULTIROTOR,,,,0.0635
1064,SURVEY,1.11,131.0,117.0,100.3,FOREST,HAND_LAUNCH,PARACHUTE,67741.13,True,True,FIXED_WING,1.0,VTOL,,,,0.0634
1065,MILITARY,1.37,18.9,1.8,39.5,INDOOR,VERTICAL,VERTICAL,25435.58,True,True,MULTIROTOR,0.8,None,,,,0.06
1066,SURVEY,18.0,280.0,20.0,60.0,RURAL,VERTICAL,VERTICAL,,True,False,None,,None,,NO_VALID_VEHICLE,No feasible aircraft design solution: Combined heavy payload (18.0 kg) and ultra-long endurance (280.0 min) is physically unachievable.,0.0363
1067,SURVEY,2.3,107.0,41.8,89.5,MOUNTAIN,VERTICAL,VERTICAL,3100.87,True,True,VTOL,0.95,MULTIROTOR,,,,0.0667
1068,INSPECTION,11.68,77.3,70.3,40.6,MOUNTAIN,RUNWAY,VERTICAL,25868.97,True,True,VTOL,0.8,MULTIROTOR,,,,0.3468
1069,DISASTER_RESPONSE,1.0,16.6,1.0,33.6,INDOOR,VERTICAL,VERTICAL,47804.74,True,True,MULTIROTOR,0.8,None,,,,0.0965
1070,MILITARY,1.11,8.8,4.8,28.7,INDOOR,VERTICAL,VERTICAL,20079.48,True,True,MULTIROTOR,0.8,None,,,,0.2231
1071,SURVEY,3.3,95.6,138.3,64.5,RURAL,VERTICAL,VERTICAL,45286.33,True,True,VTOL,0.95,MULTIROTOR,,,,0.1352
1072,SECURITY,18.14,23.2,45.0,46.4,RURAL,RUNWAY,RUNWAY,74770.18,True,True,FIXED_WING,1.0,VTOL,,,,0.1995
1073,SURVEY,2.0,30.0,500.0,60.0,RURAL,VERTICAL,VERTICAL,,True,False,None,,None,Extended range target (500.0 km) approaches maximum battery energy density threshold.,NO_VALID_VEHICLE,No feasible aircraft design solution: Range requirement (500.0 km) exceeds maximum studio envelope limit (450.0 km).,0.0625
1074,RESEARCH,1.33,7.1,3.9,37.0,INDOOR,VERTICAL,VERTICAL,30357.95,True,True,MULTIROTOR,0.8,None,,,,0.0964
1075,TRAINING,2.87,33.7,129.0,76.1,FOREST,VERTICAL,VERTICAL,68705.3,True,True,VTOL,0.95,MULTIROTOR,,,,0.0984
1076,SURVEY,0.53,17.3,2.5,13.5,INDOOR,VERTICAL,VERTICAL,26174.02,True,True,MULTIROTOR,0.8,None,,,,0.0893
1077,RESEARCH,2.24,39.5,10.1,46.6,URBAN,VERTICAL,VERTICAL,37755.66,True,True,MULTIROTOR,0.8,VTOL,,,,0.0867
1078,SURVEY,2.0,30.0,500.0,60.0,RURAL,VERTICAL,VERTICAL,,True,False,None,,None,Extended range target (500.0 km) approaches maximum battery energy density threshold.,NO_VALID_VEHICLE,No feasible aircraft design solution: Range requirement (500.0 km) exceeds maximum studio envelope limit (450.0 km).,0.0494
1079,SURVEY,4.17,98.9,39.8,66.5,MOUNTAIN,VERTICAL,VERTICAL,24536.26,True,True,VTOL,0.95,MULTIROTOR,,,,0.0956
1080,DELIVERY,0.34,8.0,5.0,10.9,INDOOR,VERTICAL,VERTICAL,78912.92,True,True,MULTIROTOR,0.8,None,,,,0.105
1081,SURVEY,6.63,39.1,148.4,67.1,FOREST,VERTICAL,VERTICAL,54231.82,True,True,VTOL,0.95,MULTIROTOR,,,,0.0805
1082,SURVEY,6.96,36.6,129.7,80.4,FOREST,VERTICAL,VERTICAL,49318.04,True,True,VTOL,0.95,MULTIROTOR,,,,0.0693
1083,SECURITY,6.79,100.2,120.7,73.5,MOUNTAIN,VERTICAL,VERTICAL,58386.04,True,True,VTOL,0.95,MULTIROTOR,,,,0.0712
1084,SURVEY,25.0,30.0,250.0,60.0,RURAL,VERTICAL,VERTICAL,,True,False,None,,None,,NO_VALID_VEHICLE,No feasible aircraft design solution: Combined heavy payload (25.0 kg) and extended range (250.0 km) exceeds structural MTOW limit.,0.0492
1085,DISASTER_RESPONSE,1.01,11.4,3.8,21.1,INDOOR,VERTICAL,VERTICAL,17219.7,True,True,MULTIROTOR,0.8,None,,,,0.064
1086,SURVEY,25.0,30.0,250.0,60.0,RURAL,VERTICAL,VERTICAL,,True,False,None,,None,,NO_VALID_VEHICLE,No feasible aircraft design solution: Combined heavy payload (25.0 kg) and extended range (250.0 km) exceeds structural MTOW limit.,0.0355
1087,DELIVERY,0.2,22.9,0.8,26.7,INDOOR,VERTICAL,VERTICAL,68116.03,True,True,MULTIROTOR,0.8,None,,,,0.0609
1088,SURVEY,23.22,37.3,36.8,61.3,MOUNTAIN,VERTICAL,VERTICAL,60972.89,True,True,VTOL,0.95,MULTIROTOR,,,,0.0707
1089,SURVEY,2.0,500.0,20.0,60.0,RURAL,VERTICAL,VERTICAL,,True,False,None,,None,,NO_VALID_VEHICLE,No feasible aircraft design solution: Endurance requirement (500.0 min) exceeds battery/fuel energy storage density limit (450.0 min).,0.0367
1090,MAPPING,3.36,42.7,90.3,73.8,MARINE,VERTICAL,VERTICAL,71865.34,True,True,VTOL,0.95,MULTIROTOR,,,,0.0819
1091,DISASTER_RESPONSE,1.53,30.5,9.2,28.0,RURAL,VERTICAL,VERTICAL,68623.99,True,True,MULTIROTOR,0.8,VTOL,,,,0.1372
1092,MILITARY,7.06,105.0,72.7,74.1,MOUNTAIN,VERTICAL,VERTICAL,53182.67,True,True,VTOL,0.95,MULTIROTOR,,,,0.0673
1093,SURVEY,16.01,30.1,14.0,79.6,DESERT,VERTICAL,VERTICAL,9792.7,True,True,MULTIROTOR,0.7,VTOL,,,,0.0731
1094,SURVEY,3.15,108.8,109.9,61.0,DESERT,RUNWAY,RUNWAY,17846.27,True,True,FIXED_WING,1.0,VTOL,,,,0.0661
1095,CUSTOM,5.86,87.1,149.2,72.4,FOREST,VERTICAL,VERTICAL,42027.09,True,True,VTOL,0.95,MULTIROTOR,,,,0.0674
1096,MAPPING,3.13,54.7,80.5,62.0,MARINE,VERTICAL,VERTICAL,60168.27,True,True,VTOL,0.95,MULTIROTOR,,,,0.0676
1097,SURVEY,18.0,280.0,20.0,60.0,RURAL,VERTICAL,VERTICAL,,True,False,None,,None,,NO_VALID_VEHICLE,No feasible aircraft design solution: Combined heavy payload (18.0 kg) and ultra-long endurance (280.0 min) is physically unachievable.,0.0381
1098,SURVEY,4.63,84.2,46.5,106.3,MOUNTAIN,VERTICAL,VERTICAL,8495.18,True,True,VTOL,0.95,MULTIROTOR,,,,0.0667
1099,RESEARCH,1.22,24.6,4.9,16.7,INDOOR,VERTICAL,VERTICAL,65949.69,True,True,MULTIROTOR,0.8,None,,,,0.0697
1100,SURVEY,2.46,34.9,9.6,46.6,RURAL,VERTICAL,VERTICAL,27711.42,True,True,MULTIROTOR,0.8,VTOL,,,,0.1275
1101,TRAINING,0.81,32.8,11.5,22.5,RURAL,VERTICAL,VERTICAL,69630.54,True,True,MULTIROTOR,0.8,VTOL,,,,0.083
1102,SURVEY,0.61,9.7,1.7,34.2,INDOOR,VERTICAL,VERTICAL,63946.07,True,True,MULTIROTOR,0.8,None,,,,0.0654
1103,DELIVERY,0.23,21.2,1.5,10.9,INDOOR,VERTICAL,VERTICAL,47921.43,True,True,MULTIROTOR,0.8,None,,,,0.062
1104,DISASTER_RESPONSE,10.87,70.8,67.7,81.0,DESERT,RUNWAY,RUNWAY,9998.61,True,True,FIXED_WING,1.0,VTOL,,,,0.0703
1105,MILITARY,3.53,87.3,116.2,88.9,RURAL,VERTICAL,VERTICAL,48481.11,True,True,VTOL,0.95,MULTIROTOR,,,,0.0723
1106,INSPECTION,21.93,39.4,54.9,50.0,RURAL,VERTICAL,RUNWAY,61067.14,True,True,VTOL,0.95,MULTIROTOR,,,,0.0665
1107,CUSTOM,0.55,9.2,3.7,33.2,INDOOR,VERTICAL,VERTICAL,46270.31,True,True,MULTIROTOR,0.8,None,,,,0.0609
1108,AGRICULTURE,2.35,14.7,7.0,23.8,RURAL,VERTICAL,VERTICAL,27316.13,True,True,MULTIROTOR,0.8,VTOL,,,,0.0663
1109,SECURITY,1.26,14.4,5.1,31.9,URBAN,VERTICAL,VERTICAL,60591.62,True,True,MULTIROTOR,0.8,VTOL,,,,0.0656
1110,MILITARY,20.85,37.5,20.4,75.0,MOUNTAIN,VERTICAL,VERTICAL,79130.97,True,True,VTOL,0.7,MULTIROTOR,,,,0.0742
1111,SURVEY,2.0,30.0,500.0,60.0,RURAL,VERTICAL,VERTICAL,,True,False,None,,None,Extended range target (500.0 km) approaches maximum battery energy density threshold.,NO_VALID_VEHICLE,No feasible aircraft design solution: Range requirement (500.0 km) exceeds maximum studio envelope limit (450.0 km).,0.037
1112,SURVEY,2.2,92.3,27.9,69.8,RURAL,RUNWAY,NET_RECOVERY,25329.95,True,True,FIXED_WING,1.0,VTOL,,,,0.0646
1113,INSPECTION,3.32,144.4,114.1,60.8,RURAL,RUNWAY,NET_RECOVERY,3868.6,True,True,VTOL,0.8,MULTIROTOR,,,,0.0647
1114,AGRICULTURE,1.42,11.0,4.5,23.0,INDOOR,VERTICAL,VERTICAL,53474.43,True,True,MULTIROTOR,0.8,None,,,,0.0648
1115,RESEARCH,7.31,99.2,147.5,64.6,MOUNTAIN,VERTICAL,VERTICAL,68491.28,True,True,VTOL,0.95,MULTIROTOR,,,,0.0661
1116,DELIVERY,3.49,62.3,51.4,61.9,FOREST,HAND_LAUNCH,BELLY_LANDING,56842.57,True,True,FIXED_WING,1.0,VTOL,,,,0.0644
1117,DISASTER_RESPONSE,0.9,5.7,3.2,35.9,INDOOR,VERTICAL,VERTICAL,43268.22,True,True,MULTIROTOR,0.8,None,,,,0.0638
1118,MAPPING,2.7,32.0,6.3,33.1,RURAL,VERTICAL,VERTICAL,60102.93,True,True,MULTIROTOR,0.8,VTOL,,,,0.0637
1119,SECURITY,1.07,24.3,0.6,14.5,INDOOR,VERTICAL,VERTICAL,12713.08,True,True,MULTIROTOR,0.8,None,,,,0.0612
1120,SURVEY,2.93,84.4,51.4,106.0,RURAL,HAND_LAUNCH,NET_RECOVERY,2538.16,True,True,FIXED_WING,1.0,VTOL,,,,0.0695
1121,CUSTOM,4.71,141.5,79.3,85.7,DESERT,HAND_LAUNCH,NET_RECOVERY,12183.96,True,True,FIXED_WING,1.0,VTOL,,,,0.0662
1122,TRAINING,1.4,141.1,51.9,56.6,DESERT,RUNWAY,NET_RECOVERY,64721.26,True,True,FIXED_WING,1.0,VTOL,,,,0.0696
1123,INSPECTION,2.63,78.8,92.2,62.1,DESERT,RUNWAY,PARACHUTE,36991.57,True,True,VTOL,0.8,MULTIROTOR,,,,0.0692
1124,AGRICULTURE,4.97,114.6,140.8,111.8,MARINE,VERTICAL,VERTICAL,17246.36,True,True,VTOL,0.95,MULTIROTOR,,,,0.0639
1125,DELIVERY,6.9,74.2,113.1,77.1,MARINE,VERTICAL,VERTICAL,58594.04,True,True,VTOL,0.95,MULTIROTOR,,,,0.0653
1126,INSPECTION,12.32,26.4,53.9,83.2,DESERT,VERTICAL,RUNWAY,60017.69,True,True,VTOL,0.95,MULTIROTOR,,,,0.0663
1127,INSPECTION,0.44,8.9,4.5,20.4,INDOOR,VERTICAL,VERTICAL,11825.1,True,True,MULTIROTOR,0.8,None,,,,0.0593
1128,SECURITY,0.24,15.0,2.3,37.4,INDOOR,VERTICAL,VERTICAL,73813.54,True,True,MULTIROTOR,0.8,None,,,,0.0592
1129,SECURITY,0.7,39.7,11.1,44.4,RURAL,VERTICAL,VERTICAL,57219.91,True,True,MULTIROTOR,0.8,VTOL,,,,0.0632
1130,MAPPING,6.34,45.6,149.3,104.1,MOUNTAIN,VERTICAL,VERTICAL,67106.78,True,True,VTOL,0.95,MULTIROTOR,,,,0.0653
1131,SURVEY,3.0,30.0,20.0,0.0,RURAL,VERTICAL,VERTICAL,10000.0,False,False,None,,None,,INVALID_REQUIREMENTS,Cruise speed must be greater than 0 km/h. Provided: 0.0 km/h.,0.011
1132,SURVEY,0.87,16.1,10.8,38.1,URBAN,VERTICAL,VERTICAL,72399.72,True,True,MULTIROTOR,0.8,VTOL,,,,0.0648
1133,DISASTER_RESPONSE,2.75,55.6,57.3,53.0,MOUNTAIN,RUNWAY,NET_RECOVERY,60488.1,True,True,FIXED_WING,1.0,VTOL,,,,0.0649
1134,CUSTOM,1.4,6.0,2.3,26.4,INDOOR,VERTICAL,VERTICAL,40649.67,True,True,MULTIROTOR,0.8,None,,,,0.0629
1135,RESEARCH,6.38,77.2,139.7,102.7,MARINE,VERTICAL,VERTICAL,72186.55,True,True,VTOL,0.95,MULTIROTOR,,,,0.0657
1136,INSPECTION,11.18,48.1,67.6,89.0,RURAL,VERTICAL,RUNWAY,76922.69,True,True,VTOL,0.95,MULTIROTOR,,,,0.0679
1137,SURVEY,1.96,13.5,8.1,35.9,RURAL,VERTICAL,VERTICAL,8324.2,True,True,MULTIROTOR,0.8,VTOL,,,,0.0672
1138,CUSTOM,1.99,102.0,48.0,101.9,MOUNTAIN,HAND_LAUNCH,RUNWAY,70894.7,True,True,FIXED_WING,1.0,VTOL,,,,0.0642
1139,DELIVERY,3.29,104.9,104.5,67.6,DESERT,RUNWAY,PARACHUTE,12012.72,True,True,FIXED_WING,1.0,VTOL,,,,0.0667
1140,SURVEY,18.0,280.0,20.0,60.0,RURAL,VERTICAL,VERTICAL,,True,False,None,,None,,NO_VALID_VEHICLE,No feasible aircraft design solution: Combined heavy payload (18.0 kg) and ultra-long endurance (280.0 min) is physically unachievable.,0.036
1141,SURVEY,5.0,30.0,20.0,60.0,RURAL,VERTICAL,VERTICAL,10000.0,False,False,None,,None,,INVALID_REQUIREMENTS,Maximum takeoff weight limit (3.0 kg) must be greater than payload weight (5.0 kg).,0.0088
1142,CUSTOM,0.72,14.5,2.4,37.9,URBAN,VERTICAL,VERTICAL,43939.93,True,True,MULTIROTOR,0.8,VTOL,,,,0.0627
1143,AGRICULTURE,1.32,21.7,8.1,28.6,URBAN,VERTICAL,VERTICAL,54596.3,True,True,MULTIROTOR,0.8,VTOL,,,,0.0678
1144,DISASTER_RESPONSE,0.95,14.4,2.1,19.7,INDOOR,VERTICAL,VERTICAL,65852.07,True,True,MULTIROTOR,0.8,None,,,,0.0605
1145,DISASTER_RESPONSE,7.52,69.6,143.7,78.0,MOUNTAIN,VERTICAL,VERTICAL,60569.16,True,True,VTOL,0.95,MULTIROTOR,,,,0.0641
1146,INSPECTION,0.17,22.6,3.5,19.8,INDOOR,VERTICAL,VERTICAL,39168.48,True,True,MULTIROTOR,0.8,None,,,,0.0679
1147,SURVEY,4.68,63.2,47.4,96.6,FOREST,VERTICAL,VERTICAL,56753.44,True,True,VTOL,0.95,MULTIROTOR,,,,0.0665
1148,AGRICULTURE,2.58,71.6,31.3,87.7,MOUNTAIN,CATAPULT,NET_RECOVERY,62124.88,True,True,FIXED_WING,1.0,VTOL,,,,0.0646
1149,RESEARCH,3.66,22.7,7.2,28.6,URBAN,VERTICAL,VERTICAL,5687.7,True,True,MULTIROTOR,0.8,VTOL,,,,0.1163
1150,CUSTOM,14.15,26.8,21.6,57.3,MOUNTAIN,VERTICAL,VERTICAL,54758.23,True,True,VTOL,0.7,MULTIROTOR,,,,0.0656
1151,TRAINING,2.72,100.8,112.6,50.8,FOREST,HAND_LAUNCH,NET_RECOVERY,48490.98,True,True,FIXED_WING,1.0,VTOL,,,,0.0687
1152,TRAINING,5.53,117.6,31.7,76.9,RURAL,VERTICAL,VERTICAL,10890.4,True,True,VTOL,0.95,MULTIROTOR,,,,0.0685
1153,DISASTER_RESPONSE,0.18,10.3,0.9,13.9,INDOOR,VERTICAL,VERTICAL,41780.68,True,True,MULTIROTOR,0.8,None,,,,0.0591
1154,INSPECTION,23.78,46.6,38.9,58.2,RURAL,VERTICAL,RUNWAY,62490.03,True,True,VTOL,0.95,MULTIROTOR,,,,0.0636
1155,DISASTER_RESPONSE,0.35,8.8,3.2,38.4,INDOOR,VERTICAL,VERTICAL,73552.74,True,True,MULTIROTOR,0.8,None,,,,0.0595
1156,DELIVERY,0.8,14.9,1.6,13.1,INDOOR,VERTICAL,VERTICAL,10924.16,True,True,MULTIROTOR,0.8,None,,,,0.0591
1157,DISASTER_RESPONSE,3.53,22.5,12.3,49.3,RURAL,VERTICAL,VERTICAL,75564.82,True,True,MULTIROTOR,0.8,VTOL,,,,0.0622
1158,SECURITY,6.11,107.8,148.3,72.9,MARINE,VERTICAL,VERTICAL,54096.97,True,True,VTOL,0.95,MULTIROTOR,,,,0.0658
1159,SURVEY,21.99,30.4,13.6,62.8,MOUNTAIN,RUNWAY,VERTICAL,62842.25,True,True,MULTIROTOR,0.7,VTOL,,,,0.0686
1160,CUSTOM,3.1,83.9,73.9,80.4,FOREST,VERTICAL,VERTICAL,54829.11,True,True,VTOL,0.95,MULTIROTOR,,,,0.0647
1161,MILITARY,3.79,67.0,128.1,93.8,FOREST,VERTICAL,VERTICAL,34353.74,True,True,VTOL,0.95,MULTIROTOR,,,,0.0647
1162,TRAINING,2.77,31.0,12.2,26.2,URBAN,VERTICAL,VERTICAL,9198.99,True,True,MULTIROTOR,0.8,VTOL,,,,0.0627
1163,AGRICULTURE,3.78,84.6,104.1,69.3,MOUNTAIN,HAND_LAUNCH,NET_RECOVERY,19104.06,True,True,FIXED_WING,1.0,VTOL,,,,0.0636
1164,MILITARY,3.23,60.2,77.3,59.5,MOUNTAIN,HAND_LAUNCH,PARACHUTE,39155.03,True,True,FIXED_WING,1.0,VTOL,,,,0.0636
1165,SURVEY,2.0,30.0,500.0,60.0,RURAL,VERTICAL,VERTICAL,,True,False,None,,None,Extended range target (500.0 km) approaches maximum battery energy density threshold.,NO_VALID_VEHICLE,No feasible aircraft design solution: Range requirement (500.0 km) exceeds maximum studio envelope limit (450.0 km).,0.0363
1166,SURVEY,2.0,30.0,500.0,60.0,RURAL,VERTICAL,VERTICAL,,True,False,None,,None,Extended range target (500.0 km) approaches maximum battery energy density threshold.,NO_VALID_VEHICLE,No feasible aircraft design solution: Range requirement (500.0 km) exceeds maximum studio envelope limit (450.0 km).,0.035
1167,SURVEY,2.0,30.0,20.0,350.0,RURAL,VERTICAL,VERTICAL,,True,False,None,,None,,NO_VALID_VEHICLE,No feasible aircraft design solution: Cruise speed requirement (350.0 km/h) exceeds platform dynamic limit (300.0 km/h).,0.0356
1168,SURVEY,2.0,500.0,20.0,60.0,RURAL,VERTICAL,VERTICAL,,True,False,None,,None,,NO_VALID_VEHICLE,No feasible aircraft design solution: Endurance requirement (500.0 min) exceeds battery/fuel energy storage density limit (450.0 min).,0.0355
1169,SURVEY,2.0,30.0,500.0,60.0,RURAL,VERTICAL,VERTICAL,,True,False,None,,None,Extended range target (500.0 km) approaches maximum battery energy density threshold.,NO_VALID_VEHICLE,No feasible aircraft design solution: Range requirement (500.0 km) exceeds maximum studio envelope limit (450.0 km).,0.0349
1170,SURVEY,2.0,500.0,20.0,60.0,RURAL,VERTICAL,VERTICAL,,True,False,None,,None,,NO_VALID_VEHICLE,No feasible aircraft design solution: Endurance requirement (500.0 min) exceeds battery/fuel energy storage density limit (450.0 min).,0.035
1171,SURVEY,2.0,30.0,500.0,60.0,RURAL,VERTICAL,VERTICAL,,True,False,None,,None,Extended range target (500.0 km) approaches maximum battery energy density threshold.,NO_VALID_VEHICLE,No feasible aircraft design solution: Range requirement (500.0 km) exceeds maximum studio envelope limit (450.0 km).,0.0353
1172,INSPECTION,19.12,30.4,34.7,70.2,DESERT,RUNWAY,VERTICAL,76070.48,True,True,VTOL,0.8,MULTIROTOR,,,,0.0709
1173,AGRICULTURE,4.15,33.7,48.7,107.9,MARINE,VERTICAL,VERTICAL,55360.72,True,True,VTOL,0.95,MULTIROTOR,,,,0.0792
1174,MAPPING,3.22,36.3,6.4,50.0,RURAL,VERTICAL,VERTICAL,16081.94,True,True,MULTIROTOR,0.8,VTOL,,,,0.067
1175,INSPECTION,16.88,64.3,60.6,40.5,DESERT,VERTICAL,VERTICAL,8355.37,True,True,VTOL,0.95,MULTIROTOR,,,,0.0662
1176,SURVEY,2.37,18.7,9.8,29.1,RURAL,VERTICAL,VERTICAL,5784.35,True,True,MULTIROTOR,0.8,VTOL,,,,0.0639
1177,TRAINING,17.72,28.9,73.5,77.0,DESERT,VERTICAL,RUNWAY,53916.38,True,True,VTOL,0.95,MULTIROTOR,,,,0.0637
1178,SECURITY,3.82,104.6,77.1,95.7,RURAL,CATAPULT,NET_RECOVERY,6030.26,True,True,FIXED_WING,1.0,VTOL,,,,0.0635
1179,INSPECTION,1.47,68.9,72.5,57.7,RURAL,CATAPULT,BELLY_LANDING,75358.04,True,True,VTOL,0.8,MULTIROTOR,,,,0.0677
1180,SURVEY,2.0,500.0,20.0,60.0,RURAL,VERTICAL,VERTICAL,,True,False,None,,None,,NO_VALID_VEHICLE,No feasible aircraft design solution: Endurance requirement (500.0 min) exceeds battery/fuel energy storage density limit (450.0 min).,0.0343
1181,SURVEY,45.0,30.0,20.0,60.0,RURAL,VERTICAL,VERTICAL,,True,False,None,,None,High payload mass (45.0 kg) requires specialized heavy-lift structural airframe.,NO_VALID_VEHICLE,No feasible aircraft design solution: Payload requirement (45.0 kg) exceeds maximum studio envelope limit (35.0 kg).,0.0332
1182,DELIVERY,0.34,24.6,2.6,19.4,INDOOR,VERTICAL,VERTICAL,35061.29,True,True,MULTIROTOR,0.8,None,,,,0.0594
1183,TRAINING,1.48,32.1,5.6,39.9,RURAL,VERTICAL,VERTICAL,31997.33,True,True,MULTIROTOR,0.8,VTOL,,,,0.0622
1184,MILITARY,2.12,33.2,13.1,25.5,RURAL,VERTICAL,VERTICAL,19014.04,True,True,MULTIROTOR,0.8,VTOL,,,,0.0638
1185,SURVEY,2.0,500.0,20.0,60.0,RURAL,VERTICAL,VERTICAL,,True,False,None,,None,,NO_VALID_VEHICLE,No feasible aircraft design solution: Endurance requirement (500.0 min) exceeds battery/fuel energy storage density limit (450.0 min).,0.0364
1186,RESEARCH,2.52,109.3,93.6,60.0,RURAL,VERTICAL,VERTICAL,65746.29,True,True,VTOL,0.95,MULTIROTOR,,,,0.0662
1187,INSPECTION,13.62,39.9,33.8,49.5,RURAL,VERTICAL,VERTICAL,30195.2,True,True,VTOL,0.95,MULTIROTOR,,,,0.0675
1188,MAPPING,0.76,17.0,3.8,17.8,INDOOR,VERTICAL,VERTICAL,70445.85,True,True,MULTIROTOR,0.8,None,,,,0.0597
1189,RESEARCH,1.57,51.1,74.2,99.9,DESERT,CATAPULT,BELLY_LANDING,67161.25,True,True,FIXED_WING,1.0,VTOL,,,,0.0643
1190,DELIVERY,14.62,35.6,57.7,75.6,RURAL,VERTICAL,RUNWAY,52410.31,True,True,VTOL,0.95,MULTIROTOR,,,,0.0681
1191,SURVEY,2.0,30.0,500.0,60.0,RURAL,VERTICAL,VERTICAL,,True,False,None,,None,Extended range target (500.0 km) approaches maximum battery energy density threshold.,NO_VALID_VEHICLE,No feasible aircraft design solution: Range requirement (500.0 km) exceeds maximum studio envelope limit (450.0 km).,0.0341
1192,MILITARY,9.61,21.0,55.9,83.6,DESERT,VERTICAL,RUNWAY,64523.38,True,True,VTOL,0.95,MULTIROTOR,,,,0.0631
1193,AGRICULTURE,0.72,12.8,2.2,30.1,INDOOR,VERTICAL,VERTICAL,56933.01,True,True,MULTIROTOR,0.8,None,,,,0.0639
1194,SURVEY,1.28,15.7,0.7,37.5,INDOOR,VERTICAL,VERTICAL,20864.79,True,True,MULTIROTOR,0.8,None,,,,0.0634
1195,DELIVERY,4.12,99.3,60.2,104.7,DESERT,CATAPULT,RUNWAY,42374.68,True,True,FIXED_WING,1.0,VTOL,,,,0.0643
1196,CUSTOM,3.45,110.8,48.0,62.8,RURAL,CATAPULT,BELLY_LANDING,67163.8,True,True,FIXED_WING,1.0,VTOL,,,,0.0683
1197,AGRICULTURE,0.45,24.3,4.8,36.7,INDOOR,VERTICAL,VERTICAL,47078.13,True,True,MULTIROTOR,0.8,None,,,,0.0619
1198,SURVEY,0.41,17.1,3.6,12.4,INDOOR,VERTICAL,VERTICAL,10573.08,True,True,MULTIROTOR,0.8,None,,,,0.0616
1199,CUSTOM,2.86,20.9,11.0,37.2,RURAL,VERTICAL,VERTICAL,25229.96,True,True,MULTIROTOR,0.8,VTOL,,,,0.0623
1200,MILITARY,4.59,52.6,43.4,105.3,DESERT,RUNWAY,PARACHUTE,3130.63,True,True,FIXED_WING,1.0,VTOL,,,,0.0746
1201,DELIVERY,1.85,90.2,81.0,85.8,MOUNTAIN,RUNWAY,RUNWAY,74925.94,True,True,FIXED_WING,1.0,VTOL,,,,0.0717
1202,DISASTER_RESPONSE,0.25,20.5,4.8,32.5,INDOOR,VERTICAL,VERTICAL,29663.05,True,True,MULTIROTOR,0.8,None,,,,0.0617
1203,MAPPING,5.0,117.9,91.0,70.4,DESERT,HAND_LAUNCH,NET_RECOVERY,72349.89,True,True,FIXED_WING,1.0,VTOL,,,,0.0644
1204,MAPPING,17.6,58.9,73.6,53.3,RURAL,RUNWAY,RUNWAY,13351.03,True,True,FIXED_WING,1.0,VTOL,,,,0.064
1205,SURVEY,25.0,30.0,250.0,60.0,RURAL,VERTICAL,VERTICAL,,True,False,None,,None,,NO_VALID_VEHICLE,No feasible aircraft design solution: Combined heavy payload (25.0 kg) and extended range (250.0 km) exceeds structural MTOW limit.,0.0342
1206,SECURITY,1.04,23.2,1.6,25.0,INDOOR,VERTICAL,VERTICAL,21070.84,True,True,MULTIROTOR,0.8,None,,,,0.0593
1207,SURVEY,2.0,30.0,20.0,350.0,RURAL,VERTICAL,VERTICAL,,True,False,None,,None,,NO_VALID_VEHICLE,No feasible aircraft design solution: Cruise speed requirement (350.0 km/h) exceeds platform dynamic limit (300.0 km/h).,0.0338
1208,MAPPING,1.19,18.1,3.1,34.1,INDOOR,VERTICAL,VERTICAL,15851.46,True,True,MULTIROTOR,0.8,None,,,,0.0595
1209,AGRICULTURE,0.85,13.4,14.5,34.2,RURAL,VERTICAL,VERTICAL,17745.46,True,True,MULTIROTOR,0.8,VTOL,,,,0.0649
1210,SURVEY,45.0,30.0,20.0,60.0,RURAL,VERTICAL,VERTICAL,,True,False,None,,None,High payload mass (45.0 kg) requires specialized heavy-lift structural airframe.,NO_VALID_VEHICLE,No feasible aircraft design solution: Payload requirement (45.0 kg) exceeds maximum studio envelope limit (35.0 kg).,0.0348
1211,CUSTOM,1.76,21.9,11.3,20.8,URBAN,VERTICAL,VERTICAL,51806.88,True,True,MULTIROTOR,0.8,VTOL,,,,0.0622
1212,CUSTOM,0.5,6.8,4.3,14.3,INDOOR,VERTICAL,VERTICAL,66198.96,True,True,MULTIROTOR,0.8,None,,,,0.0601
1213,MAPPING,1.92,63.6,96.3,82.4,RURAL,HAND_LAUNCH,NET_RECOVERY,70304.21,True,True,FIXED_WING,1.0,VTOL,,,,0.0652
1214,RESEARCH,6.7,58.3,109.0,93.5,FOREST,VERTICAL,VERTICAL,47044.7,True,True,VTOL,0.95,MULTIROTOR,,,,0.0699
1215,AGRICULTURE,6.0,57.7,143.2,60.9,MOUNTAIN,VERTICAL,VERTICAL,33246.92,True,True,VTOL,0.95,MULTIROTOR,,,,0.0654
1216,RESEARCH,2.79,31.2,5.9,44.2,URBAN,VERTICAL,VERTICAL,74679.61,True,True,MULTIROTOR,0.8,VTOL,,,,0.0646
1217,AGRICULTURE,4.83,112.2,104.1,51.7,MOUNTAIN,RUNWAY,RUNWAY,11250.21,True,True,FIXED_WING,1.0,VTOL,,,,0.0665
1218,SURVEY,2.0,30.0,20.0,350.0,RURAL,VERTICAL,VERTICAL,,True,False,None,,None,,NO_VALID_VEHICLE,No feasible aircraft design solution: Cruise speed requirement (350.0 km/h) exceeds platform dynamic limit (300.0 km/h).,0.0367
1219,TRAINING,1.44,11.4,2.6,30.3,INDOOR,VERTICAL,VERTICAL,28364.2,True,True,MULTIROTOR,0.8,None,,,,0.0632
1220,SURVEY,18.0,280.0,20.0,60.0,RURAL,VERTICAL,VERTICAL,,True,False,None,,None,,NO_VALID_VEHICLE,No feasible aircraft design solution: Combined heavy payload (18.0 kg) and ultra-long endurance (280.0 min) is physically unachievable.,0.0344
1221,SURVEY,25.0,30.0,250.0,60.0,RURAL,VERTICAL,VERTICAL,,True,False,None,,None,,NO_VALID_VEHICLE,No feasible aircraft design solution: Combined heavy payload (25.0 kg) and extended range (250.0 km) exceeds structural MTOW limit.,0.0332
1222,DELIVERY,6.08,64.8,135.8,114.0,MOUNTAIN,VERTICAL,VERTICAL,26270.65,True,True,VTOL,0.95,MULTIROTOR,,,,0.0636
1223,MILITARY,4.06,52.0,59.2,73.6,FOREST,VERTICAL,VERTICAL,39079.67,True,True,VTOL,0.95,MULTIROTOR,,,,0.0682
1224,MAPPING,0.91,10.1,1.6,24.7,INDOOR,VERTICAL,VERTICAL,38828.12,True,True,MULTIROTOR,0.8,None,,,,0.0592
1225,RESEARCH,0.4,21.4,1.7,38.7,INDOOR,VERTICAL,VERTICAL,67184.33,True,True,MULTIROTOR,0.8,None,,,,0.0619
1226,SURVEY,0.61,10.9,3.2,27.3,INDOOR,VERTICAL,VERTICAL,45799.21,True,True,MULTIROTOR,0.8,None,,,,0.0602
1227,SURVEY,0.56,24.0,0.5,39.3,INDOOR,VERTICAL,VERTICAL,28814.22,True,True,MULTIROTOR,0.8,None,,,,0.0633
1228,AGRICULTURE,3.05,37.7,14.7,24.5,RURAL,VERTICAL,VERTICAL,19684.66,True,True,MULTIROTOR,0.8,VTOL,,,,0.0763
1229,MILITARY,1.99,61.5,80.8,106.6,DESERT,HAND_LAUNCH,NET_RECOVERY,43079.39,True,True,FIXED_WING,1.0,VTOL,,,,0.0712
1230,SURVEY,18.0,280.0,20.0,60.0,RURAL,VERTICAL,VERTICAL,,True,False,None,,None,,NO_VALID_VEHICLE,No feasible aircraft design solution: Combined heavy payload (18.0 kg) and ultra-long endurance (280.0 min) is physically unachievable.,0.0388
1231,SURVEY,18.0,280.0,20.0,60.0,RURAL,VERTICAL,VERTICAL,,True,False,None,,None,,NO_VALID_VEHICLE,No feasible aircraft design solution: Combined heavy payload (18.0 kg) and ultra-long endurance (280.0 min) is physically unachievable.,0.0349
1232,DELIVERY,0.72,25.6,4.5,44.6,URBAN,VERTICAL,VERTICAL,26357.85,True,True,MULTIROTOR,0.8,VTOL,,,,0.0626
1233,TRAINING,0.59,7.2,4.1,11.8,INDOOR,VERTICAL,VERTICAL,54419.09,True,True,MULTIROTOR,0.8,None,,,,0.059
1234,TRAINING,24.85,40.5,50.2,44.7,DESERT,RUNWAY,RUNWAY,16381.23,True,True,FIXED_WING,1.0,VTOL,,,,0.0643
1235,DISASTER_RESPONSE,0.52,9.7,3.5,29.1,INDOOR,VERTICAL,VERTICAL,32184.94,True,True,MULTIROTOR,0.8,None,,,,0.0617
1236,AGRICULTURE,2.06,15.9,3.1,20.4,RURAL,VERTICAL,VERTICAL,63031.99,True,True,MULTIROTOR,0.8,VTOL,,,,0.0675
1237,SURVEY,2.0,30.0,20.0,350.0,RURAL,VERTICAL,VERTICAL,,True,False,None,,None,,NO_VALID_VEHICLE,No feasible aircraft design solution: Cruise speed requirement (350.0 km/h) exceeds platform dynamic limit (300.0 km/h).,0.0369
1238,DISASTER_RESPONSE,17.83,77.2,32.7,89.4,RURAL,VERTICAL,RUNWAY,68173.16,True,True,VTOL,0.95,MULTIROTOR,,,,0.0663
1239,DELIVERY,0.62,23.3,0.9,11.9,INDOOR,VERTICAL,VERTICAL,31317.25,True,True,MULTIROTOR,0.8,None,,,,0.0603
1240,SECURITY,2.04,36.1,2.3,36.8,URBAN,VERTICAL,VERTICAL,2469.25,True,True,MULTIROTOR,0.8,VTOL,,,,0.067
1241,CUSTOM,9.04,78.9,10.7,74.6,RURAL,RUNWAY,VERTICAL,33969.19,True,True,MULTIROTOR,0.5,VTOL,,,,0.0635
1242,DISASTER_RESPONSE,4.03,120.9,86.0,81.0,DESERT,RUNWAY,PARACHUTE,46306.75,True,True,FIXED_WING,1.0,VTOL,,,,0.0651
1243,INSPECTION,15.24,35.0,25.6,67.9,DESERT,RUNWAY,RUNWAY,15086.5,True,True,VTOL,0.8,MULTIROTOR,,,,0.0696
1244,SURVEY,13.57,62.9,52.5,56.7,MOUNTAIN,VERTICAL,VERTICAL,8090.33,True,True,VTOL,0.95,MULTIROTOR,,,,0.0723
1245,AGRICULTURE,3.74,30.8,6.1,30.5,RURAL,VERTICAL,VERTICAL,29250.26,True,True,MULTIROTOR,0.8,VTOL,,,,0.0628
1246,TRAINING,13.25,53.4,63.7,61.2,RURAL,RUNWAY,VERTICAL,31992.83,True,True,VTOL,0.8,MULTIROTOR,,,,0.0706
1247,TRAINING,0.91,9.6,0.7,20.9,INDOOR,VERTICAL,VERTICAL,59645.55,True,True,MULTIROTOR,0.8,None,,,,0.0627
1248,SURVEY,45.0,30.0,20.0,60.0,RURAL,VERTICAL,VERTICAL,,True,False,None,,None,High payload mass (45.0 kg) requires specialized heavy-lift structural airframe.,NO_VALID_VEHICLE,No feasible aircraft design solution: Payload requirement (45.0 kg) exceeds maximum studio envelope limit (35.0 kg).,0.035
1249,SECURITY,1.53,146.9,116.1,67.6,DESERT,RUNWAY,BELLY_LANDING,72669.78,True,True,FIXED_WING,1.0,VTOL,,,,0.064
1250,INSPECTION,1.04,12.8,2.8,22.0,INDOOR,VERTICAL,VERTICAL,28232.47,True,True,MULTIROTOR,0.8,None,,,,0.0601
1251,AGRICULTURE,2.86,23.6,10.6,34.6,URBAN,VERTICAL,VERTICAL,71820.7,True,True,MULTIROTOR,0.8,VTOL,,,,0.0666
1252,TRAINING,2.07,34.7,3.7,38.6,URBAN,VERTICAL,VERTICAL,74383.49,True,True,MULTIROTOR,0.8,VTOL,,,,0.0645
1253,DISASTER_RESPONSE,1.21,22.6,1.9,31.3,INDOOR,VERTICAL,VERTICAL,51918.54,True,True,MULTIROTOR,0.8,None,,,,0.0634
1254,DELIVERY,4.55,122.4,38.6,63.9,RURAL,HAND_LAUNCH,NET_RECOVERY,39126.18,True,True,FIXED_WING,1.0,VTOL,,,,0.075
1255,AGRICULTURE,4.14,86.3,92.1,75.9,MOUNTAIN,CATAPULT,NET_RECOVERY,13455.24,True,True,FIXED_WING,1.0,VTOL,,,,0.0639
1256,SURVEY,18.0,280.0,20.0,60.0,RURAL,VERTICAL,VERTICAL,,True,False,None,,None,,NO_VALID_VEHICLE,No feasible aircraft design solution: Combined heavy payload (18.0 kg) and ultra-long endurance (280.0 min) is physically unachievable.,0.0344
1257,MILITARY,4.11,96.1,45.9,71.1,DESERT,RUNWAY,RUNWAY,42840.84,True,True,FIXED_WING,1.0,VTOL,,,,0.0659
1258,SECURITY,0.74,20.1,2.5,39.5,INDOOR,VERTICAL,VERTICAL,64526.69,True,True,MULTIROTOR,0.8,None,,,,0.0613
1259,INSPECTION,2.09,37.1,11.2,23.8,RURAL,VERTICAL,VERTICAL,7007.17,True,True,MULTIROTOR,0.8,VTOL,,,,0.063
1260,DISASTER_RESPONSE,16.02,84.3,48.5,73.9,DESERT,RUNWAY,VERTICAL,61967.08,True,True,VTOL,0.8,MULTIROTOR,,,,0.0687
1261,MAPPING,3.63,36.7,8.6,41.1,RURAL,VERTICAL,VERTICAL,67263.36,True,True,MULTIROTOR,0.8,VTOL,,,,0.0625
1262,SURVEY,1.4,121.9,99.0,95.0,DESERT,RUNWAY,NET_RECOVERY,25032.35,True,True,FIXED_WING,1.0,VTOL,,,,0.0631
1263,AGRICULTURE,0.6,19.3,4.3,16.4,INDOOR,VERTICAL,VERTICAL,69404.49,True,True,MULTIROTOR,0.8,None,,,,0.0619
1264,CUSTOM,7.59,56.6,51.5,83.9,MOUNTAIN,VERTICAL,VERTICAL,28263.33,True,True,VTOL,0.95,MULTIROTOR,,,,0.0639
1265,INSPECTION,8.33,78.0,32.3,83.5,DESERT,RUNWAY,RUNWAY,14775.01,True,True,VTOL,0.8,MULTIROTOR,,,,0.0631
1266,SURVEY,2.0,500.0,20.0,60.0,RURAL,VERTICAL,VERTICAL,,True,False,None,,None,,NO_VALID_VEHICLE,No feasible aircraft design solution: Endurance requirement (500.0 min) exceeds battery/fuel energy storage density limit (450.0 min).,0.0338
1267,DISASTER_RESPONSE,0.86,11.7,1.5,37.6,INDOOR,VERTICAL,VERTICAL,58986.39,True,True,MULTIROTOR,0.8,None,,,,0.0582
1268,SURVEY,3.0,30.0,20.0,60.0,RURAL,VERTICAL,VERTICAL,-100.0,False,False,None,,None,,INVALID_REQUIREMENTS,Financial budget must be greater than $0 if specified. Provided: $-100.0.,0.0089
1269,RESEARCH,2.65,126.5,66.6,103.9,DESERT,CATAPULT,PARACHUTE,27215.86,True,True,FIXED_WING,1.0,VTOL,,,,0.0654
1270,CUSTOM,7.35,41.1,132.3,108.1,MOUNTAIN,VERTICAL,VERTICAL,17233.84,True,True,VTOL,0.95,MULTIROTOR,,,,0.082
1271,SURVEY,3.0,30.0,20.0,0.0,RURAL,VERTICAL,VERTICAL,10000.0,False,False,None,,None,,INVALID_REQUIREMENTS,Cruise speed must be greater than 0 km/h. Provided: 0.0 km/h.,0.0093
1272,MILITARY,6.06,64.8,145.3,110.0,FOREST,VERTICAL,VERTICAL,57276.13,True,True,VTOL,0.95,MULTIROTOR,,,,0.3481
1273,MILITARY,6.1,38.5,37.2,80.5,RURAL,VERTICAL,VERTICAL,37100.88,True,True,VTOL,0.95,MULTIROTOR,,,,0.1474
1274,INSPECTION,0.89,24.5,1.2,20.9,INDOOR,VERTICAL,VERTICAL,12403.19,True,True,MULTIROTOR,0.8,None,,,,0.1907
1275,AGRICULTURE,0.65,7.7,3.3,26.5,INDOOR,VERTICAL,VERTICAL,78078.58,True,True,MULTIROTOR,0.8,None,,,,0.157
1276,DISASTER_RESPONSE,8.11,63.1,39.9,47.0,DESERT,RUNWAY,VERTICAL,16519.3,True,True,VTOL,0.8,MULTIROTOR,,,,0.1026
1277,MAPPING,2.49,49.8,36.4,66.5,MOUNTAIN,VERTICAL,VERTICAL,13962.92,True,True,VTOL,0.95,MULTIROTOR,,,,0.1582
1278,DISASTER_RESPONSE,6.9,75.5,83.1,117.8,MARINE,VERTICAL,VERTICAL,77770.28,True,True,VTOL,0.95,MULTIROTOR,,,,0.2012
1279,AGRICULTURE,0.57,10.8,0.8,36.7,INDOOR,VERTICAL,VERTICAL,63225.9,True,True,MULTIROTOR,0.8,None,,,,0.1559
1280,SURVEY,25.0,30.0,250.0,60.0,RURAL,VERTICAL,VERTICAL,,True,False,None,,None,,NO_VALID_VEHICLE,No feasible aircraft design solution: Combined heavy payload (25.0 kg) and extended range (250.0 km) exceeds structural MTOW limit.,0.048
1281,DELIVERY,13.55,27.8,51.0,84.4,MOUNTAIN,VERTICAL,RUNWAY,41723.85,True,True,VTOL,0.95,MULTIROTOR,,,,0.0738
1282,SECURITY,1.23,144.5,116.6,84.6,FOREST,RUNWAY,BELLY_LANDING,33622.95,True,True,FIXED_WING,1.0,VTOL,,,,0.0726
1283,SURVEY,1.49,23.3,14.1,39.1,RURAL,VERTICAL,VERTICAL,41896.17,True,True,MULTIROTOR,0.8,VTOL,,,,0.0743
1284,MAPPING,0.98,20.9,0.6,12.5,INDOOR,VERTICAL,VERTICAL,22372.06,True,True,MULTIROTOR,0.8,None,,,,0.0647
1285,SURVEY,2.0,500.0,20.0,60.0,RURAL,VERTICAL,VERTICAL,,True,False,None,,None,,NO_VALID_VEHICLE,No feasible aircraft design solution: Endurance requirement (500.0 min) exceeds battery/fuel energy storage density limit (450.0 min).,0.037
1286,MAPPING,3.91,11.4,12.5,44.2,RURAL,VERTICAL,VERTICAL,33769.15,True,True,MULTIROTOR,0.8,VTOL,,,,0.0626
1287,SECURITY,3.09,109.0,28.6,99.1,MOUNTAIN,HAND_LAUNCH,RUNWAY,62163.09,True,True,FIXED_WING,1.0,VTOL,,,,0.0649
1288,DELIVERY,4.08,108.6,70.5,67.0,MOUNTAIN,VERTICAL,VERTICAL,60438.89,True,True,VTOL,0.95,MULTIROTOR,,,,0.0651
1289,SURVEY,18.0,280.0,20.0,60.0,RURAL,VERTICAL,VERTICAL,,True,False,None,,None,,NO_VALID_VEHICLE,No feasible aircraft design solution: Combined heavy payload (18.0 kg) and ultra-long endurance (280.0 min) is physically unachievable.,0.0359
1290,SURVEY,2.0,30.0,500.0,60.0,RURAL,VERTICAL,VERTICAL,,True,False,None,,None,Extended range target (500.0 km) approaches maximum battery energy density threshold.,NO_VALID_VEHICLE,No feasible aircraft design solution: Range requirement (500.0 km) exceeds maximum studio envelope limit (450.0 km).,0.0347
1291,SECURITY,7.38,60.8,133.4,69.3,MOUNTAIN,VERTICAL,VERTICAL,18365.58,True,True,VTOL,0.95,MULTIROTOR,,,,0.0642
1292,SURVEY,2.0,30.0,20.0,350.0,RURAL,VERTICAL,VERTICAL,,True,False,None,,None,,NO_VALID_VEHICLE,No feasible aircraft design solution: Cruise speed requirement (350.0 km/h) exceeds platform dynamic limit (300.0 km/h).,0.0348
1293,MILITARY,1.63,24.4,7.5,33.1,RURAL,VERTICAL,VERTICAL,65131.61,True,True,MULTIROTOR,0.8,VTOL,,,,0.0629
1294,AGRICULTURE,11.69,24.4,12.4,54.5,MOUNTAIN,VERTICAL,RUNWAY,13507.79,True,True,MULTIROTOR,0.7,VTOL,,,,0.0646
1295,SURVEY,18.0,280.0,20.0,60.0,RURAL,VERTICAL,VERTICAL,,True,False,None,,None,,NO_VALID_VEHICLE,No feasible aircraft design solution: Combined heavy payload (18.0 kg) and ultra-long endurance (280.0 min) is physically unachievable.,0.0349
1296,DELIVERY,3.62,78.6,65.5,59.1,RURAL,CATAPULT,PARACHUTE,35231.84,True,True,FIXED_WING,1.0,VTOL,,,,0.0683
1297,TRAINING,17.21,29.1,64.8,66.9,MOUNTAIN,RUNWAY,VERTICAL,77064.04,True,True,VTOL,0.8,MULTIROTOR,,,,0.1931
1298,SURVEY,12.68,26.1,10.3,58.3,RURAL,VERTICAL,RUNWAY,36480.36,True,True,MULTIROTOR,0.7,VTOL,,,,0.0937
1299,TRAINING,2.19,10.4,7.3,32.3,URBAN,VERTICAL,VERTICAL,22893.87,True,True,MULTIROTOR,0.8,VTOL,,,,0.0691
1300,TRAINING,9.35,48.9,38.1,78.1,DESERT,VERTICAL,VERTICAL,66737.62,True,True,VTOL,0.95,MULTIROTOR,,,,0.0757
1301,AGRICULTURE,0.42,12.6,2.1,35.9,INDOOR,VERTICAL,VERTICAL,21496.68,True,True,MULTIROTOR,0.8,None,,,,0.0622
1302,SECURITY,1.35,6.8,0.6,28.5,INDOOR,VERTICAL,VERTICAL,71844.33,True,True,MULTIROTOR,0.8,None,,,,0.0607
1303,INSPECTION,7.78,91.9,78.2,71.3,MARINE,VERTICAL,VERTICAL,54611.76,True,True,VTOL,0.95,MULTIROTOR,,,,0.0683
1304,SURVEY,7.66,80.6,140.0,69.1,MOUNTAIN,VERTICAL,VERTICAL,6887.84,True,True,VTOL,0.95,MULTIROTOR,,,,0.0663
1305,DISASTER_RESPONSE,3.42,50.0,70.8,58.0,MOUNTAIN,CATAPULT,PARACHUTE,18729.79,True,True,FIXED_WING,1.0,VTOL,,,,0.0655
1306,SURVEY,0.77,35.6,2.7,39.4,URBAN,VERTICAL,VERTICAL,2218.61,True,True,MULTIROTOR,0.8,VTOL,,,,0.0651
1307,TRAINING,1.91,124.0,84.7,103.4,MOUNTAIN,HAND_LAUNCH,PARACHUTE,15247.2,True,True,FIXED_WING,1.0,VTOL,,,,0.0692
1308,SURVEY,13.67,45.8,12.5,43.5,MOUNTAIN,RUNWAY,RUNWAY,62131.47,True,True,FIXED_WING,0.85,VTOL,,,,0.0685
1309,SURVEY,5.0,30.0,20.0,60.0,RURAL,VERTICAL,VERTICAL,10000.0,False,False,None,,None,,INVALID_REQUIREMENTS,Maximum takeoff weight limit (3.0 kg) must be greater than payload weight (5.0 kg).,0.0105
1310,MILITARY,3.48,80.3,30.7,61.0,FOREST,HAND_LAUNCH,PARACHUTE,36825.37,True,True,FIXED_WING,1.0,VTOL,,,,0.0638
1311,INSPECTION,0.93,14.3,3.7,20.2,INDOOR,VERTICAL,VERTICAL,3628.65,True,True,MULTIROTOR,0.8,None,,,,0.0609
1312,MILITARY,7.26,105.3,92.0,71.1,RURAL,VERTICAL,VERTICAL,5983.62,True,True,VTOL,0.95,MULTIROTOR,,,,0.0648
1313,DELIVERY,7.13,100.3,104.5,115.7,MOUNTAIN,VERTICAL,VERTICAL,62365.51,True,True,VTOL,0.95,MULTIROTOR,,,,0.0654
1314,SURVEY,0.24,18.8,3.5,13.4,INDOOR,VERTICAL,VERTICAL,45533.69,True,True,MULTIROTOR,0.8,None,,,,0.0655
1315,INSPECTION,3.56,104.3,52.2,51.4,FOREST,HAND_LAUNCH,NET_RECOVERY,43555.04,True,True,VTOL,0.8,MULTIROTOR,,,,0.0646
1316,CUSTOM,3.72,46.3,52.1,80.9,RURAL,VERTICAL,VERTICAL,17242.38,True,True,VTOL,0.95,MULTIROTOR,,,,0.0647
1317,SURVEY,5.0,30.0,20.0,60.0,RURAL,VERTICAL,VERTICAL,10000.0,False,False,None,,None,,INVALID_REQUIREMENTS,Maximum takeoff weight limit (3.0 kg) must be greater than payload weight (5.0 kg).,0.0086
1318,MILITARY,4.2,107.4,70.0,106.3,MOUNTAIN,VERTICAL,VERTICAL,31375.92,True,True,VTOL,0.95,MULTIROTOR,,,,0.1468
1319,RESEARCH,8.89,25.9,28.3,76.9,DESERT,VERTICAL,VERTICAL,56770.39,True,True,VTOL,0.8,MULTIROTOR,,,,0.0667
1320,INSPECTION,4.34,102.6,94.1,78.8,RURAL,HAND_LAUNCH,NET_RECOVERY,52023.3,True,True,VTOL,0.8,MULTIROTOR,,,,0.0747
1321,MAPPING,5.65,65.8,143.9,72.1,MOUNTAIN,VERTICAL,VERTICAL,21858.44,True,True,VTOL,0.95,MULTIROTOR,,,,0.0681
1322,RESEARCH,3.89,83.3,85.9,86.8,RURAL,VERTICAL,VERTICAL,31822.39,True,True,VTOL,0.95,MULTIROTOR,,,,0.0649
1323,TRAINING,2.18,109.0,139.1,94.1,MARINE,VERTICAL,VERTICAL,75189.61,True,True,VTOL,0.95,MULTIROTOR,,,,0.0637
1324,CUSTOM,3.24,96.6,86.2,97.3,FOREST,HAND_LAUNCH,BELLY_LANDING,76764.9,True,True,FIXED_WING,1.0,VTOL,,,,0.0635
1325,DISASTER_RESPONSE,4.83,134.3,34.3,80.3,FOREST,HAND_LAUNCH,NET_RECOVERY,54718.87,True,True,FIXED_WING,1.0,VTOL,,,,0.0633
1326,MILITARY,2.61,16.4,4.6,37.5,URBAN,VERTICAL,VERTICAL,22298.05,True,True,MULTIROTOR,0.8,VTOL,,,,0.0625
1327,SURVEY,2.0,500.0,20.0,60.0,RURAL,VERTICAL,VERTICAL,,True,False,None,,None,,NO_VALID_VEHICLE,No feasible aircraft design solution: Endurance requirement (500.0 min) exceeds battery/fuel energy storage density limit (450.0 min).,0.0394
1328,SURVEY,3.0,30.0,20.0,0.0,RURAL,VERTICAL,VERTICAL,10000.0,False,False,None,,None,,INVALID_REQUIREMENTS,Cruise speed must be greater than 0 km/h. Provided: 0.0 km/h.,0.009
1329,TRAINING,3.05,121.7,97.1,101.2,DESERT,HAND_LAUNCH,PARACHUTE,11096.5,True,True,FIXED_WING,1.0,VTOL,,,,0.068
1330,MILITARY,1.04,13.4,4.4,30.7,INDOOR,VERTICAL,VERTICAL,13600.83,True,True,MULTIROTOR,0.8,None,,,,0.0592
1331,TRAINING,24.45,66.5,53.0,73.1,RURAL,RUNWAY,VERTICAL,71702.78,True,True,VTOL,0.8,MULTIROTOR,,,,0.0633
1332,TRAINING,1.21,12.9,14.4,23.2,RURAL,VERTICAL,VERTICAL,27644.55,True,True,MULTIROTOR,0.8,VTOL,,,,0.0669
1333,MAPPING,2.79,35.9,14.7,22.2,RURAL,VERTICAL,VERTICAL,61473.45,True,True,MULTIROTOR,0.8,VTOL,,,,0.0672
1334,INSPECTION,0.35,23.2,2.0,16.4,INDOOR,VERTICAL,VERTICAL,40540.12,True,True,MULTIROTOR,0.8,None,,,,0.0612
1335,CUSTOM,1.13,36.9,12.4,41.9,RURAL,VERTICAL,VERTICAL,40770.09,True,True,MULTIROTOR,0.8,VTOL,,,,0.0618
1336,MAPPING,20.76,43.9,21.3,89.3,MOUNTAIN,RUNWAY,VERTICAL,33039.18,True,True,VTOL,0.7,MULTIROTOR,,,,0.0684
1337,SURVEY,18.0,280.0,20.0,60.0,RURAL,VERTICAL,VERTICAL,,True,False,None,,None,,NO_VALID_VEHICLE,No feasible aircraft design solution: Combined heavy payload (18.0 kg) and ultra-long endurance (280.0 min) is physically unachievable.,0.0379
1338,SURVEY,25.0,30.0,250.0,60.0,RURAL,VERTICAL,VERTICAL,,True,False,None,,None,,NO_VALID_VEHICLE,No feasible aircraft design solution: Combined heavy payload (25.0 kg) and extended range (250.0 km) exceeds structural MTOW limit.,0.0346
1339,SECURITY,11.73,73.7,12.6,86.0,MOUNTAIN,VERTICAL,RUNWAY,12409.4,True,True,VTOL,0.5,MULTIROTOR,,,,0.0667
1340,DELIVERY,2.04,75.2,93.0,102.0,MOUNTAIN,VERTICAL,VERTICAL,76445.67,True,True,VTOL,0.95,MULTIROTOR,,,,0.0647
1341,SURVEY,0.0,30.0,20.0,60.0,RURAL,VERTICAL,VERTICAL,10000.0,False,False,None,,None,,INVALID_REQUIREMENTS,Payload weight must be greater than 0 kg. Provided: 0.0 kg.,0.0093
1342,INSPECTION,2.38,82.9,117.2,88.1,MOUNTAIN,HAND_LAUNCH,NET_RECOVERY,75610.42,True,True,VTOL,0.8,MULTIROTOR,,,,0.0688
1343,DELIVERY,7.61,79.8,51.2,91.3,RURAL,VERTICAL,VERTICAL,67311.07,True,True,VTOL,0.95,MULTIROTOR,,,,0.0673
1344,RESEARCH,9.0,61.9,28.0,71.6,MOUNTAIN,RUNWAY,VERTICAL,47916.11,True,True,VTOL,0.8,MULTIROTOR,,,,0.0716
1345,INSPECTION,2.16,121.2,82.6,73.1,RURAL,HAND_LAUNCH,RUNWAY,27768.14,True,True,VTOL,0.8,MULTIROTOR,,,,0.0681
1346,AGRICULTURE,3.39,139.6,109.9,60.1,MOUNTAIN,HAND_LAUNCH,NET_RECOVERY,57025.26,True,True,FIXED_WING,1.0,VTOL,,,,0.0649
1347,DISASTER_RESPONSE,9.99,41.6,60.1,73.0,RURAL,VERTICAL,RUNWAY,58401.7,True,True,VTOL,0.95,MULTIROTOR,,,,0.0679
1348,SECURITY,1.18,6.3,4.8,16.6,INDOOR,VERTICAL,VERTICAL,59271.37,True,True,MULTIROTOR,0.8,None,,,,0.0603
1349,TRAINING,13.24,58.9,35.6,49.2,RURAL,RUNWAY,VERTICAL,4576.76,True,True,VTOL,0.8,MULTIROTOR,,,,0.0636
1350,DISASTER_RESPONSE,11.21,36.7,20.2,88.3,RURAL,RUNWAY,RUNWAY,48364.27,True,True,FIXED_WING,0.85,VTOL,,,,0.0674
1351,SURVEY,6.54,107.8,61.2,115.2,MOUNTAIN,VERTICAL,VERTICAL,23115.86,True,True,VTOL,0.95,MULTIROTOR,,,,0.064
1352,SURVEY,2.0,500.0,20.0,60.0,RURAL,VERTICAL,VERTICAL,,True,False,None,,None,,NO_VALID_VEHICLE,No feasible aircraft design solution: Endurance requirement (500.0 min) exceeds battery/fuel energy storage density limit (450.0 min).,0.0348
1353,CUSTOM,1.64,87.0,43.8,91.3,FOREST,CATAPULT,PARACHUTE,11665.52,True,True,FIXED_WING,1.0,VTOL,,,,0.0627
1354,DISASTER_RESPONSE,0.16,19.1,3.0,20.9,INDOOR,VERTICAL,VERTICAL,69458.56,True,True,MULTIROTOR,0.8,None,,,,0.0593
1355,AGRICULTURE,4.01,34.0,42.7,108.3,MARINE,VERTICAL,VERTICAL,69931.29,True,True,VTOL,0.95,MULTIROTOR,,,,0.0632
1356,SURVEY,2.0,30.0,500.0,60.0,RURAL,VERTICAL,VERTICAL,,True,False,None,,None,Extended range target (500.0 km) approaches maximum battery energy density threshold.,NO_VALID_VEHICLE,No feasible aircraft design solution: Range requirement (500.0 km) exceeds maximum studio envelope limit (450.0 km).,0.0352
1357,SURVEY,3.0,30.0,20.0,60.0,RURAL,VERTICAL,VERTICAL,-100.0,False,False,None,,None,,INVALID_REQUIREMENTS,Financial budget must be greater than $0 if specified. Provided: $-100.0.,0.0079
1358,SECURITY,3.86,58.4,110.6,71.8,MOUNTAIN,HAND_LAUNCH,BELLY_LANDING,29883.08,True,True,FIXED_WING,1.0,VTOL,,,,0.0663
1359,RESEARCH,7.92,38.1,146.4,117.2,RURAL,VERTICAL,VERTICAL,21976.84,True,True,VTOL,0.95,MULTIROTOR,,,,0.063
1360,SURVEY,45.0,30.0,20.0,60.0,RURAL,VERTICAL,VERTICAL,,True,False,None,,None,High payload mass (45.0 kg) requires specialized heavy-lift structural airframe.,NO_VALID_VEHICLE,No feasible aircraft design solution: Payload requirement (45.0 kg) exceeds maximum studio envelope limit (35.0 kg).,0.0403
1361,AGRICULTURE,2.22,20.3,7.5,26.2,RURAL,VERTICAL,VERTICAL,79315.45,True,True,MULTIROTOR,0.8,VTOL,,,,0.0622
1362,SECURITY,2.01,80.2,141.5,65.3,MARINE,VERTICAL,VERTICAL,40076.46,True,True,VTOL,0.95,MULTIROTOR,,,,0.0665
1363,RESEARCH,7.37,104.5,87.4,92.3,MARINE,VERTICAL,VERTICAL,48815.31,True,True,VTOL,0.95,MULTIROTOR,,,,0.0662
1364,MAPPING,0.4,5.0,1.6,19.2,INDOOR,VERTICAL,VERTICAL,25588.05,True,True,MULTIROTOR,0.8,None,,,,0.0591
1365,INSPECTION,1.15,20.0,7.6,34.4,URBAN,VERTICAL,VERTICAL,73531.82,True,True,MULTIROTOR,0.8,VTOL,,,,0.0623
1366,DELIVERY,1.25,15.8,5.0,30.3,RURAL,VERTICAL,VERTICAL,51774.6,True,True,MULTIROTOR,0.8,VTOL,,,,0.0619
1367,SURVEY,2.0,500.0,20.0,60.0,RURAL,VERTICAL,VERTICAL,,True,False,None,,None,,NO_VALID_VEHICLE,No feasible aircraft design solution: Endurance requirement (500.0 min) exceeds battery/fuel energy storage density limit (450.0 min).,0.0348
1368,SURVEY,25.0,30.0,250.0,60.0,RURAL,VERTICAL,VERTICAL,,True,False,None,,None,,NO_VALID_VEHICLE,No feasible aircraft design solution: Combined heavy payload (25.0 kg) and extended range (250.0 km) exceeds structural MTOW limit.,0.0339
1369,TRAINING,7.29,73.9,94.8,111.8,RURAL,VERTICAL,VERTICAL,33644.69,True,True,VTOL,0.95,MULTIROTOR,,,,0.0666
1370,AGRICULTURE,7.15,103.2,37.7,94.4,RURAL,VERTICAL,VERTICAL,33301.89,True,True,VTOL,0.95,MULTIROTOR,,,,0.0629
1371,SURVEY,2.0,30.0,500.0,60.0,RURAL,VERTICAL,VERTICAL,,True,False,None,,None,Extended range target (500.0 km) approaches maximum battery energy density threshold.,NO_VALID_VEHICLE,No feasible aircraft design solution: Range requirement (500.0 km) exceeds maximum studio envelope limit (450.0 km).,0.0339
1372,MAPPING,4.32,102.1,85.9,73.7,MOUNTAIN,CATAPULT,BELLY_LANDING,45984.68,True,True,FIXED_WING,1.0,VTOL,,,,0.0692
1373,SURVEY,45.0,30.0,20.0,60.0,RURAL,VERTICAL,VERTICAL,,True,False,None,,None,High payload mass (45.0 kg) requires specialized heavy-lift structural airframe.,NO_VALID_VEHICLE,No feasible aircraft design solution: Payload requirement (45.0 kg) exceeds maximum studio envelope limit (35.0 kg).,0.0348
1374,DELIVERY,3.88,36.7,11.7,36.9,RURAL,VERTICAL,VERTICAL,32927.57,True,True,MULTIROTOR,0.8,VTOL,,,,0.0619
1375,MILITARY,1.39,22.9,4.1,25.2,URBAN,VERTICAL,VERTICAL,43894.41,True,True,MULTIROTOR,0.8,VTOL,,,,0.0626
1376,SURVEY,25.0,30.0,250.0,60.0,RURAL,VERTICAL,VERTICAL,,True,False,None,,None,,NO_VALID_VEHICLE,No feasible aircraft design solution: Combined heavy payload (25.0 kg) and extended range (250.0 km) exceeds structural MTOW limit.,0.0342
1377,INSPECTION,3.58,148.3,114.9,56.8,FOREST,RUNWAY,PARACHUTE,37152.01,True,True,VTOL,0.8,MULTIROTOR,,,,0.0626
1378,RESEARCH,4.0,35.6,11.9,43.9,URBAN,VERTICAL,VERTICAL,12579.69,True,True,MULTIROTOR,0.8,VTOL,,,,0.0642
1379,AGRICULTURE,3.07,26.4,2.2,38.5,RURAL,VERTICAL,VERTICAL,53347.17,True,True,MULTIROTOR,0.8,VTOL,,,,0.0666
1380,SECURITY,1.17,72.5,45.7,94.2,MOUNTAIN,CATAPULT,RUNWAY,18088.81,True,True,FIXED_WING,1.0,VTOL,,,,0.0667
1381,TRAINING,3.37,116.7,61.7,51.1,FOREST,CATAPULT,BELLY_LANDING,33038.58,True,True,FIXED_WING,1.0,VTOL,,,,0.0637
1382,DISASTER_RESPONSE,0.78,20.9,2.9,35.1,INDOOR,VERTICAL,VERTICAL,5826.06,True,True,MULTIROTOR,0.8,None,,,,0.0623
1383,CUSTOM,4.08,92.0,97.9,57.1,FOREST,CATAPULT,RUNWAY,73836.22,True,True,FIXED_WING,1.0,VTOL,,,,0.0673
1384,SURVEY,0.42,9.7,4.6,37.4,INDOOR,VERTICAL,VERTICAL,41185.88,True,True,MULTIROTOR,0.8,None,,,,0.0592
1385,DISASTER_RESPONSE,2.68,90.9,49.1,90.1,DESERT,HAND_LAUNCH,NET_RECOVERY,16087.17,True,True,FIXED_WING,1.0,VTOL,,,,0.0707
1386,DISASTER_RESPONSE,16.07,28.7,24.8,77.1,RURAL,VERTICAL,VERTICAL,34612.23,True,True,VTOL,0.7,MULTIROTOR,,,,0.0627
1387,AGRICULTURE,2.59,52.7,53.3,60.2,RURAL,CATAPULT,PARACHUTE,54839.14,True,True,FIXED_WING,1.0,VTOL,,,,0.0628
1388,SURVEY,0.74,24.5,4.4,26.2,INDOOR,VERTICAL,VERTICAL,57277.62,True,True,MULTIROTOR,0.8,None,,,,0.0589
1389,MILITARY,14.14,67.4,61.5,82.4,DESERT,RUNWAY,VERTICAL,26154.88,True,True,VTOL,0.8,MULTIROTOR,,,,0.0634
1390,SURVEY,25.0,30.0,250.0,60.0,RURAL,VERTICAL,VERTICAL,,True,False,None,,None,,NO_VALID_VEHICLE,No feasible aircraft design solution: Combined heavy payload (25.0 kg) and extended range (250.0 km) exceeds structural MTOW limit.,0.0346
1391,SURVEY,2.0,30.0,20.0,350.0,RURAL,VERTICAL,VERTICAL,,True,False,None,,None,,NO_VALID_VEHICLE,No feasible aircraft design solution: Cruise speed requirement (350.0 km/h) exceeds platform dynamic limit (300.0 km/h).,0.0334
1392,SURVEY,0.6,14.1,4.7,28.2,INDOOR,VERTICAL,VERTICAL,32748.04,True,True,MULTIROTOR,0.8,None,,,,0.0578
1393,SURVEY,1.08,12.1,3.2,34.0,INDOOR,VERTICAL,VERTICAL,9612.9,True,True,MULTIROTOR,0.8,None,,,,0.0582
1394,INSPECTION,2.85,88.4,72.0,68.5,RURAL,CATAPULT,NET_RECOVERY,33304.08,True,True,VTOL,0.8,MULTIROTOR,,,,0.0624
1395,SURVEY,45.0,30.0,20.0,60.0,RURAL,VERTICAL,VERTICAL,,True,False,None,,None,High payload mass (45.0 kg) requires specialized heavy-lift structural airframe.,NO_VALID_VEHICLE,No feasible aircraft design solution: Payload requirement (45.0 kg) exceeds maximum studio envelope limit (35.0 kg).,0.0345
1396,SURVEY,45.0,30.0,20.0,60.0,RURAL,VERTICAL,VERTICAL,,True,False,None,,None,High payload mass (45.0 kg) requires specialized heavy-lift structural airframe.,NO_VALID_VEHICLE,No feasible aircraft design solution: Payload requirement (45.0 kg) exceeds maximum studio envelope limit (35.0 kg).,0.0333
1397,SURVEY,2.0,500.0,20.0,60.0,RURAL,VERTICAL,VERTICAL,,True,False,None,,None,,NO_VALID_VEHICLE,No feasible aircraft design solution: Endurance requirement (500.0 min) exceeds battery/fuel energy storage density limit (450.0 min).,0.0326
1398,MILITARY,0.63,14.7,2.8,37.6,INDOOR,VERTICAL,VERTICAL,21928.52,True,True,MULTIROTOR,0.8,None,,,,0.0605
1399,DISASTER_RESPONSE,18.04,51.1,50.9,56.7,MOUNTAIN,RUNWAY,VERTICAL,34720.13,True,True,VTOL,0.8,MULTIROTOR,,,,0.0657
1400,SURVEY,0.54,10.1,0.8,33.6,INDOOR,VERTICAL,VERTICAL,60154.25,True,True,MULTIROTOR,0.8,None,,,,0.0587
1401,SURVEY,3.0,30.0,-5.0,60.0,RURAL,VERTICAL,VERTICAL,10000.0,False,False,None,,None,,INVALID_REQUIREMENTS,Target range must be greater than 0 km. Provided: -5.0 km.,0.0086
1402,SURVEY,18.56,43.8,45.3,57.4,DESERT,RUNWAY,VERTICAL,55991.38,True,True,VTOL,0.8,MULTIROTOR,,,,0.0697
1403,CUSTOM,2.73,30.6,13.9,39.6,RURAL,VERTICAL,VERTICAL,44676.28,True,True,MULTIROTOR,0.8,VTOL,,,,0.0619
1404,INSPECTION,2.74,38.1,14.5,34.5,RURAL,VERTICAL,VERTICAL,23824.71,True,True,MULTIROTOR,0.8,VTOL,,,,0.0625
1405,RESEARCH,13.1,41.2,23.8,75.1,RURAL,VERTICAL,VERTICAL,74612.41,True,True,VTOL,0.7,MULTIROTOR,,,,0.067
1406,CUSTOM,4.7,128.7,86.2,53.9,FOREST,RUNWAY,BELLY_LANDING,63302.05,True,True,FIXED_WING,1.0,VTOL,,,,0.0627
1407,SURVEY,4.45,106.1,140.5,88.4,MOUNTAIN,VERTICAL,VERTICAL,78566.86,True,True,VTOL,0.95,MULTIROTOR,,,,0.0637
1408,SURVEY,18.0,280.0,20.0,60.0,RURAL,VERTICAL,VERTICAL,,True,False,None,,None,,NO_VALID_VEHICLE,No feasible aircraft design solution: Combined heavy payload (18.0 kg) and ultra-long endurance (280.0 min) is physically unachievable.,0.0344
1409,SURVEY,2.0,30.0,20.0,350.0,RURAL,VERTICAL,VERTICAL,,True,False,None,,None,,NO_VALID_VEHICLE,No feasible aircraft design solution: Cruise speed requirement (350.0 km/h) exceeds platform dynamic limit (300.0 km/h).,0.0332
1410,RESEARCH,16.98,26.3,76.5,61.9,RURAL,VERTICAL,VERTICAL,28399.43,True,True,VTOL,0.95,MULTIROTOR,,,,0.0625
1411,DELIVERY,0.46,18.0,0.8,25.5,INDOOR,VERTICAL,VERTICAL,77418.89,True,True,MULTIROTOR,0.8,None,,,,0.0586
1412,INSPECTION,1.19,14.6,0.7,11.0,INDOOR,VERTICAL,VERTICAL,72756.96,True,True,MULTIROTOR,0.8,None,,,,0.0613
1413,RESEARCH,3.94,116.0,132.4,96.2,RURAL,VERTICAL,VERTICAL,68022.2,True,True,VTOL,0.95,MULTIROTOR,,,,0.0633
1414,INSPECTION,2.33,125.8,46.0,80.8,FOREST,RUNWAY,RUNWAY,44309.82,True,True,VTOL,0.8,MULTIROTOR,,,,0.0672
1415,SURVEY,18.0,280.0,20.0,60.0,RURAL,VERTICAL,VERTICAL,,True,False,None,,None,,NO_VALID_VEHICLE,No feasible aircraft design solution: Combined heavy payload (18.0 kg) and ultra-long endurance (280.0 min) is physically unachievable.,0.0349
1416,SURVEY,3.0,-10.0,20.0,60.0,RURAL,VERTICAL,VERTICAL,10000.0,False,False,None,,None,,INVALID_REQUIREMENTS,Target flight time must be greater than 0 minutes. Provided: -10.0 min.,0.0081
1417,SURVEY,5.0,30.0,20.0,60.0,RURAL,VERTICAL,VERTICAL,10000.0,False,False,None,,None,,INVALID_REQUIREMENTS,Maximum takeoff weight limit (3.0 kg) must be greater than payload weight (5.0 kg).,0.0077
1418,DELIVERY,7.83,51.3,74.5,113.5,FOREST,VERTICAL,VERTICAL,35088.71,True,True,VTOL,0.95,MULTIROTOR,,,,0.0632
1419,AGRICULTURE,1.13,21.9,1.5,36.7,INDOOR,VERTICAL,VERTICAL,17564.52,True,True,MULTIROTOR,0.8,None,,,,0.0601
1420,CUSTOM,3.96,91.5,104.8,81.2,MOUNTAIN,CATAPULT,RUNWAY,28277.53,True,True,FIXED_WING,1.0,VTOL,,,,0.0636
1421,TRAINING,4.41,123.5,73.2,104.0,MOUNTAIN,CATAPULT,BELLY_LANDING,9815.15,True,True,FIXED_WING,1.0,VTOL,,,,0.0684
1422,DISASTER_RESPONSE,2.15,146.5,98.4,98.0,MOUNTAIN,HAND_LAUNCH,RUNWAY,36643.3,True,True,FIXED_WING,1.0,VTOL,,,,0.0651
1423,MAPPING,17.51,68.9,46.0,51.5,MOUNTAIN,VERTICAL,RUNWAY,27860.05,True,True,VTOL,0.95,MULTIROTOR,,,,0.0638
1424,DELIVERY,0.38,12.2,2.3,10.2,INDOOR,VERTICAL,VERTICAL,78124.74,True,True,MULTIROTOR,0.8,None,,,,0.059
1425,DISASTER_RESPONSE,2.78,19.0,4.4,25.0,RURAL,VERTICAL,VERTICAL,48816.94,True,True,MULTIROTOR,0.8,VTOL,,,,0.0617
1426,MAPPING,3.79,47.0,63.5,81.9,MARINE,VERTICAL,VERTICAL,67390.0,True,True,VTOL,0.95,MULTIROTOR,,,,0.0635
1427,INSPECTION,0.86,12.1,1.7,30.0,INDOOR,VERTICAL,VERTICAL,52132.88,True,True,MULTIROTOR,0.8,None,,,,0.0585
1428,SURVEY,18.0,280.0,20.0,60.0,RURAL,VERTICAL,VERTICAL,,True,False,None,,None,,NO_VALID_VEHICLE,No feasible aircraft design solution: Combined heavy payload (18.0 kg) and ultra-long endurance (280.0 min) is physically unachievable.,0.0346
1429,MAPPING,1.24,39.7,5.8,33.3,RURAL,VERTICAL,VERTICAL,41402.17,True,True,MULTIROTOR,0.8,VTOL,,,,0.0622
1430,INSPECTION,2.86,84.1,49.7,65.1,MOUNTAIN,VERTICAL,VERTICAL,71179.66,True,True,VTOL,0.95,MULTIROTOR,,,,0.0631
1431,SURVEY,3.0,-10.0,20.0,60.0,RURAL,VERTICAL,VERTICAL,10000.0,False,False,None,,None,,INVALID_REQUIREMENTS,Target flight time must be greater than 0 minutes. Provided: -10.0 min.,0.0133
1432,SURVEY,45.0,30.0,20.0,60.0,RURAL,VERTICAL,VERTICAL,,True,False,None,,None,High payload mass (45.0 kg) requires specialized heavy-lift structural airframe.,NO_VALID_VEHICLE,No feasible aircraft design solution: Payload requirement (45.0 kg) exceeds maximum studio envelope limit (35.0 kg).,0.0351
1433,TRAINING,3.15,130.1,43.2,98.0,RURAL,CATAPULT,RUNWAY,8100.9,True,True,FIXED_WING,1.0,VTOL,,,,0.0628
1434,TRAINING,13.16,83.8,53.1,69.3,MOUNTAIN,VERTICAL,VERTICAL,6959.84,True,True,VTOL,0.95,MULTIROTOR,,,,0.0646
1435,DELIVERY,1.7,19.8,5.8,46.4,RURAL,VERTICAL,VERTICAL,31391.09,True,True,MULTIROTOR,0.8,VTOL,,,,0.0614
1436,SURVEY,45.0,30.0,20.0,60.0,RURAL,VERTICAL,VERTICAL,,True,False,None,,None,High payload mass (45.0 kg) requires specialized heavy-lift structural airframe.,NO_VALID_VEHICLE,No feasible aircraft design solution: Payload requirement (45.0 kg) exceeds maximum studio envelope limit (35.0 kg).,0.0341
1437,SECURITY,3.44,130.0,28.7,61.3,DESERT,CATAPULT,BELLY_LANDING,54057.91,True,True,FIXED_WING,1.0,VTOL,,,,0.0643
1438,INSPECTION,2.42,12.4,13.8,45.8,URBAN,VERTICAL,VERTICAL,7818.18,True,True,MULTIROTOR,0.8,VTOL,,,,0.0646
1439,MILITARY,2.48,36.5,2.8,28.8,RURAL,VERTICAL,VERTICAL,44009.79,True,True,MULTIROTOR,0.8,VTOL,,,,0.0674
1440,SURVEY,18.0,280.0,20.0,60.0,RURAL,VERTICAL,VERTICAL,,True,False,None,,None,,NO_VALID_VEHICLE,No feasible aircraft design solution: Combined heavy payload (18.0 kg) and ultra-long endurance (280.0 min) is physically unachievable.,0.0364
1441,RESEARCH,0.52,13.8,3.5,36.0,INDOOR,VERTICAL,VERTICAL,37029.86,True,True,MULTIROTOR,0.8,None,,,,0.0599
1442,DELIVERY,1.19,34.4,3.3,29.7,RURAL,VERTICAL,VERTICAL,55876.06,True,True,MULTIROTOR,0.8,VTOL,,,,0.0639
1443,SECURITY,0.3,18.0,4.0,15.2,INDOOR,VERTICAL,VERTICAL,48555.38,True,True,MULTIROTOR,0.8,None,,,,0.0586
1444,RESEARCH,20.83,82.0,34.7,43.0,RURAL,RUNWAY,VERTICAL,39749.19,True,True,VTOL,0.8,MULTIROTOR,,,,0.063
1445,SURVEY,4.45,49.1,63.1,63.8,RURAL,VERTICAL,VERTICAL,41398.46,True,True,VTOL,0.95,MULTIROTOR,,,,0.0627
1446,MILITARY,5.09,89.2,148.1,71.5,RURAL,VERTICAL,VERTICAL,49474.97,True,True,VTOL,0.95,MULTIROTOR,,,,0.063
1447,MAPPING,3.45,14.4,10.9,23.0,RURAL,VERTICAL,VERTICAL,46394.06,True,True,MULTIROTOR,0.8,VTOL,,,,0.0662
1448,AGRICULTURE,2.63,132.7,35.8,109.1,DESERT,HAND_LAUNCH,RUNWAY,38341.51,True,True,FIXED_WING,1.0,VTOL,,,,0.0635
1449,MILITARY,3.04,13.0,6.0,47.0,URBAN,VERTICAL,VERTICAL,13793.16,True,True,MULTIROTOR,0.8,VTOL,,,,0.0611
1450,MILITARY,0.9,5.5,2.7,25.9,INDOOR,VERTICAL,VERTICAL,68986.36,True,True,MULTIROTOR,0.8,None,,,,0.0577
1451,TRAINING,10.52,61.8,57.0,67.2,MOUNTAIN,RUNWAY,VERTICAL,32254.11,True,True,VTOL,0.8,MULTIROTOR,,,,0.0629
1452,DELIVERY,2.25,13.3,11.9,37.5,URBAN,VERTICAL,VERTICAL,16933.87,True,True,MULTIROTOR,0.8,VTOL,,,,0.0614
1453,AGRICULTURE,7.29,104.3,73.2,62.1,RURAL,VERTICAL,VERTICAL,38385.27,True,True,VTOL,0.95,MULTIROTOR,,,,0.0628
1454,DELIVERY,2.96,87.8,47.4,89.2,RURAL,VERTICAL,VERTICAL,50473.46,True,True,VTOL,0.95,MULTIROTOR,,,,0.0649
1455,CUSTOM,3.03,80.9,119.5,55.1,FOREST,RUNWAY,BELLY_LANDING,74864.54,True,True,FIXED_WING,1.0,VTOL,,,,0.0677
1456,MILITARY,0.81,30.6,13.6,23.4,RURAL,VERTICAL,VERTICAL,7366.65,True,True,MULTIROTOR,0.8,VTOL,,,,0.0655
1457,SURVEY,1.28,19.4,3.0,24.9,INDOOR,VERTICAL,VERTICAL,52040.23,True,True,MULTIROTOR,0.8,None,,,,0.0584
1458,RESEARCH,1.9,26.7,5.0,49.0,URBAN,VERTICAL,VERTICAL,17592.92,True,True,MULTIROTOR,0.8,VTOL,,,,0.0674
1459,TRAINING,3.37,62.0,84.7,106.1,MOUNTAIN,VERTICAL,VERTICAL,33874.59,True,True,VTOL,0.95,MULTIROTOR,,,,0.0661
1460,RESEARCH,1.23,12.7,1.1,17.9,INDOOR,VERTICAL,VERTICAL,18764.21,True,True,MULTIROTOR,0.8,None,,,,0.0601
1461,SECURITY,1.02,14.1,4.5,27.0,URBAN,VERTICAL,VERTICAL,16595.43,True,True,MULTIROTOR,0.8,VTOL,,,,0.0613
1462,SURVEY,1.47,22.6,1.2,22.5,INDOOR,VERTICAL,VERTICAL,15082.62,True,True,MULTIROTOR,0.8,None,,,,0.0591
1463,TRAINING,1.27,48.0,67.9,56.9,FOREST,HAND_LAUNCH,NET_RECOVERY,47671.4,True,True,FIXED_WING,1.0,VTOL,,,,0.0622
1464,SURVEY,18.0,280.0,20.0,60.0,RURAL,VERTICAL,VERTICAL,,True,False,None,,None,,NO_VALID_VEHICLE,No feasible aircraft design solution: Combined heavy payload (18.0 kg) and ultra-long endurance (280.0 min) is physically unachievable.,0.0368
1465,MAPPING,0.44,22.9,2.3,24.7,INDOOR,VERTICAL,VERTICAL,52098.52,True,True,MULTIROTOR,0.8,None,,,,0.0634
1466,DISASTER_RESPONSE,7.42,43.3,105.2,60.9,RURAL,VERTICAL,VERTICAL,6866.91,True,True,VTOL,0.95,MULTIROTOR,,,,0.0646
1467,AGRICULTURE,3.1,23.7,10.3,36.5,RURAL,VERTICAL,VERTICAL,60222.31,True,True,MULTIROTOR,0.8,VTOL,,,,0.0622
1468,DELIVERY,9.1,25.5,61.6,74.6,RURAL,VERTICAL,RUNWAY,21371.71,True,True,VTOL,0.95,MULTIROTOR,,,,0.0627
1469,RESEARCH,0.17,24.7,4.8,19.0,INDOOR,VERTICAL,VERTICAL,45504.15,True,True,MULTIROTOR,0.8,None,,,,0.0611
1470,DISASTER_RESPONSE,0.15,9.8,4.1,10.9,INDOOR,VERTICAL,VERTICAL,43790.49,True,True,MULTIROTOR,0.8,None,,,,0.0603
1471,CUSTOM,1.21,22.2,3.9,10.9,INDOOR,VERTICAL,VERTICAL,75572.42,True,True,MULTIROTOR,0.8,None,,,,0.0646
1472,SURVEY,1.46,13.5,3.1,21.9,RURAL,VERTICAL,VERTICAL,8377.01,True,True,MULTIROTOR,0.8,VTOL,,,,0.0635
1473,SURVEY,25.0,30.0,250.0,60.0,RURAL,VERTICAL,VERTICAL,,True,False,None,,None,,NO_VALID_VEHICLE,No feasible aircraft design solution: Combined heavy payload (25.0 kg) and extended range (250.0 km) exceeds structural MTOW limit.,0.0363
1474,MAPPING,6.83,58.2,150.0,98.8,MARINE,VERTICAL,VERTICAL,18028.88,True,True,VTOL,0.95,MULTIROTOR,,,,0.0641
1475,SURVEY,5.0,30.0,20.0,60.0,RURAL,VERTICAL,VERTICAL,10000.0,False,False,None,,None,,INVALID_REQUIREMENTS,Maximum takeoff weight limit (3.0 kg) must be greater than payload weight (5.0 kg).,0.0084
1476,DISASTER_RESPONSE,3.58,24.9,2.5,39.1,RURAL,VERTICAL,VERTICAL,73673.92,True,True,MULTIROTOR,0.8,VTOL,,,,0.0616
1477,SURVEY,4.74,131.7,85.5,85.8,FOREST,CATAPULT,NET_RECOVERY,29795.72,True,True,FIXED_WING,1.0,VTOL,,,,0.0627
1478,DELIVERY,23.68,79.9,63.7,45.5,RURAL,RUNWAY,VERTICAL,78745.31,True,True,VTOL,0.8,MULTIROTOR,,,,0.0642
1479,SECURITY,1.95,55.8,74.7,94.5,DESERT,HAND_LAUNCH,PARACHUTE,61051.65,True,True,FIXED_WING,1.0,VTOL,,,,0.0674
1480,DELIVERY,0.21,10.3,2.3,26.2,INDOOR,VERTICAL,VERTICAL,9424.51,True,True,MULTIROTOR,0.8,None,,,,0.0593
1481,DELIVERY,6.89,33.7,111.6,67.9,FOREST,VERTICAL,VERTICAL,36613.8,True,True,VTOL,0.95,MULTIROTOR,,,,0.0626
1482,INSPECTION,5.47,81.9,59.8,118.5,FOREST,VERTICAL,VERTICAL,41216.14,True,True,VTOL,0.95,MULTIROTOR,,,,0.0955
1483,MILITARY,0.54,12.8,4.0,17.3,INDOOR,VERTICAL,VERTICAL,45052.22,True,True,MULTIROTOR,0.8,None,,,,0.1956
1484,SURVEY,25.0,30.0,250.0,60.0,RURAL,VERTICAL,VERTICAL,,True,False,None,,None,,NO_VALID_VEHICLE,No feasible aircraft design solution: Combined heavy payload (25.0 kg) and extended range (250.0 km) exceeds structural MTOW limit.,0.0745
1485,AGRICULTURE,3.23,39.4,12.7,24.7,RURAL,VERTICAL,VERTICAL,73007.44,True,True,MULTIROTOR,0.8,VTOL,,,,0.0996
1486,MILITARY,2.22,11.2,9.4,24.5,RURAL,VERTICAL,VERTICAL,10906.53,True,True,MULTIROTOR,0.8,VTOL,,,,0.1354
1487,AGRICULTURE,0.75,20.2,1.3,20.6,INDOOR,VERTICAL,VERTICAL,26456.4,True,True,MULTIROTOR,0.8,None,,,,0.1925
1488,RESEARCH,3.65,128.5,75.6,103.8,FOREST,HAND_LAUNCH,BELLY_LANDING,34996.39,True,True,FIXED_WING,1.0,VTOL,,,,0.1367
1489,SURVEY,1.86,132.7,107.4,58.6,RURAL,HAND_LAUNCH,RUNWAY,44577.63,True,True,FIXED_WING,1.0,VTOL,,,,0.163
1490,CUSTOM,0.36,7.2,3.8,12.4,INDOOR,VERTICAL,VERTICAL,31694.11,True,True,MULTIROTOR,0.8,None,,,,0.1416
1491,SECURITY,3.77,32.5,5.6,38.3,URBAN,VERTICAL,VERTICAL,42526.05,True,True,MULTIROTOR,0.8,VTOL,,,,0.112
1492,DISASTER_RESPONSE,0.85,14.1,0.9,30.1,INDOOR,VERTICAL,VERTICAL,72452.85,True,True,MULTIROTOR,0.8,None,,,,0.0902
1493,TRAINING,6.09,62.0,133.3,86.6,RURAL,VERTICAL,VERTICAL,38435.79,True,True,VTOL,0.95,MULTIROTOR,,,,0.0939
1494,MAPPING,6.16,115.4,98.1,98.1,FOREST,VERTICAL,VERTICAL,26147.28,True,True,VTOL,0.95,MULTIROTOR,,,,0.0816
1495,MAPPING,21.87,28.6,44.9,59.4,DESERT,VERTICAL,RUNWAY,54994.05,True,True,VTOL,0.95,MULTIROTOR,,,,0.1027
1496,SURVEY,22.86,61.9,61.1,85.7,DESERT,RUNWAY,RUNWAY,68268.46,True,True,FIXED_WING,1.0,VTOL,,,,0.0733
1497,INSPECTION,13.91,54.1,42.7,76.5,MOUNTAIN,RUNWAY,VERTICAL,66278.15,True,True,VTOL,0.8,MULTIROTOR,,,,0.0675
1498,SURVEY,2.0,30.0,20.0,350.0,RURAL,VERTICAL,VERTICAL,,True,False,None,,None,,NO_VALID_VEHICLE,No feasible aircraft design solution: Cruise speed requirement (350.0 km/h) exceeds platform dynamic limit (300.0 km/h).,0.0385
1499,SECURITY,19.31,37.0,71.4,63.6,MOUNTAIN,RUNWAY,RUNWAY,50895.41,True,True,FIXED_WING,1.0,VTOL,,,,0.2591
1500,DISASTER_RESPONSE,7.94,74.1,142.1,78.2,FOREST,VERTICAL,VERTICAL,33430.62,True,True,VTOL,0.95,MULTIROTOR,,,,0.0793
1501,TRAINING,14.78,70.0,23.2,60.5,MOUNTAIN,RUNWAY,RUNWAY,22011.74,True,True,FIXED_WING,1.0,VTOL,,,,0.0702
1502,CUSTOM,8.46,64.9,64.6,76.8,RURAL,RUNWAY,VERTICAL,71146.55,True,True,VTOL,0.8,MULTIROTOR,,,,0.0679
1503,MILITARY,1.25,9.3,2.2,24.1,INDOOR,VERTICAL,VERTICAL,26293.93,True,True,MULTIROTOR,0.8,None,,,,0.0677
1504,DISASTER_RESPONSE,2.03,103.6,30.1,83.2,DESERT,CATAPULT,NET_RECOVERY,56032.19,True,True,FIXED_WING,1.0,VTOL,,,,0.0664
1505,AGRICULTURE,2.52,129.0,66.2,89.9,DESERT,HAND_LAUNCH,PARACHUTE,56397.38,True,True,FIXED_WING,1.0,VTOL,,,,0.0749
1506,DELIVERY,1.35,9.5,1.8,35.6,INDOOR,VERTICAL,VERTICAL,17969.58,True,True,MULTIROTOR,0.8,None,,,,0.0634
1507,SURVEY,2.0,30.0,500.0,60.0,RURAL,VERTICAL,VERTICAL,,True,False,None,,None,Extended range target (500.0 km) approaches maximum battery energy density threshold.,NO_VALID_VEHICLE,No feasible aircraft design solution: Range requirement (500.0 km) exceeds maximum studio envelope limit (450.0 km).,0.0403
1508,SURVEY,25.0,30.0,250.0,60.0,RURAL,VERTICAL,VERTICAL,,True,False,None,,None,,NO_VALID_VEHICLE,No feasible aircraft design solution: Combined heavy payload (25.0 kg) and extended range (250.0 km) exceeds structural MTOW limit.,0.0355
1509,AGRICULTURE,1.38,14.2,4.9,18.8,INDOOR,VERTICAL,VERTICAL,20486.23,True,True,MULTIROTOR,0.8,None,,,,0.0617
1510,SURVEY,3.0,30.0,-5.0,60.0,RURAL,VERTICAL,VERTICAL,10000.0,False,False,None,,None,,INVALID_REQUIREMENTS,Target range must be greater than 0 km. Provided: -5.0 km.,0.0107
1511,MILITARY,0.64,9.8,3.4,24.4,INDOOR,VERTICAL,VERTICAL,74859.42,True,True,MULTIROTOR,0.8,None,,,,0.0614
1512,RESEARCH,3.72,27.7,4.6,49.4,RURAL,VERTICAL,VERTICAL,56606.11,True,True,MULTIROTOR,0.8,VTOL,,,,0.0673
1513,SECURITY,2.29,19.6,2.5,35.8,URBAN,VERTICAL,VERTICAL,69409.49,True,True,MULTIROTOR,0.8,VTOL,,,,0.0631
1514,TRAINING,0.64,10.0,2.7,16.5,INDOOR,VERTICAL,VERTICAL,72469.17,True,True,MULTIROTOR,0.8,None,,,,0.0589
1515,SURVEY,24.44,69.9,56.1,66.5,MOUNTAIN,VERTICAL,VERTICAL,58027.73,True,True,VTOL,0.95,MULTIROTOR,,,,0.0652
1516,CUSTOM,14.25,44.4,38.8,47.6,MOUNTAIN,RUNWAY,VERTICAL,70238.09,True,True,VTOL,0.8,MULTIROTOR,,,,0.0644
1517,MAPPING,2.85,19.7,10.8,23.3,RURAL,VERTICAL,VERTICAL,55232.7,True,True,MULTIROTOR,0.8,VTOL,,,,0.0646
1518,DISASTER_RESPONSE,4.75,67.8,47.0,116.8,MOUNTAIN,VERTICAL,VERTICAL,78636.21,True,True,VTOL,0.95,MULTIROTOR,,,,0.0666
1519,TRAINING,0.71,15.1,1.2,33.5,INDOOR,VERTICAL,VERTICAL,18835.83,True,True,MULTIROTOR,0.8,None,,,,0.0595
1520,SURVEY,2.79,30.4,133.1,112.0,FOREST,VERTICAL,VERTICAL,51321.49,True,True,VTOL,0.95,MULTIROTOR,,,,0.0831
1521,SURVEY,25.0,30.0,250.0,60.0,RURAL,VERTICAL,VERTICAL,,True,False,None,,None,,NO_VALID_VEHICLE,No feasible aircraft design solution: Combined heavy payload (25.0 kg) and extended range (250.0 km) exceeds structural MTOW limit.,0.0355
1522,SURVEY,45.0,30.0,20.0,60.0,RURAL,VERTICAL,VERTICAL,,True,False,None,,None,High payload mass (45.0 kg) requires specialized heavy-lift structural airframe.,NO_VALID_VEHICLE,No feasible aircraft design solution: Payload requirement (45.0 kg) exceeds maximum studio envelope limit (35.0 kg).,0.0342
1523,MILITARY,4.22,71.4,123.8,63.0,FOREST,VERTICAL,VERTICAL,20587.65,True,True,VTOL,0.95,MULTIROTOR,,,,0.0682
1524,TRAINING,9.22,76.3,16.6,60.2,DESERT,RUNWAY,RUNWAY,40470.34,True,True,FIXED_WING,1.0,VTOL,,,,0.1174
1525,MILITARY,15.87,44.8,25.8,60.9,RURAL,RUNWAY,RUNWAY,49196.6,True,True,FIXED_WING,0.85,VTOL,,,,0.0679
1526,DISASTER_RESPONSE,4.28,84.5,66.9,93.8,MOUNTAIN,RUNWAY,NET_RECOVERY,2190.86,True,True,FIXED_WING,1.0,VTOL,,,,0.0644
1527,TRAINING,0.95,11.6,3.4,38.6,INDOOR,VERTICAL,VERTICAL,27487.13,True,True,MULTIROTOR,0.8,None,,,,0.0603
1528,MILITARY,3.24,38.6,7.9,22.8,URBAN,VERTICAL,VERTICAL,69652.94,True,True,MULTIROTOR,0.8,VTOL,,,,0.0622
1529,SECURITY,2.68,19.6,11.4,31.2,URBAN,VERTICAL,VERTICAL,48945.45,True,True,MULTIROTOR,0.8,VTOL,,,,0.0623
1530,SURVEY,0.92,12.2,3.5,27.8,INDOOR,VERTICAL,VERTICAL,49193.6,True,True,MULTIROTOR,0.8,None,,,,0.0589
1531,MILITARY,4.2,104.8,37.8,57.8,FOREST,CATAPULT,PARACHUTE,28348.54,True,True,FIXED_WING,1.0,VTOL,,,,0.0633
1532,INSPECTION,3.84,62.8,67.6,95.2,RURAL,HAND_LAUNCH,NET_RECOVERY,9368.99,True,True,VTOL,0.8,MULTIROTOR,,,,0.0672
1533,MAPPING,6.87,117.3,121.7,64.4,FOREST,VERTICAL,VERTICAL,59171.55,True,True,VTOL,0.95,MULTIROTOR,,,,0.0677
1534,DELIVERY,5.55,99.2,98.0,69.1,MOUNTAIN,VERTICAL,VERTICAL,52973.28,True,True,VTOL,0.95,MULTIROTOR,,,,0.0629
1535,SECURITY,2.45,104.8,109.2,90.5,FOREST,VERTICAL,VERTICAL,66339.02,True,True,VTOL,0.95,MULTIROTOR,,,,0.064
1536,SURVEY,3.0,30.0,20.0,0.0,RURAL,VERTICAL,VERTICAL,10000.0,False,False,None,,None,,INVALID_REQUIREMENTS,Cruise speed must be greater than 0 km/h. Provided: 0.0 km/h.,0.0087
1537,RESEARCH,4.6,85.1,51.5,86.0,DESERT,RUNWAY,RUNWAY,45774.06,True,True,FIXED_WING,1.0,VTOL,,,,0.0634
1538,INSPECTION,20.78,63.8,36.3,71.4,RURAL,VERTICAL,RUNWAY,75009.11,True,True,VTOL,0.95,MULTIROTOR,,,,0.0635
1539,AGRICULTURE,3.33,17.5,6.9,49.6,RURAL,VERTICAL,VERTICAL,19768.72,True,True,MULTIROTOR,0.8,VTOL,,,,0.0619
1540,MAPPING,1.02,52.2,64.8,91.1,RURAL,RUNWAY,NET_RECOVERY,67363.22,True,True,FIXED_WING,1.0,VTOL,,,,0.0647
1541,SURVEY,3.0,30.0,20.0,60.0,RURAL,VERTICAL,VERTICAL,-100.0,False,False,None,,None,,INVALID_REQUIREMENTS,Financial budget must be greater than $0 if specified. Provided: $-100.0.,0.0086
1542,DELIVERY,2.55,78.2,91.8,115.5,FOREST,VERTICAL,VERTICAL,18317.87,True,True,VTOL,0.95,MULTIROTOR,,,,0.0751
1543,SURVEY,2.0,500.0,20.0,60.0,RURAL,VERTICAL,VERTICAL,,True,False,None,,None,,NO_VALID_VEHICLE,No feasible aircraft design solution: Endurance requirement (500.0 min) exceeds battery/fuel energy storage density limit (450.0 min).,0.0379
1544,RESEARCH,0.57,8.5,3.5,15.4,INDOOR,VERTICAL,VERTICAL,69719.61,True,True,MULTIROTOR,0.8,None,,,,0.0588
1545,RESEARCH,6.52,108.5,92.7,75.6,MARINE,VERTICAL,VERTICAL,75451.95,True,True,VTOL,0.95,MULTIROTOR,,,,0.0633
1546,SURVEY,2.57,94.5,30.3,83.9,RURAL,RUNWAY,RUNWAY,71143.95,True,True,FIXED_WING,1.0,VTOL,,,,0.8654
1547,SECURITY,5.03,75.8,84.5,74.8,MOUNTAIN,VERTICAL,VERTICAL,18433.13,True,True,VTOL,0.95,MULTIROTOR,,,,0.0771
1548,SURVEY,25.0,30.0,250.0,60.0,RURAL,VERTICAL,VERTICAL,,True,False,None,,None,,NO_VALID_VEHICLE,No feasible aircraft design solution: Combined heavy payload (25.0 kg) and extended range (250.0 km) exceeds structural MTOW limit.,0.0391
1549,SURVEY,1.25,22.2,10.2,23.4,URBAN,VERTICAL,VERTICAL,12731.17,True,True,MULTIROTOR,0.8,VTOL,,,,0.0686
1550,DELIVERY,15.09,39.3,64.2,48.7,MOUNTAIN,RUNWAY,VERTICAL,42093.82,True,True,VTOL,0.8,MULTIROTOR,,,,0.0694
1551,INSPECTION,15.51,68.1,68.7,41.6,DESERT,RUNWAY,RUNWAY,60290.76,True,True,VTOL,0.8,MULTIROTOR,,,,0.0678
1552,CUSTOM,1.38,16.0,3.6,19.0,INDOOR,VERTICAL,VERTICAL,74479.1,True,True,MULTIROTOR,0.8,None,,,,0.0589
1553,DISASTER_RESPONSE,1.96,47.0,108.1,63.6,FOREST,RUNWAY,PARACHUTE,51642.18,True,True,FIXED_WING,1.0,VTOL,,,,0.0676
1554,SURVEY,24.54,63.7,51.5,57.0,DESERT,RUNWAY,RUNWAY,15097.25,True,True,FIXED_WING,1.0,VTOL,,,,0.0671
1555,SURVEY,18.0,280.0,20.0,60.0,RURAL,VERTICAL,VERTICAL,,True,False,None,,None,,NO_VALID_VEHICLE,No feasible aircraft design solution: Combined heavy payload (18.0 kg) and ultra-long endurance (280.0 min) is physically unachievable.,0.0349
1556,INSPECTION,0.13,16.7,1.6,39.3,INDOOR,VERTICAL,VERTICAL,35206.28,True,True,MULTIROTOR,0.8,None,,,,0.0593
1557,AGRICULTURE,0.76,20.8,3.7,37.1,INDOOR,VERTICAL,VERTICAL,21894.05,True,True,MULTIROTOR,0.8,None,,,,0.0636
1558,MILITARY,3.19,32.9,4.9,23.0,RURAL,VERTICAL,VERTICAL,34749.38,True,True,MULTIROTOR,0.8,VTOL,,,,0.0617
1559,DISASTER_RESPONSE,19.78,74.5,28.9,51.8,RURAL,VERTICAL,VERTICAL,55480.1,True,True,VTOL,0.8,MULTIROTOR,,,,0.0642
1560,SECURITY,20.3,66.3,30.3,83.4,MOUNTAIN,VERTICAL,VERTICAL,41663.45,True,True,VTOL,0.95,MULTIROTOR,,,,0.0636
1561,SURVEY,2.0,500.0,20.0,60.0,RURAL,VERTICAL,VERTICAL,,True,False,None,,None,,NO_VALID_VEHICLE,No feasible aircraft design solution: Endurance requirement (500.0 min) exceeds battery/fuel energy storage density limit (450.0 min).,0.0342
1562,SURVEY,3.0,30.0,20.0,60.0,RURAL,VERTICAL,VERTICAL,-100.0,False,False,None,,None,,INVALID_REQUIREMENTS,Financial budget must be greater than $0 if specified. Provided: $-100.0.,0.0084
1563,INSPECTION,1.4,15.6,9.1,36.3,RURAL,VERTICAL,VERTICAL,49855.2,True,True,MULTIROTOR,0.8,VTOL,,,,0.0724
1564,RESEARCH,3.68,67.0,119.4,101.5,MOUNTAIN,CATAPULT,PARACHUTE,27235.7,True,True,FIXED_WING,1.0,VTOL,,,,0.0687
1565,AGRICULTURE,17.57,61.7,36.2,63.5,RURAL,VERTICAL,VERTICAL,31848.88,True,True,VTOL,0.95,MULTIROTOR,,,,0.0686
1566,DELIVERY,13.04,48.8,56.0,89.4,RURAL,VERTICAL,VERTICAL,52825.4,True,True,VTOL,0.95,MULTIROTOR,,,,0.0672
1567,SURVEY,5.0,30.0,20.0,60.0,RURAL,VERTICAL,VERTICAL,10000.0,False,False,None,,None,,INVALID_REQUIREMENTS,Maximum takeoff weight limit (3.0 kg) must be greater than payload weight (5.0 kg).,0.0082
1568,SECURITY,0.46,12.1,0.8,30.0,INDOOR,VERTICAL,VERTICAL,62448.03,True,True,MULTIROTOR,0.8,None,,,,0.0595
1569,SECURITY,0.96,22.4,3.5,39.5,INDOOR,VERTICAL,VERTICAL,19267.17,True,True,MULTIROTOR,0.8,None,,,,0.0615
1570,TRAINING,7.87,89.4,37.4,94.7,MOUNTAIN,VERTICAL,VERTICAL,2760.52,True,True,VTOL,0.95,MULTIROTOR,,,,0.0627
1571,SURVEY,2.0,30.0,20.0,350.0,RURAL,VERTICAL,VERTICAL,,True,False,None,,None,,NO_VALID_VEHICLE,No feasible aircraft design solution: Cruise speed requirement (350.0 km/h) exceeds platform dynamic limit (300.0 km/h).,0.0347
1572,RESEARCH,5.6,65.5,81.9,81.8,RURAL,VERTICAL,VERTICAL,56583.51,True,True,VTOL,0.95,MULTIROTOR,,,,0.0628
1573,DISASTER_RESPONSE,8.34,44.8,51.1,60.1,DESERT,RUNWAY,VERTICAL,16039.44,True,True,VTOL,0.8,MULTIROTOR,,,,0.0632
1574,MAPPING,4.23,88.8,141.1,114.9,MARINE,VERTICAL,VERTICAL,74773.94,True,True,VTOL,0.95,MULTIROTOR,,,,0.0635
1575,TRAINING,3.79,111.7,71.2,68.5,FOREST,HAND_LAUNCH,RUNWAY,33407.37,True,True,FIXED_WING,1.0,VTOL,,,,0.0627
1576,AGRICULTURE,2.12,14.7,2.3,44.1,RURAL,VERTICAL,VERTICAL,20268.53,True,True,MULTIROTOR,0.8,VTOL,,,,0.062
1577,SECURITY,0.96,20.4,2.2,14.4,INDOOR,VERTICAL,VERTICAL,33618.2,True,True,MULTIROTOR,0.8,None,,,,0.0591
1578,DISASTER_RESPONSE,11.33,50.1,26.2,54.3,MOUNTAIN,VERTICAL,VERTICAL,27221.31,True,True,VTOL,0.8,MULTIROTOR,,,,0.0626
1579,SURVEY,3.0,30.0,-5.0,60.0,RURAL,VERTICAL,VERTICAL,10000.0,False,False,None,,None,,INVALID_REQUIREMENTS,Target range must be greater than 0 km. Provided: -5.0 km.,0.008
1580,SURVEY,2.0,500.0,20.0,60.0,RURAL,VERTICAL,VERTICAL,,True,False,None,,None,,NO_VALID_VEHICLE,No feasible aircraft design solution: Endurance requirement (500.0 min) exceeds battery/fuel energy storage density limit (450.0 min).,0.0355
1581,SURVEY,2.0,500.0,20.0,60.0,RURAL,VERTICAL,VERTICAL,,True,False,None,,None,,NO_VALID_VEHICLE,No feasible aircraft design solution: Endurance requirement (500.0 min) exceeds battery/fuel energy storage density limit (450.0 min).,0.0334
1582,MILITARY,3.06,129.0,105.9,51.3,FOREST,CATAPULT,PARACHUTE,78761.59,True,True,FIXED_WING,1.0,VTOL,,,,0.0673
1583,AGRICULTURE,2.71,12.4,8.1,45.5,URBAN,VERTICAL,VERTICAL,44429.73,True,True,MULTIROTOR,0.8,VTOL,,,,0.0622
1584,INSPECTION,3.23,22.1,8.5,28.7,RURAL,VERTICAL,VERTICAL,51722.52,True,True,MULTIROTOR,0.8,VTOL,,,,0.0633
1585,SURVEY,2.0,500.0,20.0,60.0,RURAL,VERTICAL,VERTICAL,,True,False,None,,None,,NO_VALID_VEHICLE,No feasible aircraft design solution: Endurance requirement (500.0 min) exceeds battery/fuel energy storage density limit (450.0 min).,0.0339
1586,INSPECTION,2.69,53.5,55.5,65.1,FOREST,HAND_LAUNCH,PARACHUTE,62553.16,True,True,VTOL,0.8,MULTIROTOR,,,,0.0629
1587,RESEARCH,4.87,110.2,64.3,89.0,MOUNTAIN,VERTICAL,VERTICAL,41213.88,True,True,VTOL,0.95,MULTIROTOR,,,,0.0655
1588,DELIVERY,1.5,13.1,9.1,30.1,URBAN,VERTICAL,VERTICAL,41198.35,True,True,MULTIROTOR,0.8,VTOL,,,,0.0662
1589,DISASTER_RESPONSE,9.07,78.5,38.9,70.6,MOUNTAIN,VERTICAL,RUNWAY,18795.38,True,True,VTOL,0.95,MULTIROTOR,,,,0.0634
1590,RESEARCH,4.11,90.8,98.6,107.5,MOUNTAIN,VERTICAL,VERTICAL,31395.23,True,True,VTOL,0.95,MULTIROTOR,,,,0.063
1591,SURVEY,1.97,39.9,4.7,45.0,RURAL,VERTICAL,VERTICAL,27233.67,True,True,MULTIROTOR,0.8,VTOL,,,,0.0705
1592,RESEARCH,22.99,52.4,48.0,57.3,RURAL,RUNWAY,VERTICAL,23100.32,True,True,VTOL,0.8,MULTIROTOR,,,,0.0632
1593,MAPPING,6.94,95.1,116.4,88.8,MOUNTAIN,VERTICAL,VERTICAL,10262.71,True,True,VTOL,0.95,MULTIROTOR,,,,0.0635
1594,MILITARY,3.5,102.8,111.5,51.8,MOUNTAIN,CATAPULT,PARACHUTE,50574.58,True,True,FIXED_WING,1.0,VTOL,,,,0.0646
1595,SECURITY,11.69,36.0,25.6,70.2,MOUNTAIN,RUNWAY,VERTICAL,30829.13,True,True,VTOL,0.8,MULTIROTOR,,,,0.0623
1596,DISASTER_RESPONSE,11.12,63.7,62.9,64.1,DESERT,VERTICAL,RUNWAY,70584.67,True,True,VTOL,0.95,MULTIROTOR,,,,0.0646
1597,SURVEY,25.0,30.0,250.0,60.0,RURAL,VERTICAL,VERTICAL,,True,False,None,,None,,NO_VALID_VEHICLE,No feasible aircraft design solution: Combined heavy payload (25.0 kg) and extended range (250.0 km) exceeds structural MTOW limit.,0.0373
1598,SURVEY,2.0,30.0,500.0,60.0,RURAL,VERTICAL,VERTICAL,,True,False,None,,None,Extended range target (500.0 km) approaches maximum battery energy density threshold.,NO_VALID_VEHICLE,No feasible aircraft design solution: Range requirement (500.0 km) exceeds maximum studio envelope limit (450.0 km).,0.0359
1599,DISASTER_RESPONSE,4.44,114.8,92.3,59.7,DESERT,CATAPULT,PARACHUTE,13800.96,True,True,FIXED_WING,1.0,VTOL,,,,0.0677
1600,RESEARCH,0.12,11.5,1.7,32.2,INDOOR,VERTICAL,VERTICAL,23769.17,True,True,MULTIROTOR,0.8,None,,,,0.0643
1601,SECURITY,1.88,39.8,8.9,49.4,URBAN,VERTICAL,VERTICAL,22576.64,True,True,MULTIROTOR,0.8,VTOL,,,,0.0643
1602,CUSTOM,3.24,92.5,46.4,92.4,FOREST,HAND_LAUNCH,PARACHUTE,54213.76,True,True,FIXED_WING,1.0,VTOL,,,,0.0631
1603,RESEARCH,5.99,114.2,141.5,97.9,FOREST,VERTICAL,VERTICAL,19728.86,True,True,VTOL,0.95,MULTIROTOR,,,,0.0657
1604,SECURITY,1.09,7.3,4.3,23.9,INDOOR,VERTICAL,VERTICAL,10056.23,True,True,MULTIROTOR,0.8,None,,,,0.0591
1605,SURVEY,3.89,12.5,11.3,46.2,RURAL,VERTICAL,VERTICAL,44855.82,True,True,MULTIROTOR,0.8,VTOL,,,,0.0617
1606,MAPPING,0.35,21.1,4.7,22.6,INDOOR,VERTICAL,VERTICAL,70437.35,True,True,MULTIROTOR,0.8,None,,,,0.0601
1607,RESEARCH,19.49,40.4,51.7,61.5,MOUNTAIN,VERTICAL,RUNWAY,8396.65,True,True,VTOL,0.95,MULTIROTOR,,,,0.0644
1608,TRAINING,1.32,143.7,73.0,95.8,RURAL,HAND_LAUNCH,BELLY_LANDING,51760.34,True,True,FIXED_WING,1.0,VTOL,,,,0.0674
1609,SURVEY,18.0,280.0,20.0,60.0,RURAL,VERTICAL,VERTICAL,,True,False,None,,None,,NO_VALID_VEHICLE,No feasible aircraft design solution: Combined heavy payload (18.0 kg) and ultra-long endurance (280.0 min) is physically unachievable.,0.0375
1610,SURVEY,2.0,30.0,500.0,60.0,RURAL,VERTICAL,VERTICAL,,True,False,None,,None,Extended range target (500.0 km) approaches maximum battery energy density threshold.,NO_VALID_VEHICLE,No feasible aircraft design solution: Range requirement (500.0 km) exceeds maximum studio envelope limit (450.0 km).,0.0344
1611,SECURITY,4.41,77.5,107.1,65.8,DESERT,CATAPULT,RUNWAY,40079.01,True,True,FIXED_WING,1.0,VTOL,,,,0.0635
1612,TRAINING,1.1,17.9,4.2,50.0,RURAL,VERTICAL,VERTICAL,74749.33,True,True,MULTIROTOR,0.8,VTOL,,,,0.062
1613,DISASTER_RESPONSE,3.66,35.3,3.4,27.9,RURAL,VERTICAL,VERTICAL,12877.04,True,True,MULTIROTOR,0.8,VTOL,,,,0.0638
1614,TRAINING,20.69,27.1,40.8,63.0,MOUNTAIN,RUNWAY,VERTICAL,56339.37,True,True,VTOL,0.8,MULTIROTOR,,,,0.0658
1615,INSPECTION,1.06,15.5,2.8,38.0,INDOOR,VERTICAL,VERTICAL,31711.21,True,True,MULTIROTOR,0.8,None,,,,0.0816
1616,RESEARCH,1.91,87.4,93.7,81.8,FOREST,HAND_LAUNCH,RUNWAY,63640.09,True,True,FIXED_WING,1.0,VTOL,,,,0.0705
1617,DISASTER_RESPONSE,1.44,10.4,1.5,39.4,INDOOR,VERTICAL,VERTICAL,37709.69,True,True,MULTIROTOR,0.8,None,,,,0.0593
1618,SURVEY,3.0,-10.0,20.0,60.0,RURAL,VERTICAL,VERTICAL,10000.0,False,False,None,,None,,INVALID_REQUIREMENTS,Target flight time must be greater than 0 minutes. Provided: -10.0 min.,0.008
1619,SURVEY,3.0,30.0,-5.0,60.0,RURAL,VERTICAL,VERTICAL,10000.0,False,False,None,,None,,INVALID_REQUIREMENTS,Target range must be greater than 0 km. Provided: -5.0 km.,0.0167
1620,MILITARY,7.19,49.9,50.9,117.0,RURAL,VERTICAL,VERTICAL,7488.86,True,True,VTOL,0.95,MULTIROTOR,,,,0.064
1621,SURVEY,2.0,500.0,20.0,60.0,RURAL,VERTICAL,VERTICAL,,True,False,None,,None,,NO_VALID_VEHICLE,No feasible aircraft design solution: Endurance requirement (500.0 min) exceeds battery/fuel energy storage density limit (450.0 min).,0.0336
1622,SURVEY,45.0,30.0,20.0,60.0,RURAL,VERTICAL,VERTICAL,,True,False,None,,None,High payload mass (45.0 kg) requires specialized heavy-lift structural airframe.,NO_VALID_VEHICLE,No feasible aircraft design solution: Payload requirement (45.0 kg) exceeds maximum studio envelope limit (35.0 kg).,0.1307
1623,MILITARY,8.03,54.0,31.4,48.8,MOUNTAIN,RUNWAY,VERTICAL,71893.71,True,True,VTOL,0.8,MULTIROTOR,,,,0.0688
1624,AGRICULTURE,7.71,99.5,69.7,65.0,MARINE,VERTICAL,VERTICAL,11731.77,True,True,VTOL,0.95,MULTIROTOR,,,,0.0662
1625,AGRICULTURE,1.01,36.4,5.0,46.9,RURAL,VERTICAL,VERTICAL,78956.73,True,True,MULTIROTOR,0.8,VTOL,,,,0.0617
1626,SURVEY,0.0,30.0,20.0,60.0,RURAL,VERTICAL,VERTICAL,10000.0,False,False,None,,None,,INVALID_REQUIREMENTS,Payload weight must be greater than 0 kg. Provided: 0.0 kg.,0.008
1627,SECURITY,10.76,53.0,65.3,75.6,RURAL,RUNWAY,RUNWAY,3507.31,True,True,FIXED_WING,1.0,VTOL,,,,0.063
1628,TRAINING,18.44,79.5,15.4,46.2,DESERT,RUNWAY,RUNWAY,57751.19,True,True,FIXED_WING,1.0,VTOL,,,,0.0641
1629,DELIVERY,3.22,74.6,87.0,89.3,FOREST,CATAPULT,NET_RECOVERY,2534.56,True,True,FIXED_WING,1.0,VTOL,,,,0.0689
1630,TRAINING,1.09,21.7,3.4,36.1,INDOOR,VERTICAL,VERTICAL,4135.22,True,True,MULTIROTOR,0.8,None,,,,0.0639
1631,SURVEY,2.0,30.0,20.0,350.0,RURAL,VERTICAL,VERTICAL,,True,False,None,,None,,NO_VALID_VEHICLE,No feasible aircraft design solution: Cruise speed requirement (350.0 km/h) exceeds platform dynamic limit (300.0 km/h).,0.0339
1632,RESEARCH,0.65,16.6,3.7,15.2,INDOOR,VERTICAL,VERTICAL,68180.11,True,True,MULTIROTOR,0.8,None,,,,0.0585
1633,SURVEY,2.0,30.0,500.0,60.0,RURAL,VERTICAL,VERTICAL,,True,False,None,,None,Extended range target (500.0 km) approaches maximum battery energy density threshold.,NO_VALID_VEHICLE,No feasible aircraft design solution: Range requirement (500.0 km) exceeds maximum studio envelope limit (450.0 km).,0.0335
1634,MILITARY,1.11,23.0,2.6,17.5,INDOOR,VERTICAL,VERTICAL,34087.75,True,True,MULTIROTOR,0.8,None,,,,0.0578
1635,SURVEY,2.0,500.0,20.0,60.0,RURAL,VERTICAL,VERTICAL,,True,False,None,,None,,NO_VALID_VEHICLE,No feasible aircraft design solution: Endurance requirement (500.0 min) exceeds battery/fuel energy storage density limit (450.0 min).,0.0334
1636,CUSTOM,9.3,59.1,67.5,80.8,DESERT,RUNWAY,RUNWAY,69266.69,True,True,FIXED_WING,1.0,VTOL,,,,0.0642
1637,RESEARCH,0.89,13.8,11.1,31.9,URBAN,VERTICAL,VERTICAL,72888.99,True,True,MULTIROTOR,0.8,VTOL,,,,0.0668
1638,MAPPING,16.13,21.2,10.0,65.4,RURAL,VERTICAL,VERTICAL,42790.41,True,True,MULTIROTOR,0.7,VTOL,,,,0.065
1639,RESEARCH,2.14,17.2,4.3,30.4,RURAL,VERTICAL,VERTICAL,79827.7,True,True,MULTIROTOR,0.8,VTOL,,,,0.0616
1640,AGRICULTURE,4.09,60.6,61.1,82.7,DESERT,HAND_LAUNCH,PARACHUTE,63286.67,True,True,FIXED_WING,1.0,VTOL,,,,0.0674
1641,CUSTOM,2.68,101.4,100.5,79.8,FOREST,HAND_LAUNCH,PARACHUTE,72728.04,True,True,FIXED_WING,1.0,VTOL,,,,0.0638
1642,INSPECTION,11.02,28.9,60.2,63.8,RURAL,RUNWAY,VERTICAL,28432.16,True,True,VTOL,0.8,MULTIROTOR,,,,0.0657
1643,SURVEY,15.12,31.3,67.7,82.5,MOUNTAIN,RUNWAY,VERTICAL,12110.91,True,True,VTOL,0.8,MULTIROTOR,,,,0.0729
1644,SECURITY,1.1,50.9,102.1,90.0,DESERT,RUNWAY,NET_RECOVERY,77330.07,True,True,FIXED_WING,1.0,VTOL,,,,0.068
1645,DISASTER_RESPONSE,2.85,33.1,3.5,47.8,URBAN,VERTICAL,VERTICAL,48248.77,True,True,MULTIROTOR,0.8,VTOL,,,,0.0636
1646,DISASTER_RESPONSE,3.66,39.7,4.0,24.9,RURAL,VERTICAL,VERTICAL,31391.8,True,True,MULTIROTOR,0.8,VTOL,,,,0.0696
1647,AGRICULTURE,1.78,87.8,88.9,93.4,DESERT,HAND_LAUNCH,PARACHUTE,46111.35,True,True,FIXED_WING,1.0,VTOL,,,,0.063
1648,RESEARCH,2.31,22.5,10.0,27.6,URBAN,VERTICAL,VERTICAL,50427.57,True,True,MULTIROTOR,0.8,VTOL,,,,0.0619
1649,TRAINING,1.47,19.0,13.1,49.1,URBAN,VERTICAL,VERTICAL,41930.91,True,True,MULTIROTOR,0.8,VTOL,,,,0.0615
1650,DISASTER_RESPONSE,3.43,128.6,33.0,98.5,MOUNTAIN,RUNWAY,RUNWAY,79248.96,True,True,FIXED_WING,1.0,VTOL,,,,0.0627
1651,CUSTOM,3.03,14.3,13.2,45.6,URBAN,VERTICAL,VERTICAL,51015.23,True,True,MULTIROTOR,0.8,VTOL,,,,0.0668
1652,DISASTER_RESPONSE,1.42,18.5,1.9,33.9,INDOOR,VERTICAL,VERTICAL,47390.92,True,True,MULTIROTOR,0.8,None,,,,0.0639
1653,DISASTER_RESPONSE,1.87,26.8,10.7,35.2,URBAN,VERTICAL,VERTICAL,26895.18,True,True,MULTIROTOR,0.8,VTOL,,,,0.0626
1654,RESEARCH,4.34,136.1,62.8,53.7,FOREST,CATAPULT,RUNWAY,41442.28,True,True,FIXED_WING,1.0,VTOL,,,,0.0679
1655,SURVEY,3.0,30.0,-5.0,60.0,RURAL,VERTICAL,VERTICAL,10000.0,False,False,None,,None,,INVALID_REQUIREMENTS,Target range must be greater than 0 km. Provided: -5.0 km.,0.0087
1656,CUSTOM,0.47,14.1,0.6,21.1,INDOOR,VERTICAL,VERTICAL,10217.44,True,True,MULTIROTOR,0.8,None,,,,0.0616
1657,INSPECTION,2.1,123.5,74.0,64.6,DESERT,HAND_LAUNCH,BELLY_LANDING,72395.89,True,True,VTOL,0.8,MULTIROTOR,,,,0.0637
1658,SURVEY,2.0,30.0,500.0,60.0,RURAL,VERTICAL,VERTICAL,,True,False,None,,None,Extended range target (500.0 km) approaches maximum battery energy density threshold.,NO_VALID_VEHICLE,No feasible aircraft design solution: Range requirement (500.0 km) exceeds maximum studio envelope limit (450.0 km).,0.0346
1659,SURVEY,19.12,32.6,34.6,70.9,RURAL,VERTICAL,VERTICAL,76180.02,True,True,VTOL,0.95,MULTIROTOR,,,,0.063
1660,DISASTER_RESPONSE,0.96,12.4,5.0,26.5,INDOOR,VERTICAL,VERTICAL,4441.25,True,True,MULTIROTOR,0.8,None,,,,0.0588
1661,MAPPING,2.61,105.8,115.8,77.4,MOUNTAIN,HAND_LAUNCH,BELLY_LANDING,21276.45,True,True,FIXED_WING,1.0,VTOL,,,,0.071
1662,DISASTER_RESPONSE,5.91,55.9,145.2,107.4,FOREST,VERTICAL,VERTICAL,23558.89,True,True,VTOL,0.95,MULTIROTOR,,,,0.0641
1663,SURVEY,0.0,30.0,20.0,60.0,RURAL,VERTICAL,VERTICAL,10000.0,False,False,None,,None,,INVALID_REQUIREMENTS,Payload weight must be greater than 0 kg. Provided: 0.0 kg.,0.0079
1664,SURVEY,25.0,30.0,250.0,60.0,RURAL,VERTICAL,VERTICAL,,True,False,None,,None,,NO_VALID_VEHICLE,No feasible aircraft design solution: Combined heavy payload (25.0 kg) and extended range (250.0 km) exceeds structural MTOW limit.,0.0346
1665,SECURITY,1.33,20.8,1.0,30.9,INDOOR,VERTICAL,VERTICAL,50496.31,True,True,MULTIROTOR,0.8,None,,,,0.0582
1666,SURVEY,2.0,30.0,20.0,350.0,RURAL,VERTICAL,VERTICAL,,True,False,None,,None,,NO_VALID_VEHICLE,No feasible aircraft design solution: Cruise speed requirement (350.0 km/h) exceeds platform dynamic limit (300.0 km/h).,0.0354
1667,MAPPING,2.03,58.9,25.0,52.4,FOREST,RUNWAY,PARACHUTE,46342.6,True,True,FIXED_WING,0.85,VTOL,,,,0.0673
1668,RESEARCH,1.07,14.2,2.7,36.8,INDOOR,VERTICAL,VERTICAL,36717.29,True,True,MULTIROTOR,0.8,None,,,,0.0615
1669,DELIVERY,0.89,26.8,13.7,29.1,URBAN,VERTICAL,VERTICAL,67203.49,True,True,MULTIROTOR,0.8,VTOL,,,,0.0663
1670,SURVEY,2.8,113.9,76.5,100.0,DESERT,RUNWAY,RUNWAY,15563.97,True,True,FIXED_WING,1.0,VTOL,,,,0.063
1671,SURVEY,3.0,30.0,20.0,60.0,RURAL,VERTICAL,VERTICAL,-100.0,False,False,None,,None,,INVALID_REQUIREMENTS,Financial budget must be greater than $0 if specified. Provided: $-100.0.,0.0077
1672,SURVEY,0.9,23.1,1.5,35.2,INDOOR,VERTICAL,VERTICAL,43783.51,True,True,MULTIROTOR,0.8,None,,,,0.0665
1673,MILITARY,24.42,78.1,57.0,46.4,MOUNTAIN,VERTICAL,VERTICAL,52422.04,True,True,VTOL,0.95,MULTIROTOR,,,,0.0643
1674,RESEARCH,3.18,42.0,67.3,61.6,RURAL,VERTICAL,VERTICAL,26839.04,True,True,VTOL,0.95,MULTIROTOR,,,,0.067
1675,INSPECTION,10.19,81.1,55.2,62.4,DESERT,RUNWAY,RUNWAY,24800.07,True,True,VTOL,0.8,MULTIROTOR,,,,0.0712
1676,AGRICULTURE,14.27,45.1,72.7,44.9,RURAL,VERTICAL,VERTICAL,3564.58,True,True,VTOL,0.95,MULTIROTOR,,,,0.0674
1677,DELIVERY,0.24,20.4,0.6,26.4,INDOOR,VERTICAL,VERTICAL,69105.11,True,True,MULTIROTOR,0.8,None,,,,0.0626
1678,TRAINING,3.44,125.3,117.6,105.6,MOUNTAIN,CATAPULT,BELLY_LANDING,75349.89,True,True,FIXED_WING,1.0,VTOL,,,,0.0651
1679,DELIVERY,4.0,128.6,30.9,71.4,DESERT,CATAPULT,BELLY_LANDING,66016.94,True,True,FIXED_WING,1.0,VTOL,,,,0.1663
1680,CUSTOM,23.79,89.4,49.8,55.5,DESERT,RUNWAY,VERTICAL,4610.98,True,True,VTOL,0.8,MULTIROTOR,,,,0.1718
1681,INSPECTION,10.2,66.8,46.6,60.8,MOUNTAIN,VERTICAL,VERTICAL,18154.8,True,True,VTOL,0.95,MULTIROTOR,,,,0.128
1682,SECURITY,1.05,148.1,46.2,56.2,MOUNTAIN,RUNWAY,RUNWAY,76075.86,True,True,FIXED_WING,1.0,VTOL,,,,0.1958
1683,MAPPING,13.21,51.1,22.8,81.5,DESERT,VERTICAL,VERTICAL,39477.96,True,True,VTOL,0.7,MULTIROTOR,,,,0.1588
1684,SURVEY,2.0,30.0,20.0,350.0,RURAL,VERTICAL,VERTICAL,,True,False,None,,None,,NO_VALID_VEHICLE,No feasible aircraft design solution: Cruise speed requirement (350.0 km/h) exceeds platform dynamic limit (300.0 km/h).,0.1189
1685,SECURITY,0.65,22.1,4.2,15.4,INDOOR,VERTICAL,VERTICAL,26761.42,True,True,MULTIROTOR,0.8,None,,,,0.101
1686,CUSTOM,2.14,91.4,28.5,106.2,MOUNTAIN,HAND_LAUNCH,BELLY_LANDING,11116.94,True,True,FIXED_WING,1.0,VTOL,,,,0.2423
1687,DELIVERY,22.99,70.2,69.1,61.3,DESERT,VERTICAL,RUNWAY,54724.65,True,True,VTOL,0.95,MULTIROTOR,,,,0.1027
1688,TRAINING,2.53,26.2,6.5,27.5,RURAL,VERTICAL,VERTICAL,14070.81,True,True,MULTIROTOR,0.8,VTOL,,,,0.1584
1689,SECURITY,22.72,20.8,64.3,76.0,RURAL,VERTICAL,VERTICAL,62520.36,True,True,VTOL,0.95,MULTIROTOR,,,,0.0862
1690,INSPECTION,2.67,112.8,54.1,116.9,MOUNTAIN,VERTICAL,VERTICAL,37891.55,True,True,VTOL,0.95,MULTIROTOR,,,,0.1437
1691,RESEARCH,19.96,71.0,53.5,70.2,DESERT,RUNWAY,RUNWAY,61149.69,True,True,FIXED_WING,1.0,VTOL,,,,0.0807
1692,RESEARCH,2.52,27.6,4.2,40.7,URBAN,VERTICAL,VERTICAL,62813.71,True,True,MULTIROTOR,0.8,VTOL,,,,0.0702
1693,CUSTOM,4.85,92.7,35.0,61.1,MOUNTAIN,CATAPULT,PARACHUTE,45328.52,True,True,FIXED_WING,1.0,VTOL,,,,0.0649
1694,SURVEY,1.05,19.0,3.5,37.1,INDOOR,VERTICAL,VERTICAL,31261.19,True,True,MULTIROTOR,0.8,None,,,,0.0602
1695,MILITARY,15.79,52.8,15.0,64.0,RURAL,VERTICAL,RUNWAY,4701.69,True,True,VTOL,0.7,MULTIROTOR,,,,0.0634
1696,SECURITY,1.28,130.9,116.0,91.8,RURAL,RUNWAY,PARACHUTE,78369.03,True,True,FIXED_WING,1.0,VTOL,,,,0.0792
1697,DISASTER_RESPONSE,0.2,6.1,1.6,11.8,INDOOR,VERTICAL,VERTICAL,44186.19,True,True,MULTIROTOR,0.8,None,,,,0.0611
1698,SURVEY,3.46,138.5,65.9,92.1,DESERT,CATAPULT,RUNWAY,35036.98,True,True,FIXED_WING,1.0,VTOL,,,,0.0758
1699,RESEARCH,2.77,30.9,8.2,25.7,RURAL,VERTICAL,VERTICAL,74348.36,True,True,MULTIROTOR,0.8,VTOL,,,,0.0633
1700,SURVEY,3.0,30.0,-5.0,60.0,RURAL,VERTICAL,VERTICAL,10000.0,False,False,None,,None,,INVALID_REQUIREMENTS,Target range must be greater than 0 km. Provided: -5.0 km.,0.011
1701,SURVEY,2.63,19.3,8.8,22.0,RURAL,VERTICAL,VERTICAL,45908.84,True,True,MULTIROTOR,0.8,VTOL,,,,0.0623
1702,MILITARY,5.03,111.1,84.6,115.9,MARINE,VERTICAL,VERTICAL,47883.44,True,True,VTOL,0.95,MULTIROTOR,,,,0.0687
1703,SURVEY,16.02,67.4,78.8,72.2,MOUNTAIN,RUNWAY,RUNWAY,11594.4,True,True,FIXED_WING,1.0,VTOL,,,,0.069
1704,AGRICULTURE,3.47,72.8,83.7,64.0,DESERT,HAND_LAUNCH,PARACHUTE,45520.79,True,True,FIXED_WING,1.0,VTOL,,,,0.0644
1705,INSPECTION,0.24,16.4,4.3,10.5,INDOOR,VERTICAL,VERTICAL,64719.97,True,True,MULTIROTOR,0.8,None,,,,0.0611
1706,MAPPING,1.09,118.6,82.9,73.8,FOREST,CATAPULT,RUNWAY,59090.96,True,True,FIXED_WING,1.0,VTOL,,,,0.0641
1707,SURVEY,2.0,30.0,20.0,350.0,RURAL,VERTICAL,VERTICAL,,True,False,None,,None,,NO_VALID_VEHICLE,No feasible aircraft design solution: Cruise speed requirement (350.0 km/h) exceeds platform dynamic limit (300.0 km/h).,0.0399
1708,MAPPING,21.27,70.5,62.9,70.8,RURAL,VERTICAL,RUNWAY,50159.48,True,True,VTOL,0.95,MULTIROTOR,,,,0.068
1709,MILITARY,7.86,115.4,137.7,72.5,MARINE,VERTICAL,VERTICAL,67971.63,True,True,VTOL,0.95,MULTIROTOR,,,,0.0665
1710,SURVEY,1.41,37.5,10.9,47.0,URBAN,VERTICAL,VERTICAL,19454.65,True,True,MULTIROTOR,0.8,VTOL,,,,0.0667
1711,AGRICULTURE,3.31,90.2,78.1,90.3,DESERT,HAND_LAUNCH,PARACHUTE,37065.38,True,True,FIXED_WING,1.0,VTOL,,,,0.0686
1712,MAPPING,6.02,85.4,39.7,60.8,MARINE,VERTICAL,VERTICAL,73915.33,True,True,VTOL,0.95,MULTIROTOR,,,,0.0647
1713,TRAINING,1.69,127.5,80.8,61.4,RURAL,CATAPULT,BELLY_LANDING,79906.92,True,True,FIXED_WING,1.0,VTOL,,,,0.0641
1714,DISASTER_RESPONSE,3.08,16.4,14.9,41.2,URBAN,VERTICAL,VERTICAL,11457.07,True,True,MULTIROTOR,0.8,VTOL,,,,0.0669
1715,AGRICULTURE,0.71,24.0,9.6,43.3,URBAN,VERTICAL,VERTICAL,45220.14,True,True,MULTIROTOR,0.8,VTOL,,,,0.0633
1716,MILITARY,1.69,38.8,12.8,48.5,URBAN,VERTICAL,VERTICAL,28763.03,True,True,MULTIROTOR,0.8,VTOL,,,,0.0646
1717,DELIVERY,2.27,95.9,75.6,75.4,RURAL,CATAPULT,BELLY_LANDING,40190.37,True,True,FIXED_WING,1.0,VTOL,,,,0.0693
1718,SECURITY,2.25,146.0,72.3,95.3,MOUNTAIN,HAND_LAUNCH,BELLY_LANDING,17078.97,True,True,FIXED_WING,1.0,VTOL,,,,0.069
1719,CUSTOM,0.82,10.1,2.0,17.5,INDOOR,VERTICAL,VERTICAL,17080.38,True,True,MULTIROTOR,0.8,None,,,,0.0587
1720,SURVEY,2.17,21.5,4.0,40.1,RURAL,VERTICAL,VERTICAL,50954.75,True,True,MULTIROTOR,0.8,VTOL,,,,0.0658
1721,MILITARY,3.58,35.8,4.4,37.2,URBAN,VERTICAL,VERTICAL,24315.61,True,True,MULTIROTOR,0.8,VTOL,,,,0.0621
1722,DELIVERY,4.31,145.0,105.1,60.2,MOUNTAIN,HAND_LAUNCH,BELLY_LANDING,26062.01,True,True,FIXED_WING,1.0,VTOL,,,,0.0632
1723,INSPECTION,0.93,9.9,4.0,28.1,INDOOR,VERTICAL,VERTICAL,11384.23,True,True,MULTIROTOR,0.8,None,,,,0.0584
1724,RESEARCH,0.12,18.9,2.2,23.2,INDOOR,VERTICAL,VERTICAL,54848.73,True,True,MULTIROTOR,0.8,None,,,,0.0659
1725,SECURITY,1.98,99.6,48.4,61.7,FOREST,HAND_LAUNCH,PARACHUTE,25952.19,True,True,FIXED_WING,1.0,VTOL,,,,0.0673
1726,AGRICULTURE,2.61,94.0,111.4,84.9,DESERT,HAND_LAUNCH,NET_RECOVERY,13601.93,True,True,FIXED_WING,1.0,VTOL,,,,0.0692
1727,CUSTOM,0.62,12.2,4.4,14.6,INDOOR,VERTICAL,VERTICAL,64866.87,True,True,MULTIROTOR,0.8,None,,,,0.0586
1728,SURVEY,2.0,500.0,20.0,60.0,RURAL,VERTICAL,VERTICAL,,True,False,None,,None,,NO_VALID_VEHICLE,No feasible aircraft design solution: Endurance requirement (500.0 min) exceeds battery/fuel energy storage density limit (450.0 min).,0.0365
1729,SECURITY,0.26,8.2,1.8,16.2,INDOOR,VERTICAL,VERTICAL,8928.34,True,True,MULTIROTOR,0.8,None,,,,0.0634
1730,AGRICULTURE,3.33,136.5,49.7,65.2,FOREST,HAND_LAUNCH,BELLY_LANDING,60632.22,True,True,FIXED_WING,1.0,VTOL,,,,0.0635
1731,INSPECTION,6.78,92.4,34.4,72.3,FOREST,VERTICAL,VERTICAL,20579.41,True,True,VTOL,0.95,MULTIROTOR,,,,0.0657
1732,DISASTER_RESPONSE,7.63,64.6,40.9,94.3,MOUNTAIN,VERTICAL,VERTICAL,68614.63,True,True,VTOL,0.95,MULTIROTOR,,,,0.063
1733,SURVEY,45.0,30.0,20.0,60.0,RURAL,VERTICAL,VERTICAL,,True,False,None,,None,High payload mass (45.0 kg) requires specialized heavy-lift structural airframe.,NO_VALID_VEHICLE,No feasible aircraft design solution: Payload requirement (45.0 kg) exceeds maximum studio envelope limit (35.0 kg).,0.0351
1734,SURVEY,5.0,30.0,20.0,60.0,RURAL,VERTICAL,VERTICAL,10000.0,False,False,None,,None,,INVALID_REQUIREMENTS,Maximum takeoff weight limit (3.0 kg) must be greater than payload weight (5.0 kg).,0.0087
1735,SURVEY,25.0,30.0,250.0,60.0,RURAL,VERTICAL,VERTICAL,,True,False,None,,None,,NO_VALID_VEHICLE,No feasible aircraft design solution: Combined heavy payload (25.0 kg) and extended range (250.0 km) exceeds structural MTOW limit.,0.0385
1736,DELIVERY,2.44,40.7,144.1,108.2,FOREST,VERTICAL,VERTICAL,22741.28,True,True,VTOL,0.95,MULTIROTOR,,,,0.0627
1737,DISASTER_RESPONSE,0.77,6.5,4.3,39.3,INDOOR,VERTICAL,VERTICAL,42455.63,True,True,MULTIROTOR,0.8,None,,,,0.0627
1738,RESEARCH,1.78,37.6,13.7,23.4,URBAN,VERTICAL,VERTICAL,46591.29,True,True,MULTIROTOR,0.8,VTOL,,,,0.0614
1739,TRAINING,8.67,38.5,79.2,43.2,DESERT,VERTICAL,VERTICAL,63416.48,True,True,VTOL,0.95,MULTIROTOR,,,,0.0678
1740,MILITARY,14.74,32.9,28.4,73.4,DESERT,RUNWAY,RUNWAY,28161.04,True,True,FIXED_WING,0.85,VTOL,,,,0.0629
1741,SURVEY,3.0,30.0,20.0,0.0,RURAL,VERTICAL,VERTICAL,10000.0,False,False,None,,None,,INVALID_REQUIREMENTS,Cruise speed must be greater than 0 km/h. Provided: 0.0 km/h.,0.0088
1742,SURVEY,1.41,73.2,80.1,108.1,DESERT,CATAPULT,NET_RECOVERY,57039.49,True,True,FIXED_WING,1.0,VTOL,,,,0.0683
1743,CUSTOM,1.85,16.8,13.2,26.8,RURAL,VERTICAL,VERTICAL,35081.24,True,True,MULTIROTOR,0.8,VTOL,,,,0.0646
1744,SURVEY,2.0,500.0,20.0,60.0,RURAL,VERTICAL,VERTICAL,,True,False,None,,None,,NO_VALID_VEHICLE,No feasible aircraft design solution: Endurance requirement (500.0 min) exceeds battery/fuel energy storage density limit (450.0 min).,0.035
1745,DISASTER_RESPONSE,2.68,25.2,11.6,23.2,URBAN,VERTICAL,VERTICAL,66544.34,True,True,MULTIROTOR,0.8,VTOL,,,,0.0622
1746,AGRICULTURE,7.89,50.7,50.1,60.5,FOREST,VERTICAL,VERTICAL,11088.45,True,True,VTOL,0.95,MULTIROTOR,,,,0.064
1747,DELIVERY,3.4,101.7,140.7,108.1,MARINE,VERTICAL,VERTICAL,73642.63,True,True,VTOL,0.95,MULTIROTOR,,,,0.0678
1748,SURVEY,2.0,500.0,20.0,60.0,RURAL,VERTICAL,VERTICAL,,True,False,None,,None,,NO_VALID_VEHICLE,No feasible aircraft design solution: Endurance requirement (500.0 min) exceeds battery/fuel energy storage density limit (450.0 min).,0.0343
1749,SURVEY,3.0,30.0,20.0,60.0,RURAL,VERTICAL,VERTICAL,-100.0,False,False,None,,None,,INVALID_REQUIREMENTS,Financial budget must be greater than $0 if specified. Provided: $-100.0.,0.0078
1750,DELIVERY,2.94,13.5,4.5,45.2,RURAL,VERTICAL,VERTICAL,15520.73,True,True,MULTIROTOR,0.8,VTOL,,,,0.0615
1751,MAPPING,1.21,16.2,2.5,13.5,INDOOR,VERTICAL,VERTICAL,69248.78,True,True,MULTIROTOR,0.8,None,,,,0.0603
1752,CUSTOM,5.13,57.0,62.6,66.9,MOUNTAIN,VERTICAL,VERTICAL,51775.88,True,True,VTOL,0.95,MULTIROTOR,,,,0.0625
1753,AGRICULTURE,0.57,26.1,12.0,23.1,URBAN,VERTICAL,VERTICAL,74617.05,True,True,MULTIROTOR,0.8,VTOL,,,,0.0611
1754,SURVEY,3.0,-10.0,20.0,60.0,RURAL,VERTICAL,VERTICAL,10000.0,False,False,None,,None,,INVALID_REQUIREMENTS,Target flight time must be greater than 0 minutes. Provided: -10.0 min.,0.0085
1755,MAPPING,2.12,34.8,8.4,44.9,URBAN,VERTICAL,VERTICAL,64864.46,True,True,MULTIROTOR,0.8,VTOL,,,,0.0622
1756,DISASTER_RESPONSE,7.42,50.8,119.5,80.0,MARINE,VERTICAL,VERTICAL,69541.09,True,True,VTOL,0.95,MULTIROTOR,,,,0.063
1757,SURVEY,2.0,30.0,20.0,350.0,RURAL,VERTICAL,VERTICAL,,True,False,None,,None,,NO_VALID_VEHICLE,No feasible aircraft design solution: Cruise speed requirement (350.0 km/h) exceeds platform dynamic limit (300.0 km/h).,0.0343
1758,MAPPING,1.43,33.3,2.9,24.6,URBAN,VERTICAL,VERTICAL,48066.77,True,True,MULTIROTOR,0.8,VTOL,,,,0.0613
1759,INSPECTION,2.37,66.9,122.4,83.1,MOUNTAIN,VERTICAL,VERTICAL,23327.96,True,True,VTOL,0.95,MULTIROTOR,,,,0.0638
1760,SURVEY,5.0,30.0,20.0,60.0,RURAL,VERTICAL,VERTICAL,10000.0,False,False,None,,None,,INVALID_REQUIREMENTS,Maximum takeoff weight limit (3.0 kg) must be greater than payload weight (5.0 kg).,0.0079
1761,MAPPING,0.45,18.4,4.9,20.8,INDOOR,VERTICAL,VERTICAL,74607.52,True,True,MULTIROTOR,0.8,None,,,,0.0649
1762,INSPECTION,2.89,35.8,2.7,46.7,URBAN,VERTICAL,VERTICAL,2117.39,True,True,MULTIROTOR,0.8,VTOL,,,,0.063
1763,DELIVERY,0.5,19.4,4.5,31.1,INDOOR,VERTICAL,VERTICAL,38362.59,True,True,MULTIROTOR,0.8,None,,,,0.0718
1764,SECURITY,10.2,55.7,70.7,86.9,DESERT,RUNWAY,VERTICAL,37782.6,True,True,VTOL,0.8,MULTIROTOR,,,,0.0641
1765,SECURITY,1.35,15.1,1.1,34.2,INDOOR,VERTICAL,VERTICAL,36026.38,True,True,MULTIROTOR,0.8,None,,,,0.0591
1766,MILITARY,0.36,14.2,2.0,21.6,INDOOR,VERTICAL,VERTICAL,78947.24,True,True,MULTIROTOR,0.8,None,,,,0.0582
1767,SURVEY,1.29,11.1,2.9,21.8,INDOOR,VERTICAL,VERTICAL,33877.8,True,True,MULTIROTOR,0.8,None,,,,0.0588
1768,DELIVERY,3.87,62.0,42.0,81.5,FOREST,VERTICAL,VERTICAL,24390.11,True,True,VTOL,0.95,MULTIROTOR,,,,0.0668
1769,AGRICULTURE,23.54,48.6,72.9,46.9,MOUNTAIN,VERTICAL,RUNWAY,61676.85,True,True,VTOL,0.95,MULTIROTOR,,,,0.0636
1770,INSPECTION,0.61,21.7,6.9,26.6,RURAL,VERTICAL,VERTICAL,59965.42,True,True,MULTIROTOR,0.8,VTOL,,,,0.0675
1771,MILITARY,0.47,19.3,4.8,35.7,INDOOR,VERTICAL,VERTICAL,36143.82,True,True,MULTIROTOR,0.8,None,,,,0.0586
1772,SECURITY,24.0,79.0,65.2,80.4,RURAL,VERTICAL,RUNWAY,8923.12,True,True,VTOL,0.95,MULTIROTOR,,,,0.0634
1773,SECURITY,3.2,20.7,13.6,34.2,RURAL,VERTICAL,VERTICAL,37288.45,True,True,MULTIROTOR,0.8,VTOL,,,,0.1282
1774,RESEARCH,1.14,15.4,1.6,11.5,INDOOR,VERTICAL,VERTICAL,59625.7,True,True,MULTIROTOR,0.8,None,,,,0.0636
1775,RESEARCH,23.33,60.5,42.9,75.7,MOUNTAIN,VERTICAL,VERTICAL,8949.46,True,True,VTOL,0.95,MULTIROTOR,,,,0.065
1776,SURVEY,2.0,30.0,20.0,350.0,RURAL,VERTICAL,VERTICAL,,True,False,None,,None,,NO_VALID_VEHICLE,No feasible aircraft design solution: Cruise speed requirement (350.0 km/h) exceeds platform dynamic limit (300.0 km/h).,0.0348
1777,TRAINING,4.42,58.2,121.3,107.7,RURAL,VERTICAL,VERTICAL,3362.67,True,True,VTOL,0.95,MULTIROTOR,,,,0.0655
1778,RESEARCH,3.8,146.0,98.6,95.6,MOUNTAIN,HAND_LAUNCH,NET_RECOVERY,61283.09,True,True,FIXED_WING,1.0,VTOL,,,,0.0632
1779,MAPPING,6.75,78.4,84.7,99.4,MARINE,VERTICAL,VERTICAL,54656.24,True,True,VTOL,0.95,MULTIROTOR,,,,0.0725
1780,SURVEY,4.88,52.5,113.2,113.1,FOREST,VERTICAL,VERTICAL,16049.2,True,True,VTOL,0.95,MULTIROTOR,,,,0.0628
1781,SECURITY,11.94,89.5,16.4,55.4,RURAL,VERTICAL,VERTICAL,59642.19,True,True,VTOL,0.7,MULTIROTOR,,,,0.067
1782,SURVEY,1.77,34.7,3.9,33.5,URBAN,VERTICAL,VERTICAL,16531.22,True,True,MULTIROTOR,0.8,VTOL,,,,0.0621
1783,SECURITY,1.43,14.8,3.6,30.0,INDOOR,VERTICAL,VERTICAL,38209.78,True,True,MULTIROTOR,0.8,None,,,,0.0592
1784,AGRICULTURE,2.15,107.6,29.5,51.6,MOUNTAIN,RUNWAY,PARACHUTE,41211.03,True,True,FIXED_WING,1.0,VTOL,,,,0.0639
1785,TRAINING,2.22,10.0,9.8,35.7,URBAN,VERTICAL,VERTICAL,62842.4,True,True,MULTIROTOR,0.8,VTOL,,,,0.0643
1786,CUSTOM,4.1,115.2,56.9,102.7,FOREST,VERTICAL,VERTICAL,15880.7,True,True,VTOL,0.95,MULTIROTOR,,,,0.0623
1787,CUSTOM,15.27,27.9,27.2,60.9,MOUNTAIN,VERTICAL,RUNWAY,63930.19,True,True,VTOL,0.8,MULTIROTOR,,,,0.0661
1788,DELIVERY,0.74,10.3,4.4,24.2,INDOOR,VERTICAL,VERTICAL,13151.49,True,True,MULTIROTOR,0.8,None,,,,0.0582
1789,MILITARY,4.06,91.5,117.0,89.8,MOUNTAIN,RUNWAY,RUNWAY,19464.8,True,True,FIXED_WING,1.0,VTOL,,,,0.0685
1790,SECURITY,20.75,83.2,46.1,72.3,RURAL,RUNWAY,RUNWAY,5851.06,True,True,FIXED_WING,1.0,VTOL,,,,0.0629
1791,SURVEY,6.44,89.0,120.2,83.6,MARINE,VERTICAL,VERTICAL,11013.38,True,True,VTOL,0.95,MULTIROTOR,,,,0.0652
1792,AGRICULTURE,1.88,32.6,11.7,47.8,RURAL,VERTICAL,VERTICAL,32710.51,True,True,MULTIROTOR,0.8,VTOL,,,,0.0669
1793,MAPPING,2.15,33.9,6.5,35.2,RURAL,VERTICAL,VERTICAL,7200.97,True,True,MULTIROTOR,0.8,VTOL,,,,0.0659
1794,RESEARCH,2.68,34.2,14.9,27.1,URBAN,VERTICAL,VERTICAL,42097.98,True,True,MULTIROTOR,0.8,VTOL,,,,0.0624
1795,MAPPING,1.56,137.4,77.2,102.8,RURAL,CATAPULT,BELLY_LANDING,21806.6,True,True,FIXED_WING,1.0,VTOL,,,,0.0624
1796,DISASTER_RESPONSE,1.14,77.2,60.5,64.7,FOREST,CATAPULT,BELLY_LANDING,31400.54,True,True,FIXED_WING,1.0,VTOL,,,,0.0676
1797,DISASTER_RESPONSE,22.12,49.1,65.4,40.9,DESERT,VERTICAL,VERTICAL,41011.54,True,True,VTOL,0.95,MULTIROTOR,,,,0.0682
1798,CUSTOM,20.85,69.4,35.7,76.0,MOUNTAIN,VERTICAL,RUNWAY,28618.6,True,True,VTOL,0.95,MULTIROTOR,,,,0.0641
1799,SURVEY,3.0,-10.0,20.0,60.0,RURAL,VERTICAL,VERTICAL,10000.0,False,False,None,,None,,INVALID_REQUIREMENTS,Target flight time must be greater than 0 minutes. Provided: -10.0 min.,0.0088
1800,SURVEY,2.0,500.0,20.0,60.0,RURAL,VERTICAL,VERTICAL,,True,False,None,,None,,NO_VALID_VEHICLE,No feasible aircraft design solution: Endurance requirement (500.0 min) exceeds battery/fuel energy storage density limit (450.0 min).,0.0372
1801,SURVEY,2.0,30.0,20.0,350.0,RURAL,VERTICAL,VERTICAL,,True,False,None,,None,,NO_VALID_VEHICLE,No feasible aircraft design solution: Cruise speed requirement (350.0 km/h) exceeds platform dynamic limit (300.0 km/h).,0.0341
1802,AGRICULTURE,19.07,53.8,37.4,58.8,RURAL,VERTICAL,VERTICAL,5151.1,True,True,VTOL,0.95,MULTIROTOR,,,,0.0667
1803,DISASTER_RESPONSE,2.3,30.3,45.8,98.7,MOUNTAIN,VERTICAL,VERTICAL,22125.36,True,True,VTOL,0.95,MULTIROTOR,,,,0.0627
1804,MAPPING,1.69,38.0,10.6,26.3,RURAL,VERTICAL,VERTICAL,60380.76,True,True,MULTIROTOR,0.8,VTOL,,,,0.0615
1805,SURVEY,18.0,280.0,20.0,60.0,RURAL,VERTICAL,VERTICAL,,True,False,None,,None,,NO_VALID_VEHICLE,No feasible aircraft design solution: Combined heavy payload (18.0 kg) and ultra-long endurance (280.0 min) is physically unachievable.,0.0342
1806,MAPPING,0.89,16.5,3.1,36.1,INDOOR,VERTICAL,VERTICAL,70358.7,True,True,MULTIROTOR,0.8,None,,,,0.0716
1807,CUSTOM,17.94,38.0,22.9,73.1,DESERT,RUNWAY,RUNWAY,19974.88,True,True,FIXED_WING,0.85,VTOL,,,,0.0638
1808,SURVEY,2.0,30.0,20.0,350.0,RURAL,VERTICAL,VERTICAL,,True,False,None,,None,,NO_VALID_VEHICLE,No feasible aircraft design solution: Cruise speed requirement (350.0 km/h) exceeds platform dynamic limit (300.0 km/h).,0.0348
1809,RESEARCH,4.97,84.3,35.8,85.4,RURAL,VERTICAL,VERTICAL,15878.59,True,True,VTOL,0.95,MULTIROTOR,,,,0.0656
1810,INSPECTION,0.65,19.4,4.0,34.3,INDOOR,VERTICAL,VERTICAL,20291.74,True,True,MULTIROTOR,0.8,None,,,,0.0597
1811,TRAINING,15.68,51.6,16.5,49.9,DESERT,RUNWAY,RUNWAY,35948.07,True,True,FIXED_WING,0.85,VTOL,,,,0.0636
1812,AGRICULTURE,0.54,22.0,3.5,26.5,INDOOR,VERTICAL,VERTICAL,40610.35,True,True,MULTIROTOR,0.8,None,,,,0.0609
1813,MILITARY,2.27,11.8,2.8,27.7,RURAL,VERTICAL,VERTICAL,74272.38,True,True,MULTIROTOR,0.8,VTOL,,,,0.0669
1814,CUSTOM,6.55,116.1,87.0,89.2,MARINE,VERTICAL,VERTICAL,76628.41,True,True,VTOL,0.95,MULTIROTOR,,,,0.0633
1815,SECURITY,23.12,39.5,45.0,49.0,DESERT,RUNWAY,RUNWAY,20294.17,True,True,FIXED_WING,1.0,VTOL,,,,0.065
1816,AGRICULTURE,2.76,130.4,84.6,97.2,RURAL,RUNWAY,RUNWAY,15262.89,True,True,FIXED_WING,1.0,VTOL,,,,0.0624
1817,MILITARY,22.17,53.1,12.9,82.7,RURAL,VERTICAL,VERTICAL,78069.56,True,True,VTOL,0.5,MULTIROTOR,,,,0.0699
1818,SURVEY,25.0,30.0,250.0,60.0,RURAL,VERTICAL,VERTICAL,,True,False,None,,None,,NO_VALID_VEHICLE,No feasible aircraft design solution: Combined heavy payload (25.0 kg) and extended range (250.0 km) exceeds structural MTOW limit.,0.0373
1819,INSPECTION,2.04,12.1,9.5,39.9,RURAL,VERTICAL,VERTICAL,11910.59,True,True,MULTIROTOR,0.8,VTOL,,,,0.0612
1820,INSPECTION,2.99,14.5,13.6,32.7,URBAN,VERTICAL,VERTICAL,54240.54,True,True,MULTIROTOR,0.8,VTOL,,,,0.0665
1821,AGRICULTURE,7.13,111.3,33.1,68.3,MOUNTAIN,VERTICAL,VERTICAL,28020.61,True,True,VTOL,0.95,MULTIROTOR,,,,0.0631
1822,MILITARY,21.62,44.8,35.9,87.5,RURAL,RUNWAY,RUNWAY,30739.12,True,True,FIXED_WING,1.0,VTOL,,,,0.0629
1823,SURVEY,2.76,147.2,35.0,52.1,FOREST,HAND_LAUNCH,RUNWAY,79125.62,True,True,FIXED_WING,1.0,VTOL,,,,0.072
1824,MAPPING,3.39,120.1,84.8,88.5,FOREST,RUNWAY,PARACHUTE,10380.3,True,True,FIXED_WING,1.0,VTOL,,,,0.0638
1825,DISASTER_RESPONSE,5.67,36.9,42.9,68.7,FOREST,VERTICAL,VERTICAL,30473.66,True,True,VTOL,0.95,MULTIROTOR,,,,0.0632
1826,INSPECTION,5.38,73.4,137.0,90.3,FOREST,VERTICAL,VERTICAL,67744.52,True,True,VTOL,0.95,MULTIROTOR,,,,0.0634
1827,INSPECTION,23.66,21.8,79.9,72.0,RURAL,VERTICAL,VERTICAL,17258.31,True,True,VTOL,0.95,MULTIROTOR,,,,0.0632
1828,SURVEY,2.0,30.0,500.0,60.0,RURAL,VERTICAL,VERTICAL,,True,False,None,,None,Extended range target (500.0 km) approaches maximum battery energy density threshold.,NO_VALID_VEHICLE,No feasible aircraft design solution: Range requirement (500.0 km) exceeds maximum studio envelope limit (450.0 km).,0.0349
1829,DELIVERY,24.74,33.5,60.7,76.8,DESERT,VERTICAL,RUNWAY,64890.2,True,True,VTOL,0.95,MULTIROTOR,,,,0.0657
1830,DISASTER_RESPONSE,4.73,100.4,113.9,91.8,MOUNTAIN,VERTICAL,VERTICAL,69759.96,True,True,VTOL,0.95,MULTIROTOR,,,,0.0655
1831,SURVEY,25.0,30.0,250.0,60.0,RURAL,VERTICAL,VERTICAL,,True,False,None,,None,,NO_VALID_VEHICLE,No feasible aircraft design solution: Combined heavy payload (25.0 kg) and extended range (250.0 km) exceeds structural MTOW limit.,0.0384
1832,CUSTOM,2.11,115.0,64.0,95.5,FOREST,RUNWAY,BELLY_LANDING,15981.74,True,True,FIXED_WING,1.0,VTOL,,,,0.0716
1833,TRAINING,2.23,33.7,9.1,44.1,RURAL,VERTICAL,VERTICAL,49644.11,True,True,MULTIROTOR,0.8,VTOL,,,,0.0655
1834,MILITARY,0.23,12.0,1.6,31.0,INDOOR,VERTICAL,VERTICAL,54253.38,True,True,MULTIROTOR,0.8,None,,,,0.0622
1835,RESEARCH,7.26,106.7,52.1,76.8,MOUNTAIN,VERTICAL,VERTICAL,30197.16,True,True,VTOL,0.95,MULTIROTOR,,,,0.068
1836,INSPECTION,16.97,83.3,39.0,72.4,MOUNTAIN,VERTICAL,RUNWAY,64213.68,True,True,VTOL,0.95,MULTIROTOR,,,,0.0639
1837,AGRICULTURE,2.39,149.7,56.5,69.3,DESERT,HAND_LAUNCH,PARACHUTE,78889.78,True,True,FIXED_WING,1.0,VTOL,,,,0.0672
1838,MAPPING,1.31,7.8,3.7,19.7,INDOOR,VERTICAL,VERTICAL,7143.57,True,True,MULTIROTOR,0.8,None,,,,0.0592
1839,SURVEY,2.0,30.0,20.0,350.0,RURAL,VERTICAL,VERTICAL,,True,False,None,,None,,NO_VALID_VEHICLE,No feasible aircraft design solution: Cruise speed requirement (350.0 km/h) exceeds platform dynamic limit (300.0 km/h).,0.0369
1840,CUSTOM,8.41,46.8,24.9,66.8,MOUNTAIN,RUNWAY,VERTICAL,15041.35,True,True,VTOL,0.7,MULTIROTOR,,,,0.0655
1841,DELIVERY,19.99,31.0,21.0,55.4,RURAL,VERTICAL,VERTICAL,13304.37,True,True,VTOL,0.7,MULTIROTOR,,,,0.0686
1842,SURVEY,2.0,500.0,20.0,60.0,RURAL,VERTICAL,VERTICAL,,True,False,None,,None,,NO_VALID_VEHICLE,No feasible aircraft design solution: Endurance requirement (500.0 min) exceeds battery/fuel energy storage density limit (450.0 min).,0.0343
1843,SECURITY,5.17,45.6,39.1,94.6,RURAL,VERTICAL,VERTICAL,11281.27,True,True,VTOL,0.95,MULTIROTOR,,,,0.0625
1844,RESEARCH,3.75,95.8,85.6,71.4,DESERT,CATAPULT,BELLY_LANDING,43808.03,True,True,FIXED_WING,1.0,VTOL,,,,0.0689
1845,INSPECTION,18.18,52.4,25.3,58.1,DESERT,VERTICAL,VERTICAL,10272.24,True,True,VTOL,0.8,MULTIROTOR,,,,0.0657
1846,TRAINING,5.66,68.4,136.6,114.1,MARINE,VERTICAL,VERTICAL,49015.51,True,True,VTOL,0.95,MULTIROTOR,,,,0.0631
1847,DELIVERY,0.76,24.9,3.4,23.7,INDOOR,VERTICAL,VERTICAL,58108.35,True,True,MULTIROTOR,0.8,None,,,,0.0581
1848,MAPPING,8.13,72.7,76.0,89.6,MOUNTAIN,VERTICAL,RUNWAY,41202.71,True,True,VTOL,0.95,MULTIROTOR,,,,0.062
1849,RESEARCH,2.87,123.0,64.1,56.0,RURAL,RUNWAY,RUNWAY,32816.08,True,True,FIXED_WING,1.0,VTOL,,,,0.0623
1850,CUSTOM,2.82,33.3,12.8,21.9,RURAL,VERTICAL,VERTICAL,42000.42,True,True,MULTIROTOR,0.8,VTOL,,,,0.0616
1851,AGRICULTURE,11.81,49.7,13.8,71.0,RURAL,RUNWAY,VERTICAL,41106.05,True,True,VTOL,0.5,MULTIROTOR,,,,0.0625
1852,INSPECTION,0.21,9.8,4.1,13.2,INDOOR,VERTICAL,VERTICAL,62427.06,True,True,MULTIROTOR,0.8,None,,,,0.0615
1853,AGRICULTURE,4.61,68.0,31.3,113.7,FOREST,VERTICAL,VERTICAL,47704.35,True,True,VTOL,0.95,MULTIROTOR,,,,0.0645
1854,TRAINING,2.77,126.3,27.6,64.0,RURAL,RUNWAY,RUNWAY,6729.4,True,True,FIXED_WING,1.0,VTOL,,,,0.0618
1855,INSPECTION,6.52,67.8,141.4,87.1,FOREST,VERTICAL,VERTICAL,5932.16,True,True,VTOL,0.95,MULTIROTOR,,,,0.0643
1856,SECURITY,22.19,50.0,30.2,45.6,DESERT,RUNWAY,VERTICAL,74632.71,True,True,VTOL,0.8,MULTIROTOR,,,,0.0673
1857,SURVEY,18.0,280.0,20.0,60.0,RURAL,VERTICAL,VERTICAL,,True,False,None,,None,,NO_VALID_VEHICLE,No feasible aircraft design solution: Combined heavy payload (18.0 kg) and ultra-long endurance (280.0 min) is physically unachievable.,0.0344
1858,DELIVERY,0.44,23.7,1.1,33.8,INDOOR,VERTICAL,VERTICAL,11343.53,True,True,MULTIROTOR,0.8,None,,,,0.0625
1859,MAPPING,3.65,99.2,68.7,55.2,FOREST,CATAPULT,BELLY_LANDING,42198.97,True,True,FIXED_WING,1.0,VTOL,,,,0.0679
1860,SURVEY,5.78,110.8,96.9,70.2,FOREST,VERTICAL,VERTICAL,30098.18,True,True,VTOL,0.95,MULTIROTOR,,,,0.0632
1861,SURVEY,24.25,56.9,44.7,68.6,RURAL,RUNWAY,VERTICAL,28480.27,True,True,VTOL,0.8,MULTIROTOR,,,,0.0669
1862,DISASTER_RESPONSE,17.53,24.4,59.4,52.9,MOUNTAIN,RUNWAY,RUNWAY,40026.37,True,True,FIXED_WING,1.0,VTOL,,,,0.0631
1863,SURVEY,25.0,30.0,250.0,60.0,RURAL,VERTICAL,VERTICAL,,True,False,None,,None,,NO_VALID_VEHICLE,No feasible aircraft design solution: Combined heavy payload (25.0 kg) and extended range (250.0 km) exceeds structural MTOW limit.,0.0364
1864,AGRICULTURE,14.16,37.3,74.0,51.4,MOUNTAIN,VERTICAL,RUNWAY,9634.8,True,True,VTOL,0.95,MULTIROTOR,,,,0.0621
1865,SURVEY,0.82,7.4,4.0,28.7,INDOOR,VERTICAL,VERTICAL,24061.29,True,True,MULTIROTOR,0.8,None,,,,0.0595
1866,DELIVERY,2.87,52.6,25.7,52.1,RURAL,RUNWAY,NET_RECOVERY,67454.87,True,True,FIXED_WING,0.85,VTOL,,,,0.0618
1867,TRAINING,5.45,112.1,132.7,113.7,MARINE,VERTICAL,VERTICAL,15314.48,True,True,VTOL,0.95,MULTIROTOR,,,,0.0625
1868,CUSTOM,8.34,77.9,50.5,52.0,DESERT,RUNWAY,VERTICAL,26042.94,True,True,VTOL,0.8,MULTIROTOR,,,,0.0623
1869,SURVEY,18.0,280.0,20.0,60.0,RURAL,VERTICAL,VERTICAL,,True,False,None,,None,,NO_VALID_VEHICLE,No feasible aircraft design solution: Combined heavy payload (18.0 kg) and ultra-long endurance (280.0 min) is physically unachievable.,0.034
1870,SECURITY,20.57,70.9,57.9,49.9,DESERT,VERTICAL,RUNWAY,56882.22,True,True,VTOL,0.95,MULTIROTOR,,,,0.0619
1871,DELIVERY,11.77,75.0,78.6,82.6,MOUNTAIN,RUNWAY,RUNWAY,49475.83,True,True,FIXED_WING,1.0,VTOL,,,,0.0661
1872,CUSTOM,0.82,16.9,3.7,24.0,INDOOR,VERTICAL,VERTICAL,61569.09,True,True,MULTIROTOR,0.8,None,,,,0.0605
1873,RESEARCH,1.01,21.1,4.6,24.5,INDOOR,VERTICAL,VERTICAL,25970.57,True,True,MULTIROTOR,0.8,None,,,,0.0626
1874,INSPECTION,1.0,136.4,71.8,101.9,MOUNTAIN,HAND_LAUNCH,NET_RECOVERY,68519.17,True,True,VTOL,0.8,MULTIROTOR,,,,0.067
1875,AGRICULTURE,22.42,83.0,23.8,64.2,MOUNTAIN,RUNWAY,RUNWAY,46395.87,True,True,FIXED_WING,1.0,VTOL,,,,0.063
1876,RESEARCH,7.93,118.3,44.7,104.3,RURAL,VERTICAL,VERTICAL,63666.28,True,True,VTOL,0.95,MULTIROTOR,,,,0.0688
1877,MILITARY,2.66,32.3,3.0,23.5,RURAL,VERTICAL,VERTICAL,66329.9,True,True,MULTIROTOR,0.8,VTOL,,,,0.0646
1878,DELIVERY,1.36,22.6,4.5,23.5,INDOOR,VERTICAL,VERTICAL,14792.59,True,True,MULTIROTOR,0.8,None,,,,0.06
1879,INSPECTION,4.88,108.4,82.2,70.1,FOREST,VERTICAL,VERTICAL,37370.59,True,True,VTOL,0.95,MULTIROTOR,,,,0.062
1880,AGRICULTURE,3.29,122.6,81.3,86.0,FOREST,RUNWAY,RUNWAY,21896.71,True,True,FIXED_WING,1.0,VTOL,,,,0.0614
1881,TRAINING,3.03,107.5,27.2,77.0,FOREST,RUNWAY,PARACHUTE,30371.18,True,True,FIXED_WING,1.0,VTOL,,,,0.062
1882,DELIVERY,1.65,139.8,44.4,68.7,MOUNTAIN,HAND_LAUNCH,RUNWAY,38618.73,True,True,FIXED_WING,1.0,VTOL,,,,0.0777
1883,CUSTOM,3.96,12.1,2.1,26.4,URBAN,VERTICAL,VERTICAL,44599.7,True,True,MULTIROTOR,0.8,VTOL,,,,0.2845
1884,MAPPING,5.21,118.6,131.1,62.1,FOREST,VERTICAL,VERTICAL,35367.58,True,True,VTOL,0.95,MULTIROTOR,,,,0.1228
1885,MAPPING,8.68,35.3,51.0,70.8,DESERT,VERTICAL,RUNWAY,60453.1,True,True,VTOL,0.95,MULTIROTOR,,,,0.0896
1886,TRAINING,2.77,47.1,48.9,80.7,FOREST,CATAPULT,NET_RECOVERY,77318.51,True,True,FIXED_WING,1.0,VTOL,,,,0.2022
1887,SURVEY,6.28,78.9,136.4,106.9,MARINE,VERTICAL,VERTICAL,41153.61,True,True,VTOL,0.95,MULTIROTOR,,,,0.3217
1888,RESEARCH,3.07,93.4,124.3,95.0,MARINE,VERTICAL,VERTICAL,16193.79,True,True,VTOL,0.95,MULTIROTOR,,,,0.1414
1889,AGRICULTURE,1.61,18.6,13.8,35.1,URBAN,VERTICAL,VERTICAL,63965.36,True,True,MULTIROTOR,0.8,VTOL,,,,0.1762
1890,CUSTOM,2.13,72.8,61.4,83.4,FOREST,CATAPULT,BELLY_LANDING,10464.25,True,True,FIXED_WING,1.0,VTOL,,,,0.1234
1891,RESEARCH,1.83,112.7,117.8,102.8,MOUNTAIN,RUNWAY,RUNWAY,19880.66,True,True,FIXED_WING,1.0,VTOL,,,,0.1118
1892,SURVEY,2.0,30.0,500.0,60.0,RURAL,VERTICAL,VERTICAL,,True,False,None,,None,Extended range target (500.0 km) approaches maximum battery energy density threshold.,NO_VALID_VEHICLE,No feasible aircraft design solution: Range requirement (500.0 km) exceeds maximum studio envelope limit (450.0 km).,0.0721
1893,SURVEY,45.0,30.0,20.0,60.0,RURAL,VERTICAL,VERTICAL,,True,False,None,,None,High payload mass (45.0 kg) requires specialized heavy-lift structural airframe.,NO_VALID_VEHICLE,No feasible aircraft design solution: Payload requirement (45.0 kg) exceeds maximum studio envelope limit (35.0 kg).,0.0535
1894,SECURITY,2.09,49.1,108.4,97.2,FOREST,VERTICAL,VERTICAL,2124.85,True,True,VTOL,0.95,MULTIROTOR,,,,0.1328
1895,DELIVERY,0.7,12.2,0.6,39.4,INDOOR,VERTICAL,VERTICAL,71994.67,True,True,MULTIROTOR,0.8,None,,,,0.0668
1896,CUSTOM,2.49,15.0,2.6,35.5,RURAL,VERTICAL,VERTICAL,26180.51,True,True,MULTIROTOR,0.8,VTOL,,,,0.0684
1897,SURVEY,5.0,30.0,20.0,60.0,RURAL,VERTICAL,VERTICAL,10000.0,False,False,None,,None,,INVALID_REQUIREMENTS,Maximum takeoff weight limit (3.0 kg) must be greater than payload weight (5.0 kg).,0.0505
1898,SURVEY,2.0,500.0,20.0,60.0,RURAL,VERTICAL,VERTICAL,,True,False,None,,None,,NO_VALID_VEHICLE,No feasible aircraft design solution: Endurance requirement (500.0 min) exceeds battery/fuel energy storage density limit (450.0 min).,0.0401
1899,INSPECTION,1.01,18.7,1.7,38.9,INDOOR,VERTICAL,VERTICAL,31539.45,True,True,MULTIROTOR,0.8,None,,,,0.0728
1900,INSPECTION,18.44,49.5,66.5,75.8,MOUNTAIN,RUNWAY,RUNWAY,18400.08,True,True,VTOL,0.8,MULTIROTOR,,,,0.0753
1901,SURVEY,2.0,30.0,20.0,350.0,RURAL,VERTICAL,VERTICAL,,True,False,None,,None,,NO_VALID_VEHICLE,No feasible aircraft design solution: Cruise speed requirement (350.0 km/h) exceeds platform dynamic limit (300.0 km/h).,0.0399
1902,SURVEY,1.34,21.6,13.8,30.4,URBAN,VERTICAL,VERTICAL,71624.79,True,True,MULTIROTOR,0.8,VTOL,,,,0.0734
1903,CUSTOM,0.56,36.4,7.9,21.8,RURAL,VERTICAL,VERTICAL,22189.84,True,True,MULTIROTOR,0.8,VTOL,,,,0.0625
1904,SURVEY,2.0,30.0,20.0,350.0,RURAL,VERTICAL,VERTICAL,,True,False,None,,None,,NO_VALID_VEHICLE,No feasible aircraft design solution: Cruise speed requirement (350.0 km/h) exceeds platform dynamic limit (300.0 km/h).,0.0338
1905,SURVEY,3.0,-10.0,20.0,60.0,RURAL,VERTICAL,VERTICAL,10000.0,False,False,None,,None,,INVALID_REQUIREMENTS,Target flight time must be greater than 0 minutes. Provided: -10.0 min.,0.0081
1906,DELIVERY,5.43,79.6,105.2,78.7,RURAL,VERTICAL,VERTICAL,71744.11,True,True,VTOL,0.95,MULTIROTOR,,,,0.0695
1907,TRAINING,5.27,52.7,98.4,78.5,FOREST,VERTICAL,VERTICAL,58650.02,True,True,VTOL,0.95,MULTIROTOR,,,,0.0661
1908,AGRICULTURE,11.09,43.7,24.2,88.2,RURAL,VERTICAL,RUNWAY,31691.32,True,True,VTOL,0.7,MULTIROTOR,,,,0.0638
1909,SURVEY,25.0,30.0,250.0,60.0,RURAL,VERTICAL,VERTICAL,,True,False,None,,None,,NO_VALID_VEHICLE,No feasible aircraft design solution: Combined heavy payload (25.0 kg) and extended range (250.0 km) exceeds structural MTOW limit.,0.035
1910,SURVEY,0.0,30.0,20.0,60.0,RURAL,VERTICAL,VERTICAL,10000.0,False,False,None,,None,,INVALID_REQUIREMENTS,Payload weight must be greater than 0 kg. Provided: 0.0 kg.,0.008
1911,MAPPING,12.92,52.1,34.5,55.4,MOUNTAIN,RUNWAY,RUNWAY,17338.43,True,True,FIXED_WING,1.0,VTOL,,,,0.0855
1912,SURVEY,25.0,30.0,250.0,60.0,RURAL,VERTICAL,VERTICAL,,True,False,None,,None,,NO_VALID_VEHICLE,No feasible aircraft design solution: Combined heavy payload (25.0 kg) and extended range (250.0 km) exceeds structural MTOW limit.,0.0369
1913,MILITARY,0.49,10.5,2.9,23.1,INDOOR,VERTICAL,VERTICAL,65716.75,True,True,MULTIROTOR,0.8,None,,,,0.0704
1914,SURVEY,3.0,-10.0,20.0,60.0,RURAL,VERTICAL,VERTICAL,10000.0,False,False,None,,None,,INVALID_REQUIREMENTS,Target flight time must be greater than 0 minutes. Provided: -10.0 min.,0.0084
1915,AGRICULTURE,4.72,108.6,101.2,75.4,DESERT,CATAPULT,BELLY_LANDING,73698.6,True,True,FIXED_WING,1.0,VTOL,,,,0.071
1916,CUSTOM,6.8,93.7,34.0,95.1,MARINE,VERTICAL,VERTICAL,38152.68,True,True,VTOL,0.95,MULTIROTOR,,,,0.0695
1917,AGRICULTURE,4.79,114.8,38.3,57.3,MOUNTAIN,RUNWAY,RUNWAY,64805.47,True,True,FIXED_WING,1.0,VTOL,,,,0.0647
1918,MILITARY,2.15,29.1,10.2,42.6,URBAN,VERTICAL,VERTICAL,79571.29,True,True,MULTIROTOR,0.8,VTOL,,,,0.0641
1919,MILITARY,5.49,51.6,56.7,63.0,FOREST,VERTICAL,VERTICAL,7831.86,True,True,VTOL,0.95,MULTIROTOR,,,,0.0635
1920,TRAINING,1.2,22.4,10.6,28.1,RURAL,VERTICAL,VERTICAL,68851.14,True,True,MULTIROTOR,0.8,VTOL,,,,0.0632
1921,AGRICULTURE,3.63,37.5,13.1,22.7,RURAL,VERTICAL,VERTICAL,45217.68,True,True,MULTIROTOR,0.8,VTOL,,,,0.0682
1922,TRAINING,2.41,52.0,77.4,71.8,RURAL,HAND_LAUNCH,RUNWAY,32151.65,True,True,FIXED_WING,1.0,VTOL,,,,0.0636
1923,TRAINING,4.83,125.2,96.3,98.0,RURAL,RUNWAY,PARACHUTE,68676.45,True,True,FIXED_WING,1.0,VTOL,,,,0.063
1924,CUSTOM,0.78,19.3,4.1,21.2,INDOOR,VERTICAL,VERTICAL,29706.43,True,True,MULTIROTOR,0.8,None,,,,0.0598
1925,TRAINING,4.58,149.1,69.8,75.5,RURAL,CATAPULT,PARACHUTE,24082.82,True,True,FIXED_WING,1.0,VTOL,,,,0.0628
1926,DELIVERY,4.09,143.2,73.0,93.6,DESERT,HAND_LAUNCH,BELLY_LANDING,4545.7,True,True,FIXED_WING,1.0,VTOL,,,,0.0817
1927,AGRICULTURE,1.99,116.6,76.7,81.5,RURAL,CATAPULT,NET_RECOVERY,21468.22,True,True,FIXED_WING,1.0,VTOL,,,,0.0634
1928,SECURITY,0.76,39.8,12.6,37.2,URBAN,VERTICAL,VERTICAL,35012.32,True,True,MULTIROTOR,0.8,VTOL,,,,0.0633
1929,CUSTOM,0.9,7.6,3.7,24.9,INDOOR,VERTICAL,VERTICAL,66717.73,True,True,MULTIROTOR,0.8,None,,,,0.0632
1930,TRAINING,8.4,59.2,41.7,89.1,MOUNTAIN,RUNWAY,VERTICAL,24821.43,True,True,VTOL,0.8,MULTIROTOR,,,,0.0702
1931,SURVEY,45.0,30.0,20.0,60.0,RURAL,VERTICAL,VERTICAL,,True,False,None,,None,High payload mass (45.0 kg) requires specialized heavy-lift structural airframe.,NO_VALID_VEHICLE,No feasible aircraft design solution: Payload requirement (45.0 kg) exceeds maximum studio envelope limit (35.0 kg).,0.0393
1932,SURVEY,16.64,80.2,13.3,51.3,DESERT,VERTICAL,VERTICAL,21111.39,True,True,VTOL,0.5,MULTIROTOR,,,,0.0651
1933,DISASTER_RESPONSE,5.84,78.6,133.4,80.6,MARINE,VERTICAL,VERTICAL,41202.18,True,True,VTOL,0.95,MULTIROTOR,,,,0.0674
1934,SURVEY,18.0,280.0,20.0,60.0,RURAL,VERTICAL,VERTICAL,,True,False,None,,None,,NO_VALID_VEHICLE,No feasible aircraft design solution: Combined heavy payload (18.0 kg) and ultra-long endurance (280.0 min) is physically unachievable.,0.035
1935,AGRICULTURE,2.67,14.9,2.0,29.5,RURAL,VERTICAL,VERTICAL,16569.5,True,True,MULTIROTOR,0.8,VTOL,,,,0.0624
1936,SURVEY,23.92,84.1,52.4,68.8,RURAL,VERTICAL,RUNWAY,12003.46,True,True,VTOL,0.95,MULTIROTOR,,,,0.0637
1937,SECURITY,2.0,76.8,110.3,103.2,RURAL,CATAPULT,PARACHUTE,52030.58,True,True,FIXED_WING,1.0,VTOL,,,,0.0663
1938,AGRICULTURE,4.47,137.1,92.0,93.1,DESERT,RUNWAY,BELLY_LANDING,71641.37,True,True,FIXED_WING,1.0,VTOL,,,,0.0632
1939,SURVEY,25.0,30.0,250.0,60.0,RURAL,VERTICAL,VERTICAL,,True,False,None,,None,,NO_VALID_VEHICLE,No feasible aircraft design solution: Combined heavy payload (25.0 kg) and extended range (250.0 km) exceeds structural MTOW limit.,0.0369
1940,MAPPING,3.75,77.9,129.5,97.2,MARINE,VERTICAL,VERTICAL,28923.17,True,True,VTOL,0.95,MULTIROTOR,,,,0.0681
1941,DISASTER_RESPONSE,1.02,13.0,1.9,28.2,INDOOR,VERTICAL,VERTICAL,67948.12,True,True,MULTIROTOR,0.8,None,,,,0.0597
1942,SURVEY,1.39,8.2,3.4,31.5,INDOOR,VERTICAL,VERTICAL,13826.13,True,True,MULTIROTOR,0.8,None,,,,0.0611
1943,SURVEY,18.0,280.0,20.0,60.0,RURAL,VERTICAL,VERTICAL,,True,False,None,,None,,NO_VALID_VEHICLE,No feasible aircraft design solution: Combined heavy payload (18.0 kg) and ultra-long endurance (280.0 min) is physically unachievable.,0.0371
1944,DELIVERY,7.94,35.7,114.6,99.9,MOUNTAIN,VERTICAL,VERTICAL,14295.47,True,True,VTOL,0.95,MULTIROTOR,,,,0.0666
1945,SURVEY,2.0,500.0,20.0,60.0,RURAL,VERTICAL,VERTICAL,,True,False,None,,None,,NO_VALID_VEHICLE,No feasible aircraft design solution: Endurance requirement (500.0 min) exceeds battery/fuel energy storage density limit (450.0 min).,0.0368
1946,SURVEY,2.0,30.0,500.0,60.0,RURAL,VERTICAL,VERTICAL,,True,False,None,,None,Extended range target (500.0 km) approaches maximum battery energy density threshold.,NO_VALID_VEHICLE,No feasible aircraft design solution: Range requirement (500.0 km) exceeds maximum studio envelope limit (450.0 km).,0.036
1947,SURVEY,18.0,280.0,20.0,60.0,RURAL,VERTICAL,VERTICAL,,True,False,None,,None,,NO_VALID_VEHICLE,No feasible aircraft design solution: Combined heavy payload (18.0 kg) and ultra-long endurance (280.0 min) is physically unachievable.,0.0357
1948,DELIVERY,1.08,19.7,4.9,24.2,INDOOR,VERTICAL,VERTICAL,6159.63,True,True,MULTIROTOR,0.8,None,,,,0.0621
1949,SECURITY,4.05,69.8,149.5,104.5,RURAL,VERTICAL,VERTICAL,64509.71,True,True,VTOL,0.95,MULTIROTOR,,,,0.0659
1950,CUSTOM,0.99,23.9,4.9,20.6,INDOOR,VERTICAL,VERTICAL,16494.18,True,True,MULTIROTOR,0.8,None,,,,0.0642
1951,DELIVERY,1.83,21.3,5.3,43.8,RURAL,VERTICAL,VERTICAL,42303.54,True,True,MULTIROTOR,0.8,VTOL,,,,0.0612
1952,CUSTOM,1.39,131.7,100.5,92.6,MOUNTAIN,CATAPULT,NET_RECOVERY,34929.01,True,True,FIXED_WING,1.0,VTOL,,,,0.0715
1953,TRAINING,18.64,32.1,59.5,62.2,MOUNTAIN,RUNWAY,RUNWAY,35201.41,True,True,FIXED_WING,1.0,VTOL,,,,0.0785
1954,DISASTER_RESPONSE,0.33,10.0,0.6,25.7,INDOOR,VERTICAL,VERTICAL,65706.94,True,True,MULTIROTOR,0.8,None,,,,0.0631
1955,MAPPING,1.34,55.2,53.0,68.4,MOUNTAIN,CATAPULT,RUNWAY,43022.36,True,True,FIXED_WING,1.0,VTOL,,,,0.0681
1956,SURVEY,18.0,280.0,20.0,60.0,RURAL,VERTICAL,VERTICAL,,True,False,None,,None,,NO_VALID_VEHICLE,No feasible aircraft design solution: Combined heavy payload (18.0 kg) and ultra-long endurance (280.0 min) is physically unachievable.,0.0346
1957,DELIVERY,2.29,36.9,3.5,26.7,URBAN,VERTICAL,VERTICAL,25658.53,True,True,MULTIROTOR,0.8,VTOL,,,,0.0615
1958,AGRICULTURE,2.99,62.4,92.7,84.5,MOUNTAIN,HAND_LAUNCH,NET_RECOVERY,17157.62,True,True,FIXED_WING,1.0,VTOL,,,,0.0684
1959,MILITARY,6.55,53.5,133.0,69.0,FOREST,VERTICAL,VERTICAL,73188.67,True,True,VTOL,0.95,MULTIROTOR,,,,0.0675
1960,DELIVERY,10.6,84.7,28.4,45.9,MOUNTAIN,VERTICAL,VERTICAL,59054.61,True,True,VTOL,0.8,MULTIROTOR,,,,0.0693
1961,AGRICULTURE,2.69,30.9,120.9,86.1,MARINE,VERTICAL,VERTICAL,19047.42,True,True,VTOL,0.95,MULTIROTOR,,,,0.0646
1962,SURVEY,5.0,30.0,20.0,60.0,RURAL,VERTICAL,VERTICAL,10000.0,False,False,None,,None,,INVALID_REQUIREMENTS,Maximum takeoff weight limit (3.0 kg) must be greater than payload weight (5.0 kg).,0.0084
1963,SURVEY,3.93,27.6,12.9,44.9,RURAL,VERTICAL,VERTICAL,63814.03,True,True,MULTIROTOR,0.8,VTOL,,,,0.0617
1964,CUSTOM,1.12,112.2,43.8,102.0,RURAL,HAND_LAUNCH,BELLY_LANDING,79631.91,True,True,FIXED_WING,1.0,VTOL,,,,0.062
1965,MAPPING,1.09,39.0,8.6,44.7,RURAL,VERTICAL,VERTICAL,13225.24,True,True,MULTIROTOR,0.8,VTOL,,,,0.0619
1966,SECURITY,4.52,67.4,115.7,65.6,FOREST,CATAPULT,PARACHUTE,33195.11,True,True,FIXED_WING,1.0,VTOL,,,,0.068
1967,MILITARY,3.05,30.1,11.3,33.9,URBAN,VERTICAL,VERTICAL,43469.29,True,True,MULTIROTOR,0.8,VTOL,,,,0.0629
1968,DELIVERY,19.88,80.8,19.8,77.9,DESERT,RUNWAY,VERTICAL,31079.56,True,True,VTOL,0.7,MULTIROTOR,,,,0.0664
1969,DISASTER_RESPONSE,4.13,114.5,64.5,95.7,MOUNTAIN,VERTICAL,VERTICAL,62362.83,True,True,VTOL,0.95,MULTIROTOR,,,,0.068
1970,CUSTOM,0.82,18.6,3.0,38.3,INDOOR,VERTICAL,VERTICAL,31826.35,True,True,MULTIROTOR,0.8,None,,,,0.063
1971,SURVEY,2.0,30.0,20.0,350.0,RURAL,VERTICAL,VERTICAL,,True,False,None,,None,,NO_VALID_VEHICLE,No feasible aircraft design solution: Cruise speed requirement (350.0 km/h) exceeds platform dynamic limit (300.0 km/h).,0.0336
1972,MILITARY,1.07,14.3,3.5,30.2,RURAL,VERTICAL,VERTICAL,49912.42,True,True,MULTIROTOR,0.8,VTOL,,,,0.066
1973,SURVEY,18.0,280.0,20.0,60.0,RURAL,VERTICAL,VERTICAL,,True,False,None,,None,,NO_VALID_VEHICLE,No feasible aircraft design solution: Combined heavy payload (18.0 kg) and ultra-long endurance (280.0 min) is physically unachievable.,0.0363
1974,SECURITY,7.03,87.5,133.6,60.6,FOREST,VERTICAL,VERTICAL,12310.44,True,True,VTOL,0.95,MULTIROTOR,,,,0.0627
1975,INSPECTION,11.04,21.3,25.6,89.5,DESERT,VERTICAL,RUNWAY,69099.64,True,True,VTOL,0.8,MULTIROTOR,,,,0.0695
1976,INSPECTION,11.29,84.0,39.1,68.4,RURAL,RUNWAY,VERTICAL,79133.74,True,True,VTOL,0.8,MULTIROTOR,,,,0.0633
1977,SECURITY,18.43,84.5,52.4,78.6,RURAL,RUNWAY,VERTICAL,53698.34,True,True,VTOL,0.8,MULTIROTOR,,,,0.0628
1978,DELIVERY,21.77,81.6,27.1,73.6,DESERT,RUNWAY,VERTICAL,20817.27,True,True,VTOL,0.8,MULTIROTOR,,,,0.068
1979,SURVEY,5.26,54.2,134.3,98.1,MARINE,VERTICAL,VERTICAL,74752.69,True,True,VTOL,0.95,MULTIROTOR,,,,0.0702
1980,SURVEY,2.0,500.0,20.0,60.0,RURAL,VERTICAL,VERTICAL,,True,False,None,,None,,NO_VALID_VEHICLE,No feasible aircraft design solution: Endurance requirement (500.0 min) exceeds battery/fuel energy storage density limit (450.0 min).,0.0404
1981,SURVEY,45.0,30.0,20.0,60.0,RURAL,VERTICAL,VERTICAL,,True,False,None,,None,High payload mass (45.0 kg) requires specialized heavy-lift structural airframe.,NO_VALID_VEHICLE,No feasible aircraft design solution: Payload requirement (45.0 kg) exceeds maximum studio envelope limit (35.0 kg).,0.0338
1982,MAPPING,1.41,22.2,5.0,32.4,INDOOR,VERTICAL,VERTICAL,18128.92,True,True,MULTIROTOR,0.8,None,,,,0.0632
1983,TRAINING,12.7,69.1,44.9,70.1,DESERT,VERTICAL,VERTICAL,26206.22,True,True,VTOL,0.95,MULTIROTOR,,,,0.0638
1984,INSPECTION,4.58,123.4,39.9,78.5,RURAL,CATAPULT,NET_RECOVERY,8706.26,True,True,VTOL,0.8,MULTIROTOR,,,,0.0699
1985,SECURITY,7.29,82.3,56.7,105.3,MARINE,VERTICAL,VERTICAL,77064.25,True,True,VTOL,0.95,MULTIROTOR,,,,0.0687
1986,MILITARY,0.17,9.1,1.0,12.9,INDOOR,VERTICAL,VERTICAL,44787.57,True,True,MULTIROTOR,0.8,None,,,,0.0586
1987,SURVEY,2.0,30.0,500.0,60.0,RURAL,VERTICAL,VERTICAL,,True,False,None,,None,Extended range target (500.0 km) approaches maximum battery energy density threshold.,NO_VALID_VEHICLE,No feasible aircraft design solution: Range requirement (500.0 km) exceeds maximum studio envelope limit (450.0 km).,0.0343
1988,SURVEY,18.0,280.0,20.0,60.0,RURAL,VERTICAL,VERTICAL,,True,False,None,,None,,NO_VALID_VEHICLE,No feasible aircraft design solution: Combined heavy payload (18.0 kg) and ultra-long endurance (280.0 min) is physically unachievable.,0.0353
1989,DELIVERY,18.26,78.6,14.3,74.7,DESERT,RUNWAY,VERTICAL,58724.91,True,True,VTOL,0.5,MULTIROTOR,,,,0.0686
1990,RESEARCH,8.74,89.7,37.2,53.5,RURAL,VERTICAL,VERTICAL,2883.67,True,True,VTOL,0.95,MULTIROTOR,,,,0.0636
1991,SURVEY,2.0,30.0,20.0,350.0,RURAL,VERTICAL,VERTICAL,,True,False,None,,None,,NO_VALID_VEHICLE,No feasible aircraft design solution: Cruise speed requirement (350.0 km/h) exceeds platform dynamic limit (300.0 km/h).,0.0335
1992,DELIVERY,1.21,31.0,4.3,24.9,URBAN,VERTICAL,VERTICAL,44141.83,True,True,MULTIROTOR,0.8,VTOL,,,,0.0639
1993,RESEARCH,4.28,80.3,43.9,105.5,MOUNTAIN,HAND_LAUNCH,BELLY_LANDING,38605.5,True,True,FIXED_WING,1.0,VTOL,,,,0.0631
1994,SURVEY,5.0,30.0,20.0,60.0,RURAL,VERTICAL,VERTICAL,10000.0,False,False,None,,None,,INVALID_REQUIREMENTS,Maximum takeoff weight limit (3.0 kg) must be greater than payload weight (5.0 kg).,0.0079
1995,AGRICULTURE,11.3,72.6,64.8,83.9,RURAL,VERTICAL,RUNWAY,8298.1,True,True,VTOL,0.95,MULTIROTOR,,,,0.0679
1996,TRAINING,3.74,130.4,117.3,55.9,DESERT,HAND_LAUNCH,PARACHUTE,23590.65,True,True,FIXED_WING,1.0,VTOL,,,,0.0664
1997,SURVEY,5.0,30.0,20.0,60.0,RURAL,VERTICAL,VERTICAL,10000.0,False,False,None,,None,,INVALID_REQUIREMENTS,Maximum takeoff weight limit (3.0 kg) must be greater than payload weight (5.0 kg).,0.0084
1998,DISASTER_RESPONSE,0.87,24.7,2.2,21.8,INDOOR,VERTICAL,VERTICAL,64611.77,True,True,MULTIROTOR,0.8,None,,,,0.0591
1999,SURVEY,3.32,47.9,48.8,93.6,MOUNTAIN,VERTICAL,VERTICAL,59873.83,True,True,VTOL,0.95,MULTIROTOR,,,,0.0625
2000,DELIVERY,1.59,31.6,6.9,31.5,RURAL,VERTICAL,VERTICAL,64243.09,True,True,MULTIROTOR,0.8,VTOL,,,,0.1182
2001,SURVEY,3.0,30.0,20.0,0.0,RURAL,VERTICAL,VERTICAL,10000.0,False,False,None,,None,,INVALID_REQUIREMENTS,Cruise speed must be greater than 0 km/h. Provided: 0.0 km/h.,0.008
2002,INSPECTION,17.59,84.8,28.1,50.1,MOUNTAIN,VERTICAL,VERTICAL,62619.32,True,True,VTOL,0.8,MULTIROTOR,,,,0.0638
2003,MILITARY,0.75,34.7,7.3,28.5,URBAN,VERTICAL,VERTICAL,79651.1,True,True,MULTIROTOR,0.8,VTOL,,,,0.0625
2004,SURVEY,25.0,30.0,250.0,60.0,RURAL,VERTICAL,VERTICAL,,True,False,None,,None,,NO_VALID_VEHICLE,No feasible aircraft design solution: Combined heavy payload (25.0 kg) and extended range (250.0 km) exceeds structural MTOW limit.,0.0395
2005,SURVEY,1.27,144.8,88.8,66.3,FOREST,HAND_LAUNCH,PARACHUTE,57774.78,True,True,FIXED_WING,1.0,VTOL,,,,0.0694
2006,MAPPING,3.37,64.0,44.2,77.4,MOUNTAIN,HAND_LAUNCH,PARACHUTE,15330.79,True,True,FIXED_WING,1.0,VTOL,,,,0.0666
2007,RESEARCH,17.71,44.1,65.0,64.2,RURAL,RUNWAY,VERTICAL,79127.35,True,True,VTOL,0.8,MULTIROTOR,,,,0.0646
2008,SECURITY,3.6,20.3,6.2,49.3,RURAL,VERTICAL,VERTICAL,44164.85,True,True,MULTIROTOR,0.8,VTOL,,,,0.0631
2009,CUSTOM,2.18,38.2,63.4,90.5,MARINE,VERTICAL,VERTICAL,42189.21,True,True,VTOL,0.95,MULTIROTOR,,,,0.0744
2010,INSPECTION,2.8,19.1,4.3,26.8,RURAL,VERTICAL,VERTICAL,55462.35,True,True,MULTIROTOR,0.8,VTOL,,,,0.0619
2011,MILITARY,1.26,48.5,87.7,51.9,RURAL,HAND_LAUNCH,RUNWAY,57394.91,True,True,FIXED_WING,1.0,VTOL,,,,0.0703
2012,DISASTER_RESPONSE,0.58,19.6,2.7,35.0,INDOOR,VERTICAL,VERTICAL,3400.31,True,True,MULTIROTOR,0.8,None,,,,0.0608
2013,SURVEY,3.0,30.0,-5.0,60.0,RURAL,VERTICAL,VERTICAL,10000.0,False,False,None,,None,,INVALID_REQUIREMENTS,Target range must be greater than 0 km. Provided: -5.0 km.,0.008
2014,RESEARCH,9.75,80.3,34.0,41.7,RURAL,RUNWAY,VERTICAL,51702.49,True,True,VTOL,0.8,MULTIROTOR,,,,0.0629
2015,AGRICULTURE,0.94,24.7,1.2,37.9,INDOOR,VERTICAL,VERTICAL,12057.74,True,True,MULTIROTOR,0.8,None,,,,0.0596
2016,DELIVERY,1.57,93.0,52.9,60.0,MOUNTAIN,HAND_LAUNCH,PARACHUTE,42376.74,True,True,FIXED_WING,1.0,VTOL,,,,0.0634
2017,SURVEY,2.0,500.0,20.0,60.0,RURAL,VERTICAL,VERTICAL,,True,False,None,,None,,NO_VALID_VEHICLE,No feasible aircraft design solution: Endurance requirement (500.0 min) exceeds battery/fuel energy storage density limit (450.0 min).,0.0339
2018,SURVEY,3.03,24.1,8.3,35.2,URBAN,VERTICAL,VERTICAL,52131.42,True,True,MULTIROTOR,0.8,VTOL,,,,0.0685
2019,DISASTER_RESPONSE,1.3,39.5,3.6,47.8,URBAN,VERTICAL,VERTICAL,68885.68,True,True,MULTIROTOR,0.8,VTOL,,,,0.0654
2020,CUSTOM,1.0,24.6,1.0,35.8,INDOOR,VERTICAL,VERTICAL,33986.65,True,True,MULTIROTOR,0.8,None,,,,0.0603
2021,INSPECTION,2.5,84.7,113.4,78.7,RURAL,VERTICAL,VERTICAL,17775.84,True,True,VTOL,0.95,MULTIROTOR,,,,0.0678
2022,SURVEY,5.0,30.0,20.0,60.0,RURAL,VERTICAL,VERTICAL,10000.0,False,False,None,,None,,INVALID_REQUIREMENTS,Maximum takeoff weight limit (3.0 kg) must be greater than payload weight (5.0 kg).,0.008
2023,CUSTOM,3.16,118.5,72.1,82.6,MARINE,VERTICAL,VERTICAL,12319.87,True,True,VTOL,0.95,MULTIROTOR,,,,0.0683
2024,INSPECTION,0.29,21.9,3.0,11.1,INDOOR,VERTICAL,VERTICAL,78497.08,True,True,MULTIROTOR,0.8,None,,,,0.0583
2025,SURVEY,18.0,280.0,20.0,60.0,RURAL,VERTICAL,VERTICAL,,True,False,None,,None,,NO_VALID_VEHICLE,No feasible aircraft design solution: Combined heavy payload (18.0 kg) and ultra-long endurance (280.0 min) is physically unachievable.,0.0344
2026,SURVEY,25.0,30.0,250.0,60.0,RURAL,VERTICAL,VERTICAL,,True,False,None,,None,,NO_VALID_VEHICLE,No feasible aircraft design solution: Combined heavy payload (25.0 kg) and extended range (250.0 km) exceeds structural MTOW limit.,0.0328
2027,MILITARY,6.45,114.6,121.1,66.9,RURAL,VERTICAL,VERTICAL,39077.46,True,True,VTOL,0.95,MULTIROTOR,,,,0.0622
2028,DISASTER_RESPONSE,13.7,51.8,61.1,80.9,DESERT,VERTICAL,RUNWAY,76674.35,True,True,VTOL,0.95,MULTIROTOR,,,,0.0641
2029,SECURITY,3.01,66.2,79.9,84.4,RURAL,RUNWAY,BELLY_LANDING,73916.6,True,True,FIXED_WING,1.0,VTOL,,,,0.0631
2030,CUSTOM,0.7,8.4,2.8,36.5,INDOOR,VERTICAL,VERTICAL,63856.26,True,True,MULTIROTOR,0.8,None,,,,0.0612
2031,CUSTOM,21.14,50.0,65.5,56.1,DESERT,RUNWAY,RUNWAY,69558.41,True,True,FIXED_WING,1.0,VTOL,,,,0.0659
2032,AGRICULTURE,1.04,23.7,4.5,23.6,INDOOR,VERTICAL,VERTICAL,15894.68,True,True,MULTIROTOR,0.8,None,,,,0.0605
2033,TRAINING,1.41,22.3,5.8,40.1,URBAN,VERTICAL,VERTICAL,43078.6,True,True,MULTIROTOR,0.8,VTOL,,,,0.0642
2034,RESEARCH,4.6,40.4,87.3,72.9,MARINE,VERTICAL,VERTICAL,48326.1,True,True,VTOL,0.95,MULTIROTOR,,,,0.0635
2035,INSPECTION,2.95,33.6,4.0,46.7,URBAN,VERTICAL,VERTICAL,72175.76,True,True,MULTIROTOR,0.8,VTOL,,,,0.0629
2036,SECURITY,1.48,17.4,3.9,14.3,INDOOR,VERTICAL,VERTICAL,26963.93,True,True,MULTIROTOR,0.8,None,,,,0.0591
2037,SURVEY,45.0,30.0,20.0,60.0,RURAL,VERTICAL,VERTICAL,,True,False,None,,None,High payload mass (45.0 kg) requires specialized heavy-lift structural airframe.,NO_VALID_VEHICLE,No feasible aircraft design solution: Payload requirement (45.0 kg) exceeds maximum studio envelope limit (35.0 kg).,0.0344
2038,AGRICULTURE,1.27,18.3,1.8,18.9,INDOOR,VERTICAL,VERTICAL,28092.99,True,True,MULTIROTOR,0.8,None,,,,0.0687
2039,SURVEY,3.0,30.0,-5.0,60.0,RURAL,VERTICAL,VERTICAL,10000.0,False,False,None,,None,,INVALID_REQUIREMENTS,Target range must be greater than 0 km. Provided: -5.0 km.,0.0078
2040,MAPPING,2.4,14.2,5.9,30.7,RURAL,VERTICAL,VERTICAL,74953.24,True,True,MULTIROTOR,0.8,VTOL,,,,0.0616
2041,RESEARCH,0.14,23.7,2.8,32.4,INDOOR,VERTICAL,VERTICAL,36850.57,True,True,MULTIROTOR,0.8,None,,,,0.0592
2042,SURVEY,45.0,30.0,20.0,60.0,RURAL,VERTICAL,VERTICAL,,True,False,None,,None,High payload mass (45.0 kg) requires specialized heavy-lift structural airframe.,NO_VALID_VEHICLE,No feasible aircraft design solution: Payload requirement (45.0 kg) exceeds maximum studio envelope limit (35.0 kg).,0.0371
2043,RESEARCH,1.49,50.4,66.4,66.0,FOREST,HAND_LAUNCH,RUNWAY,15923.95,True,True,FIXED_WING,1.0,VTOL,,,,0.0666
2044,TRAINING,3.95,13.0,10.0,27.8,URBAN,VERTICAL,VERTICAL,59605.61,True,True,MULTIROTOR,0.8,VTOL,,,,0.0624
2045,SECURITY,7.3,87.6,127.1,78.5,MARINE,VERTICAL,VERTICAL,26546.6,True,True,VTOL,0.95,MULTIROTOR,,,,0.0689
2046,CUSTOM,2.07,29.3,10.8,29.9,URBAN,VERTICAL,VERTICAL,33029.39,True,True,MULTIROTOR,0.8,VTOL,,,,0.0632
2047,CUSTOM,0.24,15.4,2.0,32.5,INDOOR,VERTICAL,VERTICAL,60570.97,True,True,MULTIROTOR,0.8,None,,,,0.0599
2048,SECURITY,2.01,93.4,82.2,85.4,RURAL,VERTICAL,VERTICAL,53412.18,True,True,VTOL,0.95,MULTIROTOR,,,,0.0623
2049,CUSTOM,1.84,22.6,11.7,29.0,RURAL,VERTICAL,VERTICAL,32024.92,True,True,MULTIROTOR,0.8,VTOL,,,,0.0667
2050,MILITARY,2.06,18.2,5.0,34.3,URBAN,VERTICAL,VERTICAL,3459.75,True,True,MULTIROTOR,0.8,VTOL,,,,0.062
2051,DELIVERY,17.67,68.0,64.5,58.0,RURAL,VERTICAL,VERTICAL,72297.55,True,True,VTOL,0.95,MULTIROTOR,,,,0.0631
2052,DELIVERY,4.61,147.3,48.7,77.5,FOREST,HAND_LAUNCH,PARACHUTE,53065.44,True,True,FIXED_WING,1.0,VTOL,,,,0.0627
2053,SURVEY,18.0,280.0,20.0,60.0,RURAL,VERTICAL,VERTICAL,,True,False,None,,None,,NO_VALID_VEHICLE,No feasible aircraft design solution: Combined heavy payload (18.0 kg) and ultra-long endurance (280.0 min) is physically unachievable.,0.0341
2054,CUSTOM,1.65,129.2,53.0,85.5,DESERT,CATAPULT,NET_RECOVERY,61746.52,True,True,FIXED_WING,1.0,VTOL,,,,0.0659
2055,CUSTOM,2.85,102.1,118.9,103.2,FOREST,CATAPULT,PARACHUTE,26757.43,True,True,FIXED_WING,1.0,VTOL,,,,0.0677
2056,RESEARCH,3.26,23.5,4.0,41.9,RURAL,VERTICAL,VERTICAL,46509.24,True,True,MULTIROTOR,0.8,VTOL,,,,0.0665
2057,SECURITY,17.79,31.0,27.8,40.5,DESERT,RUNWAY,VERTICAL,68074.16,True,True,VTOL,0.8,MULTIROTOR,,,,0.0714
2058,DELIVERY,20.35,42.2,65.9,40.2,MOUNTAIN,RUNWAY,VERTICAL,35916.95,True,True,VTOL,0.8,MULTIROTOR,,,,0.0642
2059,DISASTER_RESPONSE,2.72,67.9,105.2,62.1,MOUNTAIN,RUNWAY,PARACHUTE,61676.32,True,True,FIXED_WING,1.0,VTOL,,,,0.0649
2060,MAPPING,0.67,8.3,1.8,23.9,INDOOR,VERTICAL,VERTICAL,76660.01,True,True,MULTIROTOR,0.8,None,,,,0.0592
2061,SURVEY,22.95,70.7,51.2,82.0,RURAL,VERTICAL,VERTICAL,17036.82,True,True,VTOL,0.95,MULTIROTOR,,,,0.0628
2062,MAPPING,3.14,73.0,99.0,75.2,DESERT,HAND_LAUNCH,BELLY_LANDING,12610.51,True,True,FIXED_WING,1.0,VTOL,,,,0.0625
2063,RESEARCH,3.83,14.3,4.5,41.8,URBAN,VERTICAL,VERTICAL,8525.65,True,True,MULTIROTOR,0.8,VTOL,,,,0.0617
2064,SECURITY,16.62,26.1,25.5,57.4,MOUNTAIN,RUNWAY,RUNWAY,49913.4,True,True,FIXED_WING,0.85,VTOL,,,,0.0732
2065,DISASTER_RESPONSE,3.98,28.4,2.5,39.0,RURAL,VERTICAL,VERTICAL,71117.79,True,True,MULTIROTOR,0.8,VTOL,,,,0.0687
2066,SURVEY,25.0,30.0,250.0,60.0,RURAL,VERTICAL,VERTICAL,,True,False,None,,None,,NO_VALID_VEHICLE,No feasible aircraft design solution: Combined heavy payload (25.0 kg) and extended range (250.0 km) exceeds structural MTOW limit.,0.0353
2067,DISASTER_RESPONSE,8.39,77.7,16.3,75.4,MOUNTAIN,RUNWAY,VERTICAL,51828.31,True,True,VTOL,0.7,MULTIROTOR,,,,0.067
2068,CUSTOM,2.69,82.9,48.3,94.5,DESERT,HAND_LAUNCH,RUNWAY,27116.9,True,True,FIXED_WING,1.0,VTOL,,,,0.0677
2069,CUSTOM,1.89,94.4,34.3,109.9,FOREST,HAND_LAUNCH,NET_RECOVERY,28941.58,True,True,FIXED_WING,1.0,VTOL,,,,0.0668
2070,DISASTER_RESPONSE,1.63,148.9,112.1,55.2,MOUNTAIN,RUNWAY,BELLY_LANDING,65331.84,True,True,FIXED_WING,1.0,VTOL,,,,0.0683
2071,INSPECTION,6.59,69.4,54.5,65.2,RURAL,VERTICAL,VERTICAL,8957.0,True,True,VTOL,0.95,MULTIROTOR,,,,0.0646
2072,DISASTER_RESPONSE,2.31,33.9,8.1,21.5,RURAL,VERTICAL,VERTICAL,24286.8,True,True,MULTIROTOR,0.8,VTOL,,,,0.0639
2073,SURVEY,1.45,12.1,3.4,21.6,INDOOR,VERTICAL,VERTICAL,70222.81,True,True,MULTIROTOR,0.8,None,,,,0.0581
2074,DELIVERY,0.82,20.9,1.7,30.7,INDOOR,VERTICAL,VERTICAL,11524.85,True,True,MULTIROTOR,0.8,None,,,,0.0586
2075,SECURITY,6.81,35.7,54.3,79.7,MARINE,VERTICAL,VERTICAL,34848.18,True,True,VTOL,0.95,MULTIROTOR,,,,0.0622
2076,INSPECTION,3.88,70.6,39.8,56.5,MOUNTAIN,HAND_LAUNCH,RUNWAY,18821.25,True,True,VTOL,0.8,MULTIROTOR,,,,0.0628
2077,DISASTER_RESPONSE,18.65,58.8,15.5,89.3,RURAL,VERTICAL,RUNWAY,30692.77,True,True,VTOL,0.7,MULTIROTOR,,,,0.063
2078,MAPPING,1.95,35.6,5.5,37.6,URBAN,VERTICAL,VERTICAL,56396.79,True,True,MULTIROTOR,0.8,VTOL,,,,0.0618
2079,SURVEY,25.0,30.0,250.0,60.0,RURAL,VERTICAL,VERTICAL,,True,False,None,,None,,NO_VALID_VEHICLE,No feasible aircraft design solution: Combined heavy payload (25.0 kg) and extended range (250.0 km) exceeds structural MTOW limit.,0.0347
2080,SECURITY,1.5,30.1,2.8,34.0,URBAN,VERTICAL,VERTICAL,57547.56,True,True,MULTIROTOR,0.8,VTOL,,,,0.0634
2081,DELIVERY,23.65,87.5,21.1,42.1,RURAL,RUNWAY,VERTICAL,15109.62,True,True,VTOL,0.7,MULTIROTOR,,,,0.0638
2082,SURVEY,23.41,75.1,28.4,49.7,MOUNTAIN,VERTICAL,RUNWAY,10531.27,True,True,VTOL,0.8,MULTIROTOR,,,,0.0658
2083,SURVEY,1.2,35.2,11.2,48.1,URBAN,VERTICAL,VERTICAL,54240.78,True,True,MULTIROTOR,0.8,VTOL,,,,0.064
2084,DISASTER_RESPONSE,15.66,72.9,71.1,59.1,MOUNTAIN,RUNWAY,VERTICAL,50194.28,True,True,VTOL,0.8,MULTIROTOR,,,,0.0639
2085,MAPPING,0.29,7.2,2.1,28.7,INDOOR,VERTICAL,VERTICAL,70775.53,True,True,MULTIROTOR,0.8,None,,,,0.0625
2086,CUSTOM,7.61,63.7,99.2,85.8,FOREST,VERTICAL,VERTICAL,29497.74,True,True,VTOL,0.95,MULTIROTOR,,,,0.0631
2087,DISASTER_RESPONSE,15.52,20.0,78.6,77.4,RURAL,VERTICAL,RUNWAY,35338.14,True,True,VTOL,0.95,MULTIROTOR,,,,0.0629
2088,AGRICULTURE,2.94,127.5,108.0,65.6,RURAL,HAND_LAUNCH,BELLY_LANDING,50962.14,True,True,FIXED_WING,1.0,VTOL,,,,0.0622
2089,SURVEY,3.42,31.9,14.0,50.0,RURAL,VERTICAL,VERTICAL,68375.74,True,True,MULTIROTOR,0.8,VTOL,,,,0.0614
2090,MILITARY,5.66,108.0,147.1,73.0,RURAL,VERTICAL,VERTICAL,74202.06,True,True,VTOL,0.95,MULTIROTOR,,,,0.0692
2091,AGRICULTURE,2.26,50.0,109.7,80.6,RURAL,HAND_LAUNCH,PARACHUTE,65101.67,True,True,FIXED_WING,1.0,VTOL,,,,0.0645
2092,TRAINING,3.79,89.1,149.9,68.3,MARINE,VERTICAL,VERTICAL,32254.0,True,True,VTOL,0.95,MULTIROTOR,,,,0.0687
2093,DISASTER_RESPONSE,1.78,56.4,106.4,70.0,FOREST,RUNWAY,RUNWAY,50823.04,True,True,FIXED_WING,1.0,VTOL,,,,0.1887
2094,TRAINING,19.52,49.1,79.7,55.0,RURAL,RUNWAY,RUNWAY,13708.37,True,True,FIXED_WING,1.0,VTOL,,,,0.3626
2095,SURVEY,25.0,30.0,250.0,60.0,RURAL,VERTICAL,VERTICAL,,True,False,None,,None,,NO_VALID_VEHICLE,No feasible aircraft design solution: Combined heavy payload (25.0 kg) and extended range (250.0 km) exceeds structural MTOW limit.,0.0981
2096,INSPECTION,24.98,29.8,53.2,73.1,RURAL,VERTICAL,VERTICAL,29289.05,True,True,VTOL,0.95,MULTIROTOR,,,,0.127
2097,MAPPING,0.19,23.9,1.2,16.7,INDOOR,VERTICAL,VERTICAL,75665.66,True,True,MULTIROTOR,0.8,None,,,,0.0931
2098,AGRICULTURE,1.09,6.2,3.5,24.4,INDOOR,VERTICAL,VERTICAL,28333.71,True,True,MULTIROTOR,0.8,None,,,,0.0947
2099,DISASTER_RESPONSE,5.0,90.6,63.4,79.2,MARINE,VERTICAL,VERTICAL,31186.69,True,True,VTOL,0.95,MULTIROTOR,,,,0.0896
2100,DISASTER_RESPONSE,5.16,36.8,126.7,60.2,RURAL,VERTICAL,VERTICAL,78861.51,True,True,VTOL,0.95,MULTIROTOR,,,,0.0881
2101,RESEARCH,2.6,98.1,103.8,57.5,RURAL,HAND_LAUNCH,BELLY_LANDING,40055.67,True,True,FIXED_WING,1.0,VTOL,,,,0.0792
2102,SURVEY,17.16,53.7,28.9,88.9,DESERT,VERTICAL,RUNWAY,60145.57,True,True,VTOL,0.8,MULTIROTOR,,,,0.0785
2103,CUSTOM,0.67,16.2,3.4,30.2,INDOOR,VERTICAL,VERTICAL,73098.76,True,True,MULTIROTOR,0.8,None,,,,0.0807
2104,RESEARCH,15.38,75.6,49.1,62.1,MOUNTAIN,RUNWAY,VERTICAL,27743.05,True,True,VTOL,0.8,MULTIROTOR,,,,0.0681
2105,SURVEY,1.77,39.7,11.5,39.4,URBAN,VERTICAL,VERTICAL,21018.39,True,True,MULTIROTOR,0.8,VTOL,,,,0.0632
2106,CUSTOM,12.66,34.0,20.1,50.0,RURAL,RUNWAY,RUNWAY,30129.46,True,True,FIXED_WING,0.85,VTOL,,,,0.0656
2107,MAPPING,13.29,32.2,20.9,42.4,RURAL,VERTICAL,VERTICAL,54545.18,True,True,VTOL,0.7,MULTIROTOR,,,,0.0636
2108,TRAINING,1.41,7.2,4.1,26.2,INDOOR,VERTICAL,VERTICAL,21118.57,True,True,MULTIROTOR,0.8,None,,,,0.0645
2109,TRAINING,1.79,116.0,43.0,107.1,FOREST,HAND_LAUNCH,RUNWAY,21202.09,True,True,FIXED_WING,1.0,VTOL,,,,0.0636
2110,DISASTER_RESPONSE,0.51,30.1,5.8,27.7,URBAN,VERTICAL,VERTICAL,75595.66,True,True,MULTIROTOR,0.8,VTOL,,,,0.0822
2111,SURVEY,2.0,30.0,500.0,60.0,RURAL,VERTICAL,VERTICAL,,True,False,None,,None,Extended range target (500.0 km) approaches maximum battery energy density threshold.,NO_VALID_VEHICLE,No feasible aircraft design solution: Range requirement (500.0 km) exceeds maximum studio envelope limit (450.0 km).,0.0361
2112,MILITARY,3.12,10.5,3.5,29.2,RURAL,VERTICAL,VERTICAL,10092.5,True,True,MULTIROTOR,0.8,VTOL,,,,0.0611
2113,INSPECTION,5.75,52.0,139.5,99.6,MOUNTAIN,VERTICAL,VERTICAL,3656.87,True,True,VTOL,0.95,MULTIROTOR,,,,0.0707
2114,SURVEY,2.0,30.0,500.0,60.0,RURAL,VERTICAL,VERTICAL,,True,False,None,,None,Extended range target (500.0 km) approaches maximum battery energy density threshold.,NO_VALID_VEHICLE,No feasible aircraft design solution: Range requirement (500.0 km) exceeds maximum studio envelope limit (450.0 km).,0.0354
2115,MILITARY,4.95,137.5,108.6,77.2,FOREST,CATAPULT,PARACHUTE,76383.06,True,True,FIXED_WING,1.0,VTOL,,,,0.0631
2116,CUSTOM,12.97,59.9,76.5,58.4,RURAL,RUNWAY,RUNWAY,47819.54,True,True,FIXED_WING,1.0,VTOL,,,,0.0655
2117,INSPECTION,3.8,67.6,49.2,83.3,RURAL,VERTICAL,VERTICAL,32461.46,True,True,VTOL,0.95,MULTIROTOR,,,,0.0655
2118,DISASTER_RESPONSE,4.46,30.1,139.6,63.9,RURAL,VERTICAL,VERTICAL,46378.53,True,True,VTOL,0.95,MULTIROTOR,,,,0.0625
2119,AGRICULTURE,1.66,21.7,6.9,41.8,RURAL,VERTICAL,VERTICAL,28288.32,True,True,MULTIROTOR,0.8,VTOL,,,,0.0616
2120,SURVEY,3.69,70.7,68.2,94.1,RURAL,VERTICAL,VERTICAL,24489.15,True,True,VTOL,0.95,MULTIROTOR,,,,0.0629
2121,AGRICULTURE,2.98,30.5,14.3,26.7,RURAL,VERTICAL,VERTICAL,30726.36,True,True,MULTIROTOR,0.8,VTOL,,,,0.0667
2122,SURVEY,25.0,30.0,250.0,60.0,RURAL,VERTICAL,VERTICAL,,True,False,None,,None,,NO_VALID_VEHICLE,No feasible aircraft design solution: Combined heavy payload (25.0 kg) and extended range (250.0 km) exceeds structural MTOW limit.,0.0354
2123,SURVEY,3.0,30.0,20.0,0.0,RURAL,VERTICAL,VERTICAL,10000.0,False,False,None,,None,,INVALID_REQUIREMENTS,Cruise speed must be greater than 0 km/h. Provided: 0.0 km/h.,0.0116
2124,SECURITY,0.65,6.3,3.8,18.5,INDOOR,VERTICAL,VERTICAL,38455.82,True,True,MULTIROTOR,0.8,None,,,,0.0595
2125,SURVEY,2.0,500.0,20.0,60.0,RURAL,VERTICAL,VERTICAL,,True,False,None,,None,,NO_VALID_VEHICLE,No feasible aircraft design solution: Endurance requirement (500.0 min) exceeds battery/fuel energy storage density limit (450.0 min).,0.0345
2126,MAPPING,4.35,126.6,41.9,62.3,DESERT,CATAPULT,NET_RECOVERY,65588.43,True,True,FIXED_WING,1.0,VTOL,,,,0.0639
2127,SURVEY,1.09,131.0,54.9,104.0,DESERT,HAND_LAUNCH,NET_RECOVERY,43352.9,True,True,FIXED_WING,1.0,VTOL,,,,0.0685
2128,SECURITY,1.42,11.4,1.8,14.9,INDOOR,VERTICAL,VERTICAL,28587.02,True,True,MULTIROTOR,0.8,None,,,,0.061
2129,SURVEY,1.03,13.6,0.6,33.6,INDOOR,VERTICAL,VERTICAL,63451.49,True,True,MULTIROTOR,0.8,None,,,,0.0599
2130,CUSTOM,18.01,75.7,10.0,68.8,RURAL,RUNWAY,VERTICAL,11195.09,True,True,VTOL,0.5,MULTIROTOR,,,,0.0666
2131,RESEARCH,11.6,59.2,47.7,40.2,RURAL,VERTICAL,RUNWAY,11057.61,True,True,VTOL,0.95,MULTIROTOR,,,,0.0634
2132,INSPECTION,12.56,29.2,23.1,54.9,MOUNTAIN,RUNWAY,VERTICAL,69798.43,True,True,VTOL,0.7,MULTIROTOR,,,,0.0632
2133,SECURITY,4.14,45.1,121.1,79.1,MARINE,VERTICAL,VERTICAL,3844.94,True,True,VTOL,0.95,MULTIROTOR,,,,0.0632
2134,MAPPING,6.11,36.6,45.0,72.3,RURAL,VERTICAL,VERTICAL,41287.37,True,True,VTOL,0.95,MULTIROTOR,,,,0.063
2135,INSPECTION,3.43,12.3,13.1,30.3,URBAN,VERTICAL,VERTICAL,19869.85,True,True,MULTIROTOR,0.8,VTOL,,,,0.0665
2136,MAPPING,3.35,34.4,3.9,41.8,RURAL,VERTICAL,VERTICAL,49299.5,True,True,MULTIROTOR,0.8,VTOL,,,,0.0622
2137,SURVEY,2.0,500.0,20.0,60.0,RURAL,VERTICAL,VERTICAL,,True,False,None,,None,,NO_VALID_VEHICLE,No feasible aircraft design solution: Endurance requirement (500.0 min) exceeds battery/fuel energy storage density limit (450.0 min).,0.0348
2138,DELIVERY,3.65,69.3,142.5,75.5,RURAL,VERTICAL,VERTICAL,36973.1,True,True,VTOL,0.95,MULTIROTOR,,,,0.0728
2139,DISASTER_RESPONSE,7.7,69.2,99.2,79.0,MOUNTAIN,VERTICAL,VERTICAL,32004.47,True,True,VTOL,0.95,MULTIROTOR,,,,0.064
2140,SECURITY,4.37,60.2,55.3,79.6,FOREST,VERTICAL,VERTICAL,38771.45,True,True,VTOL,0.95,MULTIROTOR,,,,0.0655
2141,SURVEY,5.0,30.0,20.0,60.0,RURAL,VERTICAL,VERTICAL,10000.0,False,False,None,,None,,INVALID_REQUIREMENTS,Maximum takeoff weight limit (3.0 kg) must be greater than payload weight (5.0 kg).,0.0088
2142,RESEARCH,1.39,14.5,3.7,25.7,INDOOR,VERTICAL,VERTICAL,13552.1,True,True,MULTIROTOR,0.8,None,,,,0.0616
2143,SURVEY,2.0,30.0,20.0,350.0,RURAL,VERTICAL,VERTICAL,,True,False,None,,None,,NO_VALID_VEHICLE,No feasible aircraft design solution: Cruise speed requirement (350.0 km/h) exceeds platform dynamic limit (300.0 km/h).,0.034
2144,TRAINING,1.07,11.8,2.9,35.5,INDOOR,VERTICAL,VERTICAL,39153.8,True,True,MULTIROTOR,0.8,None,,,,0.0583
2145,TRAINING,1.26,18.7,0.8,31.9,INDOOR,VERTICAL,VERTICAL,77317.25,True,True,MULTIROTOR,0.8,None,,,,0.0589
2146,SECURITY,3.63,96.7,32.6,67.3,DESERT,CATAPULT,RUNWAY,7611.29,True,True,FIXED_WING,1.0,VTOL,,,,0.0651
2147,SURVEY,2.0,30.0,20.0,350.0,RURAL,VERTICAL,VERTICAL,,True,False,None,,None,,NO_VALID_VEHICLE,No feasible aircraft design solution: Cruise speed requirement (350.0 km/h) exceeds platform dynamic limit (300.0 km/h).,0.0345
2148,CUSTOM,0.73,20.7,2.8,13.5,INDOOR,VERTICAL,VERTICAL,56115.22,True,True,MULTIROTOR,0.8,None,,,,0.0586
2149,SURVEY,6.87,54.6,94.2,93.9,MARINE,VERTICAL,VERTICAL,5381.48,True,True,VTOL,0.95,MULTIROTOR,,,,0.063
2150,RESEARCH,1.9,15.2,9.7,49.7,URBAN,VERTICAL,VERTICAL,63986.51,True,True,MULTIROTOR,0.8,VTOL,,,,0.067
2151,SURVEY,45.0,30.0,20.0,60.0,RURAL,VERTICAL,VERTICAL,,True,False,None,,None,High payload mass (45.0 kg) requires specialized heavy-lift structural airframe.,NO_VALID_VEHICLE,No feasible aircraft design solution: Payload requirement (45.0 kg) exceeds maximum studio envelope limit (35.0 kg).,0.0374
2152,DELIVERY,1.34,11.8,2.0,26.2,INDOOR,VERTICAL,VERTICAL,15636.92,True,True,MULTIROTOR,0.8,None,,,,0.0605
2153,TRAINING,3.48,82.5,68.7,94.4,RURAL,CATAPULT,NET_RECOVERY,26982.77,True,True,FIXED_WING,1.0,VTOL,,,,0.0637
2154,SURVEY,2.0,30.0,20.0,350.0,RURAL,VERTICAL,VERTICAL,,True,False,None,,None,,NO_VALID_VEHICLE,No feasible aircraft design solution: Cruise speed requirement (350.0 km/h) exceeds platform dynamic limit (300.0 km/h).,0.0347
2155,MAPPING,24.7,44.6,46.4,56.7,RURAL,RUNWAY,RUNWAY,38876.41,True,True,FIXED_WING,1.0,VTOL,,,,0.063
2156,CUSTOM,1.03,15.3,1.6,38.8,INDOOR,VERTICAL,VERTICAL,79786.65,True,True,MULTIROTOR,0.8,None,,,,0.0593
2157,MAPPING,2.83,37.3,12.6,30.1,RURAL,VERTICAL,VERTICAL,5547.58,True,True,MULTIROTOR,0.8,VTOL,,,,0.0621
2158,AGRICULTURE,1.57,21.0,3.6,23.5,RURAL,VERTICAL,VERTICAL,70337.43,True,True,MULTIROTOR,0.8,VTOL,,,,0.0612
2159,TRAINING,12.56,55.8,24.8,56.8,RURAL,VERTICAL,VERTICAL,40926.49,True,True,VTOL,0.7,MULTIROTOR,,,,0.0628
2160,INSPECTION,9.48,70.5,37.7,48.2,RURAL,VERTICAL,VERTICAL,20483.92,True,True,VTOL,0.95,MULTIROTOR,,,,0.0632
2161,SURVEY,3.45,38.2,6.8,24.7,URBAN,VERTICAL,VERTICAL,17127.1,True,True,MULTIROTOR,0.8,VTOL,,,,0.0616
2162,DELIVERY,4.8,109.4,62.9,60.1,RURAL,RUNWAY,PARACHUTE,55554.11,True,True,FIXED_WING,1.0,VTOL,,,,0.0626
2163,MILITARY,13.47,34.5,10.4,51.9,MOUNTAIN,VERTICAL,VERTICAL,4286.53,True,True,MULTIROTOR,0.7,VTOL,,,,0.0626
2164,SECURITY,1.53,120.6,26.0,107.1,DESERT,HAND_LAUNCH,NET_RECOVERY,20792.06,True,True,FIXED_WING,1.0,VTOL,,,,0.0625
2165,TRAINING,2.51,126.0,35.5,107.2,FOREST,CATAPULT,PARACHUTE,69075.76,True,True,FIXED_WING,1.0,VTOL,,,,0.0635
2166,MAPPING,2.66,37.8,63.1,64.1,FOREST,VERTICAL,VERTICAL,74983.6,True,True,VTOL,0.95,MULTIROTOR,,,,0.0667
2167,MILITARY,3.77,106.3,87.5,70.4,FOREST,CATAPULT,BELLY_LANDING,3122.5,True,True,FIXED_WING,1.0,VTOL,,,,0.0674
2168,SURVEY,3.0,30.0,-5.0,60.0,RURAL,VERTICAL,VERTICAL,10000.0,False,False,None,,None,,INVALID_REQUIREMENTS,Target range must be greater than 0 km. Provided: -5.0 km.,0.009
2169,SURVEY,25.0,30.0,250.0,60.0,RURAL,VERTICAL,VERTICAL,,True,False,None,,None,,NO_VALID_VEHICLE,No feasible aircraft design solution: Combined heavy payload (25.0 kg) and extended range (250.0 km) exceeds structural MTOW limit.,0.0346
2170,SECURITY,5.19,115.6,141.8,97.9,MOUNTAIN,VERTICAL,VERTICAL,14906.5,True,True,VTOL,0.95,MULTIROTOR,,,,0.0658
2171,CUSTOM,1.21,13.5,4.3,21.2,INDOOR,VERTICAL,VERTICAL,32338.61,True,True,MULTIROTOR,0.8,None,,,,0.0594
2172,SURVEY,5.91,85.9,92.0,118.2,MARINE,VERTICAL,VERTICAL,34688.37,True,True,VTOL,0.95,MULTIROTOR,,,,0.0638
2173,SURVEY,18.0,280.0,20.0,60.0,RURAL,VERTICAL,VERTICAL,,True,False,None,,None,,NO_VALID_VEHICLE,No feasible aircraft design solution: Combined heavy payload (18.0 kg) and ultra-long endurance (280.0 min) is physically unachievable.,0.036
2174,DELIVERY,6.41,115.0,83.3,60.3,MOUNTAIN,VERTICAL,VERTICAL,59782.62,True,True,VTOL,0.95,MULTIROTOR,,,,0.0692
2175,SURVEY,18.0,280.0,20.0,60.0,RURAL,VERTICAL,VERTICAL,,True,False,None,,None,,NO_VALID_VEHICLE,No feasible aircraft design solution: Combined heavy payload (18.0 kg) and ultra-long endurance (280.0 min) is physically unachievable.,0.0347
2176,SURVEY,15.12,22.9,12.9,40.1,DESERT,RUNWAY,RUNWAY,69506.98,True,True,FIXED_WING,0.85,MULTIROTOR,,,,0.0673
2177,MILITARY,0.71,19.5,4.0,31.9,RURAL,VERTICAL,VERTICAL,54690.59,True,True,MULTIROTOR,0.8,VTOL,,,,0.0658
2178,DISASTER_RESPONSE,14.93,86.7,11.8,65.9,MOUNTAIN,RUNWAY,RUNWAY,12352.7,True,True,FIXED_WING,1.0,VTOL,,,,0.0684
2179,SURVEY,2.0,30.0,500.0,60.0,RURAL,VERTICAL,VERTICAL,,True,False,None,,None,Extended range target (500.0 km) approaches maximum battery energy density threshold.,NO_VALID_VEHICLE,No feasible aircraft design solution: Range requirement (500.0 km) exceeds maximum studio envelope limit (450.0 km).,0.0371
2180,SURVEY,2.0,30.0,20.0,350.0,RURAL,VERTICAL,VERTICAL,,True,False,None,,None,,NO_VALID_VEHICLE,No feasible aircraft design solution: Cruise speed requirement (350.0 km/h) exceeds platform dynamic limit (300.0 km/h).,0.0328
2181,SURVEY,18.0,280.0,20.0,60.0,RURAL,VERTICAL,VERTICAL,,True,False,None,,None,,NO_VALID_VEHICLE,No feasible aircraft design solution: Combined heavy payload (18.0 kg) and ultra-long endurance (280.0 min) is physically unachievable.,0.0328
2182,SECURITY,14.51,41.7,73.1,45.8,DESERT,VERTICAL,VERTICAL,25791.03,True,True,VTOL,0.95,MULTIROTOR,,,,0.0669
2183,TRAINING,1.86,76.8,47.8,89.9,RURAL,HAND_LAUNCH,BELLY_LANDING,7498.32,True,True,FIXED_WING,1.0,VTOL,,,,0.062
2184,MILITARY,1.34,8.8,2.7,11.6,INDOOR,VERTICAL,VERTICAL,77503.49,True,True,MULTIROTOR,0.8,None,,,,0.0594
2185,AGRICULTURE,3.72,131.5,46.3,70.4,FOREST,HAND_LAUNCH,RUNWAY,49654.06,True,True,FIXED_WING,1.0,VTOL,,,,0.0641
2186,SURVEY,1.15,12.8,3.5,24.7,URBAN,VERTICAL,VERTICAL,65331.54,True,True,MULTIROTOR,0.8,VTOL,,,,0.0664
2187,SURVEY,3.0,30.0,20.0,0.0,RURAL,VERTICAL,VERTICAL,10000.0,False,False,None,,None,,INVALID_REQUIREMENTS,Cruise speed must be greater than 0 km/h. Provided: 0.0 km/h.,0.0084
2188,SURVEY,3.31,85.9,119.1,56.0,DESERT,HAND_LAUNCH,BELLY_LANDING,75244.67,True,True,FIXED_WING,1.0,VTOL,,,,0.063
2189,SURVEY,25.0,30.0,250.0,60.0,RURAL,VERTICAL,VERTICAL,,True,False,None,,None,,NO_VALID_VEHICLE,No feasible aircraft design solution: Combined heavy payload (25.0 kg) and extended range (250.0 km) exceeds structural MTOW limit.,0.0345
2190,SURVEY,2.0,500.0,20.0,60.0,RURAL,VERTICAL,VERTICAL,,True,False,None,,None,,NO_VALID_VEHICLE,No feasible aircraft design solution: Endurance requirement (500.0 min) exceeds battery/fuel energy storage density limit (450.0 min).,0.0332
2191,INSPECTION,0.73,12.9,9.6,26.3,URBAN,VERTICAL,VERTICAL,21368.49,True,True,MULTIROTOR,0.8,VTOL,,,,0.0657
2192,MILITARY,1.15,21.0,8.5,29.7,RURAL,VERTICAL,VERTICAL,62409.88,True,True,MULTIROTOR,0.8,VTOL,,,,0.0613
2193,AGRICULTURE,4.47,100.8,96.5,82.2,DESERT,HAND_LAUNCH,BELLY_LANDING,6378.81,True,True,FIXED_WING,1.0,VTOL,,,,0.0654
2194,TRAINING,11.08,67.2,76.5,67.5,RURAL,RUNWAY,VERTICAL,22775.64,True,True,VTOL,0.8,MULTIROTOR,,,,0.063
2195,RESEARCH,1.37,13.3,2.5,11.1,INDOOR,VERTICAL,VERTICAL,74247.03,True,True,MULTIROTOR,0.8,None,,,,0.0607
2196,TRAINING,1.41,24.2,2.8,16.2,INDOOR,VERTICAL,VERTICAL,2895.9,True,True,MULTIROTOR,0.8,None,,,,0.0655
2197,SURVEY,18.0,280.0,20.0,60.0,RURAL,VERTICAL,VERTICAL,,True,False,None,,None,,NO_VALID_VEHICLE,No feasible aircraft design solution: Combined heavy payload (18.0 kg) and ultra-long endurance (280.0 min) is physically unachievable.,0.0337
2198,INSPECTION,2.48,25.4,10.6,37.8,URBAN,VERTICAL,VERTICAL,43249.44,True,True,MULTIROTOR,0.8,VTOL,,,,0.0612
2199,DELIVERY,2.73,115.9,37.9,101.7,FOREST,HAND_LAUNCH,PARACHUTE,30348.39,True,True,FIXED_WING,1.0,VTOL,,,,0.063
2200,TRAINING,1.33,104.3,93.5,89.1,MOUNTAIN,HAND_LAUNCH,BELLY_LANDING,43201.01,True,True,FIXED_WING,1.0,VTOL,,,,0.0695
2201,CUSTOM,16.61,26.1,56.6,66.8,MOUNTAIN,RUNWAY,RUNWAY,58414.83,True,True,FIXED_WING,1.0,VTOL,,,,0.0639
2202,DELIVERY,0.87,10.8,2.9,33.6,INDOOR,VERTICAL,VERTICAL,77059.48,True,True,MULTIROTOR,0.8,None,,,,0.0583
2203,SURVEY,2.0,500.0,20.0,60.0,RURAL,VERTICAL,VERTICAL,,True,False,None,,None,,NO_VALID_VEHICLE,No feasible aircraft design solution: Endurance requirement (500.0 min) exceeds battery/fuel energy storage density limit (450.0 min).,0.0335
2204,SURVEY,25.0,30.0,250.0,60.0,RURAL,VERTICAL,VERTICAL,,True,False,None,,None,,NO_VALID_VEHICLE,No feasible aircraft design solution: Combined heavy payload (25.0 kg) and extended range (250.0 km) exceeds structural MTOW limit.,0.0329
2205,DISASTER_RESPONSE,4.86,67.7,55.4,88.2,FOREST,RUNWAY,BELLY_LANDING,69442.64,True,True,FIXED_WING,1.0,VTOL,,,,0.0664
2206,AGRICULTURE,1.02,10.5,0.8,19.9,INDOOR,VERTICAL,VERTICAL,71860.58,True,True,MULTIROTOR,0.8,None,,,,0.0638
2207,SECURITY,4.45,147.3,26.4,66.5,MOUNTAIN,CATAPULT,RUNWAY,42639.38,True,True,FIXED_WING,1.0,VTOL,,,,0.0631
2208,SURVEY,3.0,-10.0,20.0,60.0,RURAL,VERTICAL,VERTICAL,10000.0,False,False,None,,None,,INVALID_REQUIREMENTS,Target flight time must be greater than 0 minutes. Provided: -10.0 min.,0.0081
2209,SURVEY,45.0,30.0,20.0,60.0,RURAL,VERTICAL,VERTICAL,,True,False,None,,None,High payload mass (45.0 kg) requires specialized heavy-lift structural airframe.,NO_VALID_VEHICLE,No feasible aircraft design solution: Payload requirement (45.0 kg) exceeds maximum studio envelope limit (35.0 kg).,0.0344
2210,SURVEY,5.8,50.5,72.2,61.9,RURAL,VERTICAL,VERTICAL,41158.26,True,True,VTOL,0.95,MULTIROTOR,,,,0.0661
2211,DELIVERY,4.13,121.5,40.2,106.6,DESERT,RUNWAY,NET_RECOVERY,3375.62,True,True,FIXED_WING,1.0,VTOL,,,,0.0762
2212,SURVEY,3.0,30.0,-5.0,60.0,RURAL,VERTICAL,VERTICAL,10000.0,False,False,None,,None,,INVALID_REQUIREMENTS,Target range must be greater than 0 km. Provided: -5.0 km.,0.0104
2213,SURVEY,2.59,31.8,8.3,41.4,RURAL,VERTICAL,VERTICAL,56136.1,True,True,MULTIROTOR,0.8,VTOL,,,,0.0634
2214,SURVEY,25.0,30.0,250.0,60.0,RURAL,VERTICAL,VERTICAL,,True,False,None,,None,,NO_VALID_VEHICLE,No feasible aircraft design solution: Combined heavy payload (25.0 kg) and extended range (250.0 km) exceeds structural MTOW limit.,0.035
2215,TRAINING,3.03,88.6,92.5,73.4,MOUNTAIN,VERTICAL,VERTICAL,13658.02,True,True,VTOL,0.95,MULTIROTOR,,,,0.0626
2216,DELIVERY,4.41,64.3,36.0,105.6,RURAL,VERTICAL,VERTICAL,5552.5,True,True,VTOL,0.95,MULTIROTOR,,,,0.0648
2217,RESEARCH,9.65,89.2,61.7,61.6,RURAL,RUNWAY,RUNWAY,52179.99,True,True,FIXED_WING,1.0,VTOL,,,,0.0619
2218,TRAINING,1.06,5.3,0.7,27.3,INDOOR,VERTICAL,VERTICAL,15624.25,True,True,MULTIROTOR,0.8,None,,,,0.0587
2219,SURVEY,45.0,30.0,20.0,60.0,RURAL,VERTICAL,VERTICAL,,True,False,None,,None,High payload mass (45.0 kg) requires specialized heavy-lift structural airframe.,NO_VALID_VEHICLE,No feasible aircraft design solution: Payload requirement (45.0 kg) exceeds maximum studio envelope limit (35.0 kg).,0.0335
2220,AGRICULTURE,0.19,13.0,1.9,38.2,INDOOR,VERTICAL,VERTICAL,70443.42,True,True,MULTIROTOR,0.8,None,,,,0.058
2221,SURVEY,45.0,30.0,20.0,60.0,RURAL,VERTICAL,VERTICAL,,True,False,None,,None,High payload mass (45.0 kg) requires specialized heavy-lift structural airframe.,NO_VALID_VEHICLE,No feasible aircraft design solution: Payload requirement (45.0 kg) exceeds maximum studio envelope limit (35.0 kg).,0.0361
2222,TRAINING,8.35,30.4,27.8,66.6,DESERT,RUNWAY,VERTICAL,26043.68,True,True,VTOL,0.8,MULTIROTOR,,,,0.0619
2223,MAPPING,4.61,61.4,130.9,61.1,FOREST,VERTICAL,VERTICAL,57006.35,True,True,VTOL,0.95,MULTIROTOR,,,,0.063
2224,RESEARCH,22.73,21.7,41.3,70.5,MOUNTAIN,RUNWAY,RUNWAY,11686.92,True,True,FIXED_WING,1.0,VTOL,,,,0.0628
2225,DISASTER_RESPONSE,1.02,133.7,116.9,79.4,MOUNTAIN,HAND_LAUNCH,RUNWAY,7651.27,True,True,FIXED_WING,1.0,VTOL,,,,0.0641
2226,RESEARCH,2.57,76.5,110.9,90.0,RURAL,CATAPULT,NET_RECOVERY,41181.88,True,True,FIXED_WING,1.0,VTOL,,,,0.0628
2227,INSPECTION,1.4,20.5,4.1,15.6,INDOOR,VERTICAL,VERTICAL,19969.64,True,True,MULTIROTOR,0.8,None,,,,0.0613
2228,RESEARCH,2.48,24.9,7.7,49.0,RURAL,VERTICAL,VERTICAL,12100.28,True,True,MULTIROTOR,0.8,VTOL,,,,0.0655
2229,DISASTER_RESPONSE,18.06,63.3,44.7,42.4,RURAL,RUNWAY,VERTICAL,28171.91,True,True,VTOL,0.8,MULTIROTOR,,,,0.1238
2230,SECURITY,3.04,91.0,112.0,106.1,MOUNTAIN,HAND_LAUNCH,NET_RECOVERY,36600.71,True,True,FIXED_WING,1.0,VTOL,,,,0.0682
2231,AGRICULTURE,20.29,67.5,35.5,73.3,DESERT,VERTICAL,RUNWAY,67431.29,True,True,VTOL,0.95,MULTIROTOR,,,,0.0635
2232,MILITARY,1.08,113.4,34.5,82.0,DESERT,CATAPULT,PARACHUTE,66165.11,True,True,FIXED_WING,1.0,VTOL,,,,0.0628
2233,TRAINING,1.25,24.8,1.1,29.7,INDOOR,VERTICAL,VERTICAL,39879.27,True,True,MULTIROTOR,0.8,None,,,,0.062
2234,TRAINING,3.56,16.1,11.1,22.8,URBAN,VERTICAL,VERTICAL,20209.58,True,True,MULTIROTOR,0.8,VTOL,,,,0.0664
2235,DISASTER_RESPONSE,7.15,79.3,118.8,88.0,MARINE,VERTICAL,VERTICAL,78913.37,True,True,VTOL,0.95,MULTIROTOR,,,,0.0684
2236,SECURITY,2.73,23.7,13.7,39.1,URBAN,VERTICAL,VERTICAL,27082.72,True,True,MULTIROTOR,0.8,VTOL,,,,0.067
2237,SURVEY,2.0,30.0,500.0,60.0,RURAL,VERTICAL,VERTICAL,,True,False,None,,None,Extended range target (500.0 km) approaches maximum battery energy density threshold.,NO_VALID_VEHICLE,No feasible aircraft design solution: Range requirement (500.0 km) exceeds maximum studio envelope limit (450.0 km).,0.0345
2238,DELIVERY,2.66,65.8,62.6,51.7,MOUNTAIN,HAND_LAUNCH,BELLY_LANDING,77588.08,True,True,FIXED_WING,1.0,VTOL,,,,0.0616
2239,INSPECTION,1.3,17.3,4.8,35.1,INDOOR,VERTICAL,VERTICAL,72685.77,True,True,MULTIROTOR,0.8,None,,,,0.0594
2240,DELIVERY,2.93,27.2,13.5,29.6,URBAN,VERTICAL,VERTICAL,47680.82,True,True,MULTIROTOR,0.8,VTOL,,,,0.0639
2241,CUSTOM,3.34,55.4,108.8,84.5,MARINE,VERTICAL,VERTICAL,34411.1,True,True,VTOL,0.95,MULTIROTOR,,,,0.0695
2242,SURVEY,25.0,30.0,250.0,60.0,RURAL,VERTICAL,VERTICAL,,True,False,None,,None,,NO_VALID_VEHICLE,No feasible aircraft design solution: Combined heavy payload (25.0 kg) and extended range (250.0 km) exceeds structural MTOW limit.,0.0363
2243,SECURITY,1.22,17.3,2.3,23.0,INDOOR,VERTICAL,VERTICAL,5033.39,True,True,MULTIROTOR,0.8,None,,,,0.0618
2244,AGRICULTURE,19.19,41.3,13.1,60.8,RURAL,RUNWAY,VERTICAL,62928.28,True,True,MULTIROTOR,0.7,VTOL,,,,0.0674
2245,SURVEY,2.0,30.0,500.0,60.0,RURAL,VERTICAL,VERTICAL,,True,False,None,,None,Extended range target (500.0 km) approaches maximum battery energy density threshold.,NO_VALID_VEHICLE,No feasible aircraft design solution: Range requirement (500.0 km) exceeds maximum studio envelope limit (450.0 km).,0.0371
2246,MILITARY,4.84,66.7,102.8,70.4,MOUNTAIN,VERTICAL,VERTICAL,4912.42,True,True,VTOL,0.95,MULTIROTOR,,,,0.0677
2247,SECURITY,0.69,15.7,1.7,37.2,INDOOR,VERTICAL,VERTICAL,40784.37,True,True,MULTIROTOR,0.8,None,,,,0.0589
2248,SURVEY,1.49,13.0,3.9,36.5,INDOOR,VERTICAL,VERTICAL,7066.97,True,True,MULTIROTOR,0.8,None,,,,0.0585
2249,INSPECTION,1.3,6.3,3.0,26.1,INDOOR,VERTICAL,VERTICAL,76266.77,True,True,MULTIROTOR,0.8,None,,,,0.0578
2250,TRAINING,3.19,89.5,73.2,68.3,MOUNTAIN,HAND_LAUNCH,PARACHUTE,34772.56,True,True,FIXED_WING,1.0,VTOL,,,,0.0735
2251,MAPPING,1.25,8.7,3.5,13.6,INDOOR,VERTICAL,VERTICAL,25971.61,True,True,MULTIROTOR,0.8,None,,,,0.0611
2252,SURVEY,25.0,30.0,250.0,60.0,RURAL,VERTICAL,VERTICAL,,True,False,None,,None,,NO_VALID_VEHICLE,No feasible aircraft design solution: Combined heavy payload (25.0 kg) and extended range (250.0 km) exceeds structural MTOW limit.,0.0336
2253,DISASTER_RESPONSE,2.39,52.2,31.1,67.7,MARINE,VERTICAL,VERTICAL,51685.14,True,True,VTOL,0.95,MULTIROTOR,,,,0.068
2254,CUSTOM,1.93,131.1,112.6,89.1,RURAL,CATAPULT,PARACHUTE,36316.9,True,True,FIXED_WING,1.0,VTOL,,,,0.0657
2255,TRAINING,0.82,39.0,5.8,37.8,URBAN,VERTICAL,VERTICAL,37184.79,True,True,MULTIROTOR,0.8,VTOL,,,,0.066
2256,CUSTOM,3.1,138.2,101.2,50.4,FOREST,RUNWAY,RUNWAY,5052.69,True,True,FIXED_WING,1.0,VTOL,,,,0.0654
2257,AGRICULTURE,19.35,53.2,69.8,88.5,DESERT,VERTICAL,VERTICAL,50055.66,True,True,VTOL,0.95,MULTIROTOR,,,,0.0686
2258,SURVEY,22.66,52.3,56.7,84.0,DESERT,RUNWAY,VERTICAL,8964.49,True,True,VTOL,0.8,MULTIROTOR,,,,0.0637
2259,INSPECTION,2.39,73.8,92.3,104.8,MARINE,VERTICAL,VERTICAL,57538.02,True,True,VTOL,0.95,MULTIROTOR,,,,0.0627
2260,SURVEY,2.0,500.0,20.0,60.0,RURAL,VERTICAL,VERTICAL,,True,False,None,,None,,NO_VALID_VEHICLE,No feasible aircraft design solution: Endurance requirement (500.0 min) exceeds battery/fuel energy storage density limit (450.0 min).,0.0351
2261,TRAINING,1.68,111.3,68.4,51.2,RURAL,CATAPULT,BELLY_LANDING,68057.16,True,True,FIXED_WING,1.0,VTOL,,,,0.0643
2262,DELIVERY,0.44,5.8,1.8,19.1,INDOOR,VERTICAL,VERTICAL,9983.46,True,True,MULTIROTOR,0.8,None,,,,0.0607
2263,DELIVERY,0.64,36.7,6.8,26.6,URBAN,VERTICAL,VERTICAL,39438.32,True,True,MULTIROTOR,0.8,VTOL,,,,0.063
2264,DELIVERY,4.77,106.6,41.7,63.6,DESERT,HAND_LAUNCH,NET_RECOVERY,48232.77,True,True,FIXED_WING,1.0,VTOL,,,,0.0672
2265,MILITARY,3.94,145.2,80.9,95.1,DESERT,HAND_LAUNCH,BELLY_LANDING,72030.11,True,True,FIXED_WING,1.0,VTOL,,,,0.0625
2266,MAPPING,0.87,8.0,1.4,37.0,INDOOR,VERTICAL,VERTICAL,41250.58,True,True,MULTIROTOR,0.8,None,,,,0.0595
2267,DELIVERY,0.92,23.5,4.3,43.3,URBAN,VERTICAL,VERTICAL,17336.42,True,True,MULTIROTOR,0.8,VTOL,,,,0.0642
2268,DISASTER_RESPONSE,1.37,11.6,3.2,36.7,INDOOR,VERTICAL,VERTICAL,32022.73,True,True,MULTIROTOR,0.8,None,,,,0.0622
2269,DISASTER_RESPONSE,2.81,59.1,81.2,73.7,FOREST,VERTICAL,VERTICAL,21378.33,True,True,VTOL,0.95,MULTIROTOR,,,,0.0678
2270,RESEARCH,4.07,105.4,78.0,86.5,MARINE,VERTICAL,VERTICAL,17819.85,True,True,VTOL,0.95,MULTIROTOR,,,,0.0638
2271,DELIVERY,5.34,101.0,60.7,81.4,MARINE,VERTICAL,VERTICAL,33923.81,True,True,VTOL,0.95,MULTIROTOR,,,,0.0677
2272,MILITARY,2.92,32.8,8.8,49.9,URBAN,VERTICAL,VERTICAL,56040.71,True,True,MULTIROTOR,0.8,VTOL,,,,0.0619
2273,MAPPING,1.96,15.6,6.0,26.6,URBAN,VERTICAL,VERTICAL,49569.04,True,True,MULTIROTOR,0.8,VTOL,,,,0.0688
2274,SURVEY,3.0,30.0,20.0,60.0,RURAL,VERTICAL,VERTICAL,-100.0,False,False,None,,None,,INVALID_REQUIREMENTS,Financial budget must be greater than $0 if specified. Provided: $-100.0.,0.0088
2275,AGRICULTURE,1.18,34.5,3.3,40.8,RURAL,VERTICAL,VERTICAL,40547.27,True,True,MULTIROTOR,0.8,VTOL,,,,0.063
2276,CUSTOM,7.27,111.4,45.8,98.8,RURAL,VERTICAL,VERTICAL,62623.25,True,True,VTOL,0.95,MULTIROTOR,,,,0.0735
2277,AGRICULTURE,2.47,146.4,112.2,60.9,FOREST,CATAPULT,BELLY_LANDING,27105.21,True,True,FIXED_WING,1.0,VTOL,,,,0.0632
2278,MAPPING,14.9,32.9,46.0,43.4,RURAL,RUNWAY,RUNWAY,9241.16,True,True,FIXED_WING,1.0,VTOL,,,,0.0625
2279,SURVEY,18.0,280.0,20.0,60.0,RURAL,VERTICAL,VERTICAL,,True,False,None,,None,,NO_VALID_VEHICLE,No feasible aircraft design solution: Combined heavy payload (18.0 kg) and ultra-long endurance (280.0 min) is physically unachievable.,0.0342
2280,SURVEY,2.0,30.0,20.0,350.0,RURAL,VERTICAL,VERTICAL,,True,False,None,,None,,NO_VALID_VEHICLE,No feasible aircraft design solution: Cruise speed requirement (350.0 km/h) exceeds platform dynamic limit (300.0 km/h).,0.0333
2281,SECURITY,3.16,38.6,9.5,31.0,RURAL,VERTICAL,VERTICAL,33652.21,True,True,MULTIROTOR,0.8,VTOL,,,,0.1331
2282,SURVEY,0.0,30.0,20.0,60.0,RURAL,VERTICAL,VERTICAL,10000.0,False,False,None,,None,,INVALID_REQUIREMENTS,Payload weight must be greater than 0 kg. Provided: 0.0 kg.,0.0087
2283,SURVEY,2.0,500.0,20.0,60.0,RURAL,VERTICAL,VERTICAL,,True,False,None,,None,,NO_VALID_VEHICLE,No feasible aircraft design solution: Endurance requirement (500.0 min) exceeds battery/fuel energy storage density limit (450.0 min).,0.0347
2284,CUSTOM,2.78,12.6,12.3,22.9,RURAL,VERTICAL,VERTICAL,9824.58,True,True,MULTIROTOR,0.8,VTOL,,,,0.063
2285,SURVEY,2.0,30.0,20.0,350.0,RURAL,VERTICAL,VERTICAL,,True,False,None,,None,,NO_VALID_VEHICLE,No feasible aircraft design solution: Cruise speed requirement (350.0 km/h) exceeds platform dynamic limit (300.0 km/h).,0.0365
2286,RESEARCH,3.79,31.4,8.9,20.8,RURAL,VERTICAL,VERTICAL,74039.51,True,True,MULTIROTOR,0.8,VTOL,,,,0.0648
2287,SURVEY,2.0,30.0,500.0,60.0,RURAL,VERTICAL,VERTICAL,,True,False,None,,None,Extended range target (500.0 km) approaches maximum battery energy density threshold.,NO_VALID_VEHICLE,No feasible aircraft design solution: Range requirement (500.0 km) exceeds maximum studio envelope limit (450.0 km).,0.0336
2288,SURVEY,0.78,24.4,2.5,20.1,INDOOR,VERTICAL,VERTICAL,42335.45,True,True,MULTIROTOR,0.8,None,,,,0.0582
2289,SECURITY,4.24,148.9,116.4,102.9,RURAL,CATAPULT,RUNWAY,12193.65,True,True,FIXED_WING,1.0,VTOL,,,,0.0627
2290,SURVEY,2.0,30.0,500.0,60.0,RURAL,VERTICAL,VERTICAL,,True,False,None,,None,Extended range target (500.0 km) approaches maximum battery energy density threshold.,NO_VALID_VEHICLE,No feasible aircraft design solution: Range requirement (500.0 km) exceeds maximum studio envelope limit (450.0 km).,0.0338
2291,SURVEY,2.0,30.0,500.0,60.0,RURAL,VERTICAL,VERTICAL,,True,False,None,,None,Extended range target (500.0 km) approaches maximum battery energy density threshold.,NO_VALID_VEHICLE,No feasible aircraft design solution: Range requirement (500.0 km) exceeds maximum studio envelope limit (450.0 km).,0.0355
2292,INSPECTION,0.61,24.1,2.7,15.3,INDOOR,VERTICAL,VERTICAL,15455.01,True,True,MULTIROTOR,0.8,None,,,,0.0624
2293,MAPPING,2.73,31.1,11.9,24.9,URBAN,VERTICAL,VERTICAL,25698.17,True,True,MULTIROTOR,0.8,VTOL,,,,0.0642
2294,AGRICULTURE,1.63,81.5,77.6,105.4,FOREST,CATAPULT,RUNWAY,46089.8,True,True,FIXED_WING,1.0,VTOL,,,,0.0676
2295,CUSTOM,2.03,127.9,119.6,75.4,FOREST,RUNWAY,RUNWAY,16857.51,True,True,FIXED_WING,1.0,VTOL,,,,0.0645
2296,SURVEY,2.0,30.0,500.0,60.0,RURAL,VERTICAL,VERTICAL,,True,False,None,,None,Extended range target (500.0 km) approaches maximum battery energy density threshold.,NO_VALID_VEHICLE,No feasible aircraft design solution: Range requirement (500.0 km) exceeds maximum studio envelope limit (450.0 km).,0.0365
2297,RESEARCH,0.94,5.9,1.5,33.2,INDOOR,VERTICAL,VERTICAL,37487.65,True,True,MULTIROTOR,0.8,None,,,,0.0697
2298,DELIVERY,0.13,17.5,4.8,15.0,INDOOR,VERTICAL,VERTICAL,48997.27,True,True,MULTIROTOR,0.8,None,,,,0.0654
2299,CUSTOM,20.85,30.9,15.5,57.9,DESERT,RUNWAY,RUNWAY,16726.76,True,True,FIXED_WING,0.85,VTOL,,,,0.0641
2300,SECURITY,3.5,69.5,74.8,67.8,FOREST,CATAPULT,BELLY_LANDING,20801.27,True,True,FIXED_WING,1.0,VTOL,,,,0.0631
2301,TRAINING,0.83,27.2,4.4,31.8,RURAL,VERTICAL,VERTICAL,16033.53,True,True,MULTIROTOR,0.8,VTOL,,,,0.0633
2302,MILITARY,3.8,16.1,7.0,39.0,RURAL,VERTICAL,VERTICAL,33098.47,True,True,MULTIROTOR,0.8,VTOL,,,,0.0631
2303,DISASTER_RESPONSE,2.82,144.9,39.2,83.4,RURAL,CATAPULT,BELLY_LANDING,21739.05,True,True,FIXED_WING,1.0,VTOL,,,,0.0642
2304,TRAINING,24.59,38.3,77.9,58.7,MOUNTAIN,VERTICAL,VERTICAL,50720.18,True,True,VTOL,0.95,MULTIROTOR,,,,0.0966
2305,MILITARY,23.14,45.3,19.1,70.4,MOUNTAIN,VERTICAL,RUNWAY,75999.88,True,True,VTOL,0.7,MULTIROTOR,,,,0.1153
2306,SURVEY,2.0,500.0,20.0,60.0,RURAL,VERTICAL,VERTICAL,,True,False,None,,None,,NO_VALID_VEHICLE,No feasible aircraft design solution: Endurance requirement (500.0 min) exceeds battery/fuel energy storage density limit (450.0 min).,0.0544
2307,AGRICULTURE,3.5,14.4,12.8,28.0,RURAL,VERTICAL,VERTICAL,51610.24,True,True,MULTIROTOR,0.8,VTOL,,,,0.4069
2308,DELIVERY,3.47,134.7,70.0,103.8,DESERT,CATAPULT,RUNWAY,66700.18,True,True,FIXED_WING,1.0,VTOL,,,,0.1082
2309,TRAINING,1.33,11.0,4.3,13.3,INDOOR,VERTICAL,VERTICAL,15399.6,True,True,MULTIROTOR,0.8,None,,,,0.2905
2310,DISASTER_RESPONSE,9.1,24.1,78.2,77.9,RURAL,VERTICAL,RUNWAY,38512.29,True,True,VTOL,0.95,MULTIROTOR,,,,0.2299
2311,INSPECTION,1.15,19.2,4.1,14.4,INDOOR,VERTICAL,VERTICAL,26566.63,True,True,MULTIROTOR,0.8,None,,,,0.1097
2312,INSPECTION,6.17,96.4,84.2,73.7,FOREST,VERTICAL,VERTICAL,75720.9,True,True,VTOL,0.95,MULTIROTOR,,,,0.1092
2313,DELIVERY,4.93,43.0,93.1,105.7,MOUNTAIN,VERTICAL,VERTICAL,17693.1,True,True,VTOL,0.95,MULTIROTOR,,,,0.1041
2314,SURVEY,45.0,30.0,20.0,60.0,RURAL,VERTICAL,VERTICAL,,True,False,None,,None,High payload mass (45.0 kg) requires specialized heavy-lift structural airframe.,NO_VALID_VEHICLE,No feasible aircraft design solution: Payload requirement (45.0 kg) exceeds maximum studio envelope limit (35.0 kg).,0.0638
2315,TRAINING,7.3,59.4,30.5,94.3,MARINE,VERTICAL,VERTICAL,33526.56,True,True,VTOL,0.95,MULTIROTOR,,,,0.1062
2316,MAPPING,0.12,18.6,1.6,25.9,INDOOR,VERTICAL,VERTICAL,61794.13,True,True,MULTIROTOR,0.8,None,,,,0.0982
2317,MAPPING,3.52,23.6,11.7,21.6,RURAL,VERTICAL,VERTICAL,45387.69,True,True,MULTIROTOR,0.8,VTOL,,,,0.0918
2318,MILITARY,8.74,36.3,78.1,51.3,DESERT,VERTICAL,RUNWAY,2626.79,True,True,VTOL,0.95,MULTIROTOR,,,,0.0923
2319,CUSTOM,4.06,96.8,79.4,74.7,MOUNTAIN,HAND_LAUNCH,NET_RECOVERY,50793.09,True,True,FIXED_WING,1.0,VTOL,,,,0.0854
2320,INSPECTION,0.92,22.4,5.5,47.9,URBAN,VERTICAL,VERTICAL,49991.01,True,True,MULTIROTOR,0.8,VTOL,,,,0.0852
2321,SURVEY,45.0,30.0,20.0,60.0,RURAL,VERTICAL,VERTICAL,,True,False,None,,None,High payload mass (45.0 kg) requires specialized heavy-lift structural airframe.,NO_VALID_VEHICLE,No feasible aircraft design solution: Payload requirement (45.0 kg) exceeds maximum studio envelope limit (35.0 kg).,0.0464
2322,MILITARY,3.52,107.6,46.6,106.6,MOUNTAIN,VERTICAL,VERTICAL,36080.41,True,True,VTOL,0.95,MULTIROTOR,,,,0.0688
2323,DELIVERY,19.43,38.2,33.0,59.7,RURAL,RUNWAY,VERTICAL,58076.64,True,True,VTOL,0.8,MULTIROTOR,,,,0.0679
2324,DELIVERY,14.33,68.4,53.6,41.3,MOUNTAIN,VERTICAL,VERTICAL,65238.31,True,True,VTOL,0.95,MULTIROTOR,,,,0.0809
2325,DISASTER_RESPONSE,12.09,56.3,22.6,82.3,DESERT,RUNWAY,RUNWAY,11301.28,True,True,FIXED_WING,0.85,VTOL,,,,0.07
2326,SURVEY,3.0,-10.0,20.0,60.0,RURAL,VERTICAL,VERTICAL,10000.0,False,False,None,,None,,INVALID_REQUIREMENTS,Target flight time must be greater than 0 minutes. Provided: -10.0 min.,0.0119
2327,SURVEY,0.53,17.4,8.8,22.8,RURAL,VERTICAL,VERTICAL,45968.77,True,True,MULTIROTOR,0.8,VTOL,,,,0.0741
2328,DISASTER_RESPONSE,24.59,83.1,63.4,81.3,MOUNTAIN,RUNWAY,RUNWAY,74459.04,True,True,FIXED_WING,1.0,VTOL,,,,0.068
2329,MAPPING,4.12,73.0,93.1,99.4,MARINE,VERTICAL,VERTICAL,45317.83,True,True,VTOL,0.95,MULTIROTOR,,,,0.0684
2330,INSPECTION,6.22,102.3,91.2,108.0,RURAL,VERTICAL,VERTICAL,73626.54,True,True,VTOL,0.95,MULTIROTOR,,,,0.0678
2331,SURVEY,5.0,30.0,20.0,60.0,RURAL,VERTICAL,VERTICAL,10000.0,False,False,None,,None,,INVALID_REQUIREMENTS,Maximum takeoff weight limit (3.0 kg) must be greater than payload weight (5.0 kg).,0.0093
2332,AGRICULTURE,2.31,50.0,97.7,85.4,FOREST,RUNWAY,BELLY_LANDING,55949.51,True,True,FIXED_WING,1.0,VTOL,,,,0.0733
2333,SURVEY,6.76,119.8,40.1,78.8,FOREST,VERTICAL,VERTICAL,20301.27,True,True,VTOL,0.95,MULTIROTOR,,,,0.0858
2334,SURVEY,3.0,30.0,20.0,60.0,RURAL,VERTICAL,VERTICAL,-100.0,False,False,None,,None,,INVALID_REQUIREMENTS,Financial budget must be greater than $0 if specified. Provided: $-100.0.,0.009
2335,MAPPING,1.03,49.6,77.5,53.6,MOUNTAIN,CATAPULT,PARACHUTE,13460.57,True,True,FIXED_WING,1.0,VTOL,,,,0.0725
2336,TRAINING,7.32,110.6,72.9,74.9,RURAL,VERTICAL,VERTICAL,67915.92,True,True,VTOL,0.95,MULTIROTOR,,,,0.0674
2337,DISASTER_RESPONSE,0.78,18.0,1.5,35.3,INDOOR,VERTICAL,VERTICAL,23766.27,True,True,MULTIROTOR,0.8,None,,,,0.0637
2338,INSPECTION,1.46,125.4,104.8,54.8,RURAL,RUNWAY,RUNWAY,76831.67,True,True,VTOL,0.8,MULTIROTOR,,,,0.0665
2339,SURVEY,25.0,30.0,250.0,60.0,RURAL,VERTICAL,VERTICAL,,True,False,None,,None,,NO_VALID_VEHICLE,No feasible aircraft design solution: Combined heavy payload (25.0 kg) and extended range (250.0 km) exceeds structural MTOW limit.,0.0384
2340,INSPECTION,19.4,85.9,73.3,49.5,RURAL,VERTICAL,VERTICAL,64452.27,True,True,VTOL,0.95,MULTIROTOR,,,,0.0694
2341,DELIVERY,23.5,43.0,13.1,80.2,DESERT,RUNWAY,VERTICAL,3094.35,True,True,MULTIROTOR,0.7,VTOL,,,,0.0698
2342,TRAINING,4.63,52.7,75.2,94.4,MARINE,VERTICAL,VERTICAL,77569.97,True,True,VTOL,0.95,MULTIROTOR,,,,0.0711
2343,SURVEY,0.72,10.1,2.5,42.4,RURAL,VERTICAL,VERTICAL,48239.51,True,True,MULTIROTOR,0.8,VTOL,,,,0.0757
2344,CUSTOM,0.21,17.7,0.7,17.4,INDOOR,VERTICAL,VERTICAL,20314.28,True,True,MULTIROTOR,0.8,None,,,,0.0745
2345,MILITARY,0.35,20.0,4.8,23.3,INDOOR,VERTICAL,VERTICAL,39428.66,True,True,MULTIROTOR,0.8,None,,,,0.0675
2346,MILITARY,1.16,6.8,3.6,38.0,INDOOR,VERTICAL,VERTICAL,68873.22,True,True,MULTIROTOR,0.8,None,,,,0.0741
2347,CUSTOM,2.81,33.3,7.7,31.3,URBAN,VERTICAL,VERTICAL,62189.19,True,True,MULTIROTOR,0.8,VTOL,,,,0.0619
2348,MILITARY,5.39,40.7,64.0,98.1,RURAL,VERTICAL,VERTICAL,44138.35,True,True,VTOL,0.95,MULTIROTOR,,,,0.0624
2349,DISASTER_RESPONSE,21.82,82.0,65.6,40.6,MOUNTAIN,VERTICAL,VERTICAL,2653.75,True,True,VTOL,0.95,MULTIROTOR,,,,0.0637
2350,SECURITY,1.39,8.4,4.3,14.7,INDOOR,VERTICAL,VERTICAL,20666.52,True,True,MULTIROTOR,0.8,None,,,,0.0629
2351,INSPECTION,0.83,7.3,1.9,39.8,INDOOR,VERTICAL,VERTICAL,37413.17,True,True,MULTIROTOR,0.8,None,,,,0.0614
2352,SURVEY,0.0,30.0,20.0,60.0,RURAL,VERTICAL,VERTICAL,10000.0,False,False,None,,None,,INVALID_REQUIREMENTS,Payload weight must be greater than 0 kg. Provided: 0.0 kg.,0.019
2353,TRAINING,2.08,46.6,85.9,81.7,RURAL,HAND_LAUNCH,PARACHUTE,24013.27,True,True,FIXED_WING,1.0,VTOL,,,,0.0642
2354,TRAINING,23.33,23.0,55.4,50.9,MOUNTAIN,RUNWAY,RUNWAY,40172.27,True,True,FIXED_WING,1.0,VTOL,,,,0.0682
2355,AGRICULTURE,6.68,51.5,68.9,96.2,RURAL,VERTICAL,VERTICAL,15406.49,True,True,VTOL,0.95,MULTIROTOR,,,,0.0682
2356,MAPPING,10.91,51.8,37.1,48.8,MOUNTAIN,VERTICAL,VERTICAL,41620.44,True,True,VTOL,0.95,MULTIROTOR,,,,0.0674
2357,AGRICULTURE,1.3,9.9,3.1,10.5,INDOOR,VERTICAL,VERTICAL,32973.34,True,True,MULTIROTOR,0.8,None,,,,0.061
2358,MAPPING,22.9,70.3,32.6,50.2,RURAL,RUNWAY,RUNWAY,9418.78,True,True,FIXED_WING,1.0,VTOL,,,,0.0642
2359,MILITARY,11.37,34.6,57.5,88.1,RURAL,RUNWAY,VERTICAL,50183.47,True,True,VTOL,0.8,MULTIROTOR,,,,0.0676
2360,MAPPING,9.8,22.7,23.7,68.5,DESERT,VERTICAL,VERTICAL,49593.48,True,True,VTOL,0.7,MULTIROTOR,,,,0.0626
2361,SURVEY,2.0,30.0,500.0,60.0,RURAL,VERTICAL,VERTICAL,,True,False,None,,None,Extended range target (500.0 km) approaches maximum battery energy density threshold.,NO_VALID_VEHICLE,No feasible aircraft design solution: Range requirement (500.0 km) exceeds maximum studio envelope limit (450.0 km).,0.0354
2362,TRAINING,2.38,16.5,7.9,39.1,URBAN,VERTICAL,VERTICAL,27866.58,True,True,MULTIROTOR,0.8,VTOL,,,,0.0611
2363,DISASTER_RESPONSE,5.18,72.6,35.7,103.1,RURAL,VERTICAL,VERTICAL,54778.31,True,True,VTOL,0.95,MULTIROTOR,,,,0.0659
2364,SURVEY,2.0,30.0,20.0,350.0,RURAL,VERTICAL,VERTICAL,,True,False,None,,None,,NO_VALID_VEHICLE,No feasible aircraft design solution: Cruise speed requirement (350.0 km/h) exceeds platform dynamic limit (300.0 km/h).,0.035
2365,TRAINING,1.68,30.3,10.2,48.8,RURAL,VERTICAL,VERTICAL,24615.65,True,True,MULTIROTOR,0.8,VTOL,,,,0.0622
2366,TRAINING,8.49,66.8,18.7,86.2,DESERT,RUNWAY,VERTICAL,72662.37,True,True,VTOL,0.7,MULTIROTOR,,,,0.0647
2367,SURVEY,3.2,93.8,98.6,103.2,DESERT,HAND_LAUNCH,RUNWAY,65805.18,True,True,FIXED_WING,1.0,VTOL,,,,0.0676
2368,CUSTOM,19.83,63.4,13.5,65.4,RURAL,VERTICAL,VERTICAL,75916.17,True,True,VTOL,0.5,MULTIROTOR,,,,0.066
2369,AGRICULTURE,1.99,125.3,46.4,96.9,MOUNTAIN,HAND_LAUNCH,RUNWAY,27436.99,True,True,FIXED_WING,1.0,VTOL,,,,0.07
2370,INSPECTION,0.4,7.9,3.0,16.1,INDOOR,VERTICAL,VERTICAL,5572.73,True,True,MULTIROTOR,0.8,None,,,,0.0596
2371,SURVEY,6.15,70.2,102.1,107.1,MARINE,VERTICAL,VERTICAL,73626.49,True,True,VTOL,0.95,MULTIROTOR,,,,0.0657
2372,DELIVERY,2.47,63.2,45.0,76.9,RURAL,RUNWAY,BELLY_LANDING,55008.64,True,True,FIXED_WING,1.0,VTOL,,,,0.0683
2373,SECURITY,1.97,49.0,90.3,100.3,FOREST,RUNWAY,RUNWAY,23759.02,True,True,FIXED_WING,1.0,VTOL,,,,0.0674
2374,TRAINING,0.86,37.4,10.6,29.2,RURAL,VERTICAL,VERTICAL,70043.31,True,True,MULTIROTOR,0.8,VTOL,,,,0.0659
2375,DELIVERY,22.01,85.1,78.6,68.1,DESERT,VERTICAL,VERTICAL,12659.84,True,True,VTOL,0.95,MULTIROTOR,,,,0.0684
2376,CUSTOM,7.38,113.8,43.9,99.6,RURAL,VERTICAL,VERTICAL,36846.16,True,True,VTOL,0.95,MULTIROTOR,,,,0.0641
2377,CUSTOM,0.94,18.0,14.7,27.2,URBAN,VERTICAL,VERTICAL,73788.05,True,True,MULTIROTOR,0.8,VTOL,,,,0.0621
2378,SURVEY,18.0,280.0,20.0,60.0,RURAL,VERTICAL,VERTICAL,,True,False,None,,None,,NO_VALID_VEHICLE,No feasible aircraft design solution: Combined heavy payload (18.0 kg) and ultra-long endurance (280.0 min) is physically unachievable.,0.0417
2379,MILITARY,1.21,21.4,4.2,32.6,INDOOR,VERTICAL,VERTICAL,24645.71,True,True,MULTIROTOR,0.8,None,,,,0.0608
2380,RESEARCH,2.23,114.6,46.4,54.1,MOUNTAIN,CATAPULT,BELLY_LANDING,11564.7,True,True,FIXED_WING,1.0,VTOL,,,,0.0638
2381,SURVEY,25.0,30.0,250.0,60.0,RURAL,VERTICAL,VERTICAL,,True,False,None,,None,,NO_VALID_VEHICLE,No feasible aircraft design solution: Combined heavy payload (25.0 kg) and extended range (250.0 km) exceeds structural MTOW limit.,0.0374
2382,MILITARY,11.6,42.6,68.6,62.8,DESERT,RUNWAY,RUNWAY,67743.57,True,True,FIXED_WING,1.0,VTOL,,,,0.0648
2383,SURVEY,0.82,13.8,3.6,34.8,INDOOR,VERTICAL,VERTICAL,14075.14,True,True,MULTIROTOR,0.8,None,,,,0.0591
2384,MAPPING,21.12,51.6,61.6,88.7,MOUNTAIN,VERTICAL,VERTICAL,64376.9,True,True,VTOL,0.95,MULTIROTOR,,,,0.068
2385,INSPECTION,20.5,63.5,79.0,46.0,MOUNTAIN,VERTICAL,RUNWAY,5622.53,True,True,VTOL,0.95,MULTIROTOR,,,,0.0664
2386,DELIVERY,20.25,42.7,43.2,87.6,MOUNTAIN,RUNWAY,RUNWAY,36064.71,True,True,FIXED_WING,1.0,VTOL,,,,0.0629
2387,SURVEY,3.0,30.0,-5.0,60.0,RURAL,VERTICAL,VERTICAL,10000.0,False,False,None,,None,,INVALID_REQUIREMENTS,Target range must be greater than 0 km. Provided: -5.0 km.,0.008
2388,DELIVERY,3.85,12.6,12.7,36.0,URBAN,VERTICAL,VERTICAL,45871.61,True,True,MULTIROTOR,0.8,VTOL,,,,0.0625
2389,SECURITY,3.06,71.3,60.1,92.5,MARINE,VERTICAL,VERTICAL,11585.32,True,True,VTOL,0.95,MULTIROTOR,,,,0.0644
2390,SURVEY,3.0,30.0,-5.0,60.0,RURAL,VERTICAL,VERTICAL,10000.0,False,False,None,,None,,INVALID_REQUIREMENTS,Target range must be greater than 0 km. Provided: -5.0 km.,0.0077
2391,SURVEY,2.6,66.4,45.2,68.9,MARINE,VERTICAL,VERTICAL,9695.9,True,True,VTOL,0.95,MULTIROTOR,,,,0.0634
2392,DISASTER_RESPONSE,20.88,24.2,22.8,55.2,DESERT,VERTICAL,VERTICAL,64090.23,True,True,VTOL,0.7,MULTIROTOR,,,,0.0632
2393,INSPECTION,1.22,36.4,3.3,33.4,RURAL,VERTICAL,VERTICAL,26191.28,True,True,MULTIROTOR,0.8,VTOL,,,,0.0618
2394,AGRICULTURE,1.44,21.0,4.0,19.7,INDOOR,VERTICAL,VERTICAL,71016.76,True,True,MULTIROTOR,0.8,None,,,,0.0586
2395,RESEARCH,3.29,13.6,10.6,26.1,URBAN,VERTICAL,VERTICAL,3445.55,True,True,MULTIROTOR,0.8,VTOL,,,,0.0662
2396,SURVEY,45.0,30.0,20.0,60.0,RURAL,VERTICAL,VERTICAL,,True,False,None,,None,High payload mass (45.0 kg) requires specialized heavy-lift structural airframe.,NO_VALID_VEHICLE,No feasible aircraft design solution: Payload requirement (45.0 kg) exceeds maximum studio envelope limit (35.0 kg).,0.0346
2397,SECURITY,11.12,89.6,75.1,84.7,DESERT,VERTICAL,VERTICAL,8385.96,True,True,VTOL,0.95,MULTIROTOR,,,,0.0678
2398,RESEARCH,1.42,14.3,3.2,36.9,INDOOR,VERTICAL,VERTICAL,50622.46,True,True,MULTIROTOR,0.8,None,,,,0.0586
2399,SURVEY,45.0,30.0,20.0,60.0,RURAL,VERTICAL,VERTICAL,,True,False,None,,None,High payload mass (45.0 kg) requires specialized heavy-lift structural airframe.,NO_VALID_VEHICLE,No feasible aircraft design solution: Payload requirement (45.0 kg) exceeds maximum studio envelope limit (35.0 kg).,0.0344
2400,DELIVERY,23.89,41.4,68.4,54.6,MOUNTAIN,RUNWAY,RUNWAY,77497.83,True,True,FIXED_WING,1.0,VTOL,,,,0.0707
2401,INSPECTION,4.78,76.1,77.3,77.0,MARINE,VERTICAL,VERTICAL,59669.34,True,True,VTOL,0.95,MULTIROTOR,,,,0.0661
2402,RESEARCH,9.29,35.7,43.9,46.0,DESERT,VERTICAL,RUNWAY,31123.96,True,True,VTOL,0.95,MULTIROTOR,,,,0.0629
2403,MILITARY,11.58,43.9,40.5,77.6,MOUNTAIN,VERTICAL,RUNWAY,4120.2,True,True,VTOL,0.95,MULTIROTOR,,,,0.0636
2404,SURVEY,1.34,21.3,3.9,14.3,INDOOR,VERTICAL,VERTICAL,14918.32,True,True,MULTIROTOR,0.8,None,,,,0.0613
2405,DELIVERY,1.13,22.3,3.9,22.7,INDOOR,VERTICAL,VERTICAL,54322.27,True,True,MULTIROTOR,0.8,None,,,,0.0601
2406,DELIVERY,2.94,15.1,7.8,31.3,URBAN,VERTICAL,VERTICAL,5068.23,True,True,MULTIROTOR,0.8,VTOL,,,,0.0682
2407,AGRICULTURE,2.04,16.4,9.3,27.1,RURAL,VERTICAL,VERTICAL,30667.99,True,True,MULTIROTOR,0.8,VTOL,,,,0.0631
2408,SURVEY,4.14,69.0,31.3,53.5,FOREST,RUNWAY,PARACHUTE,67305.99,True,True,FIXED_WING,1.0,VTOL,,,,0.0632
2409,SECURITY,2.67,30.3,56.2,64.2,FOREST,VERTICAL,VERTICAL,23477.22,True,True,VTOL,0.95,MULTIROTOR,,,,0.0634
2410,SURVEY,2.0,500.0,20.0,60.0,RURAL,VERTICAL,VERTICAL,,True,False,None,,None,,NO_VALID_VEHICLE,No feasible aircraft design solution: Endurance requirement (500.0 min) exceeds battery/fuel energy storage density limit (450.0 min).,0.0343
2411,AGRICULTURE,4.9,148.4,112.0,80.0,MOUNTAIN,HAND_LAUNCH,PARACHUTE,23189.48,True,True,FIXED_WING,1.0,VTOL,,,,0.0634
2412,SURVEY,2.0,500.0,20.0,60.0,RURAL,VERTICAL,VERTICAL,,True,False,None,,None,,NO_VALID_VEHICLE,No feasible aircraft design solution: Endurance requirement (500.0 min) exceeds battery/fuel energy storage density limit (450.0 min).,0.0338
2413,TRAINING,4.27,96.0,85.9,57.8,MOUNTAIN,CATAPULT,NET_RECOVERY,65147.17,True,True,FIXED_WING,1.0,VTOL,,,,0.0641
2414,SURVEY,2.92,13.3,7.6,29.7,URBAN,VERTICAL,VERTICAL,50245.77,True,True,MULTIROTOR,0.8,VTOL,,,,0.0666
2415,MAPPING,4.64,36.1,137.8,76.4,RURAL,VERTICAL,VERTICAL,37864.08,True,True,VTOL,0.95,MULTIROTOR,,,,0.0627
2416,INSPECTION,6.74,71.3,73.6,78.6,RURAL,VERTICAL,VERTICAL,60548.38,True,True,VTOL,0.95,MULTIROTOR,,,,0.0636
2417,CUSTOM,8.81,75.5,56.4,60.4,MOUNTAIN,VERTICAL,VERTICAL,34164.56,True,True,VTOL,0.95,MULTIROTOR,,,,0.0632
2418,SURVEY,3.0,30.0,20.0,60.0,RURAL,VERTICAL,VERTICAL,-100.0,False,False,None,,None,,INVALID_REQUIREMENTS,Financial budget must be greater than $0 if specified. Provided: $-100.0.,0.0081
2419,CUSTOM,16.37,55.2,58.8,67.6,RURAL,RUNWAY,VERTICAL,32335.18,True,True,VTOL,0.8,MULTIROTOR,,,,0.0651
2420,SURVEY,2.65,16.2,3.3,42.7,RURAL,VERTICAL,VERTICAL,43692.6,True,True,MULTIROTOR,0.8,VTOL,,,,0.062
2421,MAPPING,1.31,23.8,2.2,15.6,INDOOR,VERTICAL,VERTICAL,35233.47,True,True,MULTIROTOR,0.8,None,,,,0.0591
2422,SURVEY,0.0,30.0,20.0,60.0,RURAL,VERTICAL,VERTICAL,10000.0,False,False,None,,None,,INVALID_REQUIREMENTS,Payload weight must be greater than 0 kg. Provided: 0.0 kg.,0.0083
2423,MAPPING,2.82,74.7,76.1,94.8,MOUNTAIN,VERTICAL,VERTICAL,31672.85,True,True,VTOL,0.95,MULTIROTOR,,,,0.066
2424,INSPECTION,17.8,30.0,43.0,63.3,MOUNTAIN,VERTICAL,VERTICAL,71809.6,True,True,VTOL,0.95,MULTIROTOR,,,,0.0653
2425,MILITARY,16.05,65.9,67.4,82.8,MOUNTAIN,VERTICAL,VERTICAL,60935.05,True,True,VTOL,0.95,MULTIROTOR,,,,0.0693
2426,AGRICULTURE,18.79,82.2,65.6,67.6,RURAL,VERTICAL,VERTICAL,75806.88,True,True,VTOL,0.95,MULTIROTOR,,,,0.0631
2427,DISASTER_RESPONSE,2.26,13.3,9.6,26.1,RURAL,VERTICAL,VERTICAL,67704.76,True,True,MULTIROTOR,0.8,VTOL,,,,0.0629
2428,MAPPING,1.18,11.9,10.6,42.6,RURAL,VERTICAL,VERTICAL,11175.42,True,True,MULTIROTOR,0.8,VTOL,,,,0.0659
2429,CUSTOM,1.09,9.0,2.6,28.5,INDOOR,VERTICAL,VERTICAL,68612.01,True,True,MULTIROTOR,0.8,None,,,,0.0589
2430,MILITARY,1.26,24.5,2.6,32.3,INDOOR,VERTICAL,VERTICAL,5285.89,True,True,MULTIROTOR,0.8,None,,,,0.0629
2431,SURVEY,2.0,500.0,20.0,60.0,RURAL,VERTICAL,VERTICAL,,True,False,None,,None,,NO_VALID_VEHICLE,No feasible aircraft design solution: Endurance requirement (500.0 min) exceeds battery/fuel energy storage density limit (450.0 min).,0.0341
2432,MILITARY,1.26,22.0,1.0,13.9,INDOOR,VERTICAL,VERTICAL,14349.17,True,True,MULTIROTOR,0.8,None,,,,0.0621
2433,DISASTER_RESPONSE,3.07,12.3,2.2,31.4,RURAL,VERTICAL,VERTICAL,59355.29,True,True,MULTIROTOR,0.8,VTOL,,,,0.0641
2434,MAPPING,2.92,125.8,37.1,100.8,MOUNTAIN,CATAPULT,PARACHUTE,12843.79,True,True,FIXED_WING,1.0,VTOL,,,,0.072
2435,SECURITY,2.01,13.9,11.2,35.5,URBAN,VERTICAL,VERTICAL,22626.97,True,True,MULTIROTOR,0.8,VTOL,,,,0.0649
2436,MAPPING,2.31,64.4,84.4,102.2,MOUNTAIN,RUNWAY,BELLY_LANDING,7600.92,True,True,FIXED_WING,1.0,VTOL,,,,0.0633
2437,SURVEY,3.0,30.0,20.0,60.0,RURAL,VERTICAL,VERTICAL,-100.0,False,False,None,,None,,INVALID_REQUIREMENTS,Financial budget must be greater than $0 if specified. Provided: $-100.0.,0.0078
2438,INSPECTION,11.26,61.8,29.7,79.2,MOUNTAIN,VERTICAL,VERTICAL,38266.44,True,True,VTOL,0.8,MULTIROTOR,,,,0.0642
2439,MAPPING,24.01,25.9,58.0,84.2,MOUNTAIN,RUNWAY,VERTICAL,52869.53,True,True,VTOL,0.8,MULTIROTOR,,,,0.0627
2440,SECURITY,1.15,9.6,4.7,13.4,INDOOR,VERTICAL,VERTICAL,35778.36,True,True,MULTIROTOR,0.8,None,,,,0.0588
2441,MILITARY,3.54,98.8,91.5,70.9,MOUNTAIN,CATAPULT,RUNWAY,26594.74,True,True,FIXED_WING,1.0,VTOL,,,,0.0645
2442,INSPECTION,1.83,138.2,54.1,55.2,FOREST,HAND_LAUNCH,BELLY_LANDING,14183.37,True,True,VTOL,0.8,MULTIROTOR,,,,0.0627
2443,DELIVERY,2.32,23.7,8.2,45.2,RURAL,VERTICAL,VERTICAL,2773.02,True,True,MULTIROTOR,0.8,VTOL,,,,0.0614
2444,TRAINING,4.37,110.6,131.0,97.5,MOUNTAIN,VERTICAL,VERTICAL,19883.74,True,True,VTOL,0.95,MULTIROTOR,,,,0.0681
2445,INSPECTION,1.08,23.9,3.6,27.4,INDOOR,VERTICAL,VERTICAL,18806.02,True,True,MULTIROTOR,0.8,None,,,,0.0588
2446,SURVEY,25.0,30.0,250.0,60.0,RURAL,VERTICAL,VERTICAL,,True,False,None,,None,,NO_VALID_VEHICLE,No feasible aircraft design solution: Combined heavy payload (25.0 kg) and extended range (250.0 km) exceeds structural MTOW limit.,0.0342
2447,MILITARY,6.3,54.8,132.9,116.3,MOUNTAIN,VERTICAL,VERTICAL,28370.96,True,True,VTOL,0.95,MULTIROTOR,,,,0.063
2448,MAPPING,0.79,17.9,11.4,22.2,URBAN,VERTICAL,VERTICAL,48855.97,True,True,MULTIROTOR,0.8,VTOL,,,,0.0622
2449,MILITARY,12.23,85.7,10.1,50.4,RURAL,VERTICAL,VERTICAL,39915.75,True,True,VTOL,0.5,MULTIROTOR,,,,0.0626
2450,SURVEY,2.98,33.1,4.3,32.8,RURAL,VERTICAL,VERTICAL,43906.2,True,True,MULTIROTOR,0.8,VTOL,,,,0.063
2451,AGRICULTURE,1.88,32.1,14.5,38.9,RURAL,VERTICAL,VERTICAL,68740.08,True,True,MULTIROTOR,0.8,VTOL,,,,0.0623
2452,MAPPING,1.32,16.5,1.5,12.5,INDOOR,VERTICAL,VERTICAL,33997.37,True,True,MULTIROTOR,0.8,None,,,,0.0598
2453,MAPPING,2.07,34.5,5.7,45.6,URBAN,VERTICAL,VERTICAL,2509.95,True,True,MULTIROTOR,0.8,VTOL,,,,0.0632
2454,TRAINING,3.86,111.0,58.5,87.1,DESERT,HAND_LAUNCH,NET_RECOVERY,44655.83,True,True,FIXED_WING,1.0,VTOL,,,,0.0681
2455,SECURITY,6.52,47.6,139.2,60.6,FOREST,VERTICAL,VERTICAL,58712.87,True,True,VTOL,0.95,MULTIROTOR,,,,0.1222
2456,SURVEY,0.0,30.0,20.0,60.0,RURAL,VERTICAL,VERTICAL,10000.0,False,False,None,,None,,INVALID_REQUIREMENTS,Payload weight must be greater than 0 kg. Provided: 0.0 kg.,0.008
2457,SECURITY,3.17,63.9,116.2,76.3,RURAL,RUNWAY,NET_RECOVERY,51776.05,True,True,FIXED_WING,1.0,VTOL,,,,0.0633
2458,SURVEY,18.0,280.0,20.0,60.0,RURAL,VERTICAL,VERTICAL,,True,False,None,,None,,NO_VALID_VEHICLE,No feasible aircraft design solution: Combined heavy payload (18.0 kg) and ultra-long endurance (280.0 min) is physically unachievable.,0.0352
2459,AGRICULTURE,1.3,46.4,37.3,70.6,FOREST,CATAPULT,NET_RECOVERY,17967.52,True,True,FIXED_WING,1.0,VTOL,,,,0.0664
2460,TRAINING,15.5,78.8,50.8,83.4,MOUNTAIN,RUNWAY,RUNWAY,71859.23,True,True,FIXED_WING,1.0,VTOL,,,,0.0689
2461,SURVEY,18.0,280.0,20.0,60.0,RURAL,VERTICAL,VERTICAL,,True,False,None,,None,,NO_VALID_VEHICLE,No feasible aircraft design solution: Combined heavy payload (18.0 kg) and ultra-long endurance (280.0 min) is physically unachievable.,0.0446
2462,RESEARCH,23.26,56.1,54.0,50.1,DESERT,VERTICAL,VERTICAL,36100.48,True,True,VTOL,0.95,MULTIROTOR,,,,0.0708
2463,TRAINING,3.32,102.3,78.0,61.3,FOREST,VERTICAL,VERTICAL,35620.47,True,True,VTOL,0.95,MULTIROTOR,,,,0.0627
2464,SURVEY,2.0,30.0,500.0,60.0,RURAL,VERTICAL,VERTICAL,,True,False,None,,None,Extended range target (500.0 km) approaches maximum battery energy density threshold.,NO_VALID_VEHICLE,No feasible aircraft design solution: Range requirement (500.0 km) exceeds maximum studio envelope limit (450.0 km).,0.0342
2465,DELIVERY,0.28,16.1,2.6,27.7,INDOOR,VERTICAL,VERTICAL,42681.27,True,True,MULTIROTOR,0.8,None,,,,0.0585
2466,TRAINING,1.16,87.7,93.9,94.5,RURAL,CATAPULT,PARACHUTE,17574.59,True,True,FIXED_WING,1.0,VTOL,,,,0.0649
2467,DISASTER_RESPONSE,3.8,37.1,11.6,22.2,URBAN,VERTICAL,VERTICAL,4072.98,True,True,MULTIROTOR,0.8,VTOL,,,,0.0665
2468,SURVEY,15.06,33.2,78.9,59.8,RURAL,VERTICAL,RUNWAY,55103.47,True,True,VTOL,0.95,MULTIROTOR,,,,0.0645
2469,TRAINING,4.06,125.3,51.1,51.1,MOUNTAIN,RUNWAY,RUNWAY,50150.92,True,True,FIXED_WING,1.0,VTOL,,,,0.0623
2470,SURVEY,2.0,30.0,20.0,350.0,RURAL,VERTICAL,VERTICAL,,True,False,None,,None,,NO_VALID_VEHICLE,No feasible aircraft design solution: Cruise speed requirement (350.0 km/h) exceeds platform dynamic limit (300.0 km/h).,0.0339
2471,RESEARCH,8.2,68.8,59.9,63.5,DESERT,RUNWAY,RUNWAY,5893.58,True,True,FIXED_WING,1.0,VTOL,,,,0.062
2472,SURVEY,45.0,30.0,20.0,60.0,RURAL,VERTICAL,VERTICAL,,True,False,None,,None,High payload mass (45.0 kg) requires specialized heavy-lift structural airframe.,NO_VALID_VEHICLE,No feasible aircraft design solution: Payload requirement (45.0 kg) exceeds maximum studio envelope limit (35.0 kg).,0.0344
2473,RESEARCH,1.87,61.2,29.2,63.8,RURAL,HAND_LAUNCH,RUNWAY,61069.02,True,True,FIXED_WING,1.0,VTOL,,,,0.0624
2474,MILITARY,4.65,83.7,38.8,51.8,FOREST,RUNWAY,RUNWAY,79627.39,True,True,FIXED_WING,1.0,VTOL,,,,0.0627
2475,MAPPING,7.59,91.7,32.8,71.5,MOUNTAIN,VERTICAL,VERTICAL,19408.24,True,True,VTOL,0.95,MULTIROTOR,,,,0.0678
2476,TRAINING,3.42,147.3,82.7,101.4,MOUNTAIN,RUNWAY,NET_RECOVERY,22682.35,True,True,FIXED_WING,1.0,VTOL,,,,0.0627
2477,AGRICULTURE,18.52,39.5,73.9,54.9,MOUNTAIN,VERTICAL,VERTICAL,70394.32,True,True,VTOL,0.95,MULTIROTOR,,,,0.0678
2478,SURVEY,15.99,88.6,62.2,44.6,DESERT,VERTICAL,VERTICAL,64706.29,True,True,VTOL,0.95,MULTIROTOR,,,,0.0632
2479,SURVEY,0.0,30.0,20.0,60.0,RURAL,VERTICAL,VERTICAL,10000.0,False,False,None,,None,,INVALID_REQUIREMENTS,Payload weight must be greater than 0 kg. Provided: 0.0 kg.,0.0083
2480,DELIVERY,0.93,16.6,1.2,30.7,INDOOR,VERTICAL,VERTICAL,36294.58,True,True,MULTIROTOR,0.8,None,,,,0.0617
2481,RESEARCH,5.89,67.2,31.5,94.3,MARINE,VERTICAL,VERTICAL,13657.14,True,True,VTOL,0.95,MULTIROTOR,,,,0.0644
2482,DISASTER_RESPONSE,15.14,42.0,70.0,61.9,DESERT,VERTICAL,RUNWAY,59855.68,True,True,VTOL,0.95,MULTIROTOR,,,,0.0672
2483,SURVEY,3.0,-10.0,20.0,60.0,RURAL,VERTICAL,VERTICAL,10000.0,False,False,None,,None,,INVALID_REQUIREMENTS,Target flight time must be greater than 0 minutes. Provided: -10.0 min.,0.0078
2484,SURVEY,4.86,102.1,113.9,78.0,RURAL,VERTICAL,VERTICAL,11873.59,True,True,VTOL,0.95,MULTIROTOR,,,,0.0629
2485,INSPECTION,2.11,66.0,58.5,67.6,MARINE,VERTICAL,VERTICAL,46399.69,True,True,VTOL,0.95,MULTIROTOR,,,,0.0673
2486,INSPECTION,2.48,81.8,122.3,65.9,FOREST,VERTICAL,VERTICAL,40771.2,True,True,VTOL,0.95,MULTIROTOR,,,,0.0629
2487,SURVEY,3.0,30.0,-5.0,60.0,RURAL,VERTICAL,VERTICAL,10000.0,False,False,None,,None,,INVALID_REQUIREMENTS,Target range must be greater than 0 km. Provided: -5.0 km.,0.008
2488,DISASTER_RESPONSE,0.93,32.1,9.0,42.1,RURAL,VERTICAL,VERTICAL,57787.31,True,True,MULTIROTOR,0.8,VTOL,,,,0.07
2489,RESEARCH,19.8,34.1,73.2,63.4,RURAL,RUNWAY,RUNWAY,51614.39,True,True,FIXED_WING,1.0,VTOL,,,,0.068
2490,DELIVERY,0.58,24.9,4.8,23.3,INDOOR,VERTICAL,VERTICAL,25669.09,True,True,MULTIROTOR,0.8,None,,,,0.0666
2491,MILITARY,19.46,33.3,63.7,41.0,RURAL,RUNWAY,RUNWAY,75212.43,True,True,FIXED_WING,1.0,VTOL,,,,0.0672
2492,RESEARCH,1.65,51.2,97.9,91.1,FOREST,HAND_LAUNCH,NET_RECOVERY,76341.35,True,True,FIXED_WING,1.0,VTOL,,,,0.0667
2493,CUSTOM,17.65,57.6,75.0,70.1,RURAL,VERTICAL,VERTICAL,45626.23,True,True,VTOL,0.95,MULTIROTOR,,,,0.0631
2494,SECURITY,4.64,72.1,55.3,81.9,FOREST,RUNWAY,BELLY_LANDING,42837.19,True,True,FIXED_WING,1.0,VTOL,,,,0.0623
2495,MILITARY,23.28,71.1,69.3,80.7,RURAL,VERTICAL,RUNWAY,5839.98,True,True,VTOL,0.95,MULTIROTOR,,,,0.0673
2496,SURVEY,0.5,23.0,4.4,21.0,INDOOR,VERTICAL,VERTICAL,21764.24,True,True,MULTIROTOR,0.8,None,,,,0.2056
2497,SURVEY,2.98,28.6,8.6,28.8,RURAL,VERTICAL,VERTICAL,71836.28,True,True,MULTIROTOR,0.8,VTOL,,,,0.1119
2498,SURVEY,3.06,148.5,65.6,96.8,DESERT,RUNWAY,RUNWAY,43514.39,True,True,FIXED_WING,1.0,VTOL,,,,0.0813
2499,MAPPING,3.99,52.0,60.9,86.5,DESERT,HAND_LAUNCH,NET_RECOVERY,64923.54,True,True,FIXED_WING,1.0,VTOL,,,,0.0678
2500,TRAINING,3.59,148.5,72.0,99.5,RURAL,RUNWAY,BELLY_LANDING,21613.51,True,True,FIXED_WING,1.0,VTOL,,,,0.065
2501,MILITARY,2.22,57.0,117.2,107.2,MARINE,VERTICAL,VERTICAL,73500.35,True,True,VTOL,0.95,MULTIROTOR,,,,0.0681
2502,INSPECTION,10.23,63.5,21.2,62.5,RURAL,RUNWAY,VERTICAL,43988.53,True,True,VTOL,0.7,MULTIROTOR,,,,0.0686
2503,DELIVERY,2.5,64.0,120.6,114.2,MARINE,VERTICAL,VERTICAL,60264.2,True,True,VTOL,0.95,MULTIROTOR,,,,0.0693
2504,SURVEY,18.0,280.0,20.0,60.0,RURAL,VERTICAL,VERTICAL,,True,False,None,,None,,NO_VALID_VEHICLE,No feasible aircraft design solution: Combined heavy payload (18.0 kg) and ultra-long endurance (280.0 min) is physically unachievable.,0.0368
2505,SURVEY,0.0,30.0,20.0,60.0,RURAL,VERTICAL,VERTICAL,10000.0,False,False,None,,None,,INVALID_REQUIREMENTS,Payload weight must be greater than 0 kg. Provided: 0.0 kg.,0.0091
2506,DISASTER_RESPONSE,15.32,59.2,70.9,77.6,MOUNTAIN,RUNWAY,RUNWAY,2742.45,True,True,FIXED_WING,1.0,VTOL,,,,0.0792
2507,DISASTER_RESPONSE,1.69,100.7,119.0,79.5,FOREST,RUNWAY,PARACHUTE,38936.62,True,True,FIXED_WING,1.0,VTOL,,,,0.0638
2508,AGRICULTURE,5.9,36.1,79.8,70.6,RURAL,VERTICAL,VERTICAL,41377.48,True,True,VTOL,0.95,MULTIROTOR,,,,0.0634
2509,DISASTER_RESPONSE,3.24,37.1,14.6,28.0,RURAL,VERTICAL,VERTICAL,59030.17,True,True,MULTIROTOR,0.8,VTOL,,,,0.0748
2510,TRAINING,1.39,134.5,87.2,92.1,FOREST,RUNWAY,NET_RECOVERY,54777.27,True,True,FIXED_WING,1.0,VTOL,,,,0.0713
2511,MILITARY,4.07,140.6,59.5,56.0,MOUNTAIN,RUNWAY,PARACHUTE,65541.6,True,True,FIXED_WING,1.0,VTOL,,,,0.3919
2512,MAPPING,0.93,5.8,2.7,20.0,INDOOR,VERTICAL,VERTICAL,76645.09,True,True,MULTIROTOR,0.8,None,,,,0.1031
2513,TRAINING,1.5,32.0,4.6,29.9,URBAN,VERTICAL,VERTICAL,5341.49,True,True,MULTIROTOR,0.8,VTOL,,,,0.0955
2514,MAPPING,1.17,13.5,12.1,28.5,URBAN,VERTICAL,VERTICAL,63430.85,True,True,MULTIROTOR,0.8,VTOL,,,,0.3075
2515,DISASTER_RESPONSE,0.28,24.3,4.4,38.9,INDOOR,VERTICAL,VERTICAL,62164.51,True,True,MULTIROTOR,0.8,None,,,,0.1893
2516,MILITARY,0.82,17.5,3.4,14.1,INDOOR,VERTICAL,VERTICAL,49818.87,True,True,MULTIROTOR,0.8,None,,,,0.115
2517,MILITARY,0.59,9.4,1.6,36.2,INDOOR,VERTICAL,VERTICAL,63638.93,True,True,MULTIROTOR,0.8,None,,,,0.0803
2518,SURVEY,45.0,30.0,20.0,60.0,RURAL,VERTICAL,VERTICAL,,True,False,None,,None,High payload mass (45.0 kg) requires specialized heavy-lift structural airframe.,NO_VALID_VEHICLE,No feasible aircraft design solution: Payload requirement (45.0 kg) exceeds maximum studio envelope limit (35.0 kg).,0.0563
2519,MAPPING,10.17,70.6,22.1,72.3,RURAL,RUNWAY,VERTICAL,50621.56,True,True,VTOL,0.7,MULTIROTOR,,,,0.1031
2520,RESEARCH,2.7,132.2,100.9,96.0,MOUNTAIN,RUNWAY,NET_RECOVERY,16503.2,True,True,FIXED_WING,1.0,VTOL,,,,0.1026
2521,SURVEY,25.0,30.0,250.0,60.0,RURAL,VERTICAL,VERTICAL,,True,False,None,,None,,NO_VALID_VEHICLE,No feasible aircraft design solution: Combined heavy payload (25.0 kg) and extended range (250.0 km) exceeds structural MTOW limit.,0.0473
2522,DISASTER_RESPONSE,2.93,16.5,4.1,23.0,URBAN,VERTICAL,VERTICAL,33480.33,True,True,MULTIROTOR,0.8,VTOL,,,,0.1053
2523,CUSTOM,1.73,39.0,6.5,37.5,URBAN,VERTICAL,VERTICAL,30825.23,True,True,MULTIROTOR,0.8,VTOL,,,,0.0839
2524,CUSTOM,0.42,19.8,1.8,29.8,INDOOR,VERTICAL,VERTICAL,13372.88,True,True,MULTIROTOR,0.8,None,,,,0.0606
2525,INSPECTION,0.11,16.6,4.1,14.0,INDOOR,VERTICAL,VERTICAL,56994.69,True,True,MULTIROTOR,0.8,None,,,,0.0639
2526,DISASTER_RESPONSE,0.13,17.8,4.1,15.1,INDOOR,VERTICAL,VERTICAL,3739.87,True,True,MULTIROTOR,0.8,None,,,,0.0597
2527,RESEARCH,0.59,17.2,7.0,23.6,URBAN,VERTICAL,VERTICAL,69143.3,True,True,MULTIROTOR,0.8,VTOL,,,,0.0746
2528,MAPPING,1.3,31.9,9.8,45.2,RURAL,VERTICAL,VERTICAL,46831.66,True,True,MULTIROTOR,0.8,VTOL,,,,0.072
2529,SECURITY,2.92,31.2,2.8,40.6,RURAL,VERTICAL,VERTICAL,57841.14,True,True,MULTIROTOR,0.8,VTOL,,,,0.068
2530,SURVEY,2.0,30.0,500.0,60.0,RURAL,VERTICAL,VERTICAL,,True,False,None,,None,Extended range target (500.0 km) approaches maximum battery energy density threshold.,NO_VALID_VEHICLE,No feasible aircraft design solution: Range requirement (500.0 km) exceeds maximum studio envelope limit (450.0 km).,0.0364
2531,RESEARCH,1.12,19.3,9.0,47.8,URBAN,VERTICAL,VERTICAL,7413.33,True,True,MULTIROTOR,0.8,VTOL,,,,0.0626
2532,SECURITY,9.32,56.7,57.2,41.7,RURAL,VERTICAL,VERTICAL,53791.44,True,True,VTOL,0.95,MULTIROTOR,,,,0.0662
2533,INSPECTION,2.0,13.4,5.9,31.3,RURAL,VERTICAL,VERTICAL,25510.68,True,True,MULTIROTOR,0.8,VTOL,,,,0.0677
2534,DISASTER_RESPONSE,2.1,130.1,65.4,73.9,RURAL,HAND_LAUNCH,RUNWAY,71761.83,True,True,FIXED_WING,1.0,VTOL,,,,0.0706
2535,TRAINING,3.98,124.9,42.0,78.2,RURAL,HAND_LAUNCH,RUNWAY,9642.66,True,True,FIXED_WING,1.0,VTOL,,,,0.0689
2536,DELIVERY,20.21,65.0,49.5,82.9,RURAL,VERTICAL,RUNWAY,74626.22,True,True,VTOL,0.95,MULTIROTOR,,,,0.0651
2537,RESEARCH,5.01,92.1,119.5,61.9,MARINE,VERTICAL,VERTICAL,42270.04,True,True,VTOL,0.95,MULTIROTOR,,,,0.0655
2538,SURVEY,25.0,30.0,250.0,60.0,RURAL,VERTICAL,VERTICAL,,True,False,None,,None,,NO_VALID_VEHICLE,No feasible aircraft design solution: Combined heavy payload (25.0 kg) and extended range (250.0 km) exceeds structural MTOW limit.,0.0348
2539,CUSTOM,16.22,80.5,59.5,73.8,RURAL,VERTICAL,VERTICAL,38998.43,True,True,VTOL,0.95,MULTIROTOR,,,,0.0635
2540,SURVEY,3.0,30.0,20.0,0.0,RURAL,VERTICAL,VERTICAL,10000.0,False,False,None,,None,,INVALID_REQUIREMENTS,Cruise speed must be greater than 0 km/h. Provided: 0.0 km/h.,0.0107
2541,DISASTER_RESPONSE,4.18,108.7,104.0,98.1,MOUNTAIN,VERTICAL,VERTICAL,50113.98,True,True,VTOL,0.95,MULTIROTOR,,,,0.0656
2542,SURVEY,2.0,30.0,500.0,60.0,RURAL,VERTICAL,VERTICAL,,True,False,None,,None,Extended range target (500.0 km) approaches maximum battery energy density threshold.,NO_VALID_VEHICLE,No feasible aircraft design solution: Range requirement (500.0 km) exceeds maximum studio envelope limit (450.0 km).,0.0385
2543,SURVEY,18.0,280.0,20.0,60.0,RURAL,VERTICAL,VERTICAL,,True,False,None,,None,,NO_VALID_VEHICLE,No feasible aircraft design solution: Combined heavy payload (18.0 kg) and ultra-long endurance (280.0 min) is physically unachievable.,0.0341
2544,MILITARY,0.37,11.1,1.1,25.3,INDOOR,VERTICAL,VERTICAL,22755.2,True,True,MULTIROTOR,0.8,None,,,,0.0604
2545,RESEARCH,2.78,36.5,3.8,43.0,RURAL,VERTICAL,VERTICAL,70279.74,True,True,MULTIROTOR,0.8,VTOL,,,,0.0632
2546,AGRICULTURE,1.05,18.4,1.3,28.7,INDOOR,VERTICAL,VERTICAL,41270.17,True,True,MULTIROTOR,0.8,None,,,,0.0673
2547,SURVEY,2.0,30.0,20.0,350.0,RURAL,VERTICAL,VERTICAL,,True,False,None,,None,,NO_VALID_VEHICLE,No feasible aircraft design solution: Cruise speed requirement (350.0 km/h) exceeds platform dynamic limit (300.0 km/h).,0.0354
2548,RESEARCH,1.4,22.3,1.3,29.8,INDOOR,VERTICAL,VERTICAL,72030.83,True,True,MULTIROTOR,0.8,None,,,,0.0596
2549,AGRICULTURE,9.51,41.7,45.4,61.3,DESERT,VERTICAL,VERTICAL,66233.7,True,True,VTOL,0.95,MULTIROTOR,,,,0.0733
2550,SURVEY,45.0,30.0,20.0,60.0,RURAL,VERTICAL,VERTICAL,,True,False,None,,None,High payload mass (45.0 kg) requires specialized heavy-lift structural airframe.,NO_VALID_VEHICLE,No feasible aircraft design solution: Payload requirement (45.0 kg) exceeds maximum studio envelope limit (35.0 kg).,0.0349
2551,INSPECTION,2.76,64.6,108.8,70.8,RURAL,HAND_LAUNCH,PARACHUTE,10149.01,True,True,VTOL,0.8,MULTIROTOR,,,,0.0679
2552,DISASTER_RESPONSE,0.73,9.5,3.1,21.4,INDOOR,VERTICAL,VERTICAL,54709.15,True,True,MULTIROTOR,0.8,None,,,,0.0589
2553,SECURITY,1.46,31.5,13.6,46.5,RURAL,VERTICAL,VERTICAL,69538.86,True,True,MULTIROTOR,0.8,VTOL,,,,0.0646
2554,RESEARCH,7.17,35.2,136.0,73.6,MOUNTAIN,VERTICAL,VERTICAL,40227.72,True,True,VTOL,0.95,MULTIROTOR,,,,0.0648
2555,DELIVERY,3.44,117.6,35.8,95.8,RURAL,VERTICAL,VERTICAL,19445.9,True,True,VTOL,0.95,MULTIROTOR,,,,0.0634
2556,SURVEY,0.16,14.4,2.9,18.8,INDOOR,VERTICAL,VERTICAL,16131.94,True,True,MULTIROTOR,0.8,None,,,,0.0594
2557,SURVEY,2.42,18.7,7.2,34.1,URBAN,VERTICAL,VERTICAL,22488.54,True,True,MULTIROTOR,0.8,VTOL,,,,0.062
2558,DELIVERY,0.76,7.6,3.9,30.4,INDOOR,VERTICAL,VERTICAL,68439.5,True,True,MULTIROTOR,0.8,None,,,,0.06
2559,DELIVERY,4.9,105.9,143.4,68.8,RURAL,VERTICAL,VERTICAL,3224.48,True,True,VTOL,0.95,MULTIROTOR,,,,0.0646
2560,RESEARCH,3.87,87.8,117.7,69.2,FOREST,CATAPULT,RUNWAY,73750.11,True,True,FIXED_WING,1.0,VTOL,,,,0.0685
2561,CUSTOM,4.11,74.5,99.3,79.1,MOUNTAIN,VERTICAL,VERTICAL,31400.64,True,True,VTOL,0.95,MULTIROTOR,,,,0.0642
2562,RESEARCH,10.02,25.6,41.5,41.8,RURAL,VERTICAL,VERTICAL,79904.32,True,True,VTOL,0.95,MULTIROTOR,,,,0.0638
2563,RESEARCH,0.17,9.3,1.0,38.6,INDOOR,VERTICAL,VERTICAL,21777.49,True,True,MULTIROTOR,0.8,None,,,,0.0585
2564,MAPPING,0.86,5.7,0.8,22.6,INDOOR,VERTICAL,VERTICAL,25926.28,True,True,MULTIROTOR,0.8,None,,,,0.0628
2565,DISASTER_RESPONSE,0.73,11.0,2.2,30.2,INDOOR,VERTICAL,VERTICAL,56826.85,True,True,MULTIROTOR,0.8,None,,,,0.058
2566,DELIVERY,1.28,86.5,29.4,83.5,DESERT,RUNWAY,PARACHUTE,55583.78,True,True,FIXED_WING,1.0,VTOL,,,,0.0656
2567,DELIVERY,1.93,113.4,74.1,96.4,RURAL,RUNWAY,NET_RECOVERY,52659.08,True,True,FIXED_WING,1.0,VTOL,,,,0.0667
2568,SURVEY,25.0,30.0,250.0,60.0,RURAL,VERTICAL,VERTICAL,,True,False,None,,None,,NO_VALID_VEHICLE,No feasible aircraft design solution: Combined heavy payload (25.0 kg) and extended range (250.0 km) exceeds structural MTOW limit.,0.0373
2569,SECURITY,3.32,15.4,14.8,42.9,URBAN,VERTICAL,VERTICAL,78033.88,True,True,MULTIROTOR,0.8,VTOL,,,,0.0666
2570,AGRICULTURE,1.75,24.5,10.9,30.4,RURAL,VERTICAL,VERTICAL,9421.49,True,True,MULTIROTOR,0.8,VTOL,,,,0.0623
2571,SURVEY,1.03,19.4,1.1,15.4,INDOOR,VERTICAL,VERTICAL,38580.23,True,True,MULTIROTOR,0.8,None,,,,0.0597
2572,AGRICULTURE,9.67,29.7,62.4,40.2,MOUNTAIN,RUNWAY,RUNWAY,10654.48,True,True,FIXED_WING,1.0,VTOL,,,,0.0628
2573,CUSTOM,3.17,32.0,12.1,46.1,RURAL,VERTICAL,VERTICAL,71303.08,True,True,MULTIROTOR,0.8,VTOL,,,,0.0638
2574,SURVEY,3.0,30.0,20.0,60.0,RURAL,VERTICAL,VERTICAL,-100.0,False,False,None,,None,,INVALID_REQUIREMENTS,Financial budget must be greater than $0 if specified. Provided: $-100.0.,0.0085
2575,SURVEY,2.0,30.0,500.0,60.0,RURAL,VERTICAL,VERTICAL,,True,False,None,,None,Extended range target (500.0 km) approaches maximum battery energy density threshold.,NO_VALID_VEHICLE,No feasible aircraft design solution: Range requirement (500.0 km) exceeds maximum studio envelope limit (450.0 km).,0.035
2576,MILITARY,2.76,107.8,107.2,99.2,DESERT,HAND_LAUNCH,BELLY_LANDING,70098.3,True,True,FIXED_WING,1.0,VTOL,,,,0.0705
2577,TRAINING,19.07,50.2,22.8,61.7,MOUNTAIN,VERTICAL,RUNWAY,63620.26,True,True,VTOL,0.7,MULTIROTOR,,,,0.0634
2578,SURVEY,25.0,30.0,250.0,60.0,RURAL,VERTICAL,VERTICAL,,True,False,None,,None,,NO_VALID_VEHICLE,No feasible aircraft design solution: Combined heavy payload (25.0 kg) and extended range (250.0 km) exceeds structural MTOW limit.,0.0345
2579,SURVEY,0.0,30.0,20.0,60.0,RURAL,VERTICAL,VERTICAL,10000.0,False,False,None,,None,,INVALID_REQUIREMENTS,Payload weight must be greater than 0 kg. Provided: 0.0 kg.,0.0084
2580,DELIVERY,0.34,21.2,3.5,34.6,INDOOR,VERTICAL,VERTICAL,12756.42,True,True,MULTIROTOR,0.8,None,,,,0.0622
2581,AGRICULTURE,2.75,24.5,11.2,30.0,RURAL,VERTICAL,VERTICAL,32207.45,True,True,MULTIROTOR,0.8,VTOL,,,,0.0616
2582,SURVEY,1.05,14.9,4.7,32.0,URBAN,VERTICAL,VERTICAL,29323.44,True,True,MULTIROTOR,0.8,VTOL,,,,0.0612
2583,SECURITY,9.45,23.8,71.1,84.6,DESERT,RUNWAY,VERTICAL,26829.17,True,True,VTOL,0.8,MULTIROTOR,,,,0.0617
2584,DELIVERY,1.02,14.7,4.1,22.7,INDOOR,VERTICAL,VERTICAL,76854.12,True,True,MULTIROTOR,0.8,None,,,,0.0609
2585,MAPPING,3.22,59.9,39.7,64.3,FOREST,HAND_LAUNCH,BELLY_LANDING,64045.06,True,True,FIXED_WING,1.0,VTOL,,,,0.062
2586,INSPECTION,0.92,18.9,3.0,21.9,INDOOR,VERTICAL,VERTICAL,70464.64,True,True,MULTIROTOR,0.8,None,,,,0.0627
2587,RESEARCH,19.96,67.9,67.9,72.7,RURAL,VERTICAL,VERTICAL,12142.31,True,True,VTOL,0.95,MULTIROTOR,,,,0.0631
2588,SURVEY,0.43,12.3,2.8,27.5,INDOOR,VERTICAL,VERTICAL,13067.83,True,True,MULTIROTOR,0.8,None,,,,0.06
2589,SURVEY,18.0,280.0,20.0,60.0,RURAL,VERTICAL,VERTICAL,,True,False,None,,None,,NO_VALID_VEHICLE,No feasible aircraft design solution: Combined heavy payload (18.0 kg) and ultra-long endurance (280.0 min) is physically unachievable.,0.0351
2590,DISASTER_RESPONSE,4.51,68.7,25.3,76.3,MOUNTAIN,CATAPULT,NET_RECOVERY,72590.93,True,True,FIXED_WING,1.0,VTOL,,,,0.0633
2591,MILITARY,3.18,74.2,53.4,50.5,RURAL,HAND_LAUNCH,NET_RECOVERY,62812.11,True,True,FIXED_WING,1.0,VTOL,,,,0.0653
2592,SURVEY,25.0,30.0,250.0,60.0,RURAL,VERTICAL,VERTICAL,,True,False,None,,None,,NO_VALID_VEHICLE,No feasible aircraft design solution: Combined heavy payload (25.0 kg) and extended range (250.0 km) exceeds structural MTOW limit.,0.0349
2593,MAPPING,3.12,35.3,10.0,28.9,RURAL,VERTICAL,VERTICAL,29074.09,True,True,MULTIROTOR,0.8,VTOL,,,,0.0618
2594,SECURITY,0.91,26.7,6.7,40.9,URBAN,VERTICAL,VERTICAL,33907.85,True,True,MULTIROTOR,0.8,VTOL,,,,0.0624
2595,SURVEY,2.0,30.0,500.0,60.0,RURAL,VERTICAL,VERTICAL,,True,False,None,,None,Extended range target (500.0 km) approaches maximum battery energy density threshold.,NO_VALID_VEHICLE,No feasible aircraft design solution: Range requirement (500.0 km) exceeds maximum studio envelope limit (450.0 km).,0.0392
2596,AGRICULTURE,0.49,10.6,3.4,23.6,INDOOR,VERTICAL,VERTICAL,52221.5,True,True,MULTIROTOR,0.8,None,,,,0.059
2597,MAPPING,2.84,15.7,9.8,22.9,RURAL,VERTICAL,VERTICAL,46784.43,True,True,MULTIROTOR,0.8,VTOL,,,,0.0624
2598,SURVEY,2.0,30.0,20.0,350.0,RURAL,VERTICAL,VERTICAL,,True,False,None,,None,,NO_VALID_VEHICLE,No feasible aircraft design solution: Cruise speed requirement (350.0 km/h) exceeds platform dynamic limit (300.0 km/h).,0.0345
2599,INSPECTION,3.12,34.3,13.9,46.9,URBAN,VERTICAL,VERTICAL,24020.02,True,True,MULTIROTOR,0.8,VTOL,,,,0.0637
2600,TRAINING,3.14,35.8,130.9,60.1,MOUNTAIN,VERTICAL,VERTICAL,70071.48,True,True,VTOL,0.95,MULTIROTOR,,,,0.0682
2601,SURVEY,0.57,9.2,1.9,35.8,INDOOR,VERTICAL,VERTICAL,62602.81,True,True,MULTIROTOR,0.8,None,,,,0.0591
2602,SURVEY,2.0,30.0,20.0,350.0,RURAL,VERTICAL,VERTICAL,,True,False,None,,None,,NO_VALID_VEHICLE,No feasible aircraft design solution: Cruise speed requirement (350.0 km/h) exceeds platform dynamic limit (300.0 km/h).,0.0336
2603,AGRICULTURE,1.95,113.6,78.3,59.8,RURAL,HAND_LAUNCH,NET_RECOVERY,18374.26,True,True,FIXED_WING,1.0,VTOL,,,,0.0693
2604,DELIVERY,2.39,92.3,34.7,68.5,MOUNTAIN,RUNWAY,BELLY_LANDING,61320.99,True,True,FIXED_WING,1.0,VTOL,,,,0.0688
2605,SURVEY,21.62,72.2,77.0,71.7,MOUNTAIN,VERTICAL,RUNWAY,37393.06,True,True,VTOL,0.95,MULTIROTOR,,,,0.0733
2606,RESEARCH,7.91,72.6,91.5,115.4,RURAL,VERTICAL,VERTICAL,71146.63,True,True,VTOL,0.95,MULTIROTOR,,,,0.0627
2607,INSPECTION,2.59,148.1,105.8,57.7,FOREST,RUNWAY,BELLY_LANDING,41499.72,True,True,VTOL,0.8,MULTIROTOR,,,,0.0629
2608,SURVEY,2.0,500.0,20.0,60.0,RURAL,VERTICAL,VERTICAL,,True,False,None,,None,,NO_VALID_VEHICLE,No feasible aircraft design solution: Endurance requirement (500.0 min) exceeds battery/fuel energy storage density limit (450.0 min).,0.034
2609,DELIVERY,4.96,96.6,111.1,97.6,MOUNTAIN,CATAPULT,NET_RECOVERY,7872.84,True,True,FIXED_WING,1.0,VTOL,,,,0.0631
2610,DISASTER_RESPONSE,1.33,17.3,2.0,32.8,INDOOR,VERTICAL,VERTICAL,22913.13,True,True,MULTIROTOR,0.8,None,,,,0.063
2611,SURVEY,3.0,30.0,20.0,60.0,RURAL,VERTICAL,VERTICAL,-100.0,False,False,None,,None,,INVALID_REQUIREMENTS,Financial budget must be greater than $0 if specified. Provided: $-100.0.,0.0078
2612,SURVEY,18.0,280.0,20.0,60.0,RURAL,VERTICAL,VERTICAL,,True,False,None,,None,,NO_VALID_VEHICLE,No feasible aircraft design solution: Combined heavy payload (18.0 kg) and ultra-long endurance (280.0 min) is physically unachievable.,0.0343
2613,SECURITY,6.71,80.9,129.1,74.4,MOUNTAIN,VERTICAL,VERTICAL,36034.99,True,True,VTOL,0.95,MULTIROTOR,,,,0.0624
2614,RESEARCH,4.49,115.4,68.2,85.0,MOUNTAIN,VERTICAL,VERTICAL,40726.22,True,True,VTOL,0.95,MULTIROTOR,,,,0.0632
2615,MAPPING,1.48,9.7,4.1,24.7,INDOOR,VERTICAL,VERTICAL,18652.23,True,True,MULTIROTOR,0.8,None,,,,0.0588
2616,SURVEY,2.0,500.0,20.0,60.0,RURAL,VERTICAL,VERTICAL,,True,False,None,,None,,NO_VALID_VEHICLE,No feasible aircraft design solution: Endurance requirement (500.0 min) exceeds battery/fuel energy storage density limit (450.0 min).,0.0356
2617,CUSTOM,3.69,16.5,11.4,44.7,URBAN,VERTICAL,VERTICAL,20361.29,True,True,MULTIROTOR,0.8,VTOL,,,,0.0659
2618,SURVEY,3.05,111.8,48.1,50.7,RURAL,RUNWAY,PARACHUTE,12111.65,True,True,FIXED_WING,1.0,VTOL,,,,0.0693
2619,DELIVERY,1.85,60.4,34.9,56.3,RURAL,HAND_LAUNCH,PARACHUTE,66114.63,True,True,FIXED_WING,1.0,VTOL,,,,0.0673
2620,AGRICULTURE,13.29,31.0,19.6,46.7,DESERT,RUNWAY,VERTICAL,67912.94,True,True,VTOL,0.7,MULTIROTOR,,,,0.0657
2621,SURVEY,18.0,280.0,20.0,60.0,RURAL,VERTICAL,VERTICAL,,True,False,None,,None,,NO_VALID_VEHICLE,No feasible aircraft design solution: Combined heavy payload (18.0 kg) and ultra-long endurance (280.0 min) is physically unachievable.,0.0346
2622,AGRICULTURE,2.98,37.9,4.1,28.8,URBAN,VERTICAL,VERTICAL,41110.38,True,True,MULTIROTOR,0.8,VTOL,,,,0.0612
2623,INSPECTION,1.34,53.7,70.2,78.7,RURAL,CATAPULT,PARACHUTE,39125.48,True,True,VTOL,0.8,MULTIROTOR,,,,0.0669
2624,SECURITY,5.89,76.5,60.9,71.0,RURAL,VERTICAL,VERTICAL,49772.94,True,True,VTOL,0.95,MULTIROTOR,,,,0.0627
2625,MAPPING,7.34,57.6,114.8,114.8,FOREST,VERTICAL,VERTICAL,37668.97,True,True,VTOL,0.95,MULTIROTOR,,,,0.0627
2626,DISASTER_RESPONSE,3.72,10.5,10.3,22.1,RURAL,VERTICAL,VERTICAL,52474.68,True,True,MULTIROTOR,0.8,VTOL,,,,0.0628
2627,CUSTOM,5.19,87.3,51.6,108.4,MOUNTAIN,VERTICAL,VERTICAL,58300.54,True,True,VTOL,0.95,MULTIROTOR,,,,0.0626
2628,SURVEY,45.0,30.0,20.0,60.0,RURAL,VERTICAL,VERTICAL,,True,False,None,,None,High payload mass (45.0 kg) requires specialized heavy-lift structural airframe.,NO_VALID_VEHICLE,No feasible aircraft design solution: Payload requirement (45.0 kg) exceeds maximum studio envelope limit (35.0 kg).,0.0349
2629,SURVEY,25.0,30.0,250.0,60.0,RURAL,VERTICAL,VERTICAL,,True,False,None,,None,,NO_VALID_VEHICLE,No feasible aircraft design solution: Combined heavy payload (25.0 kg) and extended range (250.0 km) exceeds structural MTOW limit.,0.0329
2630,SURVEY,1.02,17.2,3.5,18.7,INDOOR,VERTICAL,VERTICAL,69815.36,True,True,MULTIROTOR,0.8,None,,,,0.0581
2631,SURVEY,2.0,500.0,20.0,60.0,RURAL,VERTICAL,VERTICAL,,True,False,None,,None,,NO_VALID_VEHICLE,No feasible aircraft design solution: Endurance requirement (500.0 min) exceeds battery/fuel energy storage density limit (450.0 min).,0.0335
2632,SURVEY,3.0,-10.0,20.0,60.0,RURAL,VERTICAL,VERTICAL,10000.0,False,False,None,,None,,INVALID_REQUIREMENTS,Target flight time must be greater than 0 minutes. Provided: -10.0 min.,0.0076
2633,TRAINING,3.71,126.3,38.2,57.1,DESERT,HAND_LAUNCH,PARACHUTE,30592.88,True,True,FIXED_WING,1.0,VTOL,,,,0.065
2634,MAPPING,13.5,59.9,13.6,78.1,MOUNTAIN,RUNWAY,RUNWAY,19509.78,True,True,FIXED_WING,0.85,VTOL,,,,0.0684
2635,CUSTOM,3.75,10.4,10.0,38.4,URBAN,VERTICAL,VERTICAL,15405.87,True,True,MULTIROTOR,0.8,VTOL,,,,0.0729
2636,MILITARY,4.98,41.4,90.0,74.1,FOREST,VERTICAL,VERTICAL,15107.77,True,True,VTOL,0.95,MULTIROTOR,,,,0.0632
2637,RESEARCH,2.78,91.7,28.9,67.8,MOUNTAIN,CATAPULT,NET_RECOVERY,67663.34,True,True,FIXED_WING,1.0,VTOL,,,,0.0638
2638,CUSTOM,0.51,18.8,1.8,17.1,INDOOR,VERTICAL,VERTICAL,9384.27,True,True,MULTIROTOR,0.8,None,,,,0.0621
2639,SURVEY,18.0,280.0,20.0,60.0,RURAL,VERTICAL,VERTICAL,,True,False,None,,None,,NO_VALID_VEHICLE,No feasible aircraft design solution: Combined heavy payload (18.0 kg) and ultra-long endurance (280.0 min) is physically unachievable.,0.0375
2640,MAPPING,21.99,71.1,53.3,57.7,MOUNTAIN,RUNWAY,RUNWAY,42953.98,True,True,FIXED_WING,1.0,VTOL,,,,0.0629
2641,MAPPING,6.04,46.5,31.8,106.2,FOREST,VERTICAL,VERTICAL,21499.54,True,True,VTOL,0.95,MULTIROTOR,,,,0.0661
2642,SURVEY,3.04,56.7,114.9,64.2,RURAL,VERTICAL,VERTICAL,36597.01,True,True,VTOL,0.95,MULTIROTOR,,,,0.0677
2643,DISASTER_RESPONSE,7.9,83.4,106.8,62.3,MARINE,VERTICAL,VERTICAL,78158.37,True,True,VTOL,0.95,MULTIROTOR,,,,0.0652
2644,MAPPING,2.18,52.2,31.8,81.2,MOUNTAIN,VERTICAL,VERTICAL,49028.82,True,True,VTOL,0.95,MULTIROTOR,,,,0.0624
2645,AGRICULTURE,1.33,28.4,2.8,23.2,URBAN,VERTICAL,VERTICAL,33697.02,True,True,MULTIROTOR,0.8,VTOL,,,,0.062
2646,SURVEY,2.21,113.4,53.9,62.3,FOREST,CATAPULT,PARACHUTE,73299.16,True,True,FIXED_WING,1.0,VTOL,,,,0.1339
2647,SURVEY,25.0,30.0,250.0,60.0,RURAL,VERTICAL,VERTICAL,,True,False,None,,None,,NO_VALID_VEHICLE,No feasible aircraft design solution: Combined heavy payload (25.0 kg) and extended range (250.0 km) exceeds structural MTOW limit.,0.0387
2648,TRAINING,0.52,23.0,2.2,20.3,INDOOR,VERTICAL,VERTICAL,54834.41,True,True,MULTIROTOR,0.8,None,,,,0.065
2649,MILITARY,0.38,6.0,1.3,31.8,INDOOR,VERTICAL,VERTICAL,10658.32,True,True,MULTIROTOR,0.8,None,,,,0.0636
2650,SECURITY,2.73,147.5,25.1,89.9,FOREST,HAND_LAUNCH,PARACHUTE,29593.89,True,True,FIXED_WING,1.0,VTOL,,,,0.0662
2651,INSPECTION,3.31,53.8,92.5,90.7,FOREST,RUNWAY,NET_RECOVERY,30724.55,True,True,VTOL,0.8,MULTIROTOR,,,,0.0682
2652,AGRICULTURE,3.67,80.5,67.4,86.9,FOREST,VERTICAL,VERTICAL,55221.26,True,True,VTOL,0.95,MULTIROTOR,,,,0.0655
2653,DELIVERY,3.33,125.8,110.6,99.9,FOREST,CATAPULT,RUNWAY,22585.17,True,True,FIXED_WING,1.0,VTOL,,,,0.0631
2654,MAPPING,18.63,41.7,25.1,84.1,RURAL,RUNWAY,VERTICAL,55500.66,True,True,VTOL,0.8,MULTIROTOR,,,,0.0698
2655,MILITARY,2.36,14.2,8.9,45.2,RURAL,VERTICAL,VERTICAL,14601.51,True,True,MULTIROTOR,0.8,VTOL,,,,0.0636
2656,SURVEY,2.0,500.0,20.0,60.0,RURAL,VERTICAL,VERTICAL,,True,False,None,,None,,NO_VALID_VEHICLE,No feasible aircraft design solution: Endurance requirement (500.0 min) exceeds battery/fuel energy storage density limit (450.0 min).,0.0369
2657,RESEARCH,4.44,136.7,118.8,102.3,FOREST,CATAPULT,PARACHUTE,3467.67,True,True,FIXED_WING,1.0,VTOL,,,,0.0657
2658,RESEARCH,3.48,104.4,44.6,112.4,RURAL,VERTICAL,VERTICAL,32452.83,True,True,VTOL,0.95,MULTIROTOR,,,,0.07
2659,SURVEY,3.0,30.0,-5.0,60.0,RURAL,VERTICAL,VERTICAL,10000.0,False,False,None,,None,,INVALID_REQUIREMENTS,Target range must be greater than 0 km. Provided: -5.0 km.,0.0092
2660,TRAINING,0.61,22.0,4.4,29.1,INDOOR,VERTICAL,VERTICAL,69862.2,True,True,MULTIROTOR,0.8,None,,,,0.075
2661,SURVEY,45.0,30.0,20.0,60.0,RURAL,VERTICAL,VERTICAL,,True,False,None,,None,High payload mass (45.0 kg) requires specialized heavy-lift structural airframe.,NO_VALID_VEHICLE,No feasible aircraft design solution: Payload requirement (45.0 kg) exceeds maximum studio envelope limit (35.0 kg).,0.035
2662,SURVEY,25.0,30.0,250.0,60.0,RURAL,VERTICAL,VERTICAL,,True,False,None,,None,,NO_VALID_VEHICLE,No feasible aircraft design solution: Combined heavy payload (25.0 kg) and extended range (250.0 km) exceeds structural MTOW limit.,0.0334
2663,SECURITY,20.42,60.7,37.0,45.3,MOUNTAIN,VERTICAL,VERTICAL,8110.64,True,True,VTOL,0.95,MULTIROTOR,,,,0.0664
2664,CUSTOM,15.55,83.3,45.0,63.9,RURAL,VERTICAL,VERTICAL,52832.72,True,True,VTOL,0.95,MULTIROTOR,,,,0.0688
2665,CUSTOM,21.43,44.7,27.0,46.3,RURAL,RUNWAY,RUNWAY,2388.98,True,True,FIXED_WING,0.85,VTOL,,,,0.0635
2666,TRAINING,2.22,136.9,31.3,108.0,DESERT,CATAPULT,PARACHUTE,62111.53,True,True,FIXED_WING,1.0,VTOL,,,,0.0689
2667,DELIVERY,1.15,17.3,3.6,32.0,INDOOR,VERTICAL,VERTICAL,43042.13,True,True,MULTIROTOR,0.8,None,,,,0.0606
2668,DELIVERY,1.71,148.7,39.0,85.2,FOREST,CATAPULT,PARACHUTE,4487.66,True,True,FIXED_WING,1.0,VTOL,,,,0.0625
2669,MAPPING,2.52,84.8,83.1,63.3,FOREST,VERTICAL,VERTICAL,50692.49,True,True,VTOL,0.95,MULTIROTOR,,,,0.0676
2670,SURVEY,2.0,500.0,20.0,60.0,RURAL,VERTICAL,VERTICAL,,True,False,None,,None,,NO_VALID_VEHICLE,No feasible aircraft design solution: Endurance requirement (500.0 min) exceeds battery/fuel energy storage density limit (450.0 min).,0.0382
2671,RESEARCH,3.12,27.4,8.6,34.1,URBAN,VERTICAL,VERTICAL,33839.23,True,True,MULTIROTOR,0.8,VTOL,,,,0.0648
2672,SURVEY,18.0,280.0,20.0,60.0,RURAL,VERTICAL,VERTICAL,,True,False,None,,None,,NO_VALID_VEHICLE,No feasible aircraft design solution: Combined heavy payload (18.0 kg) and ultra-long endurance (280.0 min) is physically unachievable.,0.0369
2673,INSPECTION,7.13,45.9,38.1,92.3,MARINE,VERTICAL,VERTICAL,16277.62,True,True,VTOL,0.95,MULTIROTOR,,,,0.0637
2674,CUSTOM,1.68,123.4,100.4,103.6,MOUNTAIN,RUNWAY,PARACHUTE,4050.24,True,True,FIXED_WING,1.0,VTOL,,,,0.0624
2675,MAPPING,4.13,121.8,97.4,70.4,FOREST,CATAPULT,BELLY_LANDING,31880.05,True,True,FIXED_WING,1.0,VTOL,,,,0.0633
2676,INSPECTION,5.11,102.9,47.8,83.2,MOUNTAIN,VERTICAL,VERTICAL,60600.3,True,True,VTOL,0.95,MULTIROTOR,,,,0.0648
2677,RESEARCH,1.36,17.4,1.5,39.6,INDOOR,VERTICAL,VERTICAL,73638.6,True,True,MULTIROTOR,0.8,None,,,,0.0627
2678,TRAINING,3.62,64.3,100.5,76.9,FOREST,VERTICAL,VERTICAL,22708.06,True,True,VTOL,0.95,MULTIROTOR,,,,0.0629
2679,MILITARY,23.13,25.9,56.7,52.4,RURAL,VERTICAL,RUNWAY,53409.9,True,True,VTOL,0.95,MULTIROTOR,,,,0.063
2680,MILITARY,5.47,44.5,115.0,88.0,FOREST,VERTICAL,VERTICAL,41105.93,True,True,VTOL,0.95,MULTIROTOR,,,,0.0702
2681,SECURITY,4.65,37.8,85.8,65.4,MARINE,VERTICAL,VERTICAL,53123.15,True,True,VTOL,0.95,MULTIROTOR,,,,0.0635
2682,DELIVERY,3.57,56.5,79.6,76.5,DESERT,RUNWAY,NET_RECOVERY,18274.51,True,True,FIXED_WING,1.0,VTOL,,,,0.1263
2683,DISASTER_RESPONSE,2.68,91.6,100.6,95.8,MARINE,VERTICAL,VERTICAL,41783.85,True,True,VTOL,0.95,MULTIROTOR,,,,0.0684
2684,SURVEY,3.96,12.8,5.9,41.9,URBAN,VERTICAL,VERTICAL,78263.14,True,True,MULTIROTOR,0.8,VTOL,,,,0.094
2685,SURVEY,2.0,500.0,20.0,60.0,RURAL,VERTICAL,VERTICAL,,True,False,None,,None,,NO_VALID_VEHICLE,No feasible aircraft design solution: Endurance requirement (500.0 min) exceeds battery/fuel energy storage density limit (450.0 min).,0.0457
2686,SECURITY,3.18,60.3,110.4,104.4,FOREST,RUNWAY,BELLY_LANDING,18722.4,True,True,FIXED_WING,1.0,VTOL,,,,0.0809
2687,MAPPING,10.67,77.3,30.4,59.2,DESERT,RUNWAY,RUNWAY,7396.5,True,True,FIXED_WING,1.0,VTOL,,,,0.0717
2688,SURVEY,3.56,94.2,86.8,79.8,MOUNTAIN,CATAPULT,BELLY_LANDING,47289.47,True,True,FIXED_WING,1.0,VTOL,,,,0.074
2689,MILITARY,15.97,67.2,30.3,42.3,RURAL,RUNWAY,RUNWAY,48476.65,True,True,FIXED_WING,1.0,VTOL,,,,0.0722
2690,SECURITY,24.22,33.2,48.7,47.5,RURAL,RUNWAY,VERTICAL,75266.94,True,True,VTOL,0.8,MULTIROTOR,,,,0.0768
2691,SURVEY,2.0,30.0,500.0,60.0,RURAL,VERTICAL,VERTICAL,,True,False,None,,None,Extended range target (500.0 km) approaches maximum battery energy density threshold.,NO_VALID_VEHICLE,No feasible aircraft design solution: Range requirement (500.0 km) exceeds maximum studio envelope limit (450.0 km).,0.038
2692,DELIVERY,0.87,13.8,3.6,30.8,INDOOR,VERTICAL,VERTICAL,51082.3,True,True,MULTIROTOR,0.8,None,,,,0.065
2693,DELIVERY,3.19,22.4,7.0,29.7,URBAN,VERTICAL,VERTICAL,59520.71,True,True,MULTIROTOR,0.8,VTOL,,,,0.068
2694,MILITARY,1.33,24.4,8.6,37.7,RURAL,VERTICAL,VERTICAL,62467.67,True,True,MULTIROTOR,0.8,VTOL,,,,0.0681
2695,TRAINING,5.42,45.9,124.0,117.9,MOUNTAIN,VERTICAL,VERTICAL,71472.47,True,True,VTOL,0.95,MULTIROTOR,,,,0.1019
2696,TRAINING,1.4,18.4,2.5,24.5,INDOOR,VERTICAL,VERTICAL,36266.36,True,True,MULTIROTOR,0.8,None,,,,0.0752
2697,INSPECTION,2.49,19.7,2.9,21.2,URBAN,VERTICAL,VERTICAL,69680.61,True,True,MULTIROTOR,0.8,VTOL,,,,0.0725
2698,DELIVERY,6.32,47.6,109.2,67.5,RURAL,VERTICAL,VERTICAL,69277.79,True,True,VTOL,0.95,MULTIROTOR,,,,0.071
2699,AGRICULTURE,6.11,99.5,147.8,89.3,MOUNTAIN,VERTICAL,VERTICAL,49474.36,True,True,VTOL,0.95,MULTIROTOR,,,,0.0711
2700,TRAINING,10.51,58.4,43.1,65.0,MOUNTAIN,RUNWAY,RUNWAY,6227.16,True,True,FIXED_WING,1.0,VTOL,,,,0.0756
2701,SURVEY,4.11,66.1,71.6,58.0,DESERT,CATAPULT,NET_RECOVERY,8940.73,True,True,FIXED_WING,1.0,VTOL,,,,0.0708
2702,TRAINING,5.65,32.5,102.0,92.5,FOREST,VERTICAL,VERTICAL,64324.25,True,True,VTOL,0.95,MULTIROTOR,,,,0.0719
2703,DELIVERY,22.72,56.5,56.2,43.2,DESERT,VERTICAL,VERTICAL,50830.65,True,True,VTOL,0.95,MULTIROTOR,,,,0.0695
2704,SURVEY,5.82,91.4,120.3,79.1,MOUNTAIN,VERTICAL,VERTICAL,22261.96,True,True,VTOL,0.95,MULTIROTOR,,,,0.0711
2705,TRAINING,2.44,30.9,5.7,47.8,RURAL,VERTICAL,VERTICAL,62584.88,True,True,MULTIROTOR,0.8,VTOL,,,,0.0665
2706,SURVEY,18.0,280.0,20.0,60.0,RURAL,VERTICAL,VERTICAL,,True,False,None,,None,,NO_VALID_VEHICLE,No feasible aircraft design solution: Combined heavy payload (18.0 kg) and ultra-long endurance (280.0 min) is physically unachievable.,0.0358
2707,SECURITY,2.59,135.1,62.2,74.1,RURAL,HAND_LAUNCH,BELLY_LANDING,63932.81,True,True,FIXED_WING,1.0,VTOL,,,,0.0794
2708,DELIVERY,13.5,89.6,60.0,57.3,MOUNTAIN,RUNWAY,RUNWAY,79543.07,True,True,FIXED_WING,1.0,VTOL,,,,0.0657
2709,SURVEY,45.0,30.0,20.0,60.0,RURAL,VERTICAL,VERTICAL,,True,False,None,,None,High payload mass (45.0 kg) requires specialized heavy-lift structural airframe.,NO_VALID_VEHICLE,No feasible aircraft design solution: Payload requirement (45.0 kg) exceeds maximum studio envelope limit (35.0 kg).,0.0351
2710,SURVEY,4.31,46.4,37.6,91.2,RURAL,RUNWAY,BELLY_LANDING,72393.33,True,True,FIXED_WING,1.0,VTOL,,,,0.0623
2711,RESEARCH,0.14,16.5,0.6,20.3,INDOOR,VERTICAL,VERTICAL,27259.35,True,True,MULTIROTOR,0.8,None,,,,0.0641
2712,SURVEY,2.48,109.2,79.3,55.2,FOREST,HAND_LAUNCH,RUNWAY,51115.23,True,True,FIXED_WING,1.0,VTOL,,,,0.0628
2713,SURVEY,2.0,500.0,20.0,60.0,RURAL,VERTICAL,VERTICAL,,True,False,None,,None,,NO_VALID_VEHICLE,No feasible aircraft design solution: Endurance requirement (500.0 min) exceeds battery/fuel energy storage density limit (450.0 min).,0.0345
2714,SURVEY,3.0,-10.0,20.0,60.0,RURAL,VERTICAL,VERTICAL,10000.0,False,False,None,,None,,INVALID_REQUIREMENTS,Target flight time must be greater than 0 minutes. Provided: -10.0 min.,0.01
2715,CUSTOM,3.85,146.9,40.4,72.0,FOREST,RUNWAY,PARACHUTE,32214.06,True,True,FIXED_WING,1.0,VTOL,,,,0.063
2716,MILITARY,10.57,70.6,71.2,74.9,DESERT,RUNWAY,RUNWAY,72335.1,True,True,FIXED_WING,1.0,VTOL,,,,0.0672
2717,RESEARCH,23.06,40.2,72.9,77.8,DESERT,RUNWAY,VERTICAL,62968.38,True,True,VTOL,0.8,MULTIROTOR,,,,0.0727
2718,RESEARCH,1.5,124.8,56.3,68.0,FOREST,CATAPULT,BELLY_LANDING,69545.44,True,True,FIXED_WING,1.0,VTOL,,,,0.0755
2719,SURVEY,3.0,30.0,20.0,0.0,RURAL,VERTICAL,VERTICAL,10000.0,False,False,None,,None,,INVALID_REQUIREMENTS,Cruise speed must be greater than 0 km/h. Provided: 0.0 km/h.,0.011
2720,DELIVERY,0.92,23.7,4.3,16.4,INDOOR,VERTICAL,VERTICAL,6542.94,True,True,MULTIROTOR,0.8,None,,,,0.1077
2721,DISASTER_RESPONSE,6.38,87.7,133.3,114.9,RURAL,VERTICAL,VERTICAL,68084.88,True,True,VTOL,0.95,MULTIROTOR,,,,0.1193
2722,SURVEY,2.0,500.0,20.0,60.0,RURAL,VERTICAL,VERTICAL,,True,False,None,,None,,NO_VALID_VEHICLE,No feasible aircraft design solution: Endurance requirement (500.0 min) exceeds battery/fuel energy storage density limit (450.0 min).,0.0613
2723,DISASTER_RESPONSE,14.68,72.1,64.2,54.4,MOUNTAIN,VERTICAL,VERTICAL,23504.08,True,True,VTOL,0.95,MULTIROTOR,,,,0.1082
2724,RESEARCH,0.42,5.8,4.8,21.1,INDOOR,VERTICAL,VERTICAL,60383.27,True,True,MULTIROTOR,0.8,None,,,,0.1058
2725,TRAINING,1.29,58.8,104.8,87.1,RURAL,CATAPULT,RUNWAY,51379.79,True,True,FIXED_WING,1.0,VTOL,,,,0.1948
2726,SURVEY,3.0,30.0,-5.0,60.0,RURAL,VERTICAL,VERTICAL,10000.0,False,False,None,,None,,INVALID_REQUIREMENTS,Target range must be greater than 0 km. Provided: -5.0 km.,0.0174
2727,DISASTER_RESPONSE,2.37,31.3,8.0,39.3,URBAN,VERTICAL,VERTICAL,57149.82,True,True,MULTIROTOR,0.8,VTOL,,,,0.0958
2728,SECURITY,0.54,13.0,12.9,38.8,URBAN,VERTICAL,VERTICAL,69784.34,True,True,MULTIROTOR,0.8,VTOL,,,,0.1073
2729,MILITARY,2.66,24.7,10.1,42.7,URBAN,VERTICAL,VERTICAL,65289.13,True,True,MULTIROTOR,0.8,VTOL,,,,0.1293
2730,TRAINING,2.25,34.1,4.6,49.1,RURAL,VERTICAL,VERTICAL,52130.28,True,True,MULTIROTOR,0.8,VTOL,,,,0.0978
2731,INSPECTION,6.65,87.6,60.8,76.3,MOUNTAIN,VERTICAL,VERTICAL,35052.27,True,True,VTOL,0.95,MULTIROTOR,,,,0.1321
2732,AGRICULTURE,0.53,20.5,1.7,26.2,INDOOR,VERTICAL,VERTICAL,69190.62,True,True,MULTIROTOR,0.8,None,,,,0.1143
2733,AGRICULTURE,1.35,108.9,114.7,93.0,RURAL,CATAPULT,NET_RECOVERY,62583.37,True,True,FIXED_WING,1.0,VTOL,,,,0.1176
2734,RESEARCH,2.77,34.3,9.1,32.6,RURAL,VERTICAL,VERTICAL,49114.03,True,True,MULTIROTOR,0.8,VTOL,,,,0.1288
2735,DISASTER_RESPONSE,3.32,28.6,9.5,29.0,URBAN,VERTICAL,VERTICAL,22553.64,True,True,MULTIROTOR,0.8,VTOL,,,,0.0914
2736,RESEARCH,0.35,9.0,0.6,26.4,INDOOR,VERTICAL,VERTICAL,51958.42,True,True,MULTIROTOR,0.8,None,,,,0.0665
2737,MAPPING,3.77,133.6,115.1,107.5,MOUNTAIN,HAND_LAUNCH,RUNWAY,35405.27,True,True,FIXED_WING,1.0,VTOL,,,,0.0679
2738,DISASTER_RESPONSE,2.1,67.8,58.4,78.1,RURAL,RUNWAY,BELLY_LANDING,37278.05,True,True,FIXED_WING,1.0,VTOL,,,,0.0638
2739,AGRICULTURE,0.11,15.1,3.7,19.7,INDOOR,VERTICAL,VERTICAL,28708.96,True,True,MULTIROTOR,0.8,None,,,,0.0592
2740,DELIVERY,2.83,25.8,8.5,21.5,RURAL,VERTICAL,VERTICAL,63148.82,True,True,MULTIROTOR,0.8,VTOL,,,,0.0657
2741,SURVEY,45.0,30.0,20.0,60.0,RURAL,VERTICAL,VERTICAL,,True,False,None,,None,High payload mass (45.0 kg) requires specialized heavy-lift structural airframe.,NO_VALID_VEHICLE,No feasible aircraft design solution: Payload requirement (45.0 kg) exceeds maximum studio envelope limit (35.0 kg).,0.0367
2742,RESEARCH,3.26,63.5,46.9,108.8,FOREST,HAND_LAUNCH,BELLY_LANDING,74417.83,True,True,FIXED_WING,1.0,VTOL,,,,0.0625
2743,AGRICULTURE,5.91,77.6,105.4,79.6,FOREST,VERTICAL,VERTICAL,17277.12,True,True,VTOL,0.95,MULTIROTOR,,,,0.0646
2744,SURVEY,2.0,30.0,500.0,60.0,RURAL,VERTICAL,VERTICAL,,True,False,None,,None,Extended range target (500.0 km) approaches maximum battery energy density threshold.,NO_VALID_VEHICLE,No feasible aircraft design solution: Range requirement (500.0 km) exceeds maximum studio envelope limit (450.0 km).,0.0347
2745,CUSTOM,5.87,77.4,76.5,115.0,RURAL,VERTICAL,VERTICAL,23145.79,True,True,VTOL,0.95,MULTIROTOR,,,,0.0669
2746,SECURITY,17.4,36.8,67.2,57.4,DESERT,RUNWAY,RUNWAY,27261.19,True,True,FIXED_WING,1.0,VTOL,,,,0.0636
2747,RESEARCH,6.25,118.8,39.2,117.6,RURAL,VERTICAL,VERTICAL,17447.47,True,True,VTOL,0.95,MULTIROTOR,,,,0.065
2748,CUSTOM,14.37,50.3,47.3,75.9,RURAL,VERTICAL,RUNWAY,36817.3,True,True,VTOL,0.95,MULTIROTOR,,,,0.0699
2749,SURVEY,3.0,30.0,-5.0,60.0,RURAL,VERTICAL,VERTICAL,10000.0,False,False,None,,None,,INVALID_REQUIREMENTS,Target range must be greater than 0 km. Provided: -5.0 km.,0.0106
2750,DELIVERY,3.82,29.4,2.4,44.2,RURAL,VERTICAL,VERTICAL,12043.4,True,True,MULTIROTOR,0.8,VTOL,,,,0.0785
2751,MILITARY,14.75,32.5,64.1,60.2,MOUNTAIN,RUNWAY,VERTICAL,17893.91,True,True,VTOL,0.8,MULTIROTOR,,,,0.0643
2752,MAPPING,21.57,72.6,44.0,47.5,DESERT,RUNWAY,RUNWAY,71499.1,True,True,FIXED_WING,1.0,VTOL,,,,0.0652
2753,SURVEY,18.0,280.0,20.0,60.0,RURAL,VERTICAL,VERTICAL,,True,False,None,,None,,NO_VALID_VEHICLE,No feasible aircraft design solution: Combined heavy payload (18.0 kg) and ultra-long endurance (280.0 min) is physically unachievable.,0.0346
2754,MILITARY,7.09,100.4,135.2,107.9,MOUNTAIN,VERTICAL,VERTICAL,63034.75,True,True,VTOL,0.95,MULTIROTOR,,,,0.0628
2755,SURVEY,2.0,500.0,20.0,60.0,RURAL,VERTICAL,VERTICAL,,True,False,None,,None,,NO_VALID_VEHICLE,No feasible aircraft design solution: Endurance requirement (500.0 min) exceeds battery/fuel energy storage density limit (450.0 min).,0.0338
2756,RESEARCH,4.93,66.1,62.4,107.1,MOUNTAIN,RUNWAY,PARACHUTE,37377.07,True,True,FIXED_WING,1.0,VTOL,,,,0.062
2757,MAPPING,4.11,109.5,31.4,92.2,MARINE,VERTICAL,VERTICAL,29994.19,True,True,VTOL,0.95,MULTIROTOR,,,,0.0635
2758,MILITARY,5.71,76.9,88.0,113.0,RURAL,VERTICAL,VERTICAL,13127.98,True,True,VTOL,0.95,MULTIROTOR,,,,0.0689
2759,SURVEY,8.48,41.4,33.0,57.9,MOUNTAIN,VERTICAL,VERTICAL,18886.11,True,True,VTOL,0.95,MULTIROTOR,,,,0.0629
2760,INSPECTION,9.31,79.6,78.8,85.3,RURAL,RUNWAY,RUNWAY,45787.27,True,True,VTOL,0.8,MULTIROTOR,,,,0.0627
2761,SURVEY,18.0,280.0,20.0,60.0,RURAL,VERTICAL,VERTICAL,,True,False,None,,None,,NO_VALID_VEHICLE,No feasible aircraft design solution: Combined heavy payload (18.0 kg) and ultra-long endurance (280.0 min) is physically unachievable.,0.0339
2762,INSPECTION,0.93,5.3,0.5,32.6,INDOOR,VERTICAL,VERTICAL,39877.17,True,True,MULTIROTOR,0.8,None,,,,0.0596
2763,MAPPING,12.88,88.8,14.8,57.6,RURAL,RUNWAY,RUNWAY,61535.52,True,True,FIXED_WING,1.0,VTOL,,,,0.0647
2764,MAPPING,4.2,60.8,148.4,95.8,FOREST,VERTICAL,VERTICAL,54528.96,True,True,VTOL,0.95,MULTIROTOR,,,,0.0626
2765,TRAINING,1.02,31.0,10.4,45.7,RURAL,VERTICAL,VERTICAL,45352.23,True,True,MULTIROTOR,0.8,VTOL,,,,0.0667
2766,SECURITY,3.84,146.9,58.3,91.3,RURAL,RUNWAY,RUNWAY,52736.89,True,True,FIXED_WING,1.0,VTOL,,,,0.0615
2767,TRAINING,0.98,9.2,0.7,11.7,INDOOR,VERTICAL,VERTICAL,55258.72,True,True,MULTIROTOR,0.8,None,,,,0.0588
2768,MAPPING,7.19,43.1,31.1,66.9,RURAL,VERTICAL,VERTICAL,44400.9,True,True,VTOL,0.95,MULTIROTOR,,,,0.0625
2769,MAPPING,24.79,67.2,69.1,73.2,RURAL,RUNWAY,RUNWAY,75644.14,True,True,FIXED_WING,1.0,VTOL,,,,0.0628
2770,DISASTER_RESPONSE,1.06,32.8,10.4,29.1,URBAN,VERTICAL,VERTICAL,47790.66,True,True,MULTIROTOR,0.8,VTOL,,,,0.0682
2771,DISASTER_RESPONSE,3.37,130.4,46.6,60.5,DESERT,CATAPULT,NET_RECOVERY,22501.73,True,True,FIXED_WING,1.0,VTOL,,,,0.0632
2772,SURVEY,25.0,30.0,250.0,60.0,RURAL,VERTICAL,VERTICAL,,True,False,None,,None,,NO_VALID_VEHICLE,No feasible aircraft design solution: Combined heavy payload (25.0 kg) and extended range (250.0 km) exceeds structural MTOW limit.,0.0368
2773,SURVEY,18.0,280.0,20.0,60.0,RURAL,VERTICAL,VERTICAL,,True,False,None,,None,,NO_VALID_VEHICLE,No feasible aircraft design solution: Combined heavy payload (18.0 kg) and ultra-long endurance (280.0 min) is physically unachievable.,0.0354
2774,SURVEY,6.29,97.2,118.8,94.9,FOREST,VERTICAL,VERTICAL,5115.13,True,True,VTOL,0.95,MULTIROTOR,,,,0.0636
2775,MAPPING,15.28,41.3,47.9,43.6,DESERT,VERTICAL,VERTICAL,77245.6,True,True,VTOL,0.95,MULTIROTOR,,,,0.0638
2776,DISASTER_RESPONSE,1.48,17.2,1.4,29.7,INDOOR,VERTICAL,VERTICAL,11194.62,True,True,MULTIROTOR,0.8,None,,,,0.0606
2777,AGRICULTURE,1.91,101.5,65.6,91.9,DESERT,HAND_LAUNCH,PARACHUTE,57139.64,True,True,FIXED_WING,1.0,VTOL,,,,0.072
2778,TRAINING,11.93,85.9,31.6,75.4,DESERT,VERTICAL,VERTICAL,67132.58,True,True,VTOL,0.95,MULTIROTOR,,,,0.0639
2779,DELIVERY,7.73,112.0,96.9,96.7,MARINE,VERTICAL,VERTICAL,68920.46,True,True,VTOL,0.95,MULTIROTOR,,,,0.068
2780,SURVEY,45.0,30.0,20.0,60.0,RURAL,VERTICAL,VERTICAL,,True,False,None,,None,High payload mass (45.0 kg) requires specialized heavy-lift structural airframe.,NO_VALID_VEHICLE,No feasible aircraft design solution: Payload requirement (45.0 kg) exceeds maximum studio envelope limit (35.0 kg).,0.0349
2781,SURVEY,2.0,30.0,20.0,350.0,RURAL,VERTICAL,VERTICAL,,True,False,None,,None,,NO_VALID_VEHICLE,No feasible aircraft design solution: Cruise speed requirement (350.0 km/h) exceeds platform dynamic limit (300.0 km/h).,0.0329
2782,AGRICULTURE,0.89,21.3,0.7,24.0,INDOOR,VERTICAL,VERTICAL,57530.98,True,True,MULTIROTOR,0.8,None,,,,0.0575
2783,INSPECTION,6.6,101.0,51.2,114.0,MOUNTAIN,VERTICAL,VERTICAL,32165.88,True,True,VTOL,0.95,MULTIROTOR,,,,0.0629
2784,DELIVERY,4.73,116.8,108.2,110.7,MOUNTAIN,VERTICAL,VERTICAL,79592.83,True,True,VTOL,0.95,MULTIROTOR,,,,0.0656
2785,DELIVERY,3.24,86.1,46.2,56.6,RURAL,CATAPULT,BELLY_LANDING,50476.25,True,True,FIXED_WING,1.0,VTOL,,,,0.0652
2786,MAPPING,16.12,87.8,42.8,55.6,MOUNTAIN,VERTICAL,VERTICAL,30912.17,True,True,VTOL,0.95,MULTIROTOR,,,,0.0684
2787,AGRICULTURE,5.76,107.3,32.5,75.2,MOUNTAIN,VERTICAL,VERTICAL,52075.48,True,True,VTOL,0.95,MULTIROTOR,,,,0.0633
2788,DISASTER_RESPONSE,1.2,104.3,111.1,56.8,FOREST,RUNWAY,NET_RECOVERY,46345.71,True,True,FIXED_WING,1.0,VTOL,,,,0.0629
2789,SECURITY,3.74,121.4,106.8,81.4,RURAL,RUNWAY,RUNWAY,54696.12,True,True,FIXED_WING,1.0,VTOL,,,,0.0696
2790,CUSTOM,3.06,20.6,5.0,37.3,URBAN,VERTICAL,VERTICAL,33561.34,True,True,MULTIROTOR,0.8,VTOL,,,,0.0677
2791,TRAINING,13.61,41.0,61.4,42.1,RURAL,RUNWAY,RUNWAY,57502.22,True,True,FIXED_WING,1.0,VTOL,,,,0.0629
2792,MILITARY,2.65,98.3,62.8,104.2,FOREST,VERTICAL,VERTICAL,71590.5,True,True,VTOL,0.95,MULTIROTOR,,,,0.0626
2793,DELIVERY,21.63,54.6,42.2,72.3,DESERT,VERTICAL,VERTICAL,38256.33,True,True,VTOL,0.95,MULTIROTOR,,,,0.0632
2794,TRAINING,2.86,14.5,6.3,29.6,URBAN,VERTICAL,VERTICAL,51536.48,True,True,MULTIROTOR,0.8,VTOL,,,,0.0618
2795,INSPECTION,3.92,22.5,10.6,45.8,RURAL,VERTICAL,VERTICAL,67153.18,True,True,MULTIROTOR,0.8,VTOL,,,,0.0629
2796,SURVEY,25.0,30.0,250.0,60.0,RURAL,VERTICAL,VERTICAL,,True,False,None,,None,,NO_VALID_VEHICLE,No feasible aircraft design solution: Combined heavy payload (25.0 kg) and extended range (250.0 km) exceeds structural MTOW limit.,0.0345
2797,SECURITY,19.79,46.5,10.3,51.1,DESERT,RUNWAY,RUNWAY,21808.73,True,True,FIXED_WING,0.85,VTOL,,,,0.068
2798,SURVEY,2.0,500.0,20.0,60.0,RURAL,VERTICAL,VERTICAL,,True,False,None,,None,,NO_VALID_VEHICLE,No feasible aircraft design solution: Endurance requirement (500.0 min) exceeds battery/fuel energy storage density limit (450.0 min).,0.037
2799,DELIVERY,2.87,55.5,65.5,99.1,FOREST,VERTICAL,VERTICAL,16627.6,True,True,VTOL,0.95,MULTIROTOR,,,,0.0622
2800,DISASTER_RESPONSE,3.19,58.8,109.7,79.2,FOREST,HAND_LAUNCH,PARACHUTE,34912.19,True,True,FIXED_WING,1.0,VTOL,,,,0.0678
2801,CUSTOM,0.4,15.3,3.8,17.9,INDOOR,VERTICAL,VERTICAL,37585.02,True,True,MULTIROTOR,0.8,None,,,,0.0587
2802,TRAINING,0.24,24.3,0.8,32.3,INDOOR,VERTICAL,VERTICAL,43906.23,True,True,MULTIROTOR,0.8,None,,,,0.0598
2803,SURVEY,2.0,30.0,20.0,350.0,RURAL,VERTICAL,VERTICAL,,True,False,None,,None,,NO_VALID_VEHICLE,No feasible aircraft design solution: Cruise speed requirement (350.0 km/h) exceeds platform dynamic limit (300.0 km/h).,0.0342
2804,SURVEY,5.0,30.0,20.0,60.0,RURAL,VERTICAL,VERTICAL,10000.0,False,False,None,,None,,INVALID_REQUIREMENTS,Maximum takeoff weight limit (3.0 kg) must be greater than payload weight (5.0 kg).,0.0084
2805,DELIVERY,3.04,76.1,133.9,95.0,MARINE,VERTICAL,VERTICAL,51155.51,True,True,VTOL,0.95,MULTIROTOR,,,,0.0703
2806,DELIVERY,3.37,119.4,104.3,80.0,MOUNTAIN,VERTICAL,VERTICAL,28206.28,True,True,VTOL,0.95,MULTIROTOR,,,,0.0632
2807,AGRICULTURE,5.21,70.2,38.5,91.3,MARINE,VERTICAL,VERTICAL,72263.19,True,True,VTOL,0.95,MULTIROTOR,,,,0.0624
2808,RESEARCH,12.7,41.5,43.1,55.2,RURAL,VERTICAL,RUNWAY,43871.85,True,True,VTOL,0.95,MULTIROTOR,,,,0.0653
2809,SURVEY,8.8,46.6,67.8,50.8,MOUNTAIN,RUNWAY,RUNWAY,34853.4,True,True,FIXED_WING,1.0,VTOL,,,,0.065
2810,AGRICULTURE,24.87,56.1,39.4,87.1,MOUNTAIN,VERTICAL,VERTICAL,39503.82,True,True,VTOL,0.95,MULTIROTOR,,,,0.0659
2811,MILITARY,17.78,34.6,66.7,55.8,RURAL,RUNWAY,RUNWAY,34281.51,True,True,FIXED_WING,1.0,VTOL,,,,0.0624
2812,SECURITY,1.22,10.6,2.3,22.9,URBAN,VERTICAL,VERTICAL,68608.47,True,True,MULTIROTOR,0.8,VTOL,,,,0.0636
2813,INSPECTION,22.38,54.8,66.2,45.1,DESERT,VERTICAL,VERTICAL,34675.88,True,True,VTOL,0.95,MULTIROTOR,,,,0.0683
2814,TRAINING,2.55,129.8,68.0,107.2,MOUNTAIN,CATAPULT,NET_RECOVERY,15416.55,True,True,FIXED_WING,1.0,VTOL,,,,0.0638
2815,SURVEY,45.0,30.0,20.0,60.0,RURAL,VERTICAL,VERTICAL,,True,False,None,,None,High payload mass (45.0 kg) requires specialized heavy-lift structural airframe.,NO_VALID_VEHICLE,No feasible aircraft design solution: Payload requirement (45.0 kg) exceeds maximum studio envelope limit (35.0 kg).,0.0344
2816,RESEARCH,11.93,79.5,56.6,62.4,MOUNTAIN,RUNWAY,VERTICAL,49006.94,True,True,VTOL,0.8,MULTIROTOR,,,,0.0637
2817,AGRICULTURE,2.06,31.9,6.4,40.7,RURAL,VERTICAL,VERTICAL,35271.55,True,True,MULTIROTOR,0.8,VTOL,,,,0.0632
2818,SURVEY,2.0,30.0,500.0,60.0,RURAL,VERTICAL,VERTICAL,,True,False,None,,None,Extended range target (500.0 km) approaches maximum battery energy density threshold.,NO_VALID_VEHICLE,No feasible aircraft design solution: Range requirement (500.0 km) exceeds maximum studio envelope limit (450.0 km).,0.0342
2819,MAPPING,2.08,105.7,85.3,55.2,RURAL,CATAPULT,PARACHUTE,47249.29,True,True,FIXED_WING,1.0,VTOL,,,,0.0631
2820,RESEARCH,3.49,100.8,86.2,86.9,RURAL,RUNWAY,BELLY_LANDING,43830.59,True,True,FIXED_WING,1.0,VTOL,,,,0.0669
2821,CUSTOM,2.02,56.9,52.5,55.6,FOREST,CATAPULT,BELLY_LANDING,67496.15,True,True,FIXED_WING,1.0,VTOL,,,,0.0621
2822,SURVEY,2.0,30.0,20.0,350.0,RURAL,VERTICAL,VERTICAL,,True,False,None,,None,,NO_VALID_VEHICLE,No feasible aircraft design solution: Cruise speed requirement (350.0 km/h) exceeds platform dynamic limit (300.0 km/h).,0.0338
2823,SECURITY,0.81,21.8,4.9,27.1,URBAN,VERTICAL,VERTICAL,13004.2,True,True,MULTIROTOR,0.8,VTOL,,,,0.0605
2824,SURVEY,3.0,30.0,-5.0,60.0,RURAL,VERTICAL,VERTICAL,10000.0,False,False,None,,None,,INVALID_REQUIREMENTS,Target range must be greater than 0 km. Provided: -5.0 km.,0.0078
2825,TRAINING,2.48,132.8,65.3,94.8,DESERT,RUNWAY,PARACHUTE,14946.03,True,True,FIXED_WING,1.0,VTOL,,,,0.0627
2826,DELIVERY,7.27,92.6,37.9,63.0,MOUNTAIN,VERTICAL,VERTICAL,8525.26,True,True,VTOL,0.95,MULTIROTOR,,,,0.0679
2827,DISASTER_RESPONSE,3.05,108.2,85.7,57.2,DESERT,HAND_LAUNCH,RUNWAY,29702.44,True,True,FIXED_WING,1.0,VTOL,,,,0.0663
2828,MILITARY,11.44,86.8,21.9,55.8,MOUNTAIN,VERTICAL,VERTICAL,12045.31,True,True,VTOL,0.7,MULTIROTOR,,,,0.0658
2829,SURVEY,5.0,30.0,20.0,60.0,RURAL,VERTICAL,VERTICAL,10000.0,False,False,None,,None,,INVALID_REQUIREMENTS,Maximum takeoff weight limit (3.0 kg) must be greater than payload weight (5.0 kg).,0.0082
2830,SECURITY,0.93,18.2,6.1,42.7,RURAL,VERTICAL,VERTICAL,49957.68,True,True,MULTIROTOR,0.8,VTOL,,,,0.0617
2831,DISASTER_RESPONSE,4.06,96.3,132.4,100.7,MARINE,VERTICAL,VERTICAL,41929.03,True,True,VTOL,0.95,MULTIROTOR,,,,0.0674
2832,SECURITY,0.9,7.1,1.5,22.3,INDOOR,VERTICAL,VERTICAL,23940.48,True,True,MULTIROTOR,0.8,None,,,,0.0604
2833,TRAINING,1.12,15.3,7.4,38.2,RURAL,VERTICAL,VERTICAL,7285.94,True,True,MULTIROTOR,0.8,VTOL,,,,0.0714
2834,MAPPING,1.09,18.8,3.6,10.6,INDOOR,VERTICAL,VERTICAL,31457.97,True,True,MULTIROTOR,0.8,None,,,,0.0585
2835,SURVEY,0.76,31.6,5.8,43.6,URBAN,VERTICAL,VERTICAL,17644.95,True,True,MULTIROTOR,0.8,VTOL,,,,0.061
2836,SURVEY,0.28,23.9,4.3,27.1,INDOOR,VERTICAL,VERTICAL,45754.74,True,True,MULTIROTOR,0.8,None,,,,0.0595
2837,INSPECTION,2.77,56.3,125.6,82.2,FOREST,VERTICAL,VERTICAL,68330.59,True,True,VTOL,0.95,MULTIROTOR,,,,0.0703
2838,SECURITY,0.69,20.8,4.8,24.0,INDOOR,VERTICAL,VERTICAL,5023.73,True,True,MULTIROTOR,0.8,None,,,,0.0599
2839,AGRICULTURE,4.49,68.4,75.5,107.3,MOUNTAIN,CATAPULT,RUNWAY,13253.43,True,True,FIXED_WING,1.0,VTOL,,,,0.0653
2840,DISASTER_RESPONSE,3.32,27.9,3.8,27.7,URBAN,VERTICAL,VERTICAL,36314.34,True,True,MULTIROTOR,0.8,VTOL,,,,0.0627
2841,DELIVERY,0.81,10.4,3.4,45.9,RURAL,VERTICAL,VERTICAL,16864.16,True,True,MULTIROTOR,0.8,VTOL,,,,0.0612
2842,MAPPING,0.62,38.5,6.8,24.4,URBAN,VERTICAL,VERTICAL,62654.2,True,True,MULTIROTOR,0.8,VTOL,,,,0.0618
2843,DELIVERY,3.55,32.3,11.4,24.4,URBAN,VERTICAL,VERTICAL,20789.05,True,True,MULTIROTOR,0.8,VTOL,,,,0.0617
2844,SURVEY,3.0,30.0,-5.0,60.0,RURAL,VERTICAL,VERTICAL,10000.0,False,False,None,,None,,INVALID_REQUIREMENTS,Target range must be greater than 0 km. Provided: -5.0 km.,0.0084
2845,DELIVERY,2.66,17.4,13.8,29.4,RURAL,VERTICAL,VERTICAL,5156.54,True,True,MULTIROTOR,0.8,VTOL,,,,0.0703
2846,SECURITY,1.17,146.9,94.9,100.9,MOUNTAIN,CATAPULT,PARACHUTE,37537.12,True,True,FIXED_WING,1.0,VTOL,,,,0.0661
2847,DISASTER_RESPONSE,0.4,6.2,1.7,12.5,INDOOR,VERTICAL,VERTICAL,38842.02,True,True,MULTIROTOR,0.8,None,,,,0.0586
2848,RESEARCH,3.7,46.3,85.0,104.0,DESERT,RUNWAY,BELLY_LANDING,35032.96,True,True,FIXED_WING,1.0,VTOL,,,,0.0623
2849,DISASTER_RESPONSE,0.46,7.6,2.3,24.3,INDOOR,VERTICAL,VERTICAL,17326.59,True,True,MULTIROTOR,0.8,None,,,,0.0581
2850,MILITARY,5.74,101.3,81.5,111.9,FOREST,VERTICAL,VERTICAL,11238.46,True,True,VTOL,0.95,MULTIROTOR,,,,0.0644
2851,TRAINING,1.37,5.0,1.3,15.4,INDOOR,VERTICAL,VERTICAL,69415.6,True,True,MULTIROTOR,0.8,None,,,,0.059
2852,DISASTER_RESPONSE,14.36,20.7,27.1,50.2,MOUNTAIN,RUNWAY,VERTICAL,31816.03,True,True,VTOL,0.8,MULTIROTOR,,,,0.0628
2853,MAPPING,15.8,36.5,57.7,41.5,DESERT,RUNWAY,RUNWAY,34087.09,True,True,FIXED_WING,1.0,VTOL,,,,0.063
2854,DELIVERY,1.58,35.5,7.7,21.3,RURAL,VERTICAL,VERTICAL,48180.72,True,True,MULTIROTOR,0.8,VTOL,,,,0.0617
2855,DELIVERY,0.74,18.6,1.9,18.3,INDOOR,VERTICAL,VERTICAL,71050.9,True,True,MULTIROTOR,0.8,None,,,,0.0581
2856,SECURITY,0.53,20.9,14.6,48.0,URBAN,VERTICAL,VERTICAL,8482.61,True,True,MULTIROTOR,0.8,VTOL,,,,0.061
2857,MILITARY,1.07,21.2,2.3,33.1,INDOOR,VERTICAL,VERTICAL,50798.34,True,True,MULTIROTOR,0.8,None,,,,0.0591
2858,SURVEY,2.0,30.0,500.0,60.0,RURAL,VERTICAL,VERTICAL,,True,False,None,,None,Extended range target (500.0 km) approaches maximum battery energy density threshold.,NO_VALID_VEHICLE,No feasible aircraft design solution: Range requirement (500.0 km) exceeds maximum studio envelope limit (450.0 km).,0.035
2859,MAPPING,4.93,78.4,56.5,75.1,MOUNTAIN,VERTICAL,VERTICAL,38475.75,True,True,VTOL,0.95,MULTIROTOR,,,,0.0642
2860,CUSTOM,0.48,11.8,0.9,11.2,INDOOR,VERTICAL,VERTICAL,21471.74,True,True,MULTIROTOR,0.8,None,,,,0.0683
2861,MAPPING,0.8,16.2,12.1,43.2,URBAN,VERTICAL,VERTICAL,69016.38,True,True,MULTIROTOR,0.8,VTOL,,,,0.0663
2862,AGRICULTURE,2.28,47.6,100.9,71.8,MOUNTAIN,RUNWAY,NET_RECOVERY,29441.62,True,True,FIXED_WING,1.0,VTOL,,,,0.0708
2863,INSPECTION,6.17,74.9,32.2,93.4,MOUNTAIN,VERTICAL,VERTICAL,70360.27,True,True,VTOL,0.95,MULTIROTOR,,,,0.0636
2864,MAPPING,0.9,7.3,4.1,36.5,INDOOR,VERTICAL,VERTICAL,39179.46,True,True,MULTIROTOR,0.8,None,,,,0.0584
2865,CUSTOM,1.67,23.6,14.8,32.5,RURAL,VERTICAL,VERTICAL,19896.34,True,True,MULTIROTOR,0.8,VTOL,,,,0.0665
2866,SECURITY,3.03,35.7,97.1,90.0,RURAL,VERTICAL,VERTICAL,15351.39,True,True,VTOL,0.95,MULTIROTOR,,,,0.0678
2867,AGRICULTURE,24.26,32.8,28.5,71.8,DESERT,RUNWAY,RUNWAY,42452.62,True,True,FIXED_WING,0.85,VTOL,,,,0.0646
2868,INSPECTION,3.73,93.2,34.5,71.7,FOREST,VERTICAL,VERTICAL,32563.28,True,True,VTOL,0.95,MULTIROTOR,,,,0.0625
2869,RESEARCH,7.09,113.8,142.1,117.2,MARINE,VERTICAL,VERTICAL,46685.12,True,True,VTOL,0.95,MULTIROTOR,,,,0.0632
2870,AGRICULTURE,5.85,89.3,52.1,111.2,FOREST,VERTICAL,VERTICAL,18966.84,True,True,VTOL,0.95,MULTIROTOR,,,,0.0633
2871,SURVEY,3.0,30.0,20.0,0.0,RURAL,VERTICAL,VERTICAL,10000.0,False,False,None,,None,,INVALID_REQUIREMENTS,Cruise speed must be greater than 0 km/h. Provided: 0.0 km/h.,0.008
2872,DELIVERY,11.16,31.6,65.4,78.2,DESERT,VERTICAL,RUNWAY,72142.12,True,True,VTOL,0.95,MULTIROTOR,,,,0.0667
2873,MILITARY,5.9,93.5,90.5,87.1,MOUNTAIN,VERTICAL,VERTICAL,26331.73,True,True,VTOL,0.95,MULTIROTOR,,,,0.0686
2874,SURVEY,18.0,280.0,20.0,60.0,RURAL,VERTICAL,VERTICAL,,True,False,None,,None,,NO_VALID_VEHICLE,No feasible aircraft design solution: Combined heavy payload (18.0 kg) and ultra-long endurance (280.0 min) is physically unachievable.,0.0338
2875,SURVEY,2.0,30.0,20.0,350.0,RURAL,VERTICAL,VERTICAL,,True,False,None,,None,,NO_VALID_VEHICLE,No feasible aircraft design solution: Cruise speed requirement (350.0 km/h) exceeds platform dynamic limit (300.0 km/h).,0.0328
2876,TRAINING,2.79,18.7,11.3,35.6,RURAL,VERTICAL,VERTICAL,78307.76,True,True,MULTIROTOR,0.8,VTOL,,,,0.0609
2877,AGRICULTURE,0.77,18.7,0.9,22.5,INDOOR,VERTICAL,VERTICAL,5646.98,True,True,MULTIROTOR,0.8,None,,,,0.0585
2878,SURVEY,2.0,30.0,20.0,350.0,RURAL,VERTICAL,VERTICAL,,True,False,None,,None,,NO_VALID_VEHICLE,No feasible aircraft design solution: Cruise speed requirement (350.0 km/h) exceeds platform dynamic limit (300.0 km/h).,0.0336
2879,DELIVERY,0.67,12.4,1.5,37.3,INDOOR,VERTICAL,VERTICAL,60888.66,True,True,MULTIROTOR,0.8,None,,,,0.0576
2880,TRAINING,2.58,29.6,3.1,44.3,RURAL,VERTICAL,VERTICAL,56905.89,True,True,MULTIROTOR,0.8,VTOL,,,,0.063
2881,INSPECTION,0.84,24.1,2.7,22.3,INDOOR,VERTICAL,VERTICAL,9774.06,True,True,MULTIROTOR,0.8,None,,,,0.0673
2882,INSPECTION,0.4,12.4,0.9,11.7,INDOOR,VERTICAL,VERTICAL,5021.78,True,True,MULTIROTOR,0.8,None,,,,0.08
2883,INSPECTION,4.8,116.8,119.0,82.3,RURAL,VERTICAL,VERTICAL,58311.29,True,True,VTOL,0.95,MULTIROTOR,,,,0.0973
2884,MILITARY,1.05,24.2,2.2,22.7,INDOOR,VERTICAL,VERTICAL,61218.9,True,True,MULTIROTOR,0.8,None,,,,0.0698
2885,SURVEY,3.0,30.0,-5.0,60.0,RURAL,VERTICAL,VERTICAL,10000.0,False,False,None,,None,,INVALID_REQUIREMENTS,Target range must be greater than 0 km. Provided: -5.0 km.,0.008
2886,SURVEY,2.0,30.0,500.0,60.0,RURAL,VERTICAL,VERTICAL,,True,False,None,,None,Extended range target (500.0 km) approaches maximum battery energy density threshold.,NO_VALID_VEHICLE,No feasible aircraft design solution: Range requirement (500.0 km) exceeds maximum studio envelope limit (450.0 km).,0.0345
2887,AGRICULTURE,0.62,8.4,3.2,26.7,INDOOR,VERTICAL,VERTICAL,27672.22,True,True,MULTIROTOR,0.8,None,,,,0.0585
2888,INSPECTION,9.11,44.0,63.6,69.8,DESERT,RUNWAY,RUNWAY,64153.96,True,True,VTOL,0.8,MULTIROTOR,,,,0.064
2889,TRAINING,19.13,75.3,14.2,69.2,RURAL,RUNWAY,VERTICAL,52026.85,True,True,VTOL,0.5,MULTIROTOR,,,,0.0666
2890,SURVEY,2.0,500.0,20.0,60.0,RURAL,VERTICAL,VERTICAL,,True,False,None,,None,,NO_VALID_VEHICLE,No feasible aircraft design solution: Endurance requirement (500.0 min) exceeds battery/fuel energy storage density limit (450.0 min).,0.0366
2891,CUSTOM,3.96,145.2,92.6,79.5,MOUNTAIN,RUNWAY,NET_RECOVERY,53845.18,True,True,FIXED_WING,1.0,VTOL,,,,0.0676
2892,SURVEY,45.0,30.0,20.0,60.0,RURAL,VERTICAL,VERTICAL,,True,False,None,,None,High payload mass (45.0 kg) requires specialized heavy-lift structural airframe.,NO_VALID_VEHICLE,No feasible aircraft design solution: Payload requirement (45.0 kg) exceeds maximum studio envelope limit (35.0 kg).,0.0382
2893,DISASTER_RESPONSE,1.22,59.3,98.6,108.6,MOUNTAIN,RUNWAY,RUNWAY,2896.55,True,True,FIXED_WING,1.0,VTOL,,,,0.0624
2894,TRAINING,4.54,127.2,37.9,90.1,FOREST,CATAPULT,BELLY_LANDING,71383.65,True,True,FIXED_WING,1.0,VTOL,,,,0.0675
2895,MAPPING,3.84,135.3,86.0,103.8,DESERT,RUNWAY,PARACHUTE,14302.14,True,True,FIXED_WING,1.0,VTOL,,,,0.0641
2896,SURVEY,3.0,-10.0,20.0,60.0,RURAL,VERTICAL,VERTICAL,10000.0,False,False,None,,None,,INVALID_REQUIREMENTS,Target flight time must be greater than 0 minutes. Provided: -10.0 min.,0.008
2897,CUSTOM,15.38,47.4,53.2,53.0,DESERT,RUNWAY,RUNWAY,52446.02,True,True,FIXED_WING,1.0,VTOL,,,,0.0699
2898,SURVEY,2.0,500.0,20.0,60.0,RURAL,VERTICAL,VERTICAL,,True,False,None,,None,,NO_VALID_VEHICLE,No feasible aircraft design solution: Endurance requirement (500.0 min) exceeds battery/fuel energy storage density limit (450.0 min).,0.034
2899,AGRICULTURE,18.34,32.4,78.1,48.8,RURAL,VERTICAL,VERTICAL,62826.07,True,True,VTOL,0.95,MULTIROTOR,,,,0.0628
2900,SURVEY,3.0,30.0,20.0,0.0,RURAL,VERTICAL,VERTICAL,10000.0,False,False,None,,None,,INVALID_REQUIREMENTS,Cruise speed must be greater than 0 km/h. Provided: 0.0 km/h.,0.0075
2901,MILITARY,17.86,25.1,37.9,61.5,MOUNTAIN,VERTICAL,VERTICAL,7621.6,True,True,VTOL,0.95,MULTIROTOR,,,,0.067
2902,SURVEY,5.0,30.0,20.0,60.0,RURAL,VERTICAL,VERTICAL,10000.0,False,False,None,,None,,INVALID_REQUIREMENTS,Maximum takeoff weight limit (3.0 kg) must be greater than payload weight (5.0 kg).,0.0077
2903,SURVEY,2.0,30.0,500.0,60.0,RURAL,VERTICAL,VERTICAL,,True,False,None,,None,Extended range target (500.0 km) approaches maximum battery energy density threshold.,NO_VALID_VEHICLE,No feasible aircraft design solution: Range requirement (500.0 km) exceeds maximum studio envelope limit (450.0 km).,0.0342
2904,SURVEY,2.0,500.0,20.0,60.0,RURAL,VERTICAL,VERTICAL,,True,False,None,,None,,NO_VALID_VEHICLE,No feasible aircraft design solution: Endurance requirement (500.0 min) exceeds battery/fuel energy storage density limit (450.0 min).,0.0323
2905,SECURITY,0.7,16.4,3.1,32.4,INDOOR,VERTICAL,VERTICAL,7589.57,True,True,MULTIROTOR,0.8,None,,,,0.0638
2906,INSPECTION,5.37,107.2,118.0,89.4,MOUNTAIN,VERTICAL,VERTICAL,43275.92,True,True,VTOL,0.95,MULTIROTOR,,,,0.0644
2907,SECURITY,1.12,137.4,117.6,82.7,DESERT,HAND_LAUNCH,RUNWAY,22024.11,True,True,FIXED_WING,1.0,VTOL,,,,0.0674
2908,DISASTER_RESPONSE,3.5,110.2,86.5,58.8,FOREST,CATAPULT,RUNWAY,60772.73,True,True,FIXED_WING,1.0,VTOL,,,,0.124
2909,SECURITY,3.15,40.0,14.7,26.3,RURAL,VERTICAL,VERTICAL,13200.1,True,True,MULTIROTOR,0.8,VTOL,,,,0.0626
2910,DELIVERY,3.88,31.4,13.8,34.8,RURAL,VERTICAL,VERTICAL,55127.48,True,True,MULTIROTOR,0.8,VTOL,,,,0.0626
2911,DELIVERY,4.24,64.3,83.0,96.9,MOUNTAIN,CATAPULT,RUNWAY,13300.28,True,True,FIXED_WING,1.0,VTOL,,,,0.0641
2912,INSPECTION,2.39,84.5,76.0,64.7,RURAL,RUNWAY,RUNWAY,3058.48,True,True,VTOL,0.8,MULTIROTOR,,,,0.068
2913,CUSTOM,2.49,49.0,132.5,101.0,RURAL,VERTICAL,VERTICAL,6086.32,True,True,VTOL,0.95,MULTIROTOR,,,,0.0641
2914,INSPECTION,6.49,80.9,43.8,96.6,MOUNTAIN,VERTICAL,VERTICAL,50232.92,True,True,VTOL,0.95,MULTIROTOR,,,,0.0639
2915,SURVEY,2.0,14.6,11.4,43.0,RURAL,VERTICAL,VERTICAL,30337.41,True,True,MULTIROTOR,0.8,VTOL,,,,0.0615
2916,SURVEY,3.51,58.6,118.8,53.5,RURAL,CATAPULT,RUNWAY,73235.76,True,True,FIXED_WING,1.0,VTOL,,,,0.0745
2917,DISASTER_RESPONSE,2.91,105.5,109.6,91.7,RURAL,VERTICAL,VERTICAL,20825.24,True,True,VTOL,0.95,MULTIROTOR,,,,0.0656
2918,DISASTER_RESPONSE,4.87,136.5,46.2,106.2,FOREST,HAND_LAUNCH,BELLY_LANDING,54917.01,True,True,FIXED_WING,1.0,VTOL,,,,0.0672
2919,SURVEY,1.06,149.5,82.8,87.8,FOREST,RUNWAY,BELLY_LANDING,26867.08,True,True,FIXED_WING,1.0,VTOL,,,,0.0659
2920,SURVEY,18.0,280.0,20.0,60.0,RURAL,VERTICAL,VERTICAL,,True,False,None,,None,,NO_VALID_VEHICLE,No feasible aircraft design solution: Combined heavy payload (18.0 kg) and ultra-long endurance (280.0 min) is physically unachievable.,0.0363
2921,DISASTER_RESPONSE,0.19,12.9,1.3,36.1,INDOOR,VERTICAL,VERTICAL,24227.48,True,True,MULTIROTOR,0.8,None,,,,0.0587
2922,SURVEY,2.0,500.0,20.0,60.0,RURAL,VERTICAL,VERTICAL,,True,False,None,,None,,NO_VALID_VEHICLE,No feasible aircraft design solution: Endurance requirement (500.0 min) exceeds battery/fuel energy storage density limit (450.0 min).,0.0365
2923,SECURITY,0.32,21.2,3.8,24.8,INDOOR,VERTICAL,VERTICAL,67864.33,True,True,MULTIROTOR,0.8,None,,,,0.0636
2924,DELIVERY,1.13,13.9,1.7,39.3,INDOOR,VERTICAL,VERTICAL,42864.13,True,True,MULTIROTOR,0.8,None,,,,0.0632
2925,INSPECTION,0.46,19.1,4.0,20.7,INDOOR,VERTICAL,VERTICAL,24764.8,True,True,MULTIROTOR,0.8,None,,,,0.064
2926,AGRICULTURE,0.35,14.0,3.6,12.8,INDOOR,VERTICAL,VERTICAL,26916.57,True,True,MULTIROTOR,0.8,None,,,,0.0626
2927,CUSTOM,2.84,34.9,3.4,47.0,RURAL,VERTICAL,VERTICAL,48140.96,True,True,MULTIROTOR,0.8,VTOL,,,,0.0614
2928,DISASTER_RESPONSE,2.24,12.0,10.5,23.1,URBAN,VERTICAL,VERTICAL,70121.32,True,True,MULTIROTOR,0.8,VTOL,,,,0.0609
2929,DISASTER_RESPONSE,7.18,95.0,121.6,73.4,MOUNTAIN,VERTICAL,VERTICAL,49799.71,True,True,VTOL,0.95,MULTIROTOR,,,,0.063
2930,SECURITY,3.52,145.4,84.9,92.1,MOUNTAIN,HAND_LAUNCH,BELLY_LANDING,16388.59,True,True,FIXED_WING,1.0,VTOL,,,,0.0631
2931,SECURITY,3.83,31.7,10.6,37.7,URBAN,VERTICAL,VERTICAL,19821.05,True,True,MULTIROTOR,0.8,VTOL,,,,0.0661
2932,MAPPING,2.62,29.1,9.0,37.7,URBAN,VERTICAL,VERTICAL,18169.22,True,True,MULTIROTOR,0.8,VTOL,,,,0.0623
2933,SECURITY,3.76,30.1,13.7,31.8,URBAN,VERTICAL,VERTICAL,42306.87,True,True,MULTIROTOR,0.8,VTOL,,,,0.0694
2934,SURVEY,45.0,30.0,20.0,60.0,RURAL,VERTICAL,VERTICAL,,True,False,None,,None,High payload mass (45.0 kg) requires specialized heavy-lift structural airframe.,NO_VALID_VEHICLE,No feasible aircraft design solution: Payload requirement (45.0 kg) exceeds maximum studio envelope limit (35.0 kg).,0.0367
2935,MILITARY,0.31,23.6,3.2,28.5,INDOOR,VERTICAL,VERTICAL,19761.37,True,True,MULTIROTOR,0.8,None,,,,0.2142
2936,SURVEY,3.73,64.8,62.2,70.8,RURAL,CATAPULT,RUNWAY,28034.67,True,True,FIXED_WING,1.0,VTOL,,,,0.1509
2937,CUSTOM,1.05,47.3,91.5,94.9,MOUNTAIN,RUNWAY,PARACHUTE,71229.44,True,True,FIXED_WING,1.0,VTOL,,,,0.111
2938,SURVEY,25.0,30.0,250.0,60.0,RURAL,VERTICAL,VERTICAL,,True,False,None,,None,,NO_VALID_VEHICLE,No feasible aircraft design solution: Combined heavy payload (25.0 kg) and extended range (250.0 km) exceeds structural MTOW limit.,0.0722
2939,TRAINING,1.27,25.0,1.2,21.1,INDOOR,VERTICAL,VERTICAL,66090.36,True,True,MULTIROTOR,0.8,None,,,,0.1966
2940,CUSTOM,6.87,100.4,135.5,66.8,FOREST,VERTICAL,VERTICAL,52056.46,True,True,VTOL,0.95,MULTIROTOR,,,,0.1437
2941,INSPECTION,1.99,35.1,6.8,40.6,RURAL,VERTICAL,VERTICAL,17418.99,True,True,MULTIROTOR,0.8,VTOL,,,,0.1422
2942,SURVEY,25.0,30.0,250.0,60.0,RURAL,VERTICAL,VERTICAL,,True,False,None,,None,,NO_VALID_VEHICLE,No feasible aircraft design solution: Combined heavy payload (25.0 kg) and extended range (250.0 km) exceeds structural MTOW limit.,0.0685
2943,SURVEY,45.0,30.0,20.0,60.0,RURAL,VERTICAL,VERTICAL,,True,False,None,,None,High payload mass (45.0 kg) requires specialized heavy-lift structural airframe.,NO_VALID_VEHICLE,No feasible aircraft design solution: Payload requirement (45.0 kg) exceeds maximum studio envelope limit (35.0 kg).,0.0645
2944,INSPECTION,2.37,43.6,40.1,96.6,FOREST,VERTICAL,VERTICAL,19232.16,True,True,VTOL,0.95,MULTIROTOR,,,,0.1411
2945,MILITARY,1.36,17.7,2.3,12.4,INDOOR,VERTICAL,VERTICAL,7337.86,True,True,MULTIROTOR,0.8,None,,,,0.1229
2946,INSPECTION,2.99,42.7,102.0,109.5,MARINE,VERTICAL,VERTICAL,70352.98,True,True,VTOL,0.95,MULTIROTOR,,,,0.0887
2947,DELIVERY,0.69,8.5,2.9,34.9,INDOOR,VERTICAL,VERTICAL,67793.98,True,True,MULTIROTOR,0.8,None,,,,0.0785
2948,INSPECTION,2.49,34.0,13.6,23.6,URBAN,VERTICAL,VERTICAL,71505.26,True,True,MULTIROTOR,0.8,VTOL,,,,0.0804
2949,MAPPING,4.28,37.5,118.2,98.0,MARINE,VERTICAL,VERTICAL,45636.68,True,True,VTOL,0.95,MULTIROTOR,,,,0.0692
2950,SURVEY,2.25,25.9,6.7,38.2,RURAL,VERTICAL,VERTICAL,23059.57,True,True,MULTIROTOR,0.8,VTOL,,,,0.0631
2951,SURVEY,45.0,30.0,20.0,60.0,RURAL,VERTICAL,VERTICAL,,True,False,None,,None,High payload mass (45.0 kg) requires specialized heavy-lift structural airframe.,NO_VALID_VEHICLE,No feasible aircraft design solution: Payload requirement (45.0 kg) exceeds maximum studio envelope limit (35.0 kg).,0.0366
2952,DISASTER_RESPONSE,7.22,114.5,48.1,95.4,MOUNTAIN,VERTICAL,VERTICAL,30846.93,True,True,VTOL,0.95,MULTIROTOR,,,,0.0644
2953,CUSTOM,4.0,106.7,106.7,93.8,DESERT,CATAPULT,NET_RECOVERY,15309.37,True,True,FIXED_WING,1.0,VTOL,,,,0.0652
2954,RESEARCH,9.48,72.9,16.2,77.6,RURAL,RUNWAY,VERTICAL,7157.72,True,True,VTOL,0.7,MULTIROTOR,,,,0.0639
2955,SURVEY,3.0,30.0,20.0,60.0,RURAL,VERTICAL,VERTICAL,-100.0,False,False,None,,None,,INVALID_REQUIREMENTS,Financial budget must be greater than $0 if specified. Provided: $-100.0.,0.0113
2956,SECURITY,4.53,142.8,48.0,103.2,DESERT,HAND_LAUNCH,PARACHUTE,7044.82,True,True,FIXED_WING,1.0,VTOL,,,,0.0714
2957,SECURITY,4.46,85.1,29.2,94.4,DESERT,RUNWAY,RUNWAY,39909.27,True,True,FIXED_WING,1.0,VTOL,,,,0.0704
2958,DISASTER_RESPONSE,1.39,13.3,4.9,28.2,INDOOR,VERTICAL,VERTICAL,59257.27,True,True,MULTIROTOR,0.8,None,,,,0.0617
2959,SURVEY,3.24,35.6,116.2,108.0,FOREST,VERTICAL,VERTICAL,70435.11,True,True,VTOL,0.95,MULTIROTOR,,,,0.0661
2960,INSPECTION,7.7,100.3,76.9,119.3,FOREST,VERTICAL,VERTICAL,28182.04,True,True,VTOL,0.95,MULTIROTOR,,,,0.0674
2961,INSPECTION,18.94,76.7,31.1,71.1,MOUNTAIN,RUNWAY,VERTICAL,41130.73,True,True,VTOL,0.8,MULTIROTOR,,,,0.0728
2962,AGRICULTURE,11.33,73.5,60.9,59.9,RURAL,RUNWAY,VERTICAL,51448.48,True,True,VTOL,0.8,MULTIROTOR,,,,0.0648
2963,DISASTER_RESPONSE,1.61,36.1,7.1,23.3,RURAL,VERTICAL,VERTICAL,78459.23,True,True,MULTIROTOR,0.8,VTOL,,,,0.0625
2964,DELIVERY,12.36,24.3,75.6,65.9,DESERT,RUNWAY,VERTICAL,36624.59,True,True,VTOL,0.8,MULTIROTOR,,,,0.0679
2965,SURVEY,2.0,30.0,500.0,60.0,RURAL,VERTICAL,VERTICAL,,True,False,None,,None,Extended range target (500.0 km) approaches maximum battery energy density threshold.,NO_VALID_VEHICLE,No feasible aircraft design solution: Range requirement (500.0 km) exceeds maximum studio envelope limit (450.0 km).,0.0375
2966,CUSTOM,21.65,38.9,31.5,54.7,RURAL,RUNWAY,VERTICAL,48652.38,True,True,VTOL,0.8,MULTIROTOR,,,,0.0671
2967,CUSTOM,3.05,110.6,133.0,117.0,RURAL,VERTICAL,VERTICAL,67383.44,True,True,VTOL,0.95,MULTIROTOR,,,,0.0681
2968,MAPPING,1.28,20.2,5.0,39.8,INDOOR,VERTICAL,VERTICAL,66557.62,True,True,MULTIROTOR,0.8,None,,,,0.0594
2969,INSPECTION,3.9,32.1,124.9,119.8,RURAL,VERTICAL,VERTICAL,42806.59,True,True,VTOL,0.95,MULTIROTOR,,,,0.0626
2970,SURVEY,1.83,92.9,114.8,90.7,RURAL,CATAPULT,NET_RECOVERY,63593.44,True,True,FIXED_WING,1.0,VTOL,,,,0.0695
2971,INSPECTION,23.64,48.7,14.8,42.2,DESERT,VERTICAL,RUNWAY,26567.16,True,True,VTOL,0.5,MULTIROTOR,,,,0.0678
2972,DISASTER_RESPONSE,0.32,20.0,3.7,13.0,INDOOR,VERTICAL,VERTICAL,46524.91,True,True,MULTIROTOR,0.8,None,,,,0.0686
2973,TRAINING,3.21,31.7,5.7,38.9,RURAL,VERTICAL,VERTICAL,2884.91,True,True,MULTIROTOR,0.8,VTOL,,,,0.0629
2974,AGRICULTURE,4.88,124.0,84.6,103.3,DESERT,HAND_LAUNCH,BELLY_LANDING,47515.12,True,True,FIXED_WING,1.0,VTOL,,,,0.0743
2975,SECURITY,3.31,136.1,40.1,102.4,RURAL,RUNWAY,RUNWAY,4360.88,True,True,FIXED_WING,1.0,VTOL,,,,0.0634
2976,INSPECTION,1.35,24.9,1.2,37.1,INDOOR,VERTICAL,VERTICAL,6378.86,True,True,MULTIROTOR,0.8,None,,,,0.0608
2977,INSPECTION,2.2,33.8,3.9,43.1,RURAL,VERTICAL,VERTICAL,70206.86,True,True,MULTIROTOR,0.8,VTOL,,,,0.0626
2978,DISASTER_RESPONSE,4.58,50.2,36.0,71.9,RURAL,VERTICAL,VERTICAL,73941.73,True,True,VTOL,0.95,MULTIROTOR,,,,0.0626
2979,AGRICULTURE,1.49,18.0,2.9,16.2,INDOOR,VERTICAL,VERTICAL,55478.81,True,True,MULTIROTOR,0.8,None,,,,0.0589
2980,TRAINING,3.37,145.7,56.7,78.1,FOREST,HAND_LAUNCH,PARACHUTE,55862.03,True,True,FIXED_WING,1.0,VTOL,,,,0.0626
2981,RESEARCH,0.32,5.7,1.8,39.9,INDOOR,VERTICAL,VERTICAL,26333.32,True,True,MULTIROTOR,0.8,None,,,,0.0595
2982,DELIVERY,0.96,15.1,4.7,35.1,INDOOR,VERTICAL,VERTICAL,44478.76,True,True,MULTIROTOR,0.8,None,,,,0.0636
2983,MILITARY,0.41,24.6,4.8,36.3,INDOOR,VERTICAL,VERTICAL,76925.05,True,True,MULTIROTOR,0.8,None,,,,0.0621
2984,CUSTOM,7.72,88.7,46.4,68.1,MARINE,VERTICAL,VERTICAL,49362.77,True,True,VTOL,0.95,MULTIROTOR,,,,0.0633
2985,TRAINING,3.7,94.0,49.1,52.0,MOUNTAIN,HAND_LAUNCH,BELLY_LANDING,38591.61,True,True,FIXED_WING,1.0,VTOL,,,,0.0634
2986,CUSTOM,3.25,10.7,9.0,31.9,URBAN,VERTICAL,VERTICAL,42740.07,True,True,MULTIROTOR,0.8,VTOL,,,,0.0632
2987,CUSTOM,16.22,82.4,40.9,83.7,DESERT,VERTICAL,VERTICAL,66376.03,True,True,VTOL,0.95,MULTIROTOR,,,,0.0636
2988,SURVEY,2.0,30.0,500.0,60.0,RURAL,VERTICAL,VERTICAL,,True,False,None,,None,Extended range target (500.0 km) approaches maximum battery energy density threshold.,NO_VALID_VEHICLE,No feasible aircraft design solution: Range requirement (500.0 km) exceeds maximum studio envelope limit (450.0 km).,0.0347
2989,SURVEY,45.0,30.0,20.0,60.0,RURAL,VERTICAL,VERTICAL,,True,False,None,,None,High payload mass (45.0 kg) requires specialized heavy-lift structural airframe.,NO_VALID_VEHICLE,No feasible aircraft design solution: Payload requirement (45.0 kg) exceeds maximum studio envelope limit (35.0 kg).,0.0358
2990,SURVEY,45.0,30.0,20.0,60.0,RURAL,VERTICAL,VERTICAL,,True,False,None,,None,High payload mass (45.0 kg) requires specialized heavy-lift structural airframe.,NO_VALID_VEHICLE,No feasible aircraft design solution: Payload requirement (45.0 kg) exceeds maximum studio envelope limit (35.0 kg).,0.0355
2991,SURVEY,5.0,30.0,20.0,60.0,RURAL,VERTICAL,VERTICAL,10000.0,False,False,None,,None,,INVALID_REQUIREMENTS,Maximum takeoff weight limit (3.0 kg) must be greater than payload weight (5.0 kg).,0.0093
2992,TRAINING,16.07,76.7,21.1,75.6,DESERT,RUNWAY,VERTICAL,47985.68,True,True,VTOL,0.7,MULTIROTOR,,,,0.0638
2993,CUSTOM,1.07,21.2,2.6,16.2,INDOOR,VERTICAL,VERTICAL,3234.5,True,True,MULTIROTOR,0.8,None,,,,0.0612
2994,TRAINING,21.05,85.7,13.9,80.9,RURAL,VERTICAL,VERTICAL,31774.75,True,True,VTOL,0.5,MULTIROTOR,,,,0.0701
2995,CUSTOM,3.98,19.7,7.8,40.6,URBAN,VERTICAL,VERTICAL,78808.48,True,True,MULTIROTOR,0.8,VTOL,,,,0.0619
2996,MAPPING,0.94,15.5,3.8,39.0,INDOOR,VERTICAL,VERTICAL,63524.45,True,True,MULTIROTOR,0.8,None,,,,0.0587
2997,SECURITY,1.04,32.6,4.3,40.1,RURAL,VERTICAL,VERTICAL,30237.84,True,True,MULTIROTOR,0.8,VTOL,,,,0.0622
2998,TRAINING,2.13,11.2,7.5,23.7,RURAL,VERTICAL,VERTICAL,31087.15,True,True,MULTIROTOR,0.8,VTOL,,,,0.0652
2999,SURVEY,2.0,30.0,20.0,350.0,RURAL,VERTICAL,VERTICAL,,True,False,None,,None,,NO_VALID_VEHICLE,No feasible aircraft design solution: Cruise speed requirement (350.0 km/h) exceeds platform dynamic limit (300.0 km/h).,0.0367
3000,SECURITY,1.28,22.4,1.2,26.9,INDOOR,VERTICAL,VERTICAL,28676.42,True,True,MULTIROTOR,0.8,None,,,,0.0599
3001,SECURITY,4.86,47.6,102.4,94.7,MOUNTAIN,VERTICAL,VERTICAL,51717.82,True,True,VTOL,0.95,MULTIROTOR,,,,0.0677
3002,DELIVERY,4.13,69.3,93.5,93.2,RURAL,VERTICAL,VERTICAL,78364.63,True,True,VTOL,0.95,MULTIROTOR,,,,0.0629
3003,SURVEY,2.0,500.0,20.0,60.0,RURAL,VERTICAL,VERTICAL,,True,False,None,,None,,NO_VALID_VEHICLE,No feasible aircraft design solution: Endurance requirement (500.0 min) exceeds battery/fuel energy storage density limit (450.0 min).,0.0342
3004,SURVEY,2.0,30.0,20.0,350.0,RURAL,VERTICAL,VERTICAL,,True,False,None,,None,,NO_VALID_VEHICLE,No feasible aircraft design solution: Cruise speed requirement (350.0 km/h) exceeds platform dynamic limit (300.0 km/h).,0.0327
3005,SURVEY,2.39,27.5,9.2,42.4,RURAL,VERTICAL,VERTICAL,11029.55,True,True,MULTIROTOR,0.8,VTOL,,,,0.0611
3006,DISASTER_RESPONSE,1.36,9.4,3.0,26.0,INDOOR,VERTICAL,VERTICAL,10711.02,True,True,MULTIROTOR,0.8,None,,,,0.0587
3007,INSPECTION,0.7,13.2,2.6,18.1,INDOOR,VERTICAL,VERTICAL,11954.37,True,True,MULTIROTOR,0.8,None,,,,0.0585
3008,RESEARCH,8.25,74.2,51.3,47.9,RURAL,VERTICAL,RUNWAY,34314.73,True,True,VTOL,0.95,MULTIROTOR,,,,0.0679
3009,DISASTER_RESPONSE,6.0,91.8,86.3,91.2,MOUNTAIN,VERTICAL,VERTICAL,24952.52,True,True,VTOL,0.95,MULTIROTOR,,,,0.0627
3010,DISASTER_RESPONSE,1.18,9.5,4.3,13.9,INDOOR,VERTICAL,VERTICAL,72459.09,True,True,MULTIROTOR,0.8,None,,,,0.0587
3011,SECURITY,2.64,87.3,32.1,72.5,RURAL,CATAPULT,BELLY_LANDING,72336.07,True,True,FIXED_WING,1.0,VTOL,,,,0.0645
3012,MILITARY,2.66,136.3,41.3,86.2,DESERT,RUNWAY,NET_RECOVERY,79958.36,True,True,FIXED_WING,1.0,VTOL,,,,0.0661
3013,MILITARY,21.09,80.7,36.4,82.3,DESERT,VERTICAL,RUNWAY,71008.18,True,True,VTOL,0.95,MULTIROTOR,,,,0.067
3014,SURVEY,3.0,30.0,-5.0,60.0,RURAL,VERTICAL,VERTICAL,10000.0,False,False,None,,None,,INVALID_REQUIREMENTS,Target range must be greater than 0 km. Provided: -5.0 km.,0.0084
3015,TRAINING,11.36,29.0,60.0,54.3,MOUNTAIN,RUNWAY,VERTICAL,65800.9,True,True,VTOL,0.8,MULTIROTOR,,,,0.0631
3016,INSPECTION,4.58,31.7,47.9,99.7,MARINE,VERTICAL,VERTICAL,73072.53,True,True,VTOL,0.95,MULTIROTOR,,,,0.0641
3017,DISASTER_RESPONSE,3.76,43.4,85.7,75.9,FOREST,VERTICAL,VERTICAL,6149.13,True,True,VTOL,0.95,MULTIROTOR,,,,0.062
3018,SURVEY,2.0,500.0,20.0,60.0,RURAL,VERTICAL,VERTICAL,,True,False,None,,None,,NO_VALID_VEHICLE,No feasible aircraft design solution: Endurance requirement (500.0 min) exceeds battery/fuel energy storage density limit (450.0 min).,0.0355
3019,SECURITY,1.49,10.8,4.8,38.7,INDOOR,VERTICAL,VERTICAL,44184.61,True,True,MULTIROTOR,0.8,None,,,,0.0579
3020,SECURITY,1.83,13.1,4.2,34.1,RURAL,VERTICAL,VERTICAL,22966.11,True,True,MULTIROTOR,0.8,VTOL,,,,0.0662
3021,SURVEY,25.0,30.0,250.0,60.0,RURAL,VERTICAL,VERTICAL,,True,False,None,,None,,NO_VALID_VEHICLE,No feasible aircraft design solution: Combined heavy payload (25.0 kg) and extended range (250.0 km) exceeds structural MTOW limit.,0.0362
3022,TRAINING,5.78,31.8,97.7,66.0,MOUNTAIN,VERTICAL,VERTICAL,64849.13,True,True,VTOL,0.95,MULTIROTOR,,,,0.0689
3023,RESEARCH,2.01,52.1,32.6,81.1,MOUNTAIN,CATAPULT,BELLY_LANDING,32449.23,True,True,FIXED_WING,1.0,VTOL,,,,0.0634
3024,MAPPING,5.25,68.8,135.0,65.6,RURAL,VERTICAL,VERTICAL,59378.78,True,True,VTOL,0.95,MULTIROTOR,,,,0.0626
3025,MAPPING,3.82,105.9,63.8,88.4,RURAL,CATAPULT,NET_RECOVERY,6553.98,True,True,FIXED_WING,1.0,VTOL,,,,0.0626
3026,DELIVERY,3.63,64.7,56.3,75.1,DESERT,RUNWAY,BELLY_LANDING,38591.44,True,True,FIXED_WING,1.0,VTOL,,,,0.0631
3027,INSPECTION,3.53,78.6,101.5,86.0,RURAL,RUNWAY,RUNWAY,43849.85,True,True,VTOL,0.8,MULTIROTOR,,,,0.0686
3028,MILITARY,1.92,17.7,9.8,31.2,RURAL,VERTICAL,VERTICAL,63161.41,True,True,MULTIROTOR,0.8,VTOL,,,,0.067
3029,MAPPING,1.1,23.5,1.3,14.2,INDOOR,VERTICAL,VERTICAL,54993.4,True,True,MULTIROTOR,0.8,None,,,,0.0606
3030,CUSTOM,3.85,113.7,115.6,87.8,RURAL,CATAPULT,NET_RECOVERY,32278.78,True,True,FIXED_WING,1.0,VTOL,,,,0.0661
3031,SURVEY,3.0,-10.0,20.0,60.0,RURAL,VERTICAL,VERTICAL,10000.0,False,False,None,,None,,INVALID_REQUIREMENTS,Target flight time must be greater than 0 minutes. Provided: -10.0 min.,0.0083
3032,MILITARY,20.82,67.3,47.4,82.3,DESERT,RUNWAY,RUNWAY,10030.87,True,True,FIXED_WING,1.0,VTOL,,,,0.0664
3033,SECURITY,4.8,114.6,123.4,83.9,FOREST,VERTICAL,VERTICAL,60942.53,True,True,VTOL,0.95,MULTIROTOR,,,,0.0636
3034,MILITARY,0.93,16.8,1.6,28.7,INDOOR,VERTICAL,VERTICAL,15220.22,True,True,MULTIROTOR,0.8,None,,,,0.0589
3035,MILITARY,3.25,95.1,64.3,86.5,MOUNTAIN,CATAPULT,PARACHUTE,48178.36,True,True,FIXED_WING,1.0,VTOL,,,,0.0633
3036,SURVEY,19.83,41.9,60.0,86.7,RURAL,RUNWAY,VERTICAL,2673.63,True,True,VTOL,0.8,MULTIROTOR,,,,0.0657
3037,AGRICULTURE,3.97,32.4,9.0,22.6,RURAL,VERTICAL,VERTICAL,35595.79,True,True,MULTIROTOR,0.8,VTOL,,,,0.0621
3038,SURVEY,3.0,30.0,20.0,60.0,RURAL,VERTICAL,VERTICAL,-100.0,False,False,None,,None,,INVALID_REQUIREMENTS,Financial budget must be greater than $0 if specified. Provided: $-100.0.,0.0079
3039,MILITARY,2.88,37.2,6.1,22.9,RURAL,VERTICAL,VERTICAL,24641.91,True,True,MULTIROTOR,0.8,VTOL,,,,0.0622
3040,MAPPING,2.44,18.9,13.3,41.0,URBAN,VERTICAL,VERTICAL,65981.4,True,True,MULTIROTOR,0.8,VTOL,,,,0.0668
3041,TRAINING,0.75,16.3,4.5,39.2,INDOOR,VERTICAL,VERTICAL,54708.39,True,True,MULTIROTOR,0.8,None,,,,0.0599
3042,CUSTOM,1.22,8.9,2.6,33.5,INDOOR,VERTICAL,VERTICAL,3049.31,True,True,MULTIROTOR,0.8,None,,,,0.0622
3043,MILITARY,3.35,11.5,11.0,33.2,RURAL,VERTICAL,VERTICAL,26863.98,True,True,MULTIROTOR,0.8,VTOL,,,,0.063
3044,TRAINING,14.86,79.2,78.8,42.2,MOUNTAIN,VERTICAL,RUNWAY,47988.85,True,True,VTOL,0.95,MULTIROTOR,,,,0.0634
3045,SURVEY,2.0,500.0,20.0,60.0,RURAL,VERTICAL,VERTICAL,,True,False,None,,None,,NO_VALID_VEHICLE,No feasible aircraft design solution: Endurance requirement (500.0 min) exceeds battery/fuel energy storage density limit (450.0 min).,0.0347
3046,SURVEY,18.0,280.0,20.0,60.0,RURAL,VERTICAL,VERTICAL,,True,False,None,,None,,NO_VALID_VEHICLE,No feasible aircraft design solution: Combined heavy payload (18.0 kg) and ultra-long endurance (280.0 min) is physically unachievable.,0.0333
3047,SURVEY,2.0,500.0,20.0,60.0,RURAL,VERTICAL,VERTICAL,,True,False,None,,None,,NO_VALID_VEHICLE,No feasible aircraft design solution: Endurance requirement (500.0 min) exceeds battery/fuel energy storage density limit (450.0 min).,0.0327
3048,SURVEY,2.0,30.0,20.0,350.0,RURAL,VERTICAL,VERTICAL,,True,False,None,,None,,NO_VALID_VEHICLE,No feasible aircraft design solution: Cruise speed requirement (350.0 km/h) exceeds platform dynamic limit (300.0 km/h).,0.0326
3049,SURVEY,18.0,280.0,20.0,60.0,RURAL,VERTICAL,VERTICAL,,True,False,None,,None,,NO_VALID_VEHICLE,No feasible aircraft design solution: Combined heavy payload (18.0 kg) and ultra-long endurance (280.0 min) is physically unachievable.,0.0322
3050,TRAINING,5.76,42.9,104.2,83.4,RURAL,VERTICAL,VERTICAL,57202.68,True,True,VTOL,0.95,MULTIROTOR,,,,0.0622
3051,SECURITY,0.37,15.0,2.5,33.6,INDOOR,VERTICAL,VERTICAL,10399.97,True,True,MULTIROTOR,0.8,None,,,,0.0675
3052,AGRICULTURE,0.77,21.4,0.9,38.3,INDOOR,VERTICAL,VERTICAL,63966.3,True,True,MULTIROTOR,0.8,None,,,,0.0593
3053,INSPECTION,7.73,80.2,46.3,99.2,MOUNTAIN,VERTICAL,VERTICAL,37604.78,True,True,VTOL,0.95,MULTIROTOR,,,,0.0683
3054,RESEARCH,0.18,8.3,4.5,32.5,INDOOR,VERTICAL,VERTICAL,41357.05,True,True,MULTIROTOR,0.8,None,,,,0.0635
3055,CUSTOM,0.74,23.3,7.4,40.8,URBAN,VERTICAL,VERTICAL,6337.14,True,True,MULTIROTOR,0.8,VTOL,,,,0.0624
3056,TRAINING,1.38,23.2,3.9,38.9,INDOOR,VERTICAL,VERTICAL,48918.96,True,True,MULTIROTOR,0.8,None,,,,0.0676
3057,CUSTOM,21.53,42.5,29.8,51.1,RURAL,VERTICAL,VERTICAL,11403.7,True,True,VTOL,0.8,MULTIROTOR,,,,0.0661
3058,RESEARCH,2.65,36.0,14.7,46.6,RURAL,VERTICAL,VERTICAL,79570.71,True,True,MULTIROTOR,0.8,VTOL,,,,0.0653
3059,TRAINING,3.21,36.7,11.9,20.8,URBAN,VERTICAL,VERTICAL,17734.76,True,True,MULTIROTOR,0.8,VTOL,,,,0.0614
3060,SURVEY,7.27,65.9,117.5,103.9,FOREST,VERTICAL,VERTICAL,18027.96,True,True,VTOL,0.95,MULTIROTOR,,,,0.0657
3061,SURVEY,3.0,30.0,20.0,60.0,RURAL,VERTICAL,VERTICAL,-100.0,False,False,None,,None,,INVALID_REQUIREMENTS,Financial budget must be greater than $0 if specified. Provided: $-100.0.,0.0079
3062,SURVEY,14.67,83.2,16.8,65.9,MOUNTAIN,VERTICAL,RUNWAY,42417.13,True,True,VTOL,0.7,MULTIROTOR,,,,0.0643
3063,CUSTOM,1.87,108.2,81.5,87.5,FOREST,CATAPULT,PARACHUTE,7236.79,True,True,FIXED_WING,1.0,VTOL,,,,0.0676
3064,TRAINING,22.8,47.5,33.4,61.4,MOUNTAIN,VERTICAL,VERTICAL,46418.94,True,True,VTOL,0.95,MULTIROTOR,,,,0.068
3065,RESEARCH,1.95,20.0,7.2,38.6,URBAN,VERTICAL,VERTICAL,44491.62,True,True,MULTIROTOR,0.8,VTOL,,,,0.0625
3066,DISASTER_RESPONSE,1.42,24.0,15.0,37.3,RURAL,VERTICAL,VERTICAL,13118.11,True,True,MULTIROTOR,0.8,VTOL,,,,0.0654
3067,SURVEY,7.37,43.9,84.4,77.1,FOREST,VERTICAL,VERTICAL,45677.35,True,True,VTOL,0.95,MULTIROTOR,,,,0.066
3068,MAPPING,1.48,23.1,4.3,14.0,INDOOR,VERTICAL,VERTICAL,15462.53,True,True,MULTIROTOR,0.8,None,,,,0.0619
3069,SURVEY,3.0,30.0,20.0,60.0,RURAL,VERTICAL,VERTICAL,-100.0,False,False,None,,None,,INVALID_REQUIREMENTS,Financial budget must be greater than $0 if specified. Provided: $-100.0.,0.0078
3070,AGRICULTURE,1.18,32.1,13.1,49.2,RURAL,VERTICAL,VERTICAL,10747.83,True,True,MULTIROTOR,0.8,VTOL,,,,0.0615
3071,SURVEY,3.0,30.0,20.0,0.0,RURAL,VERTICAL,VERTICAL,10000.0,False,False,None,,None,,INVALID_REQUIREMENTS,Cruise speed must be greater than 0 km/h. Provided: 0.0 km/h.,0.0082
3072,TRAINING,1.94,98.8,79.7,81.3,MOUNTAIN,RUNWAY,NET_RECOVERY,31143.11,True,True,FIXED_WING,1.0,VTOL,,,,0.0662
3073,TRAINING,3.62,26.2,4.7,48.4,URBAN,VERTICAL,VERTICAL,60741.78,True,True,MULTIROTOR,0.8,VTOL,,,,0.0625
3074,AGRICULTURE,3.94,10.3,13.1,30.7,URBAN,VERTICAL,VERTICAL,39635.78,True,True,MULTIROTOR,0.8,VTOL,,,,0.0616
3075,SURVEY,3.0,30.0,20.0,60.0,RURAL,VERTICAL,VERTICAL,-100.0,False,False,None,,None,,INVALID_REQUIREMENTS,Financial budget must be greater than $0 if specified. Provided: $-100.0.,0.0076
3076,SURVEY,2.0,30.0,20.0,350.0,RURAL,VERTICAL,VERTICAL,,True,False,None,,None,,NO_VALID_VEHICLE,No feasible aircraft design solution: Cruise speed requirement (350.0 km/h) exceeds platform dynamic limit (300.0 km/h).,0.0348
3077,DELIVERY,1.42,82.9,89.9,104.3,FOREST,HAND_LAUNCH,NET_RECOVERY,15328.68,True,True,FIXED_WING,1.0,VTOL,,,,0.0657
3078,DISASTER_RESPONSE,2.3,105.4,49.8,74.5,FOREST,RUNWAY,BELLY_LANDING,31139.67,True,True,FIXED_WING,1.0,VTOL,,,,0.0679
3079,AGRICULTURE,23.39,39.9,14.0,45.5,RURAL,VERTICAL,RUNWAY,27067.52,True,True,MULTIROTOR,0.7,VTOL,,,,0.0648
3080,MAPPING,1.43,13.9,3.6,35.0,INDOOR,VERTICAL,VERTICAL,42916.77,True,True,MULTIROTOR,0.8,None,,,,0.059
3081,DELIVERY,19.01,27.9,19.9,72.1,MOUNTAIN,RUNWAY,VERTICAL,21645.8,True,True,VTOL,0.7,MULTIROTOR,,,,0.0677
3082,SECURITY,4.37,109.9,75.5,66.4,RURAL,VERTICAL,VERTICAL,42198.88,True,True,VTOL,0.95,MULTIROTOR,,,,0.0632
3083,AGRICULTURE,9.34,85.8,36.2,75.5,DESERT,VERTICAL,RUNWAY,71457.79,True,True,VTOL,0.95,MULTIROTOR,,,,0.0675
3084,SURVEY,0.0,30.0,20.0,60.0,RURAL,VERTICAL,VERTICAL,10000.0,False,False,None,,None,,INVALID_REQUIREMENTS,Payload weight must be greater than 0 kg. Provided: 0.0 kg.,0.0082
3085,MILITARY,2.99,25.8,4.9,33.7,RURAL,VERTICAL,VERTICAL,46254.33,True,True,MULTIROTOR,0.8,VTOL,,,,0.0711
3086,MAPPING,4.02,145.3,74.5,81.7,RURAL,CATAPULT,PARACHUTE,11630.3,True,True,FIXED_WING,1.0,VTOL,,,,0.0639
3087,INSPECTION,5.22,50.0,128.4,80.8,MOUNTAIN,VERTICAL,VERTICAL,19654.61,True,True,VTOL,0.95,MULTIROTOR,,,,0.0733
3088,SURVEY,2.0,30.0,500.0,60.0,RURAL,VERTICAL,VERTICAL,,True,False,None,,None,Extended range target (500.0 km) approaches maximum battery energy density threshold.,NO_VALID_VEHICLE,No feasible aircraft design solution: Range requirement (500.0 km) exceeds maximum studio envelope limit (450.0 km).,0.0469
3089,MAPPING,5.2,91.4,39.5,74.7,FOREST,VERTICAL,VERTICAL,71922.98,True,True,VTOL,0.95,MULTIROTOR,,,,0.0953
3090,MILITARY,2.88,26.3,12.8,21.7,RURAL,VERTICAL,VERTICAL,19098.71,True,True,MULTIROTOR,0.8,VTOL,,,,0.1078
3091,SECURITY,3.61,22.3,3.7,26.1,RURAL,VERTICAL,VERTICAL,48753.66,True,True,MULTIROTOR,0.8,VTOL,,,,0.0692
3092,MAPPING,1.54,15.5,5.9,40.7,URBAN,VERTICAL,VERTICAL,35257.67,True,True,MULTIROTOR,0.8,VTOL,,,,0.063
3093,CUSTOM,13.4,36.2,74.2,58.8,MOUNTAIN,RUNWAY,VERTICAL,9095.73,True,True,VTOL,0.8,MULTIROTOR,,,,0.0691
3094,AGRICULTURE,2.41,31.4,14.8,28.4,URBAN,VERTICAL,VERTICAL,22323.61,True,True,MULTIROTOR,0.8,VTOL,,,,0.0625
3095,TRAINING,1.06,18.4,3.4,33.8,INDOOR,VERTICAL,VERTICAL,63476.82,True,True,MULTIROTOR,0.8,None,,,,0.0649
3096,SURVEY,2.0,500.0,20.0,60.0,RURAL,VERTICAL,VERTICAL,,True,False,None,,None,,NO_VALID_VEHICLE,No feasible aircraft design solution: Endurance requirement (500.0 min) exceeds battery/fuel energy storage density limit (450.0 min).,0.0356
3097,SURVEY,7.29,74.6,101.8,80.8,MOUNTAIN,VERTICAL,VERTICAL,38828.84,True,True,VTOL,0.95,MULTIROTOR,,,,0.0636
3098,SECURITY,0.5,9.1,2.6,15.6,INDOOR,VERTICAL,VERTICAL,20721.29,True,True,MULTIROTOR,0.8,None,,,,0.0633
3099,SECURITY,3.0,24.5,3.7,48.9,URBAN,VERTICAL,VERTICAL,72814.99,True,True,MULTIROTOR,0.8,VTOL,,,,0.0639
3100,SURVEY,0.0,30.0,20.0,60.0,RURAL,VERTICAL,VERTICAL,10000.0,False,False,None,,None,,INVALID_REQUIREMENTS,Payload weight must be greater than 0 kg. Provided: 0.0 kg.,0.0117
3101,CUSTOM,3.19,114.1,69.0,76.8,MOUNTAIN,HAND_LAUNCH,NET_RECOVERY,42342.79,True,True,FIXED_WING,1.0,VTOL,,,,0.0774
3102,AGRICULTURE,1.17,32.9,13.8,48.1,URBAN,VERTICAL,VERTICAL,14268.34,True,True,MULTIROTOR,0.8,VTOL,,,,0.0674
3103,MAPPING,0.52,11.2,3.8,28.8,INDOOR,VERTICAL,VERTICAL,66056.16,True,True,MULTIROTOR,0.8,None,,,,0.0593
3104,RESEARCH,0.43,7.4,4.5,35.1,INDOOR,VERTICAL,VERTICAL,31964.55,True,True,MULTIROTOR,0.8,None,,,,0.0598
3105,MAPPING,18.31,71.2,52.3,64.6,RURAL,RUNWAY,VERTICAL,25603.37,True,True,VTOL,0.8,MULTIROTOR,,,,0.0671
3106,MAPPING,2.14,19.4,6.6,38.7,URBAN,VERTICAL,VERTICAL,69784.27,True,True,MULTIROTOR,0.8,VTOL,,,,0.0664
3107,AGRICULTURE,10.42,24.9,55.1,69.1,MOUNTAIN,RUNWAY,VERTICAL,33950.56,True,True,VTOL,0.8,MULTIROTOR,,,,0.0677
3108,SURVEY,0.0,30.0,20.0,60.0,RURAL,VERTICAL,VERTICAL,10000.0,False,False,None,,None,,INVALID_REQUIREMENTS,Payload weight must be greater than 0 kg. Provided: 0.0 kg.,0.0077
3109,SURVEY,18.0,280.0,20.0,60.0,RURAL,VERTICAL,VERTICAL,,True,False,None,,None,,NO_VALID_VEHICLE,No feasible aircraft design solution: Combined heavy payload (18.0 kg) and ultra-long endurance (280.0 min) is physically unachievable.,0.176
3110,SURVEY,45.0,30.0,20.0,60.0,RURAL,VERTICAL,VERTICAL,,True,False,None,,None,High payload mass (45.0 kg) requires specialized heavy-lift structural airframe.,NO_VALID_VEHICLE,No feasible aircraft design solution: Payload requirement (45.0 kg) exceeds maximum studio envelope limit (35.0 kg).,0.039
3111,MILITARY,2.53,15.8,14.2,48.1,RURAL,VERTICAL,VERTICAL,62498.94,True,True,MULTIROTOR,0.8,VTOL,,,,0.0713
3112,SURVEY,3.0,-10.0,20.0,60.0,RURAL,VERTICAL,VERTICAL,10000.0,False,False,None,,None,,INVALID_REQUIREMENTS,Target flight time must be greater than 0 minutes. Provided: -10.0 min.,0.0299
3113,SURVEY,45.0,30.0,20.0,60.0,RURAL,VERTICAL,VERTICAL,,True,False,None,,None,High payload mass (45.0 kg) requires specialized heavy-lift structural airframe.,NO_VALID_VEHICLE,No feasible aircraft design solution: Payload requirement (45.0 kg) exceeds maximum studio envelope limit (35.0 kg).,0.0359
3114,AGRICULTURE,14.88,33.4,28.6,73.6,MOUNTAIN,VERTICAL,RUNWAY,26388.92,True,True,VTOL,0.8,MULTIROTOR,,,,0.0641
3115,DISASTER_RESPONSE,2.16,99.4,89.4,105.3,FOREST,HAND_LAUNCH,RUNWAY,45462.63,True,True,FIXED_WING,1.0,VTOL,,,,0.0631
3116,DISASTER_RESPONSE,1.34,27.4,10.8,35.2,URBAN,VERTICAL,VERTICAL,22263.15,True,True,MULTIROTOR,0.8,VTOL,,,,0.0661
3117,MAPPING,2.64,56.0,77.5,109.6,MARINE,VERTICAL,VERTICAL,29782.46,True,True,VTOL,0.95,MULTIROTOR,,,,0.0646
3118,SURVEY,2.0,30.0,500.0,60.0,RURAL,VERTICAL,VERTICAL,,True,False,None,,None,Extended range target (500.0 km) approaches maximum battery energy density threshold.,NO_VALID_VEHICLE,No feasible aircraft design solution: Range requirement (500.0 km) exceeds maximum studio envelope limit (450.0 km).,0.0343
3119,INSPECTION,3.01,37.0,6.8,28.9,URBAN,VERTICAL,VERTICAL,67786.46,True,True,MULTIROTOR,0.8,VTOL,,,,0.0631
3120,TRAINING,2.9,98.1,73.8,54.1,FOREST,RUNWAY,NET_RECOVERY,62380.06,True,True,FIXED_WING,1.0,VTOL,,,,0.0675
3121,MAPPING,8.81,38.8,53.2,45.5,MOUNTAIN,RUNWAY,VERTICAL,33545.75,True,True,VTOL,0.8,MULTIROTOR,,,,0.068
3122,AGRICULTURE,24.91,81.4,10.6,89.0,RURAL,RUNWAY,RUNWAY,28519.01,True,True,FIXED_WING,1.0,VTOL,,,,0.0684
3123,DISASTER_RESPONSE,6.13,75.3,111.6,68.1,MARINE,VERTICAL,VERTICAL,13350.76,True,True,VTOL,0.95,MULTIROTOR,,,,0.0685
3124,SURVEY,18.0,280.0,20.0,60.0,RURAL,VERTICAL,VERTICAL,,True,False,None,,None,,NO_VALID_VEHICLE,No feasible aircraft design solution: Combined heavy payload (18.0 kg) and ultra-long endurance (280.0 min) is physically unachievable.,0.0358
3125,DISASTER_RESPONSE,6.35,39.7,82.1,69.4,FOREST,VERTICAL,VERTICAL,22138.29,True,True,VTOL,0.95,MULTIROTOR,,,,0.0618
3126,MAPPING,23.02,80.8,39.9,53.5,DESERT,RUNWAY,RUNWAY,10555.07,True,True,FIXED_WING,1.0,VTOL,,,,0.0643
3127,SECURITY,5.42,39.2,122.8,70.9,RURAL,VERTICAL,VERTICAL,69091.6,True,True,VTOL,0.95,MULTIROTOR,,,,0.0666
3128,SURVEY,18.0,280.0,20.0,60.0,RURAL,VERTICAL,VERTICAL,,True,False,None,,None,,NO_VALID_VEHICLE,No feasible aircraft design solution: Combined heavy payload (18.0 kg) and ultra-long endurance (280.0 min) is physically unachievable.,0.0347
3129,SURVEY,2.0,30.0,20.0,350.0,RURAL,VERTICAL,VERTICAL,,True,False,None,,None,,NO_VALID_VEHICLE,No feasible aircraft design solution: Cruise speed requirement (350.0 km/h) exceeds platform dynamic limit (300.0 km/h).,0.0331
3130,TRAINING,1.05,21.4,1.3,18.0,INDOOR,VERTICAL,VERTICAL,42685.09,True,True,MULTIROTOR,0.8,None,,,,0.0632
3131,SURVEY,25.0,30.0,250.0,60.0,RURAL,VERTICAL,VERTICAL,,True,False,None,,None,,NO_VALID_VEHICLE,No feasible aircraft design solution: Combined heavy payload (25.0 kg) and extended range (250.0 km) exceeds structural MTOW limit.,0.0362
3132,SURVEY,45.0,30.0,20.0,60.0,RURAL,VERTICAL,VERTICAL,,True,False,None,,None,High payload mass (45.0 kg) requires specialized heavy-lift structural airframe.,NO_VALID_VEHICLE,No feasible aircraft design solution: Payload requirement (45.0 kg) exceeds maximum studio envelope limit (35.0 kg).,0.0357
3133,SURVEY,3.0,30.0,-5.0,60.0,RURAL,VERTICAL,VERTICAL,10000.0,False,False,None,,None,,INVALID_REQUIREMENTS,Target range must be greater than 0 km. Provided: -5.0 km.,0.0084
3134,INSPECTION,2.01,90.8,79.5,58.3,MOUNTAIN,HAND_LAUNCH,BELLY_LANDING,79127.31,True,True,VTOL,0.8,MULTIROTOR,,,,0.0684
3135,TRAINING,24.37,56.5,69.4,55.2,MOUNTAIN,VERTICAL,RUNWAY,64211.66,True,True,VTOL,0.95,MULTIROTOR,,,,0.0676
3136,AGRICULTURE,8.29,31.6,46.5,62.1,RURAL,RUNWAY,RUNWAY,53037.07,True,True,FIXED_WING,1.0,VTOL,,,,0.1171
3137,SURVEY,25.0,30.0,250.0,60.0,RURAL,VERTICAL,VERTICAL,,True,False,None,,None,,NO_VALID_VEHICLE,No feasible aircraft design solution: Combined heavy payload (25.0 kg) and extended range (250.0 km) exceeds structural MTOW limit.,0.0355
3138,RESEARCH,0.94,7.2,2.0,36.4,INDOOR,VERTICAL,VERTICAL,63506.28,True,True,MULTIROTOR,0.8,None,,,,0.0661
3139,DELIVERY,2.67,10.5,13.1,40.8,RURAL,VERTICAL,VERTICAL,42548.83,True,True,MULTIROTOR,0.8,VTOL,,,,0.0629
3140,CUSTOM,1.21,6.5,2.2,20.2,INDOOR,VERTICAL,VERTICAL,72598.54,True,True,MULTIROTOR,0.8,None,,,,0.0638
3141,CUSTOM,1.21,5.8,3.0,19.3,INDOOR,VERTICAL,VERTICAL,29170.22,True,True,MULTIROTOR,0.8,None,,,,0.0632
3142,SURVEY,0.27,10.6,3.3,31.6,INDOOR,VERTICAL,VERTICAL,4660.55,True,True,MULTIROTOR,0.8,None,,,,0.06
3143,INSPECTION,0.63,18.5,1.2,14.3,INDOOR,VERTICAL,VERTICAL,65284.02,True,True,MULTIROTOR,0.8,None,,,,0.059
3144,SURVEY,45.0,30.0,20.0,60.0,RURAL,VERTICAL,VERTICAL,,True,False,None,,None,High payload mass (45.0 kg) requires specialized heavy-lift structural airframe.,NO_VALID_VEHICLE,No feasible aircraft design solution: Payload requirement (45.0 kg) exceeds maximum studio envelope limit (35.0 kg).,0.0339
3145,CUSTOM,0.54,37.9,10.1,44.3,RURAL,VERTICAL,VERTICAL,76685.19,True,True,MULTIROTOR,0.8,VTOL,,,,0.0707
3146,SURVEY,3.0,30.0,20.0,60.0,RURAL,VERTICAL,VERTICAL,-100.0,False,False,None,,None,,INVALID_REQUIREMENTS,Financial budget must be greater than $0 if specified. Provided: $-100.0.,0.0093
3147,MAPPING,0.95,6.4,1.8,11.9,INDOOR,VERTICAL,VERTICAL,67264.15,True,True,MULTIROTOR,0.8,None,,,,0.3145
3148,INSPECTION,1.15,85.8,88.2,63.5,FOREST,HAND_LAUNCH,PARACHUTE,48797.14,True,True,VTOL,0.8,MULTIROTOR,,,,0.1311
3149,SURVEY,19.91,57.9,28.0,69.5,DESERT,RUNWAY,VERTICAL,72905.58,True,True,VTOL,0.8,MULTIROTOR,,,,0.1287
3150,CUSTOM,2.94,106.2,54.0,72.3,MOUNTAIN,CATAPULT,PARACHUTE,76096.67,True,True,FIXED_WING,1.0,VTOL,,,,0.1212
3151,MILITARY,4.99,86.7,76.0,83.2,FOREST,CATAPULT,PARACHUTE,75040.34,True,True,FIXED_WING,1.0,VTOL,,,,0.1157
3152,RESEARCH,3.07,32.5,130.0,70.3,FOREST,VERTICAL,VERTICAL,19472.64,True,True,VTOL,0.95,MULTIROTOR,,,,0.0834
3153,MAPPING,0.21,13.8,2.2,31.3,INDOOR,VERTICAL,VERTICAL,52744.65,True,True,MULTIROTOR,0.8,None,,,,0.0911
3154,DISASTER_RESPONSE,1.38,56.2,60.8,75.2,DESERT,RUNWAY,RUNWAY,35427.71,True,True,FIXED_WING,1.0,VTOL,,,,0.0965
3155,TRAINING,20.91,39.1,67.9,42.9,RURAL,RUNWAY,RUNWAY,45961.69,True,True,FIXED_WING,1.0,VTOL,,,,0.0808
3156,CUSTOM,2.43,58.7,91.0,96.3,MARINE,VERTICAL,VERTICAL,5602.65,True,True,VTOL,0.95,MULTIROTOR,,,,0.0805
3157,CUSTOM,4.52,125.9,53.7,55.7,RURAL,HAND_LAUNCH,RUNWAY,17147.18,True,True,FIXED_WING,1.0,VTOL,,,,0.0971
3158,SECURITY,2.16,23.9,7.6,25.5,RURAL,VERTICAL,VERTICAL,34525.01,True,True,MULTIROTOR,0.8,VTOL,,,,0.0867
3159,MILITARY,2.58,53.3,63.3,107.8,DESERT,HAND_LAUNCH,PARACHUTE,42642.51,True,True,FIXED_WING,1.0,VTOL,,,,0.0836
3160,TRAINING,5.54,72.0,114.3,72.1,MOUNTAIN,VERTICAL,VERTICAL,12170.14,True,True,VTOL,0.95,MULTIROTOR,,,,0.0713
3161,DELIVERY,22.1,25.6,67.4,83.8,RURAL,VERTICAL,VERTICAL,36212.19,True,True,VTOL,0.95,MULTIROTOR,,,,0.1004
3162,SECURITY,3.37,84.0,117.0,109.8,DESERT,RUNWAY,PARACHUTE,52230.1,True,True,FIXED_WING,1.0,VTOL,,,,0.0642
3163,INSPECTION,0.68,20.3,1.0,26.7,INDOOR,VERTICAL,VERTICAL,47229.79,True,True,MULTIROTOR,0.8,None,,,,0.0684
3164,RESEARCH,20.96,57.3,70.4,84.4,RURAL,RUNWAY,VERTICAL,43621.73,True,True,VTOL,0.8,MULTIROTOR,,,,0.0736
3165,MAPPING,23.31,46.8,28.6,63.3,MOUNTAIN,RUNWAY,RUNWAY,45553.36,True,True,FIXED_WING,0.85,VTOL,,,,0.0906
3166,TRAINING,16.52,71.7,39.5,43.6,DESERT,VERTICAL,VERTICAL,53474.37,True,True,VTOL,0.95,MULTIROTOR,,,,0.0724
3167,DELIVERY,2.88,17.9,8.9,22.6,URBAN,VERTICAL,VERTICAL,77235.77,True,True,MULTIROTOR,0.8,VTOL,,,,0.0625
3168,MAPPING,2.65,63.7,65.9,103.9,MOUNTAIN,CATAPULT,RUNWAY,61109.47,True,True,FIXED_WING,1.0,VTOL,,,,0.0672
3169,SURVEY,7.84,110.8,41.0,82.9,FOREST,VERTICAL,VERTICAL,28037.78,True,True,VTOL,0.95,MULTIROTOR,,,,0.0641
3170,SURVEY,3.0,30.0,20.0,0.0,RURAL,VERTICAL,VERTICAL,10000.0,False,False,None,,None,,INVALID_REQUIREMENTS,Cruise speed must be greater than 0 km/h. Provided: 0.0 km/h.,0.0119
3171,MAPPING,2.23,17.3,10.7,37.8,RURAL,VERTICAL,VERTICAL,63448.41,True,True,MULTIROTOR,0.8,VTOL,,,,0.0645
3172,RESEARCH,5.05,40.3,70.6,84.6,RURAL,VERTICAL,VERTICAL,57427.77,True,True,VTOL,0.95,MULTIROTOR,,,,0.0697
3173,SURVEY,3.0,30.0,-5.0,60.0,RURAL,VERTICAL,VERTICAL,10000.0,False,False,None,,None,,INVALID_REQUIREMENTS,Target range must be greater than 0 km. Provided: -5.0 km.,0.0085
3174,RESEARCH,1.16,12.5,4.6,17.6,INDOOR,VERTICAL,VERTICAL,56381.05,True,True,MULTIROTOR,0.8,None,,,,0.0639
3175,INSPECTION,3.02,126.0,60.8,94.8,MOUNTAIN,CATAPULT,NET_RECOVERY,13979.44,True,True,VTOL,0.8,MULTIROTOR,,,,0.0651
3176,CUSTOM,21.73,63.9,77.5,41.5,DESERT,RUNWAY,RUNWAY,49130.58,True,True,FIXED_WING,1.0,VTOL,,,,0.0662
3177,MAPPING,22.1,28.3,72.9,58.7,DESERT,RUNWAY,VERTICAL,74649.95,True,True,VTOL,0.8,MULTIROTOR,,,,0.0637
3178,SECURITY,1.09,12.6,1.1,29.6,INDOOR,VERTICAL,VERTICAL,79296.93,True,True,MULTIROTOR,0.8,None,,,,0.0648
3179,SURVEY,1.18,144.8,46.2,92.4,MOUNTAIN,RUNWAY,BELLY_LANDING,10241.45,True,True,FIXED_WING,1.0,VTOL,,,,0.0636
3180,AGRICULTURE,0.41,11.0,2.1,37.9,INDOOR,VERTICAL,VERTICAL,36478.54,True,True,MULTIROTOR,0.8,None,,,,0.0593
3181,RESEARCH,2.54,41.1,92.3,81.5,MARINE,VERTICAL,VERTICAL,28548.35,True,True,VTOL,0.95,MULTIROTOR,,,,0.0633
3182,SURVEY,2.0,30.0,500.0,60.0,RURAL,VERTICAL,VERTICAL,,True,False,None,,None,Extended range target (500.0 km) approaches maximum battery energy density threshold.,NO_VALID_VEHICLE,No feasible aircraft design solution: Range requirement (500.0 km) exceeds maximum studio envelope limit (450.0 km).,0.0397
3183,DISASTER_RESPONSE,2.75,96.1,100.4,115.6,RURAL,VERTICAL,VERTICAL,75496.79,True,True,VTOL,0.95,MULTIROTOR,,,,0.069
3184,SURVEY,25.0,30.0,250.0,60.0,RURAL,VERTICAL,VERTICAL,,True,False,None,,None,,NO_VALID_VEHICLE,No feasible aircraft design solution: Combined heavy payload (25.0 kg) and extended range (250.0 km) exceeds structural MTOW limit.,0.0356
3185,DELIVERY,23.1,66.4,57.8,79.6,MOUNTAIN,VERTICAL,VERTICAL,2278.05,True,True,VTOL,0.95,MULTIROTOR,,,,0.0816
3186,DISASTER_RESPONSE,5.75,114.4,100.0,119.8,MOUNTAIN,VERTICAL,VERTICAL,65705.46,True,True,VTOL,0.95,MULTIROTOR,,,,0.0745
3187,CUSTOM,18.74,76.7,77.5,55.9,DESERT,VERTICAL,RUNWAY,6764.07,True,True,VTOL,0.95,MULTIROTOR,,,,0.0704
3188,SURVEY,1.28,17.1,3.8,36.7,INDOOR,VERTICAL,VERTICAL,2058.41,True,True,MULTIROTOR,0.8,None,,,,0.0824
3189,SURVEY,45.0,30.0,20.0,60.0,RURAL,VERTICAL,VERTICAL,,True,False,None,,None,High payload mass (45.0 kg) requires specialized heavy-lift structural airframe.,NO_VALID_VEHICLE,No feasible aircraft design solution: Payload requirement (45.0 kg) exceeds maximum studio envelope limit (35.0 kg).,0.0366
3190,MAPPING,0.53,22.1,4.7,26.6,INDOOR,VERTICAL,VERTICAL,59605.35,True,True,MULTIROTOR,0.8,None,,,,0.0626
3191,SECURITY,1.48,110.9,70.1,68.4,MOUNTAIN,CATAPULT,BELLY_LANDING,39378.34,True,True,FIXED_WING,1.0,VTOL,,,,0.0631
3192,INSPECTION,1.36,23.8,3.4,11.3,INDOOR,VERTICAL,VERTICAL,58319.89,True,True,MULTIROTOR,0.8,None,,,,0.0618
3193,TRAINING,0.84,19.2,1.4,31.9,INDOOR,VERTICAL,VERTICAL,27463.45,True,True,MULTIROTOR,0.8,None,,,,0.0589
3194,DELIVERY,0.21,13.8,1.6,26.4,INDOOR,VERTICAL,VERTICAL,68762.81,True,True,MULTIROTOR,0.8,None,,,,0.0581
3195,DISASTER_RESPONSE,9.86,80.6,48.7,88.2,RURAL,VERTICAL,RUNWAY,58466.37,True,True,VTOL,0.95,MULTIROTOR,,,,0.0672
3196,DISASTER_RESPONSE,20.2,75.6,67.5,60.8,MOUNTAIN,VERTICAL,VERTICAL,20550.36,True,True,VTOL,0.95,MULTIROTOR,,,,0.0712
3197,RESEARCH,1.16,13.2,4.0,29.7,URBAN,VERTICAL,VERTICAL,53420.81,True,True,MULTIROTOR,0.8,VTOL,,,,0.0623
3198,TRAINING,4.08,115.1,30.2,88.4,FOREST,VERTICAL,VERTICAL,70919.3,True,True,VTOL,0.95,MULTIROTOR,,,,0.0681
3199,SURVEY,2.0,500.0,20.0,60.0,RURAL,VERTICAL,VERTICAL,,True,False,None,,None,,NO_VALID_VEHICLE,No feasible aircraft design solution: Endurance requirement (500.0 min) exceeds battery/fuel energy storage density limit (450.0 min).,0.0355
3200,SURVEY,2.0,30.0,20.0,350.0,RURAL,VERTICAL,VERTICAL,,True,False,None,,None,,NO_VALID_VEHICLE,No feasible aircraft design solution: Cruise speed requirement (350.0 km/h) exceeds platform dynamic limit (300.0 km/h).,0.0334
3201,SURVEY,1.6,117.5,26.9,56.5,RURAL,RUNWAY,NET_RECOVERY,60471.15,True,True,FIXED_WING,1.0,VTOL,,,,0.0678
3202,MAPPING,7.13,87.0,74.7,100.9,FOREST,VERTICAL,VERTICAL,7999.1,True,True,VTOL,0.95,MULTIROTOR,,,,0.0715
3203,MAPPING,1.72,60.2,95.3,58.7,DESERT,RUNWAY,NET_RECOVERY,4692.94,True,True,FIXED_WING,1.0,VTOL,,,,0.0641
3204,DISASTER_RESPONSE,0.98,31.9,2.5,25.8,URBAN,VERTICAL,VERTICAL,49159.06,True,True,MULTIROTOR,0.8,VTOL,,,,0.0626
3205,TRAINING,17.04,38.2,13.3,59.4,DESERT,RUNWAY,RUNWAY,44799.74,True,True,FIXED_WING,0.85,MULTIROTOR,,,,0.0635
3206,DELIVERY,2.07,76.9,77.4,93.7,RURAL,HAND_LAUNCH,RUNWAY,26096.18,True,True,FIXED_WING,1.0,VTOL,,,,0.0676
3207,INSPECTION,21.09,24.0,66.7,88.0,RURAL,VERTICAL,VERTICAL,31846.67,True,True,VTOL,0.95,MULTIROTOR,,,,0.0636
3208,CUSTOM,3.16,36.9,44.6,78.3,MARINE,VERTICAL,VERTICAL,54832.86,True,True,VTOL,0.95,MULTIROTOR,,,,0.0634
3209,AGRICULTURE,1.71,82.1,83.7,57.1,FOREST,RUNWAY,PARACHUTE,32589.15,True,True,FIXED_WING,1.0,VTOL,,,,0.0869
3210,RESEARCH,1.62,21.5,7.2,31.6,RURAL,VERTICAL,VERTICAL,22235.35,True,True,MULTIROTOR,0.8,VTOL,,,,0.0663
3211,SURVEY,3.0,-10.0,20.0,60.0,RURAL,VERTICAL,VERTICAL,10000.0,False,False,None,,None,,INVALID_REQUIREMENTS,Target flight time must be greater than 0 minutes. Provided: -10.0 min.,0.0091
3212,SECURITY,20.96,57.4,30.0,60.7,MOUNTAIN,VERTICAL,VERTICAL,35180.44,True,True,VTOL,0.95,MULTIROTOR,,,,0.0908
3213,RESEARCH,1.21,27.0,7.8,44.7,URBAN,VERTICAL,VERTICAL,48129.93,True,True,MULTIROTOR,0.8,VTOL,,,,0.0642
3214,CUSTOM,19.18,89.6,32.5,74.6,RURAL,RUNWAY,RUNWAY,63132.94,True,True,FIXED_WING,1.0,VTOL,,,,0.0672
3215,SURVEY,0.0,30.0,20.0,60.0,RURAL,VERTICAL,VERTICAL,10000.0,False,False,None,,None,,INVALID_REQUIREMENTS,Payload weight must be greater than 0 kg. Provided: 0.0 kg.,0.0088
3216,SURVEY,25.0,30.0,250.0,60.0,RURAL,VERTICAL,VERTICAL,,True,False,None,,None,,NO_VALID_VEHICLE,No feasible aircraft design solution: Combined heavy payload (25.0 kg) and extended range (250.0 km) exceeds structural MTOW limit.,0.0374
3217,SECURITY,4.84,56.2,38.6,79.5,RURAL,CATAPULT,NET_RECOVERY,3169.85,True,True,FIXED_WING,1.0,VTOL,,,,0.0653
3218,TRAINING,6.75,90.0,78.0,82.2,FOREST,VERTICAL,VERTICAL,33579.6,True,True,VTOL,0.95,MULTIROTOR,,,,0.0673
3219,CUSTOM,0.65,23.5,7.2,44.5,RURAL,VERTICAL,VERTICAL,18203.39,True,True,MULTIROTOR,0.8,VTOL,,,,0.0614
3220,MILITARY,0.78,26.8,6.4,27.2,RURAL,VERTICAL,VERTICAL,52285.49,True,True,MULTIROTOR,0.8,VTOL,,,,0.0643
3221,MILITARY,1.05,23.7,1.3,38.9,INDOOR,VERTICAL,VERTICAL,54766.98,True,True,MULTIROTOR,0.8,None,,,,0.0594
3222,SURVEY,18.0,280.0,20.0,60.0,RURAL,VERTICAL,VERTICAL,,True,False,None,,None,,NO_VALID_VEHICLE,No feasible aircraft design solution: Combined heavy payload (18.0 kg) and ultra-long endurance (280.0 min) is physically unachievable.,0.0349
3223,INSPECTION,15.35,48.2,34.3,59.8,MOUNTAIN,VERTICAL,RUNWAY,45766.92,True,True,VTOL,0.95,MULTIROTOR,,,,0.0644
3224,SURVEY,25.0,30.0,250.0,60.0,RURAL,VERTICAL,VERTICAL,,True,False,None,,None,,NO_VALID_VEHICLE,No feasible aircraft design solution: Combined heavy payload (25.0 kg) and extended range (250.0 km) exceeds structural MTOW limit.,0.0393
3225,DELIVERY,15.08,58.4,42.5,82.0,MOUNTAIN,VERTICAL,RUNWAY,34709.91,True,True,VTOL,0.95,MULTIROTOR,,,,0.068
3226,SURVEY,25.0,30.0,250.0,60.0,RURAL,VERTICAL,VERTICAL,,True,False,None,,None,,NO_VALID_VEHICLE,No feasible aircraft design solution: Combined heavy payload (25.0 kg) and extended range (250.0 km) exceeds structural MTOW limit.,0.0338
3227,SURVEY,7.63,50.6,37.8,72.0,MARINE,VERTICAL,VERTICAL,56926.89,True,True,VTOL,0.95,MULTIROTOR,,,,0.063
3228,SURVEY,18.0,280.0,20.0,60.0,RURAL,VERTICAL,VERTICAL,,True,False,None,,None,,NO_VALID_VEHICLE,No feasible aircraft design solution: Combined heavy payload (18.0 kg) and ultra-long endurance (280.0 min) is physically unachievable.,0.0368
3229,TRAINING,11.24,27.9,50.7,83.6,DESERT,VERTICAL,VERTICAL,40931.08,True,True,VTOL,0.95,MULTIROTOR,,,,0.063
3230,TRAINING,1.06,18.8,14.7,41.2,URBAN,VERTICAL,VERTICAL,74210.44,True,True,MULTIROTOR,0.8,VTOL,,,,0.0659
3231,DISASTER_RESPONSE,6.98,66.8,121.3,89.3,FOREST,VERTICAL,VERTICAL,22760.15,True,True,VTOL,0.95,MULTIROTOR,,,,0.0628
3232,AGRICULTURE,1.22,25.0,1.4,26.7,INDOOR,VERTICAL,VERTICAL,27007.39,True,True,MULTIROTOR,0.8,None,,,,0.0588
3233,MAPPING,14.4,57.4,14.1,55.0,RURAL,VERTICAL,VERTICAL,17697.11,True,True,VTOL,0.5,MULTIROTOR,,,,0.0669
3234,MAPPING,1.52,39.4,14.3,24.3,URBAN,VERTICAL,VERTICAL,78522.02,True,True,MULTIROTOR,0.8,VTOL,,,,0.065
3235,INSPECTION,3.91,27.8,9.5,44.2,URBAN,VERTICAL,VERTICAL,74038.78,True,True,MULTIROTOR,0.8,VTOL,,,,0.0621
3236,SURVEY,0.0,30.0,20.0,60.0,RURAL,VERTICAL,VERTICAL,10000.0,False,False,None,,None,,INVALID_REQUIREMENTS,Payload weight must be greater than 0 kg. Provided: 0.0 kg.,0.0085
3237,RESEARCH,1.1,118.9,54.8,98.7,FOREST,CATAPULT,BELLY_LANDING,2375.27,True,True,FIXED_WING,1.0,VTOL,,,,0.0683
3238,SECURITY,2.18,29.6,4.4,34.0,URBAN,VERTICAL,VERTICAL,24644.56,True,True,MULTIROTOR,0.8,VTOL,,,,0.0616
3239,TRAINING,4.5,86.7,97.1,94.8,MOUNTAIN,RUNWAY,PARACHUTE,38217.37,True,True,FIXED_WING,1.0,VTOL,,,,0.0702
3240,SURVEY,3.86,75.7,104.6,95.5,RURAL,CATAPULT,RUNWAY,43053.73,True,True,FIXED_WING,1.0,VTOL,,,,0.0661
3241,SECURITY,5.31,89.8,111.6,114.6,MOUNTAIN,VERTICAL,VERTICAL,47370.28,True,True,VTOL,0.95,MULTIROTOR,,,,0.0647
3242,CUSTOM,6.03,35.9,60.8,60.2,MARINE,VERTICAL,VERTICAL,48297.26,True,True,VTOL,0.95,MULTIROTOR,,,,0.0634
3243,SURVEY,2.0,30.0,20.0,350.0,RURAL,VERTICAL,VERTICAL,,True,False,None,,None,,NO_VALID_VEHICLE,No feasible aircraft design solution: Cruise speed requirement (350.0 km/h) exceeds platform dynamic limit (300.0 km/h).,0.035
3244,RESEARCH,2.67,105.1,57.3,72.8,MOUNTAIN,CATAPULT,NET_RECOVERY,69268.98,True,True,FIXED_WING,1.0,VTOL,,,,0.0633
3245,MAPPING,5.01,45.4,119.3,77.0,RURAL,VERTICAL,VERTICAL,13735.97,True,True,VTOL,0.95,MULTIROTOR,,,,0.0674
3246,SURVEY,1.12,6.0,1.5,20.8,INDOOR,VERTICAL,VERTICAL,72465.27,True,True,MULTIROTOR,0.8,None,,,,0.0588
3247,MAPPING,1.01,7.3,2.4,11.5,INDOOR,VERTICAL,VERTICAL,67457.92,True,True,MULTIROTOR,0.8,None,,,,0.0629
3248,TRAINING,1.33,120.1,89.4,106.7,RURAL,CATAPULT,RUNWAY,45130.93,True,True,FIXED_WING,1.0,VTOL,,,,0.062
3249,MILITARY,2.17,101.6,116.0,81.0,MOUNTAIN,HAND_LAUNCH,RUNWAY,10901.36,True,True,FIXED_WING,1.0,VTOL,,,,0.0626
3250,SURVEY,2.0,500.0,20.0,60.0,RURAL,VERTICAL,VERTICAL,,True,False,None,,None,,NO_VALID_VEHICLE,No feasible aircraft design solution: Endurance requirement (500.0 min) exceeds battery/fuel energy storage density limit (450.0 min).,0.0346
3251,INSPECTION,1.42,80.8,73.2,100.2,RURAL,RUNWAY,NET_RECOVERY,43393.19,True,True,VTOL,0.8,MULTIROTOR,,,,0.0615
3252,SURVEY,1.49,29.7,6.8,37.7,RURAL,VERTICAL,VERTICAL,32915.57,True,True,MULTIROTOR,0.8,VTOL,,,,0.0618
3253,MILITARY,2.15,36.7,5.4,23.3,URBAN,VERTICAL,VERTICAL,32789.19,True,True,MULTIROTOR,0.8,VTOL,,,,0.0612
3254,MILITARY,1.11,85.5,73.1,60.8,FOREST,CATAPULT,PARACHUTE,2074.16,True,True,FIXED_WING,1.0,VTOL,,,,0.067
3255,DELIVERY,2.19,39.1,7.8,40.2,URBAN,VERTICAL,VERTICAL,31210.95,True,True,MULTIROTOR,0.8,VTOL,,,,0.0666
3256,SURVEY,25.0,30.0,250.0,60.0,RURAL,VERTICAL,VERTICAL,,True,False,None,,None,,NO_VALID_VEHICLE,No feasible aircraft design solution: Combined heavy payload (25.0 kg) and extended range (250.0 km) exceeds structural MTOW limit.,0.0373
3257,SURVEY,1.12,7.4,1.2,26.6,INDOOR,VERTICAL,VERTICAL,79821.72,True,True,MULTIROTOR,0.8,None,,,,0.0596
3258,MAPPING,1.29,10.6,5.0,38.7,INDOOR,VERTICAL,VERTICAL,42732.59,True,True,MULTIROTOR,0.8,None,,,,0.0653
3259,INSPECTION,3.23,98.1,118.9,85.1,RURAL,CATAPULT,PARACHUTE,39092.92,True,True,VTOL,0.8,MULTIROTOR,,,,0.0631
3260,SURVEY,0.0,30.0,20.0,60.0,RURAL,VERTICAL,VERTICAL,10000.0,False,False,None,,None,,INVALID_REQUIREMENTS,Payload weight must be greater than 0 kg. Provided: 0.0 kg.,0.0077
3261,CUSTOM,4.54,124.9,113.4,104.4,DESERT,HAND_LAUNCH,NET_RECOVERY,14721.78,True,True,FIXED_WING,1.0,VTOL,,,,0.0702
3262,RESEARCH,1.2,5.4,3.1,16.3,INDOOR,VERTICAL,VERTICAL,27145.41,True,True,MULTIROTOR,0.8,None,,,,0.0613
3263,SURVEY,2.0,30.0,500.0,60.0,RURAL,VERTICAL,VERTICAL,,True,False,None,,None,Extended range target (500.0 km) approaches maximum battery energy density threshold.,NO_VALID_VEHICLE,No feasible aircraft design solution: Range requirement (500.0 km) exceeds maximum studio envelope limit (450.0 km).,0.0345
3264,DELIVERY,20.84,34.9,19.4,63.1,MOUNTAIN,RUNWAY,RUNWAY,29102.93,True,True,FIXED_WING,0.85,VTOL,,,,0.0641
3265,TRAINING,9.44,69.4,25.2,59.2,DESERT,VERTICAL,RUNWAY,8982.49,True,True,VTOL,0.8,MULTIROTOR,,,,0.0633
3266,INSPECTION,2.5,57.4,81.0,75.7,MARINE,VERTICAL,VERTICAL,26974.8,True,True,VTOL,0.95,MULTIROTOR,,,,0.0627
3267,SURVEY,1.47,18.0,3.5,14.7,INDOOR,VERTICAL,VERTICAL,11783.38,True,True,MULTIROTOR,0.8,None,,,,0.0608
3268,MILITARY,1.22,18.0,4.7,24.8,INDOOR,VERTICAL,VERTICAL,2698.49,True,True,MULTIROTOR,0.8,None,,,,0.0689
3269,SURVEY,0.0,30.0,20.0,60.0,RURAL,VERTICAL,VERTICAL,10000.0,False,False,None,,None,,INVALID_REQUIREMENTS,Payload weight must be greater than 0 kg. Provided: 0.0 kg.,0.0084
3270,SURVEY,2.0,30.0,20.0,350.0,RURAL,VERTICAL,VERTICAL,,True,False,None,,None,,NO_VALID_VEHICLE,No feasible aircraft design solution: Cruise speed requirement (350.0 km/h) exceeds platform dynamic limit (300.0 km/h).,0.0364
3271,SECURITY,21.62,46.0,69.2,82.7,RURAL,RUNWAY,VERTICAL,49524.37,True,True,VTOL,0.8,MULTIROTOR,,,,0.0638
3272,SURVEY,2.0,30.0,500.0,60.0,RURAL,VERTICAL,VERTICAL,,True,False,None,,None,Extended range target (500.0 km) approaches maximum battery energy density threshold.,NO_VALID_VEHICLE,No feasible aircraft design solution: Range requirement (500.0 km) exceeds maximum studio envelope limit (450.0 km).,0.0353
3273,RESEARCH,1.43,12.2,14.4,45.0,URBAN,VERTICAL,VERTICAL,21434.61,True,True,MULTIROTOR,0.8,VTOL,,,,0.0675
3274,TRAINING,1.03,7.6,1.9,15.9,INDOOR,VERTICAL,VERTICAL,28011.62,True,True,MULTIROTOR,0.8,None,,,,0.0583
3275,SURVEY,18.0,280.0,20.0,60.0,RURAL,VERTICAL,VERTICAL,,True,False,None,,None,,NO_VALID_VEHICLE,No feasible aircraft design solution: Combined heavy payload (18.0 kg) and ultra-long endurance (280.0 min) is physically unachievable.,0.034
3276,MAPPING,0.65,16.8,4.5,15.6,INDOOR,VERTICAL,VERTICAL,19484.01,True,True,MULTIROTOR,0.8,None,,,,0.0593
3277,AGRICULTURE,24.91,20.1,79.9,68.2,DESERT,VERTICAL,RUNWAY,73044.84,True,True,VTOL,0.95,MULTIROTOR,,,,0.0635
3278,MILITARY,21.16,64.2,11.9,40.2,MOUNTAIN,RUNWAY,VERTICAL,45921.34,True,True,VTOL,0.5,MULTIROTOR,,,,0.0715
3279,MAPPING,4.63,88.7,35.9,80.4,RURAL,CATAPULT,BELLY_LANDING,25108.1,True,True,FIXED_WING,1.0,VTOL,,,,0.0635
3280,SECURITY,4.19,38.8,95.3,114.1,FOREST,VERTICAL,VERTICAL,27496.97,True,True,VTOL,0.95,MULTIROTOR,,,,0.0629
3281,SURVEY,0.0,30.0,20.0,60.0,RURAL,VERTICAL,VERTICAL,10000.0,False,False,None,,None,,INVALID_REQUIREMENTS,Payload weight must be greater than 0 kg. Provided: 0.0 kg.,0.0077
3282,TRAINING,3.18,63.0,115.9,108.3,FOREST,HAND_LAUNCH,RUNWAY,23631.98,True,True,FIXED_WING,1.0,VTOL,,,,0.064
3283,DELIVERY,3.85,81.8,106.9,97.2,FOREST,CATAPULT,RUNWAY,54552.63,True,True,FIXED_WING,1.0,VTOL,,,,0.0638
3284,DELIVERY,1.39,12.6,4.1,16.8,INDOOR,VERTICAL,VERTICAL,70247.55,True,True,MULTIROTOR,0.8,None,,,,0.0629
3285,AGRICULTURE,0.32,9.1,3.7,32.0,INDOOR,VERTICAL,VERTICAL,61791.32,True,True,MULTIROTOR,0.8,None,,,,0.0582
3286,SURVEY,18.0,280.0,20.0,60.0,RURAL,VERTICAL,VERTICAL,,True,False,None,,None,,NO_VALID_VEHICLE,No feasible aircraft design solution: Combined heavy payload (18.0 kg) and ultra-long endurance (280.0 min) is physically unachievable.,0.0347
3287,MILITARY,4.4,57.0,37.4,85.4,MARINE,VERTICAL,VERTICAL,11160.59,True,True,VTOL,0.95,MULTIROTOR,,,,0.2119
3288,CUSTOM,4.04,59.1,68.2,109.4,FOREST,HAND_LAUNCH,RUNWAY,31505.79,True,True,FIXED_WING,1.0,VTOL,,,,0.141
3289,RESEARCH,1.25,8.5,2.6,18.8,INDOOR,VERTICAL,VERTICAL,30205.57,True,True,MULTIROTOR,0.8,None,,,,0.1943
3290,SURVEY,25.0,30.0,250.0,60.0,RURAL,VERTICAL,VERTICAL,,True,False,None,,None,,NO_VALID_VEHICLE,No feasible aircraft design solution: Combined heavy payload (25.0 kg) and extended range (250.0 km) exceeds structural MTOW limit.,0.0657
3291,SURVEY,2.0,30.0,500.0,60.0,RURAL,VERTICAL,VERTICAL,,True,False,None,,None,Extended range target (500.0 km) approaches maximum battery energy density threshold.,NO_VALID_VEHICLE,No feasible aircraft design solution: Range requirement (500.0 km) exceeds maximum studio envelope limit (450.0 km).,0.053
3292,RESEARCH,6.92,34.0,78.5,73.5,MARINE,VERTICAL,VERTICAL,4858.38,True,True,VTOL,0.95,MULTIROTOR,,,,0.1273
3293,DELIVERY,0.46,14.7,2.8,22.2,INDOOR,VERTICAL,VERTICAL,14703.35,True,True,MULTIROTOR,0.8,None,,,,0.0679
3294,SURVEY,3.0,30.0,-5.0,60.0,RURAL,VERTICAL,VERTICAL,10000.0,False,False,None,,None,,INVALID_REQUIREMENTS,Target range must be greater than 0 km. Provided: -5.0 km.,0.0108
3295,SURVEY,25.0,30.0,250.0,60.0,RURAL,VERTICAL,VERTICAL,,True,False,None,,None,,NO_VALID_VEHICLE,No feasible aircraft design solution: Combined heavy payload (25.0 kg) and extended range (250.0 km) exceeds structural MTOW limit.,0.0474
3296,SECURITY,4.04,49.8,39.7,106.0,FOREST,CATAPULT,NET_RECOVERY,50874.28,True,True,FIXED_WING,1.0,VTOL,,,,0.0698
3297,INSPECTION,0.8,18.8,3.0,25.0,INDOOR,VERTICAL,VERTICAL,27500.15,True,True,MULTIROTOR,0.8,None,,,,0.0652
3298,DELIVERY,7.66,34.3,80.1,116.7,RURAL,VERTICAL,VERTICAL,74566.2,True,True,VTOL,0.95,MULTIROTOR,,,,0.0669
3299,SURVEY,0.92,16.7,1.2,26.3,INDOOR,VERTICAL,VERTICAL,29901.07,True,True,MULTIROTOR,0.8,None,,,,0.0633
3300,DISASTER_RESPONSE,4.37,75.5,78.2,90.0,MOUNTAIN,VERTICAL,VERTICAL,34161.51,True,True,VTOL,0.95,MULTIROTOR,,,,0.0652
3301,SECURITY,4.42,144.1,97.4,87.1,FOREST,HAND_LAUNCH,BELLY_LANDING,16039.0,True,True,FIXED_WING,1.0,VTOL,,,,0.0684
3302,SURVEY,2.0,30.0,500.0,60.0,RURAL,VERTICAL,VERTICAL,,True,False,None,,None,Extended range target (500.0 km) approaches maximum battery energy density threshold.,NO_VALID_VEHICLE,No feasible aircraft design solution: Range requirement (500.0 km) exceeds maximum studio envelope limit (450.0 km).,0.039
3303,TRAINING,2.7,37.7,9.7,29.4,URBAN,VERTICAL,VERTICAL,19810.75,True,True,MULTIROTOR,0.8,VTOL,,,,0.0629
3304,RESEARCH,10.72,32.3,57.7,61.7,RURAL,RUNWAY,VERTICAL,19975.85,True,True,VTOL,0.8,MULTIROTOR,,,,0.0683
3305,SECURITY,0.67,11.3,3.3,39.5,INDOOR,VERTICAL,VERTICAL,37387.25,True,True,MULTIROTOR,0.8,None,,,,0.06
3306,INSPECTION,11.12,57.4,68.5,44.7,MOUNTAIN,VERTICAL,RUNWAY,15958.53,True,True,VTOL,0.95,MULTIROTOR,,,,0.064
3307,AGRICULTURE,15.28,63.9,36.7,44.4,MOUNTAIN,VERTICAL,VERTICAL,53351.35,True,True,VTOL,0.95,MULTIROTOR,,,,0.064
3308,INSPECTION,2.94,135.2,67.5,65.8,FOREST,RUNWAY,BELLY_LANDING,30939.53,True,True,VTOL,0.8,MULTIROTOR,,,,0.0635
3309,MAPPING,1.48,7.7,4.6,17.9,INDOOR,VERTICAL,VERTICAL,19295.44,True,True,MULTIROTOR,0.8,None,,,,0.0594
3310,SURVEY,45.0,30.0,20.0,60.0,RURAL,VERTICAL,VERTICAL,,True,False,None,,None,High payload mass (45.0 kg) requires specialized heavy-lift structural airframe.,NO_VALID_VEHICLE,No feasible aircraft design solution: Payload requirement (45.0 kg) exceeds maximum studio envelope limit (35.0 kg).,0.0356
3311,SURVEY,2.0,30.0,500.0,60.0,RURAL,VERTICAL,VERTICAL,,True,False,None,,None,Extended range target (500.0 km) approaches maximum battery energy density threshold.,NO_VALID_VEHICLE,No feasible aircraft design solution: Range requirement (500.0 km) exceeds maximum studio envelope limit (450.0 km).,0.035
3312,TRAINING,10.89,49.3,36.2,45.9,MOUNTAIN,VERTICAL,VERTICAL,8188.78,True,True,VTOL,0.95,MULTIROTOR,,,,0.0633
3313,AGRICULTURE,1.53,135.4,45.0,101.5,MOUNTAIN,CATAPULT,BELLY_LANDING,19433.81,True,True,FIXED_WING,1.0,VTOL,,,,0.0634
3314,TRAINING,0.66,19.6,1.3,28.6,INDOOR,VERTICAL,VERTICAL,9299.87,True,True,MULTIROTOR,0.8,None,,,,0.0718
3315,SECURITY,20.61,75.0,64.5,59.5,DESERT,VERTICAL,VERTICAL,36602.74,True,True,VTOL,0.95,MULTIROTOR,,,,0.0644
3316,SURVEY,2.66,81.9,112.7,77.5,MOUNTAIN,HAND_LAUNCH,PARACHUTE,17144.95,True,True,FIXED_WING,1.0,VTOL,,,,0.0638
3317,SECURITY,0.35,18.1,1.7,37.9,INDOOR,VERTICAL,VERTICAL,57910.66,True,True,MULTIROTOR,0.8,None,,,,0.0622
3318,SURVEY,2.0,500.0,20.0,60.0,RURAL,VERTICAL,VERTICAL,,True,False,None,,None,,NO_VALID_VEHICLE,No feasible aircraft design solution: Endurance requirement (500.0 min) exceeds battery/fuel energy storage density limit (450.0 min).,0.0366
3319,INSPECTION,0.55,26.3,14.4,39.8,URBAN,VERTICAL,VERTICAL,61333.99,True,True,MULTIROTOR,0.8,VTOL,,,,0.0643
3320,DISASTER_RESPONSE,2.07,33.9,5.9,30.9,RURAL,VERTICAL,VERTICAL,5790.08,True,True,MULTIROTOR,0.8,VTOL,,,,0.0643
3321,RESEARCH,13.91,44.1,25.1,44.6,RURAL,VERTICAL,RUNWAY,74270.62,True,True,VTOL,0.8,MULTIROTOR,,,,0.0659
3322,TRAINING,1.41,19.7,1.2,11.9,INDOOR,VERTICAL,VERTICAL,78469.48,True,True,MULTIROTOR,0.8,None,,,,0.059
3323,SECURITY,4.05,69.8,86.6,89.8,FOREST,HAND_LAUNCH,NET_RECOVERY,5769.04,True,True,FIXED_WING,1.0,VTOL,,,,0.0632
3324,INSPECTION,0.74,27.4,5.9,35.2,URBAN,VERTICAL,VERTICAL,20295.92,True,True,MULTIROTOR,0.8,VTOL,,,,0.0651
3325,DISASTER_RESPONSE,6.38,71.2,57.5,86.1,FOREST,VERTICAL,VERTICAL,9917.49,True,True,VTOL,0.95,MULTIROTOR,,,,0.0659
3326,MILITARY,4.16,131.1,33.6,96.0,DESERT,CATAPULT,BELLY_LANDING,53325.75,True,True,FIXED_WING,1.0,VTOL,,,,0.063
3327,MILITARY,0.2,14.1,4.3,23.9,INDOOR,VERTICAL,VERTICAL,58727.66,True,True,MULTIROTOR,0.8,None,,,,0.0591
3328,MAPPING,0.64,29.1,8.7,44.4,RURAL,VERTICAL,VERTICAL,63138.91,True,True,MULTIROTOR,0.8,VTOL,,,,0.0641
3329,SURVEY,22.53,28.9,44.5,63.7,RURAL,RUNWAY,VERTICAL,45178.71,True,True,VTOL,0.8,MULTIROTOR,,,,0.0646
3330,SECURITY,17.73,26.0,71.1,82.9,DESERT,VERTICAL,RUNWAY,37942.42,True,True,VTOL,0.95,MULTIROTOR,,,,0.0646
3331,SECURITY,20.73,58.2,40.7,43.5,RURAL,VERTICAL,RUNWAY,60237.07,True,True,VTOL,0.95,MULTIROTOR,,,,0.0643
3332,AGRICULTURE,2.09,21.2,5.0,27.7,URBAN,VERTICAL,VERTICAL,19629.81,True,True,MULTIROTOR,0.8,VTOL,,,,0.0635
3333,DISASTER_RESPONSE,0.34,21.1,3.2,30.8,INDOOR,VERTICAL,VERTICAL,72904.78,True,True,MULTIROTOR,0.8,None,,,,0.0636
3334,SURVEY,2.0,30.0,500.0,60.0,RURAL,VERTICAL,VERTICAL,,True,False,None,,None,Extended range target (500.0 km) approaches maximum battery energy density threshold.,NO_VALID_VEHICLE,No feasible aircraft design solution: Range requirement (500.0 km) exceeds maximum studio envelope limit (450.0 km).,0.0367
3335,MILITARY,3.95,28.5,14.3,30.5,URBAN,VERTICAL,VERTICAL,21063.07,True,True,MULTIROTOR,0.8,VTOL,,,,0.0633
3336,INSPECTION,1.21,12.7,3.0,42.8,URBAN,VERTICAL,VERTICAL,57123.88,True,True,MULTIROTOR,0.8,VTOL,,,,0.0612
3337,SECURITY,4.2,55.3,64.3,93.8,RURAL,CATAPULT,BELLY_LANDING,47334.2,True,True,FIXED_WING,1.0,VTOL,,,,0.0651
3338,TRAINING,4.34,124.0,62.0,76.8,MOUNTAIN,CATAPULT,BELLY_LANDING,34332.94,True,True,FIXED_WING,1.0,VTOL,,,,0.0683
3339,SURVEY,3.0,-10.0,20.0,60.0,RURAL,VERTICAL,VERTICAL,10000.0,False,False,None,,None,,INVALID_REQUIREMENTS,Target flight time must be greater than 0 minutes. Provided: -10.0 min.,0.0088
3340,INSPECTION,4.86,70.9,76.4,90.4,MOUNTAIN,CATAPULT,RUNWAY,54378.05,True,True,VTOL,0.8,MULTIROTOR,,,,0.063
3341,AGRICULTURE,1.43,130.1,99.0,53.4,RURAL,HAND_LAUNCH,NET_RECOVERY,47207.54,True,True,FIXED_WING,1.0,VTOL,,,,0.0701
3342,SURVEY,5.0,30.0,20.0,60.0,RURAL,VERTICAL,VERTICAL,10000.0,False,False,None,,None,,INVALID_REQUIREMENTS,Maximum takeoff weight limit (3.0 kg) must be greater than payload weight (5.0 kg).,0.0084
3343,RESEARCH,3.85,106.4,142.1,91.3,RURAL,VERTICAL,VERTICAL,64115.28,True,True,VTOL,0.95,MULTIROTOR,,,,0.0675
3344,TRAINING,3.09,149.7,27.9,86.7,RURAL,CATAPULT,NET_RECOVERY,60691.63,True,True,FIXED_WING,1.0,VTOL,,,,0.0636
3345,TRAINING,8.42,63.4,31.8,42.1,DESERT,VERTICAL,RUNWAY,49645.04,True,True,VTOL,0.95,MULTIROTOR,,,,0.0697
3346,AGRICULTURE,2.69,34.6,9.3,21.0,RURAL,VERTICAL,VERTICAL,51121.71,True,True,MULTIROTOR,0.8,VTOL,,,,0.0622
3347,RESEARCH,0.33,23.2,1.4,30.3,INDOOR,VERTICAL,VERTICAL,28697.69,True,True,MULTIROTOR,0.8,None,,,,0.0592
3348,DELIVERY,20.91,67.4,16.2,41.9,RURAL,VERTICAL,VERTICAL,9418.33,True,True,VTOL,0.7,MULTIROTOR,,,,0.0639
3349,MILITARY,0.57,24.1,5.9,29.5,RURAL,VERTICAL,VERTICAL,3587.19,True,True,MULTIROTOR,0.8,VTOL,,,,0.0615
3350,CUSTOM,1.69,115.0,56.9,88.9,RURAL,HAND_LAUNCH,NET_RECOVERY,31119.95,True,True,FIXED_WING,1.0,VTOL,,,,0.0624
3351,CUSTOM,6.96,102.7,66.3,108.2,RURAL,VERTICAL,VERTICAL,35407.11,True,True,VTOL,0.95,MULTIROTOR,,,,0.0674
3352,AGRICULTURE,1.03,13.4,3.8,10.7,INDOOR,VERTICAL,VERTICAL,73455.68,True,True,MULTIROTOR,0.8,None,,,,0.0807
3353,MILITARY,18.52,47.2,16.9,40.3,MOUNTAIN,VERTICAL,VERTICAL,72417.43,True,True,VTOL,0.7,MULTIROTOR,,,,0.1959
3354,SURVEY,16.16,30.3,36.1,43.7,DESERT,VERTICAL,RUNWAY,9625.03,True,True,VTOL,0.95,MULTIROTOR,,,,0.1681
3355,AGRICULTURE,14.72,52.5,48.6,40.4,MOUNTAIN,RUNWAY,VERTICAL,22792.39,True,True,VTOL,0.8,MULTIROTOR,,,,0.2928
3356,INSPECTION,7.63,42.4,118.5,70.7,MARINE,VERTICAL,VERTICAL,14930.3,True,True,VTOL,0.95,MULTIROTOR,,,,0.1282
3357,DELIVERY,2.98,46.8,26.9,79.7,DESERT,CATAPULT,PARACHUTE,24543.8,True,True,FIXED_WING,0.85,VTOL,,,,0.094
3358,SECURITY,1.61,49.4,37.2,63.9,MOUNTAIN,RUNWAY,PARACHUTE,45133.28,True,True,FIXED_WING,1.0,VTOL,,,,0.0923
3359,DISASTER_RESPONSE,3.36,118.8,59.8,109.0,MARINE,VERTICAL,VERTICAL,15464.63,True,True,VTOL,0.95,MULTIROTOR,,,,0.1788
3360,AGRICULTURE,3.23,87.4,110.5,61.3,FOREST,VERTICAL,VERTICAL,4296.63,True,True,VTOL,0.95,MULTIROTOR,,,,0.1069
3361,TRAINING,0.72,12.3,1.5,32.6,INDOOR,VERTICAL,VERTICAL,36151.58,True,True,MULTIROTOR,0.8,None,,,,0.0852
3362,SECURITY,2.59,23.6,6.3,27.9,URBAN,VERTICAL,VERTICAL,17264.64,True,True,MULTIROTOR,0.8,VTOL,,,,0.0731
3363,RESEARCH,3.17,10.5,7.9,36.9,RURAL,VERTICAL,VERTICAL,33634.64,True,True,MULTIROTOR,0.8,VTOL,,,,0.0746
3364,SURVEY,12.63,35.0,18.0,83.8,MOUNTAIN,RUNWAY,RUNWAY,69723.37,True,True,FIXED_WING,0.85,VTOL,,,,0.0653
3365,DELIVERY,12.5,31.7,67.0,57.7,RURAL,VERTICAL,VERTICAL,55599.22,True,True,VTOL,0.95,MULTIROTOR,,,,0.0684
3366,TRAINING,0.68,14.6,0.7,23.7,INDOOR,VERTICAL,VERTICAL,20367.09,True,True,MULTIROTOR,0.8,None,,,,0.0598
3367,AGRICULTURE,2.78,41.2,83.6,95.2,FOREST,VERTICAL,VERTICAL,20024.63,True,True,VTOL,0.95,MULTIROTOR,,,,0.0677
3368,DELIVERY,4.11,42.6,117.2,107.0,RURAL,VERTICAL,VERTICAL,6034.86,True,True,VTOL,0.95,MULTIROTOR,,,,0.0737
3369,INSPECTION,1.05,22.1,3.6,28.0,INDOOR,VERTICAL,VERTICAL,48986.81,True,True,MULTIROTOR,0.8,None,,,,0.0614
3370,SURVEY,2.0,30.0,20.0,350.0,RURAL,VERTICAL,VERTICAL,,True,False,None,,None,,NO_VALID_VEHICLE,No feasible aircraft design solution: Cruise speed requirement (350.0 km/h) exceeds platform dynamic limit (300.0 km/h).,0.039
3371,INSPECTION,4.77,49.5,67.1,52.4,DESERT,RUNWAY,RUNWAY,36559.63,True,True,VTOL,0.8,MULTIROTOR,,,,0.0676
3372,INSPECTION,3.17,75.4,36.4,50.6,MOUNTAIN,HAND_LAUNCH,NET_RECOVERY,43725.25,True,True,VTOL,0.8,MULTIROTOR,,,,0.0655
3373,MILITARY,4.64,55.3,115.2,88.8,RURAL,RUNWAY,NET_RECOVERY,77107.96,True,True,FIXED_WING,1.0,VTOL,,,,0.0683
3374,RESEARCH,3.16,32.4,6.6,41.1,RURAL,VERTICAL,VERTICAL,10304.85,True,True,MULTIROTOR,0.8,VTOL,,,,0.0711
3375,AGRICULTURE,2.12,58.3,42.3,72.6,MOUNTAIN,HAND_LAUNCH,RUNWAY,28229.75,True,True,FIXED_WING,1.0,VTOL,,,,0.0681
3376,AGRICULTURE,2.55,110.6,93.9,96.1,MARINE,VERTICAL,VERTICAL,63229.46,True,True,VTOL,0.95,MULTIROTOR,,,,0.0646
3377,SURVEY,2.05,83.0,54.8,89.0,RURAL,RUNWAY,NET_RECOVERY,64526.22,True,True,FIXED_WING,1.0,VTOL,,,,0.0628
3378,RESEARCH,19.93,72.4,37.2,47.7,DESERT,VERTICAL,RUNWAY,59714.88,True,True,VTOL,0.95,MULTIROTOR,,,,0.0648
3379,SURVEY,2.0,500.0,20.0,60.0,RURAL,VERTICAL,VERTICAL,,True,False,None,,None,,NO_VALID_VEHICLE,No feasible aircraft design solution: Endurance requirement (500.0 min) exceeds battery/fuel energy storage density limit (450.0 min).,0.0384
3380,TRAINING,2.07,119.3,72.5,73.4,MOUNTAIN,VERTICAL,VERTICAL,29086.84,True,True,VTOL,0.95,MULTIROTOR,,,,0.0676
3381,DELIVERY,0.37,20.9,0.8,27.0,INDOOR,VERTICAL,VERTICAL,36745.57,True,True,MULTIROTOR,0.8,None,,,,0.0606
3382,SURVEY,45.0,30.0,20.0,60.0,RURAL,VERTICAL,VERTICAL,,True,False,None,,None,High payload mass (45.0 kg) requires specialized heavy-lift structural airframe.,NO_VALID_VEHICLE,No feasible aircraft design solution: Payload requirement (45.0 kg) exceeds maximum studio envelope limit (35.0 kg).,0.0363
3383,MILITARY,1.43,18.6,1.3,30.6,INDOOR,VERTICAL,VERTICAL,37452.53,True,True,MULTIROTOR,0.8,None,,,,0.0602
3384,MILITARY,6.73,85.2,30.3,63.9,MOUNTAIN,VERTICAL,VERTICAL,24692.13,True,True,VTOL,0.95,MULTIROTOR,,,,0.0649
3385,TRAINING,0.24,5.6,2.2,20.0,INDOOR,VERTICAL,VERTICAL,2865.32,True,True,MULTIROTOR,0.8,None,,,,0.06
3386,SECURITY,0.93,24.4,4.4,16.7,INDOOR,VERTICAL,VERTICAL,63739.06,True,True,MULTIROTOR,0.8,None,,,,0.0627
3387,SURVEY,45.0,30.0,20.0,60.0,RURAL,VERTICAL,VERTICAL,,True,False,None,,None,High payload mass (45.0 kg) requires specialized heavy-lift structural airframe.,NO_VALID_VEHICLE,No feasible aircraft design solution: Payload requirement (45.0 kg) exceeds maximum studio envelope limit (35.0 kg).,0.036
3388,SURVEY,25.0,30.0,250.0,60.0,RURAL,VERTICAL,VERTICAL,,True,False,None,,None,,NO_VALID_VEHICLE,No feasible aircraft design solution: Combined heavy payload (25.0 kg) and extended range (250.0 km) exceeds structural MTOW limit.,0.0335
3389,SURVEY,3.0,30.0,20.0,0.0,RURAL,VERTICAL,VERTICAL,10000.0,False,False,None,,None,,INVALID_REQUIREMENTS,Cruise speed must be greater than 0 km/h. Provided: 0.0 km/h.,0.0109
3390,SURVEY,6.64,67.9,80.0,106.8,MOUNTAIN,VERTICAL,VERTICAL,53806.51,True,True,VTOL,0.95,MULTIROTOR,,,,0.0634
3391,SURVEY,2.0,500.0,20.0,60.0,RURAL,VERTICAL,VERTICAL,,True,False,None,,None,,NO_VALID_VEHICLE,No feasible aircraft design solution: Endurance requirement (500.0 min) exceeds battery/fuel energy storage density limit (450.0 min).,0.034
3392,SECURITY,3.85,86.7,85.5,84.5,MOUNTAIN,HAND_LAUNCH,PARACHUTE,55957.73,True,True,FIXED_WING,1.0,VTOL,,,,0.0662
3393,RESEARCH,4.46,112.9,115.6,105.9,MOUNTAIN,CATAPULT,PARACHUTE,15842.1,True,True,FIXED_WING,1.0,VTOL,,,,0.0647
3394,RESEARCH,4.88,57.8,81.0,65.8,FOREST,HAND_LAUNCH,NET_RECOVERY,60666.77,True,True,FIXED_WING,1.0,VTOL,,,,0.0624
3395,SURVEY,2.0,30.0,500.0,60.0,RURAL,VERTICAL,VERTICAL,,True,False,None,,None,Extended range target (500.0 km) approaches maximum battery energy density threshold.,NO_VALID_VEHICLE,No feasible aircraft design solution: Range requirement (500.0 km) exceeds maximum studio envelope limit (450.0 km).,0.0349
3396,CUSTOM,7.75,99.0,132.4,114.0,RURAL,VERTICAL,VERTICAL,16964.79,True,True,VTOL,0.95,MULTIROTOR,,,,0.0665
3397,SURVEY,25.0,30.0,250.0,60.0,RURAL,VERTICAL,VERTICAL,,True,False,None,,None,,NO_VALID_VEHICLE,No feasible aircraft design solution: Combined heavy payload (25.0 kg) and extended range (250.0 km) exceeds structural MTOW limit.,0.0339
3398,DISASTER_RESPONSE,7.91,116.1,149.7,116.2,FOREST,VERTICAL,VERTICAL,5652.69,True,True,VTOL,0.95,MULTIROTOR,,,,0.0627
3399,SURVEY,25.0,30.0,250.0,60.0,RURAL,VERTICAL,VERTICAL,,True,False,None,,None,,NO_VALID_VEHICLE,No feasible aircraft design solution: Combined heavy payload (25.0 kg) and extended range (250.0 km) exceeds structural MTOW limit.,0.0364
3400,MILITARY,1.19,17.5,9.5,47.5,RURAL,VERTICAL,VERTICAL,54418.75,True,True,MULTIROTOR,0.8,VTOL,,,,0.0637
3401,SURVEY,16.29,30.4,78.3,72.0,MOUNTAIN,RUNWAY,VERTICAL,76688.67,True,True,VTOL,0.8,MULTIROTOR,,,,0.0634
3402,RESEARCH,4.88,104.0,36.3,87.8,RURAL,CATAPULT,RUNWAY,54173.13,True,True,FIXED_WING,1.0,VTOL,,,,0.0644
3403,SECURITY,0.25,10.2,4.9,33.8,INDOOR,VERTICAL,VERTICAL,69837.97,True,True,MULTIROTOR,0.8,None,,,,0.1153
3404,DELIVERY,0.43,9.9,4.0,32.0,INDOOR,VERTICAL,VERTICAL,18143.65,True,True,MULTIROTOR,0.8,None,,,,0.0589
3405,CUSTOM,4.18,114.8,85.8,77.8,MARINE,VERTICAL,VERTICAL,23957.34,True,True,VTOL,0.95,MULTIROTOR,,,,0.0636
3406,SECURITY,1.38,17.9,2.9,15.0,INDOOR,VERTICAL,VERTICAL,75599.87,True,True,MULTIROTOR,0.8,None,,,,0.0582
3407,INSPECTION,4.39,139.8,84.2,82.7,FOREST,RUNWAY,RUNWAY,68615.09,True,True,VTOL,0.8,MULTIROTOR,,,,0.0657
3408,SURVEY,18.0,280.0,20.0,60.0,RURAL,VERTICAL,VERTICAL,,True,False,None,,None,,NO_VALID_VEHICLE,No feasible aircraft design solution: Combined heavy payload (18.0 kg) and ultra-long endurance (280.0 min) is physically unachievable.,0.0349
3409,SECURITY,3.53,114.1,25.8,65.2,DESERT,HAND_LAUNCH,PARACHUTE,17192.17,True,True,FIXED_WING,1.0,VTOL,,,,0.067
3410,MILITARY,14.72,77.4,79.3,72.6,MOUNTAIN,VERTICAL,VERTICAL,8194.2,True,True,VTOL,0.95,MULTIROTOR,,,,0.0684
3411,SURVEY,2.0,30.0,500.0,60.0,RURAL,VERTICAL,VERTICAL,,True,False,None,,None,Extended range target (500.0 km) approaches maximum battery energy density threshold.,NO_VALID_VEHICLE,No feasible aircraft design solution: Range requirement (500.0 km) exceeds maximum studio envelope limit (450.0 km).,0.0346
3412,AGRICULTURE,1.09,140.6,75.8,75.7,RURAL,CATAPULT,BELLY_LANDING,39921.06,True,True,FIXED_WING,1.0,VTOL,,,,0.0668
3413,MAPPING,2.46,112.2,137.4,78.1,MARINE,VERTICAL,VERTICAL,31459.19,True,True,VTOL,0.95,MULTIROTOR,,,,0.0633
3414,SURVEY,2.0,30.0,20.0,350.0,RURAL,VERTICAL,VERTICAL,,True,False,None,,None,,NO_VALID_VEHICLE,No feasible aircraft design solution: Cruise speed requirement (350.0 km/h) exceeds platform dynamic limit (300.0 km/h).,0.0338
3415,SURVEY,45.0,30.0,20.0,60.0,RURAL,VERTICAL,VERTICAL,,True,False,None,,None,High payload mass (45.0 kg) requires specialized heavy-lift structural airframe.,NO_VALID_VEHICLE,No feasible aircraft design solution: Payload requirement (45.0 kg) exceeds maximum studio envelope limit (35.0 kg).,0.0567
3416,SECURITY,10.54,21.4,58.8,58.3,MOUNTAIN,VERTICAL,RUNWAY,27005.47,True,True,VTOL,0.95,MULTIROTOR,,,,0.0642
3417,DELIVERY,7.85,35.3,130.9,68.6,MARINE,VERTICAL,VERTICAL,9797.04,True,True,VTOL,0.95,MULTIROTOR,,,,0.0626
3418,SURVEY,5.0,30.0,20.0,60.0,RURAL,VERTICAL,VERTICAL,10000.0,False,False,None,,None,,INVALID_REQUIREMENTS,Maximum takeoff weight limit (3.0 kg) must be greater than payload weight (5.0 kg).,0.0084
3419,SURVEY,2.0,30.0,500.0,60.0,RURAL,VERTICAL,VERTICAL,,True,False,None,,None,Extended range target (500.0 km) approaches maximum battery energy density threshold.,NO_VALID_VEHICLE,No feasible aircraft design solution: Range requirement (500.0 km) exceeds maximum studio envelope limit (450.0 km).,0.0346
3420,TRAINING,0.21,12.0,3.1,15.0,INDOOR,VERTICAL,VERTICAL,41407.53,True,True,MULTIROTOR,0.8,None,,,,0.0586
3421,SECURITY,0.84,20.3,4.1,26.1,INDOOR,VERTICAL,VERTICAL,2221.71,True,True,MULTIROTOR,0.8,None,,,,0.059
3422,SECURITY,4.64,40.2,125.8,103.3,MOUNTAIN,VERTICAL,VERTICAL,77992.21,True,True,VTOL,0.95,MULTIROTOR,,,,0.065
3423,CUSTOM,2.38,66.1,81.9,76.0,DESERT,HAND_LAUNCH,RUNWAY,11333.72,True,True,FIXED_WING,1.0,VTOL,,,,0.0651
3424,MILITARY,5.97,119.0,110.7,106.6,FOREST,VERTICAL,VERTICAL,76622.47,True,True,VTOL,0.95,MULTIROTOR,,,,0.0681
3425,SURVEY,2.0,30.0,20.0,350.0,RURAL,VERTICAL,VERTICAL,,True,False,None,,None,,NO_VALID_VEHICLE,No feasible aircraft design solution: Cruise speed requirement (350.0 km/h) exceeds platform dynamic limit (300.0 km/h).,0.0342
3426,SECURITY,0.29,16.2,3.8,21.9,INDOOR,VERTICAL,VERTICAL,30475.57,True,True,MULTIROTOR,0.8,None,,,,0.0597
3427,SURVEY,18.0,280.0,20.0,60.0,RURAL,VERTICAL,VERTICAL,,True,False,None,,None,,NO_VALID_VEHICLE,No feasible aircraft design solution: Combined heavy payload (18.0 kg) and ultra-long endurance (280.0 min) is physically unachievable.,0.0363
3428,SURVEY,18.0,280.0,20.0,60.0,RURAL,VERTICAL,VERTICAL,,True,False,None,,None,,NO_VALID_VEHICLE,No feasible aircraft design solution: Combined heavy payload (18.0 kg) and ultra-long endurance (280.0 min) is physically unachievable.,0.0336
3429,DISASTER_RESPONSE,0.42,6.8,1.4,15.4,INDOOR,VERTICAL,VERTICAL,62558.57,True,True,MULTIROTOR,0.8,None,,,,0.0637
3430,SURVEY,22.52,46.1,76.1,76.3,DESERT,VERTICAL,VERTICAL,56477.85,True,True,VTOL,0.95,MULTIROTOR,,,,0.0856
3431,DELIVERY,6.22,41.6,77.5,92.3,RURAL,VERTICAL,VERTICAL,69055.1,True,True,VTOL,0.95,MULTIROTOR,,,,0.065
3432,CUSTOM,7.77,51.8,67.0,111.0,MARINE,VERTICAL,VERTICAL,7728.66,True,True,VTOL,0.95,MULTIROTOR,,,,0.0627
3433,DELIVERY,1.62,16.5,5.1,25.6,RURAL,VERTICAL,VERTICAL,67171.17,True,True,MULTIROTOR,0.8,VTOL,,,,0.0659
3434,SECURITY,5.46,97.4,122.7,110.4,FOREST,VERTICAL,VERTICAL,10342.31,True,True,VTOL,0.95,MULTIROTOR,,,,0.0627
3435,CUSTOM,2.53,119.5,77.0,66.7,MOUNTAIN,VERTICAL,VERTICAL,5456.6,True,True,VTOL,0.95,MULTIROTOR,,,,0.0627
3436,MILITARY,21.0,46.4,12.8,49.0,MOUNTAIN,RUNWAY,VERTICAL,24778.18,True,True,VTOL,0.5,MULTIROTOR,,,,0.0627
3437,DELIVERY,24.77,78.8,46.5,61.9,MOUNTAIN,RUNWAY,RUNWAY,64001.12,True,True,FIXED_WING,1.0,VTOL,,,,0.0687
3438,MILITARY,3.07,69.2,53.9,106.3,FOREST,HAND_LAUNCH,RUNWAY,71975.75,True,True,FIXED_WING,1.0,VTOL,,,,0.0628
3439,SECURITY,18.31,38.8,21.3,65.8,RURAL,VERTICAL,VERTICAL,14827.26,True,True,VTOL,0.7,MULTIROTOR,,,,0.0671
3440,TRAINING,2.02,66.1,38.1,76.2,RURAL,VERTICAL,VERTICAL,21228.62,True,True,VTOL,0.95,MULTIROTOR,,,,0.0676
3441,SURVEY,3.0,30.0,20.0,0.0,RURAL,VERTICAL,VERTICAL,10000.0,False,False,None,,None,,INVALID_REQUIREMENTS,Cruise speed must be greater than 0 km/h. Provided: 0.0 km/h.,0.0081
3442,SECURITY,5.69,79.3,60.2,84.5,MOUNTAIN,VERTICAL,VERTICAL,73109.5,True,True,VTOL,0.95,MULTIROTOR,,,,0.0628
3443,DISASTER_RESPONSE,3.5,48.8,111.3,55.2,RURAL,HAND_LAUNCH,RUNWAY,38149.5,True,True,FIXED_WING,1.0,VTOL,,,,0.0632
3444,RESEARCH,2.66,22.7,9.5,47.8,RURAL,VERTICAL,VERTICAL,68647.14,True,True,MULTIROTOR,0.8,VTOL,,,,0.0634
3445,TRAINING,3.26,31.2,10.1,39.4,URBAN,VERTICAL,VERTICAL,23676.42,True,True,MULTIROTOR,0.8,VTOL,,,,0.0621
3446,AGRICULTURE,1.65,130.9,47.6,84.8,MOUNTAIN,CATAPULT,NET_RECOVERY,9651.47,True,True,FIXED_WING,1.0,VTOL,,,,0.0651
3447,DELIVERY,21.53,87.7,25.5,75.7,RURAL,RUNWAY,VERTICAL,58138.87,True,True,VTOL,0.8,MULTIROTOR,,,,0.0678
3448,SURVEY,2.0,30.0,20.0,350.0,RURAL,VERTICAL,VERTICAL,,True,False,None,,None,,NO_VALID_VEHICLE,No feasible aircraft design solution: Cruise speed requirement (350.0 km/h) exceeds platform dynamic limit (300.0 km/h).,0.0347
3449,TRAINING,4.87,117.4,100.1,78.7,MOUNTAIN,HAND_LAUNCH,NET_RECOVERY,63396.44,True,True,FIXED_WING,1.0,VTOL,,,,0.0621
3450,TRAINING,1.6,14.7,6.9,26.7,RURAL,VERTICAL,VERTICAL,49682.41,True,True,MULTIROTOR,0.8,VTOL,,,,0.0643
3451,MAPPING,1.8,17.5,14.4,28.5,URBAN,VERTICAL,VERTICAL,65648.86,True,True,MULTIROTOR,0.8,VTOL,,,,0.0705
3452,CUSTOM,0.9,8.3,4.1,25.0,INDOOR,VERTICAL,VERTICAL,25634.1,True,True,MULTIROTOR,0.8,None,,,,0.059
3453,INSPECTION,2.93,73.5,149.0,102.0,FOREST,VERTICAL,VERTICAL,24900.74,True,True,VTOL,0.95,MULTIROTOR,,,,0.0629
3454,TRAINING,1.5,51.2,38.8,50.5,RURAL,RUNWAY,NET_RECOVERY,25093.25,True,True,FIXED_WING,1.0,VTOL,,,,0.0694
3455,AGRICULTURE,3.8,29.1,6.8,26.3,URBAN,VERTICAL,VERTICAL,71643.36,True,True,MULTIROTOR,0.8,VTOL,,,,0.0626
3456,RESEARCH,0.22,18.4,2.9,36.5,INDOOR,VERTICAL,VERTICAL,61986.91,True,True,MULTIROTOR,0.8,None,,,,0.0615
3457,SURVEY,5.45,65.1,106.8,69.8,RURAL,VERTICAL,VERTICAL,77000.02,True,True,VTOL,0.95,MULTIROTOR,,,,0.069
3458,SECURITY,0.66,19.5,1.8,28.9,INDOOR,VERTICAL,VERTICAL,4342.84,True,True,MULTIROTOR,0.8,None,,,,0.0589
3459,RESEARCH,1.34,14.4,7.7,27.6,RURAL,VERTICAL,VERTICAL,78082.76,True,True,MULTIROTOR,0.8,VTOL,,,,0.0615
3460,RESEARCH,2.99,97.1,124.1,103.8,FOREST,VERTICAL,VERTICAL,32117.17,True,True,VTOL,0.95,MULTIROTOR,,,,0.0634
3461,SURVEY,2.0,500.0,20.0,60.0,RURAL,VERTICAL,VERTICAL,,True,False,None,,None,,NO_VALID_VEHICLE,No feasible aircraft design solution: Endurance requirement (500.0 min) exceeds battery/fuel energy storage density limit (450.0 min).,0.0343
3462,AGRICULTURE,3.58,36.9,10.1,24.2,RURAL,VERTICAL,VERTICAL,65349.38,True,True,MULTIROTOR,0.8,VTOL,,,,0.0615
3463,MAPPING,2.47,51.4,139.4,119.1,RURAL,VERTICAL,VERTICAL,61732.68,True,True,VTOL,0.95,MULTIROTOR,,,,0.0628
3464,INSPECTION,2.94,67.9,54.3,106.8,FOREST,VERTICAL,VERTICAL,12860.46,True,True,VTOL,0.95,MULTIROTOR,,,,0.0652
3465,MAPPING,3.18,80.4,133.0,86.1,MOUNTAIN,VERTICAL,VERTICAL,30926.64,True,True,VTOL,0.95,MULTIROTOR,,,,0.0628
3466,AGRICULTURE,1.08,21.6,8.9,36.6,URBAN,VERTICAL,VERTICAL,28965.81,True,True,MULTIROTOR,0.8,VTOL,,,,0.061
3467,DISASTER_RESPONSE,3.25,38.4,11.7,23.6,URBAN,VERTICAL,VERTICAL,63030.32,True,True,MULTIROTOR,0.8,VTOL,,,,0.0613
3468,SECURITY,3.77,71.8,93.0,80.1,MARINE,VERTICAL,VERTICAL,51161.25,True,True,VTOL,0.95,MULTIROTOR,,,,0.063
3469,TRAINING,0.55,21.5,4.6,23.3,INDOOR,VERTICAL,VERTICAL,25682.77,True,True,MULTIROTOR,0.8,None,,,,0.059
3470,SURVEY,3.57,34.7,13.8,46.2,RURAL,VERTICAL,VERTICAL,64451.45,True,True,MULTIROTOR,0.8,VTOL,,,,0.0633
3471,CUSTOM,2.42,89.7,55.4,81.4,DESERT,RUNWAY,NET_RECOVERY,48551.95,True,True,FIXED_WING,1.0,VTOL,,,,0.2337
3472,MAPPING,19.33,42.7,36.5,73.3,DESERT,VERTICAL,RUNWAY,44227.12,True,True,VTOL,0.95,MULTIROTOR,,,,0.0923
3473,DELIVERY,1.39,19.2,4.7,19.8,INDOOR,VERTICAL,VERTICAL,14621.65,True,True,MULTIROTOR,0.8,None,,,,0.1344
3474,SURVEY,16.59,45.9,46.2,43.5,MOUNTAIN,VERTICAL,RUNWAY,22811.29,True,True,VTOL,0.95,MULTIROTOR,,,,0.1341
3475,SURVEY,18.0,280.0,20.0,60.0,RURAL,VERTICAL,VERTICAL,,True,False,None,,None,,NO_VALID_VEHICLE,No feasible aircraft design solution: Combined heavy payload (18.0 kg) and ultra-long endurance (280.0 min) is physically unachievable.,0.0744
3476,MAPPING,3.29,133.3,112.1,81.2,MOUNTAIN,RUNWAY,RUNWAY,56271.42,True,True,FIXED_WING,1.0,VTOL,,,,0.1343
3477,SECURITY,2.66,21.0,7.3,29.6,URBAN,VERTICAL,VERTICAL,22286.08,True,True,MULTIROTOR,0.8,VTOL,,,,0.0696
3478,TRAINING,5.99,45.3,53.4,67.0,MOUNTAIN,VERTICAL,VERTICAL,78805.09,True,True,VTOL,0.95,MULTIROTOR,,,,0.0689
3479,SECURITY,1.8,139.3,27.1,100.0,FOREST,HAND_LAUNCH,NET_RECOVERY,72091.98,True,True,FIXED_WING,1.0,VTOL,,,,0.0719
3480,TRAINING,2.52,69.1,55.9,102.3,FOREST,VERTICAL,VERTICAL,27288.9,True,True,VTOL,0.95,MULTIROTOR,,,,0.0684
3481,AGRICULTURE,3.68,29.1,13.6,24.0,RURAL,VERTICAL,VERTICAL,25193.21,True,True,MULTIROTOR,0.8,VTOL,,,,0.0676
3482,DISASTER_RESPONSE,8.39,83.8,78.1,57.1,RURAL,RUNWAY,RUNWAY,63983.55,True,True,FIXED_WING,1.0,VTOL,,,,0.0635
3483,RESEARCH,5.63,107.3,80.4,112.4,RURAL,VERTICAL,VERTICAL,71445.15,True,True,VTOL,0.95,MULTIROTOR,,,,0.0633
3484,DELIVERY,0.69,25.7,6.2,39.2,RURAL,VERTICAL,VERTICAL,8253.57,True,True,MULTIROTOR,0.8,VTOL,,,,0.0616
3485,MILITARY,2.11,79.7,36.2,73.1,MOUNTAIN,CATAPULT,BELLY_LANDING,28401.73,True,True,FIXED_WING,1.0,VTOL,,,,0.0682
3486,SURVEY,3.0,30.0,20.0,0.0,RURAL,VERTICAL,VERTICAL,10000.0,False,False,None,,None,,INVALID_REQUIREMENTS,Cruise speed must be greater than 0 km/h. Provided: 0.0 km/h.,0.0089
3487,DELIVERY,22.85,56.8,72.3,83.4,DESERT,VERTICAL,VERTICAL,3311.65,True,True,VTOL,0.95,MULTIROTOR,,,,0.0641
3488,SURVEY,0.55,17.3,2.9,20.1,INDOOR,VERTICAL,VERTICAL,53543.63,True,True,MULTIROTOR,0.8,None,,,,0.073
3489,TRAINING,1.44,25.4,13.3,33.8,RURAL,VERTICAL,VERTICAL,12848.72,True,True,MULTIROTOR,0.8,VTOL,,,,0.0648
3490,RESEARCH,1.31,110.2,75.5,105.1,FOREST,HAND_LAUNCH,PARACHUTE,79241.76,True,True,FIXED_WING,1.0,VTOL,,,,0.0648
3491,DISASTER_RESPONSE,1.71,46.8,80.9,84.1,RURAL,CATAPULT,BELLY_LANDING,51529.66,True,True,FIXED_WING,1.0,VTOL,,,,0.0679
3492,CUSTOM,1.33,16.3,2.0,20.3,INDOOR,VERTICAL,VERTICAL,73919.58,True,True,MULTIROTOR,0.8,None,,,,0.0598
3493,SURVEY,2.75,77.1,45.1,113.6,RURAL,VERTICAL,VERTICAL,8465.99,True,True,VTOL,0.95,MULTIROTOR,,,,0.0625
3494,CUSTOM,20.86,47.9,28.1,69.7,RURAL,RUNWAY,VERTICAL,73558.8,True,True,VTOL,0.8,MULTIROTOR,,,,0.0627
3495,SURVEY,5.0,30.0,20.0,60.0,RURAL,VERTICAL,VERTICAL,10000.0,False,False,None,,None,,INVALID_REQUIREMENTS,Maximum takeoff weight limit (3.0 kg) must be greater than payload weight (5.0 kg).,0.0086
3496,DELIVERY,1.93,13.4,2.5,42.7,RURAL,VERTICAL,VERTICAL,65165.01,True,True,MULTIROTOR,0.8,VTOL,,,,0.0624
3497,CUSTOM,1.45,11.0,7.6,33.4,URBAN,VERTICAL,VERTICAL,55501.06,True,True,MULTIROTOR,0.8,VTOL,,,,0.063
3498,RESEARCH,1.37,20.2,5.2,46.6,URBAN,VERTICAL,VERTICAL,34668.67,True,True,MULTIROTOR,0.8,VTOL,,,,0.0657
3499,AGRICULTURE,7.63,92.1,80.7,118.3,FOREST,VERTICAL,VERTICAL,72209.05,True,True,VTOL,0.95,MULTIROTOR,,,,0.0641
3500,DISASTER_RESPONSE,8.72,85.4,22.4,78.4,MOUNTAIN,RUNWAY,RUNWAY,19474.55,True,True,FIXED_WING,1.0,VTOL,,,,0.0643
3501,MILITARY,0.6,10.8,2.2,23.5,INDOOR,VERTICAL,VERTICAL,78241.39,True,True,MULTIROTOR,0.8,None,,,,0.06
3502,SURVEY,4.77,68.1,83.6,107.2,MOUNTAIN,VERTICAL,VERTICAL,28808.34,True,True,VTOL,0.95,MULTIROTOR,,,,0.065
3503,DELIVERY,3.61,34.7,8.4,47.5,URBAN,VERTICAL,VERTICAL,52945.02,True,True,MULTIROTOR,0.8,VTOL,,,,0.0637
3504,SURVEY,45.0,30.0,20.0,60.0,RURAL,VERTICAL,VERTICAL,,True,False,None,,None,High payload mass (45.0 kg) requires specialized heavy-lift structural airframe.,NO_VALID_VEHICLE,No feasible aircraft design solution: Payload requirement (45.0 kg) exceeds maximum studio envelope limit (35.0 kg).,0.0384
3505,SURVEY,2.0,500.0,20.0,60.0,RURAL,VERTICAL,VERTICAL,,True,False,None,,None,,NO_VALID_VEHICLE,No feasible aircraft design solution: Endurance requirement (500.0 min) exceeds battery/fuel energy storage density limit (450.0 min).,0.0365
3506,SURVEY,2.0,30.0,20.0,350.0,RURAL,VERTICAL,VERTICAL,,True,False,None,,None,,NO_VALID_VEHICLE,No feasible aircraft design solution: Cruise speed requirement (350.0 km/h) exceeds platform dynamic limit (300.0 km/h).,0.0359
3507,DELIVERY,6.3,91.1,67.5,104.2,FOREST,VERTICAL,VERTICAL,32405.41,True,True,VTOL,0.95,MULTIROTOR,,,,0.0667
3508,MILITARY,1.47,13.2,4.2,35.4,INDOOR,VERTICAL,VERTICAL,73383.8,True,True,MULTIROTOR,0.8,None,,,,0.0603
3509,DELIVERY,1.27,7.4,2.5,36.3,INDOOR,VERTICAL,VERTICAL,51909.75,True,True,MULTIROTOR,0.8,None,,,,0.064
3510,AGRICULTURE,2.33,31.0,122.7,102.3,RURAL,VERTICAL,VERTICAL,39940.01,True,True,VTOL,0.95,MULTIROTOR,,,,0.0626
3511,SURVEY,2.0,30.0,500.0,60.0,RURAL,VERTICAL,VERTICAL,,True,False,None,,None,Extended range target (500.0 km) approaches maximum battery energy density threshold.,NO_VALID_VEHICLE,No feasible aircraft design solution: Range requirement (500.0 km) exceeds maximum studio envelope limit (450.0 km).,0.0351
3512,SURVEY,2.0,30.0,20.0,350.0,RURAL,VERTICAL,VERTICAL,,True,False,None,,None,,NO_VALID_VEHICLE,No feasible aircraft design solution: Cruise speed requirement (350.0 km/h) exceeds platform dynamic limit (300.0 km/h).,0.0334
3513,SURVEY,3.0,30.0,20.0,60.0,RURAL,VERTICAL,VERTICAL,-100.0,False,False,None,,None,,INVALID_REQUIREMENTS,Financial budget must be greater than $0 if specified. Provided: $-100.0.,0.008
3514,MILITARY,2.16,36.1,10.0,45.7,URBAN,VERTICAL,VERTICAL,70204.95,True,True,MULTIROTOR,0.8,VTOL,,,,0.0668
3515,CUSTOM,3.72,34.6,57.5,83.1,MARINE,VERTICAL,VERTICAL,61132.63,True,True,VTOL,0.95,MULTIROTOR,,,,0.0692
3516,SECURITY,1.14,11.3,3.1,10.1,INDOOR,VERTICAL,VERTICAL,14491.19,True,True,MULTIROTOR,0.8,None,,,,0.063
3517,SECURITY,5.35,60.8,89.8,112.6,RURAL,VERTICAL,VERTICAL,62498.7,True,True,VTOL,0.95,MULTIROTOR,,,,0.0655
3518,TRAINING,3.23,58.5,137.4,104.2,MOUNTAIN,VERTICAL,VERTICAL,76647.15,True,True,VTOL,0.95,MULTIROTOR,,,,0.0672
3519,DISASTER_RESPONSE,0.77,18.0,13.0,37.7,RURAL,VERTICAL,VERTICAL,27850.06,True,True,MULTIROTOR,0.8,VTOL,,,,0.0619
3520,DELIVERY,0.82,9.0,3.5,39.0,INDOOR,VERTICAL,VERTICAL,73583.99,True,True,MULTIROTOR,0.8,None,,,,0.059
3521,CUSTOM,4.05,81.2,94.7,64.8,DESERT,HAND_LAUNCH,RUNWAY,62143.6,True,True,FIXED_WING,1.0,VTOL,,,,0.0649
3522,AGRICULTURE,0.16,17.3,2.6,21.9,INDOOR,VERTICAL,VERTICAL,68117.27,True,True,MULTIROTOR,0.8,None,,,,0.0627
3523,SURVEY,3.84,80.7,67.6,76.3,FOREST,VERTICAL,VERTICAL,22808.12,True,True,VTOL,0.95,MULTIROTOR,,,,0.0624
3524,MILITARY,7.29,70.5,117.0,60.7,MOUNTAIN,VERTICAL,VERTICAL,41622.34,True,True,VTOL,0.95,MULTIROTOR,,,,0.0627
3525,SURVEY,2.0,30.0,500.0,60.0,RURAL,VERTICAL,VERTICAL,,True,False,None,,None,Extended range target (500.0 km) approaches maximum battery energy density threshold.,NO_VALID_VEHICLE,No feasible aircraft design solution: Range requirement (500.0 km) exceeds maximum studio envelope limit (450.0 km).,0.035
3526,MAPPING,3.22,30.9,5.1,26.4,URBAN,VERTICAL,VERTICAL,72449.49,True,True,MULTIROTOR,0.8,VTOL,,,,0.0615
3527,SECURITY,2.95,78.1,69.6,58.0,RURAL,CATAPULT,NET_RECOVERY,64539.84,True,True,FIXED_WING,1.0,VTOL,,,,0.0644
3528,SURVEY,2.0,500.0,20.0,60.0,RURAL,VERTICAL,VERTICAL,,True,False,None,,None,,NO_VALID_VEHICLE,No feasible aircraft design solution: Endurance requirement (500.0 min) exceeds battery/fuel energy storage density limit (450.0 min).,0.0369
3529,SURVEY,25.0,30.0,250.0,60.0,RURAL,VERTICAL,VERTICAL,,True,False,None,,None,,NO_VALID_VEHICLE,No feasible aircraft design solution: Combined heavy payload (25.0 kg) and extended range (250.0 km) exceeds structural MTOW limit.,0.0383
3530,SURVEY,22.12,32.0,30.5,44.5,RURAL,VERTICAL,RUNWAY,17066.78,True,True,VTOL,0.95,MULTIROTOR,,,,0.0668
3531,MAPPING,5.95,84.5,142.9,105.6,FOREST,VERTICAL,VERTICAL,33318.21,True,True,VTOL,0.95,MULTIROTOR,,,,0.0757
3532,SURVEY,3.0,30.0,20.0,0.0,RURAL,VERTICAL,VERTICAL,10000.0,False,False,None,,None,,INVALID_REQUIREMENTS,Cruise speed must be greater than 0 km/h. Provided: 0.0 km/h.,0.0087
3533,CUSTOM,13.11,22.8,29.6,65.6,MOUNTAIN,RUNWAY,RUNWAY,8752.66,True,True,FIXED_WING,0.85,VTOL,,,,0.0691
3534,RESEARCH,1.24,25.5,4.4,30.9,URBAN,VERTICAL,VERTICAL,68156.64,True,True,MULTIROTOR,0.8,VTOL,,,,0.0623
3535,RESEARCH,8.77,55.5,35.9,80.0,MOUNTAIN,RUNWAY,RUNWAY,4585.4,True,True,FIXED_WING,1.0,VTOL,,,,0.0688
3536,TRAINING,3.94,89.1,60.9,97.7,DESERT,HAND_LAUNCH,BELLY_LANDING,72730.89,True,True,FIXED_WING,1.0,VTOL,,,,0.0638
3537,MAPPING,0.37,20.2,0.6,33.3,INDOOR,VERTICAL,VERTICAL,72219.54,True,True,MULTIROTOR,0.8,None,,,,0.0613
3538,RESEARCH,2.29,72.7,28.6,105.8,DESERT,CATAPULT,BELLY_LANDING,16444.14,True,True,FIXED_WING,1.0,VTOL,,,,0.0677
3539,TRAINING,18.66,35.2,63.3,56.0,MOUNTAIN,RUNWAY,RUNWAY,9254.26,True,True,FIXED_WING,1.0,VTOL,,,,0.063
3540,SURVEY,25.0,30.0,250.0,60.0,RURAL,VERTICAL,VERTICAL,,True,False,None,,None,,NO_VALID_VEHICLE,No feasible aircraft design solution: Combined heavy payload (25.0 kg) and extended range (250.0 km) exceeds structural MTOW limit.,0.0346
3541,SURVEY,2.0,30.0,20.0,350.0,RURAL,VERTICAL,VERTICAL,,True,False,None,,None,,NO_VALID_VEHICLE,No feasible aircraft design solution: Cruise speed requirement (350.0 km/h) exceeds platform dynamic limit (300.0 km/h).,0.0329
3542,CUSTOM,5.91,109.9,83.1,77.6,FOREST,VERTICAL,VERTICAL,55904.7,True,True,VTOL,0.95,MULTIROTOR,,,,0.0625
3543,DISASTER_RESPONSE,3.41,85.6,46.5,98.5,DESERT,CATAPULT,NET_RECOVERY,78437.6,True,True,FIXED_WING,1.0,VTOL,,,,0.0681
3544,DELIVERY,1.15,14.7,3.2,18.1,INDOOR,VERTICAL,VERTICAL,26825.93,True,True,MULTIROTOR,0.8,None,,,,0.0662
3545,SURVEY,45.0,30.0,20.0,60.0,RURAL,VERTICAL,VERTICAL,,True,False,None,,None,High payload mass (45.0 kg) requires specialized heavy-lift structural airframe.,NO_VALID_VEHICLE,No feasible aircraft design solution: Payload requirement (45.0 kg) exceeds maximum studio envelope limit (35.0 kg).,0.035
3546,SURVEY,2.0,30.0,500.0,60.0,RURAL,VERTICAL,VERTICAL,,True,False,None,,None,Extended range target (500.0 km) approaches maximum battery energy density threshold.,NO_VALID_VEHICLE,No feasible aircraft design solution: Range requirement (500.0 km) exceeds maximum studio envelope limit (450.0 km).,0.0339
3547,MILITARY,4.01,51.4,70.3,106.1,MARINE,VERTICAL,VERTICAL,56767.37,True,True,VTOL,0.95,MULTIROTOR,,,,0.0641
3548,AGRICULTURE,19.86,46.7,45.1,43.9,RURAL,VERTICAL,VERTICAL,16029.38,True,True,VTOL,0.95,MULTIROTOR,,,,0.0654
3549,AGRICULTURE,16.87,35.3,42.3,85.7,RURAL,RUNWAY,VERTICAL,24332.13,True,True,VTOL,0.8,MULTIROTOR,,,,0.0625
3550,INSPECTION,0.8,8.0,0.5,37.0,INDOOR,VERTICAL,VERTICAL,12103.17,True,True,MULTIROTOR,0.8,None,,,,0.0605
3551,DISASTER_RESPONSE,3.26,78.3,131.7,72.6,MOUNTAIN,VERTICAL,VERTICAL,70376.77,True,True,VTOL,0.95,MULTIROTOR,,,,0.0657
3552,MILITARY,2.21,119.8,25.2,71.4,FOREST,HAND_LAUNCH,PARACHUTE,76271.51,True,True,FIXED_WING,1.0,VTOL,,,,0.0657
3553,SURVEY,18.51,57.4,43.5,43.0,RURAL,RUNWAY,VERTICAL,49643.99,True,True,VTOL,0.8,MULTIROTOR,,,,0.0648
3554,DISASTER_RESPONSE,0.9,14.9,11.7,21.4,RURAL,VERTICAL,VERTICAL,48128.19,True,True,MULTIROTOR,0.8,VTOL,,,,0.0634
3555,SURVEY,45.0,30.0,20.0,60.0,RURAL,VERTICAL,VERTICAL,,True,False,None,,None,High payload mass (45.0 kg) requires specialized heavy-lift structural airframe.,NO_VALID_VEHICLE,No feasible aircraft design solution: Payload requirement (45.0 kg) exceeds maximum studio envelope limit (35.0 kg).,0.0343
3556,SURVEY,3.34,15.9,10.2,31.2,URBAN,VERTICAL,VERTICAL,57711.2,True,True,MULTIROTOR,0.8,VTOL,,,,0.0627
3557,DISASTER_RESPONSE,2.82,140.6,99.6,59.3,DESERT,RUNWAY,NET_RECOVERY,77135.73,True,True,FIXED_WING,1.0,VTOL,,,,0.0703
3558,MILITARY,0.76,23.8,3.8,30.6,INDOOR,VERTICAL,VERTICAL,7468.32,True,True,MULTIROTOR,0.8,None,,,,0.1893
3559,INSPECTION,2.8,29.7,14.7,29.9,RURAL,VERTICAL,VERTICAL,48216.77,True,True,MULTIROTOR,0.8,VTOL,,,,0.1516
3560,CUSTOM,1.21,23.5,12.2,36.5,RURAL,VERTICAL,VERTICAL,43767.61,True,True,MULTIROTOR,0.8,VTOL,,,,0.2978
3561,MAPPING,2.16,10.6,9.4,22.8,RURAL,VERTICAL,VERTICAL,4407.62,True,True,MULTIROTOR,0.8,VTOL,,,,0.1842
3562,DELIVERY,2.66,32.4,8.9,32.9,URBAN,VERTICAL,VERTICAL,29314.11,True,True,MULTIROTOR,0.8,VTOL,,,,0.1609
3563,DELIVERY,2.52,35.4,90.9,87.6,MARINE,VERTICAL,VERTICAL,53063.71,True,True,VTOL,0.95,MULTIROTOR,,,,0.1179
3564,SURVEY,3.0,30.0,20.0,60.0,RURAL,VERTICAL,VERTICAL,-100.0,False,False,None,,None,,INVALID_REQUIREMENTS,Financial budget must be greater than $0 if specified. Provided: $-100.0.,0.0171
3565,TRAINING,4.58,122.8,77.5,107.6,RURAL,CATAPULT,NET_RECOVERY,75223.7,True,True,FIXED_WING,1.0,VTOL,,,,0.2465
3566,TRAINING,4.0,104.0,38.9,113.2,RURAL,VERTICAL,VERTICAL,71524.7,True,True,VTOL,0.95,MULTIROTOR,,,,0.1246
3567,SURVEY,0.45,22.5,4.1,18.7,INDOOR,VERTICAL,VERTICAL,31323.26,True,True,MULTIROTOR,0.8,None,,,,0.0773
3568,SURVEY,2.0,500.0,20.0,60.0,RURAL,VERTICAL,VERTICAL,,True,False,None,,None,,NO_VALID_VEHICLE,No feasible aircraft design solution: Endurance requirement (500.0 min) exceeds battery/fuel energy storage density limit (450.0 min).,0.0445
3569,RESEARCH,4.11,134.5,116.7,68.9,FOREST,CATAPULT,RUNWAY,3792.27,True,True,FIXED_WING,1.0,VTOL,,,,0.0731
3570,INSPECTION,1.4,21.9,2.7,29.8,INDOOR,VERTICAL,VERTICAL,41108.25,True,True,MULTIROTOR,0.8,None,,,,0.0626
3571,INSPECTION,13.53,32.0,66.3,84.4,DESERT,VERTICAL,RUNWAY,37385.24,True,True,VTOL,0.95,MULTIROTOR,,,,0.0693
3572,AGRICULTURE,3.97,108.0,91.5,68.1,FOREST,VERTICAL,VERTICAL,77073.08,True,True,VTOL,0.95,MULTIROTOR,,,,0.0647
3573,SURVEY,0.0,30.0,20.0,60.0,RURAL,VERTICAL,VERTICAL,10000.0,False,False,None,,None,,INVALID_REQUIREMENTS,Payload weight must be greater than 0 kg. Provided: 0.0 kg.,0.0105
3574,TRAINING,0.77,11.9,9.4,27.0,RURAL,VERTICAL,VERTICAL,52644.18,True,True,MULTIROTOR,0.8,VTOL,,,,0.0637
3575,DISASTER_RESPONSE,3.96,60.7,92.8,90.1,FOREST,CATAPULT,RUNWAY,77184.89,True,True,FIXED_WING,1.0,VTOL,,,,0.0776
3576,CUSTOM,1.32,6.9,1.4,37.7,INDOOR,VERTICAL,VERTICAL,68624.5,True,True,MULTIROTOR,0.8,None,,,,0.0663
3577,SURVEY,2.0,30.0,20.0,350.0,RURAL,VERTICAL,VERTICAL,,True,False,None,,None,,NO_VALID_VEHICLE,No feasible aircraft design solution: Cruise speed requirement (350.0 km/h) exceeds platform dynamic limit (300.0 km/h).,0.0376
3578,SURVEY,25.0,30.0,250.0,60.0,RURAL,VERTICAL,VERTICAL,,True,False,None,,None,,NO_VALID_VEHICLE,No feasible aircraft design solution: Combined heavy payload (25.0 kg) and extended range (250.0 km) exceeds structural MTOW limit.,0.0341
3579,CUSTOM,15.94,32.9,32.7,56.7,MOUNTAIN,VERTICAL,VERTICAL,26688.51,True,True,VTOL,0.95,MULTIROTOR,,,,0.0685
3580,SECURITY,10.7,33.6,36.8,79.0,DESERT,RUNWAY,RUNWAY,5479.21,True,True,FIXED_WING,1.0,VTOL,,,,0.0644
3581,MAPPING,1.44,24.5,4.2,10.9,INDOOR,VERTICAL,VERTICAL,17900.24,True,True,MULTIROTOR,0.8,None,,,,0.0598
3582,AGRICULTURE,1.28,17.9,3.1,32.9,INDOOR,VERTICAL,VERTICAL,40719.54,True,True,MULTIROTOR,0.8,None,,,,0.0589
3583,DELIVERY,3.32,45.1,75.8,88.1,MARINE,VERTICAL,VERTICAL,48901.2,True,True,VTOL,0.95,MULTIROTOR,,,,0.0689
3584,MAPPING,1.38,11.6,3.6,33.5,INDOOR,VERTICAL,VERTICAL,46679.03,True,True,MULTIROTOR,0.8,None,,,,0.0591
3585,RESEARCH,1.1,35.0,4.3,39.3,URBAN,VERTICAL,VERTICAL,15161.23,True,True,MULTIROTOR,0.8,VTOL,,,,0.0854
3586,SURVEY,2.0,500.0,20.0,60.0,RURAL,VERTICAL,VERTICAL,,True,False,None,,None,,NO_VALID_VEHICLE,No feasible aircraft design solution: Endurance requirement (500.0 min) exceeds battery/fuel energy storage density limit (450.0 min).,0.0361
3587,TRAINING,1.07,12.1,2.5,14.8,INDOOR,VERTICAL,VERTICAL,48767.78,True,True,MULTIROTOR,0.8,None,,,,0.0594
3588,DISASTER_RESPONSE,4.85,117.7,48.9,55.9,DESERT,RUNWAY,RUNWAY,57569.41,True,True,FIXED_WING,1.0,VTOL,,,,0.1274
3589,AGRICULTURE,1.62,56.1,42.9,87.1,FOREST,CATAPULT,PARACHUTE,42004.95,True,True,FIXED_WING,1.0,VTOL,,,,0.0639
3590,SURVEY,2.0,500.0,20.0,60.0,RURAL,VERTICAL,VERTICAL,,True,False,None,,None,,NO_VALID_VEHICLE,No feasible aircraft design solution: Endurance requirement (500.0 min) exceeds battery/fuel energy storage density limit (450.0 min).,0.0347
3591,SURVEY,2.0,500.0,20.0,60.0,RURAL,VERTICAL,VERTICAL,,True,False,None,,None,,NO_VALID_VEHICLE,No feasible aircraft design solution: Endurance requirement (500.0 min) exceeds battery/fuel energy storage density limit (450.0 min).,0.0331
3592,SURVEY,25.0,30.0,250.0,60.0,RURAL,VERTICAL,VERTICAL,,True,False,None,,None,,NO_VALID_VEHICLE,No feasible aircraft design solution: Combined heavy payload (25.0 kg) and extended range (250.0 km) exceeds structural MTOW limit.,0.0331
3593,SURVEY,18.0,280.0,20.0,60.0,RURAL,VERTICAL,VERTICAL,,True,False,None,,None,,NO_VALID_VEHICLE,No feasible aircraft design solution: Combined heavy payload (18.0 kg) and ultra-long endurance (280.0 min) is physically unachievable.,0.0325
3594,MILITARY,4.62,30.2,125.6,71.6,FOREST,VERTICAL,VERTICAL,33295.13,True,True,VTOL,0.95,MULTIROTOR,,,,0.0675
3595,AGRICULTURE,5.8,34.2,132.1,68.0,MOUNTAIN,VERTICAL,VERTICAL,15112.48,True,True,VTOL,0.95,MULTIROTOR,,,,0.0634
3596,SURVEY,4.57,103.4,93.2,90.0,MOUNTAIN,CATAPULT,BELLY_LANDING,76633.75,True,True,FIXED_WING,1.0,VTOL,,,,0.0655
3597,TRAINING,24.97,66.3,13.6,60.5,RURAL,RUNWAY,RUNWAY,32383.39,True,True,FIXED_WING,1.0,VTOL,,,,0.0637
3598,SECURITY,3.9,17.4,2.5,28.3,RURAL,VERTICAL,VERTICAL,6832.0,True,True,MULTIROTOR,0.8,VTOL,,,,0.0627
3599,MAPPING,0.92,36.2,11.9,48.0,URBAN,VERTICAL,VERTICAL,46078.19,True,True,MULTIROTOR,0.8,VTOL,,,,0.0625
3600,DELIVERY,2.03,54.9,52.5,79.0,RURAL,HAND_LAUNCH,NET_RECOVERY,63635.63,True,True,FIXED_WING,1.0,VTOL,,,,0.0631
3601,MILITARY,3.31,45.4,85.9,88.1,MARINE,VERTICAL,VERTICAL,29856.55,True,True,VTOL,0.95,MULTIROTOR,,,,0.0661
3602,RESEARCH,19.92,34.8,26.1,65.3,MOUNTAIN,RUNWAY,VERTICAL,21939.58,True,True,VTOL,0.8,MULTIROTOR,,,,0.0636
3603,INSPECTION,1.45,61.2,112.9,80.6,FOREST,RUNWAY,BELLY_LANDING,51309.99,True,True,VTOL,0.8,MULTIROTOR,,,,0.0629
3604,MAPPING,0.2,16.7,3.6,16.4,INDOOR,VERTICAL,VERTICAL,8992.24,True,True,MULTIROTOR,0.8,None,,,,0.0635
3605,SURVEY,3.14,137.6,35.8,64.3,RURAL,RUNWAY,NET_RECOVERY,5674.25,True,True,FIXED_WING,1.0,VTOL,,,,0.0644
3606,INSPECTION,10.05,42.4,77.1,62.5,MOUNTAIN,RUNWAY,VERTICAL,62483.24,True,True,VTOL,0.8,MULTIROTOR,,,,0.0677
3607,SURVEY,2.0,500.0,20.0,60.0,RURAL,VERTICAL,VERTICAL,,True,False,None,,None,,NO_VALID_VEHICLE,No feasible aircraft design solution: Endurance requirement (500.0 min) exceeds battery/fuel energy storage density limit (450.0 min).,0.0345
3608,SECURITY,2.92,126.7,94.8,71.5,FOREST,CATAPULT,RUNWAY,22906.72,True,True,FIXED_WING,1.0,VTOL,,,,0.0634
3609,RESEARCH,0.5,24.2,2.9,31.2,INDOOR,VERTICAL,VERTICAL,9300.9,True,True,MULTIROTOR,0.8,None,,,,0.0611
3610,DELIVERY,0.16,21.9,2.9,38.9,INDOOR,VERTICAL,VERTICAL,4075.03,True,True,MULTIROTOR,0.8,None,,,,0.0581
3611,SURVEY,18.0,280.0,20.0,60.0,RURAL,VERTICAL,VERTICAL,,True,False,None,,None,,NO_VALID_VEHICLE,No feasible aircraft design solution: Combined heavy payload (18.0 kg) and ultra-long endurance (280.0 min) is physically unachievable.,0.0343
3612,MAPPING,1.83,13.7,8.3,36.4,URBAN,VERTICAL,VERTICAL,46747.01,True,True,MULTIROTOR,0.8,VTOL,,,,0.0609
3613,DELIVERY,4.95,78.6,75.9,75.6,MARINE,VERTICAL,VERTICAL,19832.33,True,True,VTOL,0.95,MULTIROTOR,,,,0.0734
3614,CUSTOM,6.11,118.3,121.9,95.2,RURAL,VERTICAL,VERTICAL,43496.44,True,True,VTOL,0.95,MULTIROTOR,,,,0.0683
3615,SECURITY,0.59,18.5,3.2,29.4,INDOOR,VERTICAL,VERTICAL,21414.78,True,True,MULTIROTOR,0.8,None,,,,0.0602
3616,SURVEY,2.0,30.0,20.0,350.0,RURAL,VERTICAL,VERTICAL,,True,False,None,,None,,NO_VALID_VEHICLE,No feasible aircraft design solution: Cruise speed requirement (350.0 km/h) exceeds platform dynamic limit (300.0 km/h).,0.0364
3617,SECURITY,0.79,22.8,2.7,26.0,RURAL,VERTICAL,VERTICAL,16436.67,True,True,MULTIROTOR,0.8,VTOL,,,,0.0608
3618,DISASTER_RESPONSE,23.61,89.4,62.9,67.4,RURAL,RUNWAY,VERTICAL,78370.72,True,True,VTOL,0.8,MULTIROTOR,,,,0.0638
3619,AGRICULTURE,2.11,34.9,113.4,102.8,RURAL,VERTICAL,VERTICAL,2236.52,True,True,VTOL,0.95,MULTIROTOR,,,,0.0638
3620,DELIVERY,3.39,26.1,5.8,48.8,URBAN,VERTICAL,VERTICAL,73079.73,True,True,MULTIROTOR,0.8,VTOL,,,,0.061
3621,TRAINING,0.7,20.9,1.2,14.3,INDOOR,VERTICAL,VERTICAL,50318.15,True,True,MULTIROTOR,0.8,None,,,,0.06
3622,SURVEY,3.0,30.0,20.0,60.0,RURAL,VERTICAL,VERTICAL,-100.0,False,False,None,,None,,INVALID_REQUIREMENTS,Financial budget must be greater than $0 if specified. Provided: $-100.0.,0.0089
3623,TRAINING,3.46,75.5,113.9,64.9,MOUNTAIN,VERTICAL,VERTICAL,16797.01,True,True,VTOL,0.95,MULTIROTOR,,,,0.0673
3624,INSPECTION,0.88,12.1,12.5,25.5,URBAN,VERTICAL,VERTICAL,57415.55,True,True,MULTIROTOR,0.8,VTOL,,,,0.0614
3625,DELIVERY,0.65,23.8,3.0,25.5,INDOOR,VERTICAL,VERTICAL,44616.0,True,True,MULTIROTOR,0.8,None,,,,0.0583
3626,MILITARY,10.33,86.6,23.8,54.9,RURAL,RUNWAY,RUNWAY,70969.38,True,True,FIXED_WING,1.0,VTOL,,,,0.0687
3627,DELIVERY,1.0,6.4,2.0,33.3,INDOOR,VERTICAL,VERTICAL,53306.88,True,True,MULTIROTOR,0.8,None,,,,0.0596
3628,DISASTER_RESPONSE,4.14,70.3,34.3,82.6,FOREST,RUNWAY,PARACHUTE,41922.75,True,True,FIXED_WING,1.0,VTOL,,,,0.0621
3629,TRAINING,2.27,33.7,8.4,38.1,URBAN,VERTICAL,VERTICAL,14598.93,True,True,MULTIROTOR,0.8,VTOL,,,,0.0612
3630,SURVEY,5.0,30.0,20.0,60.0,RURAL,VERTICAL,VERTICAL,10000.0,False,False,None,,None,,INVALID_REQUIREMENTS,Maximum takeoff weight limit (3.0 kg) must be greater than payload weight (5.0 kg).,0.0082
3631,SURVEY,3.8,127.5,83.3,89.2,FOREST,HAND_LAUNCH,BELLY_LANDING,55102.25,True,True,FIXED_WING,1.0,VTOL,,,,0.0673
3632,TRAINING,2.83,46.7,63.7,92.2,DESERT,RUNWAY,BELLY_LANDING,56898.09,True,True,FIXED_WING,1.0,VTOL,,,,0.0694
3633,DISASTER_RESPONSE,4.73,51.4,49.0,76.5,DESERT,HAND_LAUNCH,RUNWAY,8090.6,True,True,FIXED_WING,1.0,VTOL,,,,0.0671
3634,TRAINING,4.71,80.3,98.4,87.6,MOUNTAIN,CATAPULT,NET_RECOVERY,14265.16,True,True,FIXED_WING,1.0,VTOL,,,,0.064
3635,MILITARY,0.55,12.5,0.9,37.4,INDOOR,VERTICAL,VERTICAL,65030.58,True,True,MULTIROTOR,0.8,None,,,,0.0628
3636,SECURITY,2.82,68.5,42.9,64.7,MOUNTAIN,CATAPULT,BELLY_LANDING,10080.85,True,True,FIXED_WING,1.0,VTOL,,,,0.0636
3637,DELIVERY,1.34,18.7,3.8,11.9,INDOOR,VERTICAL,VERTICAL,51597.39,True,True,MULTIROTOR,0.8,None,,,,0.0593
3638,SURVEY,2.0,30.0,500.0,60.0,RURAL,VERTICAL,VERTICAL,,True,False,None,,None,Extended range target (500.0 km) approaches maximum battery energy density threshold.,NO_VALID_VEHICLE,No feasible aircraft design solution: Range requirement (500.0 km) exceeds maximum studio envelope limit (450.0 km).,0.0372
3639,MAPPING,0.35,15.5,2.5,17.6,INDOOR,VERTICAL,VERTICAL,37999.27,True,True,MULTIROTOR,0.8,None,,,,0.0583
3640,RESEARCH,3.67,105.0,61.4,108.3,RURAL,HAND_LAUNCH,NET_RECOVERY,66914.07,True,True,FIXED_WING,1.0,VTOL,,,,0.072
3641,CUSTOM,1.74,21.8,7.2,38.8,URBAN,VERTICAL,VERTICAL,15956.74,True,True,MULTIROTOR,0.8,VTOL,,,,0.07
3642,MAPPING,6.26,113.6,90.9,107.6,MOUNTAIN,VERTICAL,VERTICAL,36076.25,True,True,VTOL,0.95,MULTIROTOR,,,,0.0636
3643,RESEARCH,4.75,99.6,148.8,102.4,MARINE,VERTICAL,VERTICAL,68278.43,True,True,VTOL,0.95,MULTIROTOR,,,,0.0665
3644,SECURITY,15.57,80.7,38.0,44.3,MOUNTAIN,RUNWAY,VERTICAL,65543.01,True,True,VTOL,0.8,MULTIROTOR,,,,0.0634
3645,RESEARCH,1.04,20.9,4.1,20.8,INDOOR,VERTICAL,VERTICAL,77769.62,True,True,MULTIROTOR,0.8,None,,,,0.0586
3646,SURVEY,25.0,30.0,250.0,60.0,RURAL,VERTICAL,VERTICAL,,True,False,None,,None,,NO_VALID_VEHICLE,No feasible aircraft design solution: Combined heavy payload (25.0 kg) and extended range (250.0 km) exceeds structural MTOW limit.,0.0366
3647,TRAINING,3.18,111.7,108.6,50.3,DESERT,CATAPULT,BELLY_LANDING,65412.24,True,True,FIXED_WING,1.0,VTOL,,,,0.0657
3648,SECURITY,17.11,85.1,58.2,48.5,DESERT,RUNWAY,RUNWAY,47342.61,True,True,FIXED_WING,1.0,VTOL,,,,0.0667
3649,CUSTOM,4.97,110.6,34.7,104.9,RURAL,RUNWAY,BELLY_LANDING,55801.76,True,True,FIXED_WING,1.0,VTOL,,,,0.0654
3650,SURVEY,2.0,500.0,20.0,60.0,RURAL,VERTICAL,VERTICAL,,True,False,None,,None,,NO_VALID_VEHICLE,No feasible aircraft design solution: Endurance requirement (500.0 min) exceeds battery/fuel energy storage density limit (450.0 min).,0.0346
3651,SURVEY,2.0,30.0,500.0,60.0,RURAL,VERTICAL,VERTICAL,,True,False,None,,None,Extended range target (500.0 km) approaches maximum battery energy density threshold.,NO_VALID_VEHICLE,No feasible aircraft design solution: Range requirement (500.0 km) exceeds maximum studio envelope limit (450.0 km).,0.0335
3652,MILITARY,13.54,67.4,19.0,56.0,MOUNTAIN,RUNWAY,RUNWAY,69318.05,True,True,FIXED_WING,1.0,VTOL,,,,0.0621
3653,CUSTOM,0.41,10.0,4.1,23.7,INDOOR,VERTICAL,VERTICAL,40330.15,True,True,MULTIROTOR,0.8,None,,,,0.0585
3654,MAPPING,7.98,73.8,35.7,69.3,MOUNTAIN,VERTICAL,VERTICAL,35148.45,True,True,VTOL,0.95,MULTIROTOR,,,,0.1307
3655,INSPECTION,5.42,84.7,135.5,62.9,RURAL,VERTICAL,VERTICAL,14926.88,True,True,VTOL,0.95,MULTIROTOR,,,,0.1222
3656,INSPECTION,11.43,86.0,15.7,74.7,MOUNTAIN,VERTICAL,RUNWAY,12088.28,True,True,VTOL,0.7,MULTIROTOR,,,,0.0715
3657,AGRICULTURE,0.18,11.4,1.8,39.5,INDOOR,VERTICAL,VERTICAL,13174.44,True,True,MULTIROTOR,0.8,None,,,,0.0643
3658,RESEARCH,0.32,6.7,1.1,18.4,INDOOR,VERTICAL,VERTICAL,20733.37,True,True,MULTIROTOR,0.8,None,,,,0.0646
3659,CUSTOM,3.64,62.9,51.0,68.0,MARINE,VERTICAL,VERTICAL,13581.39,True,True,VTOL,0.95,MULTIROTOR,,,,0.0734
3660,DISASTER_RESPONSE,2.69,69.3,81.5,109.2,MOUNTAIN,HAND_LAUNCH,NET_RECOVERY,7383.98,True,True,FIXED_WING,1.0,VTOL,,,,0.0708
3661,RESEARCH,5.63,116.3,94.9,116.5,MOUNTAIN,VERTICAL,VERTICAL,24312.68,True,True,VTOL,0.95,MULTIROTOR,,,,0.0646
3662,SURVEY,0.0,30.0,20.0,60.0,RURAL,VERTICAL,VERTICAL,10000.0,False,False,None,,None,,INVALID_REQUIREMENTS,Payload weight must be greater than 0 kg. Provided: 0.0 kg.,0.0099
3663,CUSTOM,21.51,65.8,27.0,57.9,RURAL,RUNWAY,RUNWAY,61315.55,True,True,FIXED_WING,1.0,VTOL,,,,0.0709
3664,INSPECTION,18.12,25.2,16.2,74.2,RURAL,RUNWAY,RUNWAY,29878.64,True,True,VTOL,0.7,MULTIROTOR,,,,0.065
3665,SURVEY,3.0,-10.0,20.0,60.0,RURAL,VERTICAL,VERTICAL,10000.0,False,False,None,,None,,INVALID_REQUIREMENTS,Target flight time must be greater than 0 minutes. Provided: -10.0 min.,0.0084
3666,SURVEY,25.0,30.0,250.0,60.0,RURAL,VERTICAL,VERTICAL,,True,False,None,,None,,NO_VALID_VEHICLE,No feasible aircraft design solution: Combined heavy payload (25.0 kg) and extended range (250.0 km) exceeds structural MTOW limit.,0.0408
3667,INSPECTION,2.31,31.2,4.5,35.7,URBAN,VERTICAL,VERTICAL,24355.42,True,True,MULTIROTOR,0.8,VTOL,,,,0.0674
3668,DISASTER_RESPONSE,23.56,23.9,12.8,81.4,DESERT,RUNWAY,VERTICAL,36051.4,True,True,MULTIROTOR,0.7,VTOL,,,,0.064
3669,MAPPING,24.04,89.1,54.0,74.2,MOUNTAIN,RUNWAY,RUNWAY,23198.17,True,True,FIXED_WING,1.0,VTOL,,,,0.0668
3670,SURVEY,13.27,65.3,48.3,67.3,DESERT,RUNWAY,VERTICAL,19946.3,True,True,VTOL,0.8,MULTIROTOR,,,,0.0696
3671,DISASTER_RESPONSE,0.49,9.3,0.8,26.4,INDOOR,VERTICAL,VERTICAL,64655.53,True,True,MULTIROTOR,0.8,None,,,,0.0608
3672,SURVEY,5.0,30.0,20.0,60.0,RURAL,VERTICAL,VERTICAL,10000.0,False,False,None,,None,,INVALID_REQUIREMENTS,Maximum takeoff weight limit (3.0 kg) must be greater than payload weight (5.0 kg).,0.0081
3673,SURVEY,25.0,30.0,250.0,60.0,RURAL,VERTICAL,VERTICAL,,True,False,None,,None,,NO_VALID_VEHICLE,No feasible aircraft design solution: Combined heavy payload (25.0 kg) and extended range (250.0 km) exceeds structural MTOW limit.,0.0362
3674,DISASTER_RESPONSE,15.29,56.3,58.0,77.9,RURAL,RUNWAY,VERTICAL,44920.2,True,True,VTOL,0.8,MULTIROTOR,,,,0.0634
3675,INSPECTION,0.14,24.9,2.3,25.3,INDOOR,VERTICAL,VERTICAL,62301.76,True,True,MULTIROTOR,0.8,None,,,,0.061
3676,DISASTER_RESPONSE,2.25,48.4,50.1,105.5,DESERT,HAND_LAUNCH,RUNWAY,48577.81,True,True,FIXED_WING,1.0,VTOL,,,,0.0678
3677,DELIVERY,3.24,119.1,55.4,77.4,RURAL,CATAPULT,RUNWAY,53763.12,True,True,FIXED_WING,1.0,VTOL,,,,0.0864
3678,MILITARY,18.9,75.9,26.8,83.8,DESERT,RUNWAY,RUNWAY,8441.42,True,True,FIXED_WING,1.0,VTOL,,,,0.0662
3679,DELIVERY,4.41,104.5,99.5,68.6,FOREST,CATAPULT,BELLY_LANDING,79238.48,True,True,FIXED_WING,1.0,VTOL,,,,0.0693
3680,TRAINING,0.12,20.4,4.3,29.0,INDOOR,VERTICAL,VERTICAL,24480.14,True,True,MULTIROTOR,0.8,None,,,,0.0597
3681,SECURITY,3.89,22.5,4.0,47.2,URBAN,VERTICAL,VERTICAL,66431.75,True,True,MULTIROTOR,0.8,VTOL,,,,0.062
3682,TRAINING,22.72,66.6,65.9,62.1,RURAL,RUNWAY,RUNWAY,19937.75,True,True,FIXED_WING,1.0,VTOL,,,,0.0645
3683,MAPPING,1.31,82.9,83.4,107.2,RURAL,RUNWAY,NET_RECOVERY,47762.78,True,True,FIXED_WING,1.0,VTOL,,,,0.0632
3684,RESEARCH,2.76,82.4,90.6,89.6,FOREST,VERTICAL,VERTICAL,71433.11,True,True,VTOL,0.95,MULTIROTOR,,,,0.0641
3685,INSPECTION,0.46,20.1,4.4,35.1,INDOOR,VERTICAL,VERTICAL,56167.29,True,True,MULTIROTOR,0.8,None,,,,0.0607
3686,AGRICULTURE,4.37,30.5,31.6,115.6,MARINE,VERTICAL,VERTICAL,46172.45,True,True,VTOL,0.95,MULTIROTOR,,,,0.0649
3687,SECURITY,2.58,121.7,99.2,90.9,MOUNTAIN,RUNWAY,BELLY_LANDING,73366.96,True,True,FIXED_WING,1.0,VTOL,,,,0.067
3688,AGRICULTURE,5.39,119.9,46.7,82.7,FOREST,VERTICAL,VERTICAL,13748.89,True,True,VTOL,0.95,MULTIROTOR,,,,0.0644
3689,DELIVERY,6.14,37.1,58.3,64.4,FOREST,VERTICAL,VERTICAL,66975.62,True,True,VTOL,0.95,MULTIROTOR,,,,0.0682
3690,INSPECTION,3.6,72.7,87.9,109.0,MOUNTAIN,HAND_LAUNCH,PARACHUTE,23419.83,True,True,VTOL,0.8,MULTIROTOR,,,,0.0644
3691,SURVEY,3.0,30.0,20.0,60.0,RURAL,VERTICAL,VERTICAL,-100.0,False,False,None,,None,,INVALID_REQUIREMENTS,Financial budget must be greater than $0 if specified. Provided: $-100.0.,0.0079
3692,AGRICULTURE,3.77,79.4,45.2,50.9,FOREST,HAND_LAUNCH,NET_RECOVERY,15605.69,True,True,FIXED_WING,1.0,VTOL,,,,0.0646
3693,DELIVERY,3.9,106.6,101.8,87.6,RURAL,CATAPULT,RUNWAY,68068.58,True,True,FIXED_WING,1.0,VTOL,,,,0.0686
3694,RESEARCH,1.39,21.2,0.7,35.4,INDOOR,VERTICAL,VERTICAL,75080.12,True,True,MULTIROTOR,0.8,None,,,,0.065
3695,SURVEY,45.0,30.0,20.0,60.0,RURAL,VERTICAL,VERTICAL,,True,False,None,,None,High payload mass (45.0 kg) requires specialized heavy-lift structural airframe.,NO_VALID_VEHICLE,No feasible aircraft design solution: Payload requirement (45.0 kg) exceeds maximum studio envelope limit (35.0 kg).,0.0362
3696,MILITARY,11.12,57.3,32.2,40.1,RURAL,VERTICAL,VERTICAL,62779.96,True,True,VTOL,0.95,MULTIROTOR,,,,0.0664
3697,SECURITY,3.86,85.8,97.7,67.6,MARINE,VERTICAL,VERTICAL,43430.5,True,True,VTOL,0.95,MULTIROTOR,,,,0.0636
3698,MAPPING,2.45,111.6,84.1,52.2,DESERT,RUNWAY,PARACHUTE,76504.33,True,True,FIXED_WING,1.0,VTOL,,,,0.0639
3699,INSPECTION,0.78,11.7,4.3,18.3,INDOOR,VERTICAL,VERTICAL,55569.32,True,True,MULTIROTOR,0.8,None,,,,0.0599
3700,AGRICULTURE,4.16,83.5,54.7,67.4,FOREST,HAND_LAUNCH,BELLY_LANDING,58695.93,True,True,FIXED_WING,1.0,VTOL,,,,0.0625
3701,MILITARY,5.48,72.9,78.5,110.7,MOUNTAIN,VERTICAL,VERTICAL,74893.21,True,True,VTOL,0.95,MULTIROTOR,,,,0.0636
3702,DISASTER_RESPONSE,4.14,82.0,98.1,108.4,MARINE,VERTICAL,VERTICAL,29210.52,True,True,VTOL,0.95,MULTIROTOR,,,,0.0636
3703,SURVEY,2.0,30.0,500.0,60.0,RURAL,VERTICAL,VERTICAL,,True,False,None,,None,Extended range target (500.0 km) approaches maximum battery energy density threshold.,NO_VALID_VEHICLE,No feasible aircraft design solution: Range requirement (500.0 km) exceeds maximum studio envelope limit (450.0 km).,0.043
3704,MAPPING,3.29,51.0,97.1,95.1,MARINE,VERTICAL,VERTICAL,71804.16,True,True,VTOL,0.95,MULTIROTOR,,,,0.0635
3705,TRAINING,4.43,105.3,130.9,90.4,MOUNTAIN,VERTICAL,VERTICAL,35506.34,True,True,VTOL,0.95,MULTIROTOR,,,,0.0689
3706,DISASTER_RESPONSE,0.51,36.7,6.9,33.4,URBAN,VERTICAL,VERTICAL,50389.09,True,True,MULTIROTOR,0.8,VTOL,,,,0.0662
3707,SURVEY,45.0,30.0,20.0,60.0,RURAL,VERTICAL,VERTICAL,,True,False,None,,None,High payload mass (45.0 kg) requires specialized heavy-lift structural airframe.,NO_VALID_VEHICLE,No feasible aircraft design solution: Payload requirement (45.0 kg) exceeds maximum studio envelope limit (35.0 kg).,0.0352
3708,MILITARY,22.04,74.8,11.6,41.2,MOUNTAIN,RUNWAY,RUNWAY,25445.27,True,True,FIXED_WING,1.0,VTOL,,,,0.0681
3709,SURVEY,5.0,30.0,20.0,60.0,RURAL,VERTICAL,VERTICAL,10000.0,False,False,None,,None,,INVALID_REQUIREMENTS,Maximum takeoff weight limit (3.0 kg) must be greater than payload weight (5.0 kg).,0.0088
3710,SURVEY,2.2,112.4,113.6,99.8,RURAL,CATAPULT,RUNWAY,63019.25,True,True,FIXED_WING,1.0,VTOL,,,,0.063
3711,SURVEY,2.0,30.0,20.0,350.0,RURAL,VERTICAL,VERTICAL,,True,False,None,,None,,NO_VALID_VEHICLE,No feasible aircraft design solution: Cruise speed requirement (350.0 km/h) exceeds platform dynamic limit (300.0 km/h).,0.0346
3712,SURVEY,0.75,21.1,3.5,35.5,INDOOR,VERTICAL,VERTICAL,6844.52,True,True,MULTIROTOR,0.8,None,,,,0.0591
3713,RESEARCH,5.63,58.5,68.7,98.2,RURAL,VERTICAL,VERTICAL,25621.26,True,True,VTOL,0.95,MULTIROTOR,,,,0.0666
3714,INSPECTION,0.56,38.2,4.9,45.2,RURAL,VERTICAL,VERTICAL,40219.02,True,True,MULTIROTOR,0.8,VTOL,,,,0.0621
3715,SECURITY,21.84,63.7,47.4,74.5,DESERT,VERTICAL,RUNWAY,77958.78,True,True,VTOL,0.95,MULTIROTOR,,,,0.0638
3716,DELIVERY,3.43,65.6,58.9,114.9,MOUNTAIN,VERTICAL,VERTICAL,42640.91,True,True,VTOL,0.95,MULTIROTOR,,,,0.0628
3717,SURVEY,2.0,30.0,500.0,60.0,RURAL,VERTICAL,VERTICAL,,True,False,None,,None,Extended range target (500.0 km) approaches maximum battery energy density threshold.,NO_VALID_VEHICLE,No feasible aircraft design solution: Range requirement (500.0 km) exceeds maximum studio envelope limit (450.0 km).,0.0347
3718,MAPPING,3.49,64.5,87.4,86.5,RURAL,HAND_LAUNCH,BELLY_LANDING,20793.21,True,True,FIXED_WING,1.0,VTOL,,,,0.0623
3719,SECURITY,1.29,47.1,37.7,83.2,FOREST,HAND_LAUNCH,RUNWAY,22529.21,True,True,FIXED_WING,1.0,VTOL,,,,0.0887
3720,TRAINING,1.89,117.9,77.4,72.4,FOREST,CATAPULT,PARACHUTE,54268.14,True,True,FIXED_WING,1.0,VTOL,,,,0.0642
3721,MILITARY,16.83,58.7,54.0,84.9,RURAL,RUNWAY,RUNWAY,4416.47,True,True,FIXED_WING,1.0,VTOL,,,,0.063
3722,SECURITY,12.7,89.8,39.9,51.8,RURAL,VERTICAL,VERTICAL,76382.89,True,True,VTOL,0.95,MULTIROTOR,,,,0.0646
3723,SURVEY,25.0,30.0,250.0,60.0,RURAL,VERTICAL,VERTICAL,,True,False,None,,None,,NO_VALID_VEHICLE,No feasible aircraft design solution: Combined heavy payload (25.0 kg) and extended range (250.0 km) exceeds structural MTOW limit.,0.0373
3724,DELIVERY,4.42,71.5,111.7,93.6,FOREST,RUNWAY,BELLY_LANDING,2489.05,True,True,FIXED_WING,1.0,VTOL,,,,0.0621
3725,SECURITY,3.41,18.3,4.1,26.0,RURAL,VERTICAL,VERTICAL,31247.59,True,True,MULTIROTOR,0.8,VTOL,,,,0.0639
3726,TRAINING,1.47,14.5,12.4,24.9,RURAL,VERTICAL,VERTICAL,5016.08,True,True,MULTIROTOR,0.8,VTOL,,,,0.062
3727,MILITARY,1.33,18.0,2.8,39.4,INDOOR,VERTICAL,VERTICAL,13180.73,True,True,MULTIROTOR,0.8,None,,,,0.0582
3728,MAPPING,5.8,85.4,149.1,84.5,MOUNTAIN,VERTICAL,VERTICAL,13431.73,True,True,VTOL,0.95,MULTIROTOR,,,,0.0633
3729,DISASTER_RESPONSE,0.76,29.2,10.3,43.4,RURAL,VERTICAL,VERTICAL,70746.39,True,True,MULTIROTOR,0.8,VTOL,,,,0.0615
3730,MILITARY,4.55,81.4,118.4,63.3,FOREST,HAND_LAUNCH,RUNWAY,52300.23,True,True,FIXED_WING,1.0,VTOL,,,,0.0626
3731,TRAINING,1.19,33.3,11.1,47.0,URBAN,VERTICAL,VERTICAL,76413.19,True,True,MULTIROTOR,0.8,VTOL,,,,0.0694
3732,SURVEY,45.0,30.0,20.0,60.0,RURAL,VERTICAL,VERTICAL,,True,False,None,,None,High payload mass (45.0 kg) requires specialized heavy-lift structural airframe.,NO_VALID_VEHICLE,No feasible aircraft design solution: Payload requirement (45.0 kg) exceeds maximum studio envelope limit (35.0 kg).,0.0347
3733,AGRICULTURE,14.84,26.6,42.9,82.8,MOUNTAIN,RUNWAY,RUNWAY,8310.56,True,True,FIXED_WING,1.0,VTOL,,,,0.0641
3734,SURVEY,3.0,30.0,20.0,60.0,RURAL,VERTICAL,VERTICAL,-100.0,False,False,None,,None,,INVALID_REQUIREMENTS,Financial budget must be greater than $0 if specified. Provided: $-100.0.,0.0079
3735,INSPECTION,3.42,74.3,29.6,108.4,FOREST,CATAPULT,PARACHUTE,60143.4,True,True,VTOL,0.8,MULTIROTOR,,,,0.0644
3736,INSPECTION,3.85,18.0,12.8,48.4,URBAN,VERTICAL,VERTICAL,61851.75,True,True,MULTIROTOR,0.8,VTOL,,,,0.0639
3737,MILITARY,3.52,23.9,7.6,23.7,URBAN,VERTICAL,VERTICAL,43442.93,True,True,MULTIROTOR,0.8,VTOL,,,,0.0614
3738,SURVEY,18.0,280.0,20.0,60.0,RURAL,VERTICAL,VERTICAL,,True,False,None,,None,,NO_VALID_VEHICLE,No feasible aircraft design solution: Combined heavy payload (18.0 kg) and ultra-long endurance (280.0 min) is physically unachievable.,0.0342
3739,DELIVERY,3.44,74.8,137.5,60.8,FOREST,VERTICAL,VERTICAL,40781.0,True,True,VTOL,0.95,MULTIROTOR,,,,0.0623
3740,MILITARY,1.22,87.2,93.2,82.2,RURAL,HAND_LAUNCH,PARACHUTE,36926.55,True,True,FIXED_WING,1.0,VTOL,,,,0.0642
3741,DELIVERY,0.25,9.7,2.2,38.4,INDOOR,VERTICAL,VERTICAL,78114.08,True,True,MULTIROTOR,0.8,None,,,,0.0637
3742,SURVEY,45.0,30.0,20.0,60.0,RURAL,VERTICAL,VERTICAL,,True,False,None,,None,High payload mass (45.0 kg) requires specialized heavy-lift structural airframe.,NO_VALID_VEHICLE,No feasible aircraft design solution: Payload requirement (45.0 kg) exceeds maximum studio envelope limit (35.0 kg).,0.0349
3743,SURVEY,2.0,30.0,20.0,350.0,RURAL,VERTICAL,VERTICAL,,True,False,None,,None,,NO_VALID_VEHICLE,No feasible aircraft design solution: Cruise speed requirement (350.0 km/h) exceeds platform dynamic limit (300.0 km/h).,0.0333
3744,CUSTOM,3.35,19.2,2.7,20.8,RURAL,VERTICAL,VERTICAL,74205.18,True,True,MULTIROTOR,0.8,VTOL,,,,0.0674
3745,DELIVERY,13.46,21.3,38.2,75.6,DESERT,RUNWAY,VERTICAL,55075.12,True,True,VTOL,0.8,MULTIROTOR,,,,0.0634
3746,MILITARY,0.76,39.0,10.3,47.6,URBAN,VERTICAL,VERTICAL,40377.47,True,True,MULTIROTOR,0.8,VTOL,,,,0.0614
3747,SURVEY,45.0,30.0,20.0,60.0,RURAL,VERTICAL,VERTICAL,,True,False,None,,None,High payload mass (45.0 kg) requires specialized heavy-lift structural airframe.,NO_VALID_VEHICLE,No feasible aircraft design solution: Payload requirement (45.0 kg) exceeds maximum studio envelope limit (35.0 kg).,0.0344
3748,DISASTER_RESPONSE,0.43,17.6,1.6,34.2,INDOOR,VERTICAL,VERTICAL,17271.49,True,True,MULTIROTOR,0.8,None,,,,0.0596
3749,AGRICULTURE,2.47,98.2,109.3,50.3,FOREST,HAND_LAUNCH,NET_RECOVERY,14989.29,True,True,FIXED_WING,1.0,VTOL,,,,0.0639
3750,SURVEY,3.0,30.0,20.0,0.0,RURAL,VERTICAL,VERTICAL,10000.0,False,False,None,,None,,INVALID_REQUIREMENTS,Cruise speed must be greater than 0 km/h. Provided: 0.0 km/h.,0.0075
3751,MILITARY,3.82,32.6,86.5,113.7,RURAL,VERTICAL,VERTICAL,55598.03,True,True,VTOL,0.95,MULTIROTOR,,,,0.0622
3752,DISASTER_RESPONSE,1.64,13.9,7.9,34.2,URBAN,VERTICAL,VERTICAL,35347.63,True,True,MULTIROTOR,0.8,VTOL,,,,0.0613
3753,AGRICULTURE,1.03,14.2,6.2,39.2,URBAN,VERTICAL,VERTICAL,36574.19,True,True,MULTIROTOR,0.8,VTOL,,,,0.0657
3754,DELIVERY,1.27,24.9,3.7,29.4,INDOOR,VERTICAL,VERTICAL,37199.7,True,True,MULTIROTOR,0.8,None,,,,0.058
3755,SURVEY,25.0,30.0,250.0,60.0,RURAL,VERTICAL,VERTICAL,,True,False,None,,None,,NO_VALID_VEHICLE,No feasible aircraft design solution: Combined heavy payload (25.0 kg) and extended range (250.0 km) exceeds structural MTOW limit.,0.0338
3756,RESEARCH,1.76,126.7,38.5,107.6,RURAL,CATAPULT,PARACHUTE,2197.73,True,True,FIXED_WING,1.0,VTOL,,,,0.0624
3757,TRAINING,1.72,93.9,98.0,50.6,FOREST,CATAPULT,BELLY_LANDING,2355.87,True,True,FIXED_WING,1.0,VTOL,,,,0.0625
3758,TRAINING,20.9,40.5,57.6,55.8,MOUNTAIN,VERTICAL,VERTICAL,14520.41,True,True,VTOL,0.95,MULTIROTOR,,,,0.0635
3759,SURVEY,2.0,30.0,500.0,60.0,RURAL,VERTICAL,VERTICAL,,True,False,None,,None,Extended range target (500.0 km) approaches maximum battery energy density threshold.,NO_VALID_VEHICLE,No feasible aircraft design solution: Range requirement (500.0 km) exceeds maximum studio envelope limit (450.0 km).,0.0346
3760,CUSTOM,3.17,84.5,79.0,102.0,FOREST,VERTICAL,VERTICAL,2894.99,True,True,VTOL,0.95,MULTIROTOR,,,,0.0621
3761,MILITARY,0.34,23.9,3.4,39.4,INDOOR,VERTICAL,VERTICAL,46981.09,True,True,MULTIROTOR,0.8,None,,,,0.0651
3762,CUSTOM,1.22,9.9,2.9,32.0,INDOOR,VERTICAL,VERTICAL,21174.21,True,True,MULTIROTOR,0.8,None,,,,0.0668
3763,SURVEY,3.0,-10.0,20.0,60.0,RURAL,VERTICAL,VERTICAL,10000.0,False,False,None,,None,,INVALID_REQUIREMENTS,Target flight time must be greater than 0 minutes. Provided: -10.0 min.,0.0082
3764,SURVEY,2.0,30.0,20.0,350.0,RURAL,VERTICAL,VERTICAL,,True,False,None,,None,,NO_VALID_VEHICLE,No feasible aircraft design solution: Cruise speed requirement (350.0 km/h) exceeds platform dynamic limit (300.0 km/h).,0.0368
3765,MAPPING,2.97,14.0,7.6,42.3,URBAN,VERTICAL,VERTICAL,15813.51,True,True,MULTIROTOR,0.8,VTOL,,,,0.2016
3766,INSPECTION,3.7,17.4,13.6,43.0,RURAL,VERTICAL,VERTICAL,12796.33,True,True,MULTIROTOR,0.8,VTOL,,,,0.107
3767,SURVEY,18.0,280.0,20.0,60.0,RURAL,VERTICAL,VERTICAL,,True,False,None,,None,,NO_VALID_VEHICLE,No feasible aircraft design solution: Combined heavy payload (18.0 kg) and ultra-long endurance (280.0 min) is physically unachievable.,0.0718
3768,DISASTER_RESPONSE,1.37,14.0,3.8,29.0,INDOOR,VERTICAL,VERTICAL,7100.77,True,True,MULTIROTOR,0.8,None,,,,0.1484
3769,SURVEY,2.0,30.0,20.0,350.0,RURAL,VERTICAL,VERTICAL,,True,False,None,,None,,NO_VALID_VEHICLE,No feasible aircraft design solution: Cruise speed requirement (350.0 km/h) exceeds platform dynamic limit (300.0 km/h).,0.1082
3770,DISASTER_RESPONSE,23.46,38.9,56.8,73.0,MOUNTAIN,RUNWAY,VERTICAL,58758.36,True,True,VTOL,0.8,MULTIROTOR,,,,0.3219
3771,TRAINING,1.29,20.4,3.8,12.6,INDOOR,VERTICAL,VERTICAL,15166.51,True,True,MULTIROTOR,0.8,None,,,,0.1119
3772,AGRICULTURE,0.66,5.3,4.1,37.1,INDOOR,VERTICAL,VERTICAL,59350.81,True,True,MULTIROTOR,0.8,None,,,,0.1453
3773,SECURITY,12.32,60.9,46.6,52.3,DESERT,RUNWAY,RUNWAY,32014.31,True,True,FIXED_WING,1.0,VTOL,,,,0.2205
3774,MAPPING,0.32,7.6,3.0,18.5,INDOOR,VERTICAL,VERTICAL,78245.71,True,True,MULTIROTOR,0.8,None,,,,0.2138
3775,RESEARCH,0.32,10.0,4.0,32.7,INDOOR,VERTICAL,VERTICAL,6552.34,True,True,MULTIROTOR,0.8,None,,,,0.3335
3776,SURVEY,2.0,30.0,500.0,60.0,RURAL,VERTICAL,VERTICAL,,True,False,None,,None,Extended range target (500.0 km) approaches maximum battery energy density threshold.,NO_VALID_VEHICLE,No feasible aircraft design solution: Range requirement (500.0 km) exceeds maximum studio envelope limit (450.0 km).,0.1153
3777,TRAINING,3.83,14.2,14.2,37.1,URBAN,VERTICAL,VERTICAL,66033.12,True,True,MULTIROTOR,0.8,VTOL,,,,0.186
3778,SECURITY,4.95,99.4,99.3,77.5,MARINE,VERTICAL,VERTICAL,77956.56,True,True,VTOL,0.95,MULTIROTOR,,,,0.1161
3779,INSPECTION,0.23,6.2,2.2,21.6,INDOOR,VERTICAL,VERTICAL,64293.62,True,True,MULTIROTOR,0.8,None,,,,0.0893
3780,SURVEY,1.31,18.3,9.5,29.4,URBAN,VERTICAL,VERTICAL,2642.21,True,True,MULTIROTOR,0.8,VTOL,,,,0.0896
3781,DELIVERY,0.26,17.8,3.2,14.8,INDOOR,VERTICAL,VERTICAL,38126.72,True,True,MULTIROTOR,0.8,None,,,,0.0798
3782,RESEARCH,2.81,68.7,49.7,87.4,MOUNTAIN,RUNWAY,BELLY_LANDING,36662.82,True,True,FIXED_WING,1.0,VTOL,,,,0.08
3783,INSPECTION,2.77,115.4,69.1,76.2,MARINE,VERTICAL,VERTICAL,47888.25,True,True,VTOL,0.95,MULTIROTOR,,,,0.0974
3784,TRAINING,12.54,49.2,79.0,82.7,RURAL,RUNWAY,RUNWAY,53988.57,True,True,FIXED_WING,1.0,VTOL,,,,0.0772
3785,SURVEY,45.0,30.0,20.0,60.0,RURAL,VERTICAL,VERTICAL,,True,False,None,,None,High payload mass (45.0 kg) requires specialized heavy-lift structural airframe.,NO_VALID_VEHICLE,No feasible aircraft design solution: Payload requirement (45.0 kg) exceeds maximum studio envelope limit (35.0 kg).,0.0435
3786,SURVEY,0.43,16.6,4.1,34.8,INDOOR,VERTICAL,VERTICAL,23355.07,True,True,MULTIROTOR,0.8,None,,,,0.0725
3787,MILITARY,1.55,76.2,42.7,96.5,MOUNTAIN,HAND_LAUNCH,PARACHUTE,2202.84,True,True,FIXED_WING,1.0,VTOL,,,,0.0769
3788,DISASTER_RESPONSE,2.68,19.6,13.6,41.6,URBAN,VERTICAL,VERTICAL,4754.74,True,True,MULTIROTOR,0.8,VTOL,,,,0.0803
3789,SURVEY,3.0,30.0,-5.0,60.0,RURAL,VERTICAL,VERTICAL,10000.0,False,False,None,,None,,INVALID_REQUIREMENTS,Target range must be greater than 0 km. Provided: -5.0 km.,0.0129
3790,SURVEY,2.0,500.0,20.0,60.0,RURAL,VERTICAL,VERTICAL,,True,False,None,,None,,NO_VALID_VEHICLE,No feasible aircraft design solution: Endurance requirement (500.0 min) exceeds battery/fuel energy storage density limit (450.0 min).,0.0423
3791,MAPPING,6.19,51.4,53.6,75.2,MARINE,VERTICAL,VERTICAL,64868.85,True,True,VTOL,0.95,MULTIROTOR,,,,0.0765
3792,DELIVERY,1.3,131.7,69.2,102.7,DESERT,RUNWAY,PARACHUTE,54027.3,True,True,FIXED_WING,1.0,VTOL,,,,0.0961
3793,TRAINING,3.03,90.0,118.6,60.0,RURAL,HAND_LAUNCH,BELLY_LANDING,60175.81,True,True,FIXED_WING,1.0,VTOL,,,,0.0784
3794,SECURITY,4.99,118.6,130.5,76.2,FOREST,VERTICAL,VERTICAL,79562.18,True,True,VTOL,0.95,MULTIROTOR,,,,0.0846
3795,SURVEY,3.0,30.0,20.0,60.0,RURAL,VERTICAL,VERTICAL,-100.0,False,False,None,,None,,INVALID_REQUIREMENTS,Financial budget must be greater than $0 if specified. Provided: $-100.0.,0.0103
3796,AGRICULTURE,2.38,52.0,59.8,74.1,DESERT,RUNWAY,RUNWAY,42481.24,True,True,FIXED_WING,1.0,VTOL,,,,0.091
3797,MAPPING,3.38,20.1,11.4,38.4,URBAN,VERTICAL,VERTICAL,63305.39,True,True,MULTIROTOR,0.8,VTOL,,,,0.0848
3798,SURVEY,5.51,86.1,57.7,101.3,MOUNTAIN,VERTICAL,VERTICAL,49700.79,True,True,VTOL,0.95,MULTIROTOR,,,,0.0818
3799,SURVEY,2.0,30.0,20.0,350.0,RURAL,VERTICAL,VERTICAL,,True,False,None,,None,,NO_VALID_VEHICLE,No feasible aircraft design solution: Cruise speed requirement (350.0 km/h) exceeds platform dynamic limit (300.0 km/h).,0.0438
3800,SURVEY,2.87,56.7,37.6,104.9,FOREST,HAND_LAUNCH,NET_RECOVERY,46678.32,True,True,FIXED_WING,1.0,VTOL,,,,0.079
3801,DELIVERY,2.49,18.0,12.7,44.3,RURAL,VERTICAL,VERTICAL,49854.66,True,True,MULTIROTOR,0.8,VTOL,,,,0.0787
3802,RESEARCH,1.7,22.6,7.3,27.7,URBAN,VERTICAL,VERTICAL,34581.12,True,True,MULTIROTOR,0.8,VTOL,,,,0.0876
3803,MAPPING,3.96,112.6,49.3,104.1,FOREST,VERTICAL,VERTICAL,66853.43,True,True,VTOL,0.95,MULTIROTOR,,,,0.0901
3804,CUSTOM,5.97,111.6,118.9,92.0,MOUNTAIN,VERTICAL,VERTICAL,15393.66,True,True,VTOL,0.95,MULTIROTOR,,,,0.0841
3805,MILITARY,4.16,46.8,87.6,87.8,MOUNTAIN,RUNWAY,PARACHUTE,46127.44,True,True,FIXED_WING,1.0,VTOL,,,,0.0868
3806,DISASTER_RESPONSE,14.76,39.8,26.0,69.6,RURAL,RUNWAY,RUNWAY,2105.94,True,True,FIXED_WING,0.85,VTOL,,,,0.0867
3807,DELIVERY,7.07,71.7,144.0,88.5,FOREST,VERTICAL,VERTICAL,26239.94,True,True,VTOL,0.95,MULTIROTOR,,,,0.0859
3808,DISASTER_RESPONSE,22.17,35.5,78.0,69.2,MOUNTAIN,VERTICAL,VERTICAL,56233.84,True,True,VTOL,0.95,MULTIROTOR,,,,0.0861
3809,DELIVERY,8.95,50.3,47.6,40.9,DESERT,VERTICAL,VERTICAL,41443.85,True,True,VTOL,0.95,MULTIROTOR,,,,0.0916
3810,SURVEY,3.0,30.0,-5.0,60.0,RURAL,VERTICAL,VERTICAL,10000.0,False,False,None,,None,,INVALID_REQUIREMENTS,Target range must be greater than 0 km. Provided: -5.0 km.,0.012
3811,SURVEY,3.0,-10.0,20.0,60.0,RURAL,VERTICAL,VERTICAL,10000.0,False,False,None,,None,,INVALID_REQUIREMENTS,Target flight time must be greater than 0 minutes. Provided: -10.0 min.,0.0112
3812,SURVEY,18.0,280.0,20.0,60.0,RURAL,VERTICAL,VERTICAL,,True,False,None,,None,,NO_VALID_VEHICLE,No feasible aircraft design solution: Combined heavy payload (18.0 kg) and ultra-long endurance (280.0 min) is physically unachievable.,0.0527
3813,SURVEY,25.0,30.0,250.0,60.0,RURAL,VERTICAL,VERTICAL,,True,False,None,,None,,NO_VALID_VEHICLE,No feasible aircraft design solution: Combined heavy payload (25.0 kg) and extended range (250.0 km) exceeds structural MTOW limit.,0.052
3814,RESEARCH,2.82,62.2,81.5,88.3,DESERT,RUNWAY,PARACHUTE,46761.92,True,True,FIXED_WING,1.0,VTOL,,,,0.1002
3815,MILITARY,4.31,117.0,147.8,87.3,FOREST,VERTICAL,VERTICAL,38986.31,True,True,VTOL,0.95,MULTIROTOR,,,,0.1754
3816,SURVEY,3.0,30.0,20.0,60.0,RURAL,VERTICAL,VERTICAL,-100.0,False,False,None,,None,,INVALID_REQUIREMENTS,Financial budget must be greater than $0 if specified. Provided: $-100.0.,0.0117
3817,TRAINING,3.62,61.3,41.5,70.0,DESERT,HAND_LAUNCH,RUNWAY,37973.98,True,True,FIXED_WING,1.0,VTOL,,,,0.0946
3818,CUSTOM,2.98,119.9,119.8,99.1,MARINE,VERTICAL,VERTICAL,40046.58,True,True,VTOL,0.95,MULTIROTOR,,,,0.101
3819,MILITARY,0.9,8.5,2.9,36.2,INDOOR,VERTICAL,VERTICAL,19124.85,True,True,MULTIROTOR,0.8,None,,,,0.0878
3820,RESEARCH,3.29,90.0,96.3,117.6,RURAL,VERTICAL,VERTICAL,43932.97,True,True,VTOL,0.95,MULTIROTOR,,,,0.0928
3821,MILITARY,13.82,71.6,18.1,70.9,DESERT,RUNWAY,VERTICAL,4908.35,True,True,VTOL,0.7,MULTIROTOR,,,,0.0968
3822,DELIVERY,0.61,27.8,14.3,25.9,URBAN,VERTICAL,VERTICAL,60745.06,True,True,MULTIROTOR,0.8,VTOL,,,,0.0984
3823,CUSTOM,13.6,70.9,78.4,81.6,RURAL,VERTICAL,RUNWAY,6276.97,True,True,VTOL,0.95,MULTIROTOR,,,,0.0949
3824,INSPECTION,4.81,118.9,94.0,82.9,DESERT,RUNWAY,NET_RECOVERY,72513.52,True,True,VTOL,0.8,MULTIROTOR,,,,0.2015
3825,MILITARY,0.79,30.9,5.6,45.4,RURAL,VERTICAL,VERTICAL,79843.02,True,True,MULTIROTOR,0.8,VTOL,,,,0.1417
3826,INSPECTION,1.27,8.3,3.6,20.5,INDOOR,VERTICAL,VERTICAL,77519.19,True,True,MULTIROTOR,0.8,None,,,,0.1052
3827,MILITARY,19.25,65.6,50.5,88.0,MOUNTAIN,VERTICAL,VERTICAL,5194.09,True,True,VTOL,0.95,MULTIROTOR,,,,0.1158
3828,CUSTOM,20.3,82.7,31.5,87.1,DESERT,RUNWAY,RUNWAY,66610.0,True,True,FIXED_WING,1.0,VTOL,,,,0.1117
3829,MILITARY,0.12,15.8,0.6,18.6,INDOOR,VERTICAL,VERTICAL,31891.3,True,True,MULTIROTOR,0.8,None,,,,0.1033
3830,SURVEY,0.0,30.0,20.0,60.0,RURAL,VERTICAL,VERTICAL,10000.0,False,False,None,,None,,INVALID_REQUIREMENTS,Payload weight must be greater than 0 kg. Provided: 0.0 kg.,0.0296
3831,CUSTOM,10.23,44.4,24.2,71.4,DESERT,VERTICAL,RUNWAY,7464.71,True,True,VTOL,0.7,MULTIROTOR,,,,0.109
3832,MAPPING,3.42,117.6,55.6,103.3,FOREST,CATAPULT,RUNWAY,56454.3,True,True,FIXED_WING,1.0,VTOL,,,,0.1136
3833,MAPPING,3.71,39.2,106.3,83.3,FOREST,VERTICAL,VERTICAL,18618.73,True,True,VTOL,0.95,MULTIROTOR,,,,0.1059
3834,RESEARCH,1.4,16.7,1.5,35.8,INDOOR,VERTICAL,VERTICAL,22153.94,True,True,MULTIROTOR,0.8,None,,,,0.1027
3835,SURVEY,18.0,280.0,20.0,60.0,RURAL,VERTICAL,VERTICAL,,True,False,None,,None,,NO_VALID_VEHICLE,No feasible aircraft design solution: Combined heavy payload (18.0 kg) and ultra-long endurance (280.0 min) is physically unachievable.,0.0606
3836,AGRICULTURE,1.12,140.5,89.7,54.6,DESERT,CATAPULT,NET_RECOVERY,66972.44,True,True,FIXED_WING,1.0,VTOL,,,,0.1059
3837,DELIVERY,3.71,29.9,11.7,24.4,URBAN,VERTICAL,VERTICAL,18587.92,True,True,MULTIROTOR,0.8,VTOL,,,,0.1118
3838,CUSTOM,4.73,74.2,46.9,104.4,MOUNTAIN,VERTICAL,VERTICAL,68436.93,True,True,VTOL,0.95,MULTIROTOR,,,,0.1187
3839,SURVEY,2.0,30.0,20.0,350.0,RURAL,VERTICAL,VERTICAL,,True,False,None,,None,,NO_VALID_VEHICLE,No feasible aircraft design solution: Cruise speed requirement (350.0 km/h) exceeds platform dynamic limit (300.0 km/h).,0.0577
3840,RESEARCH,0.31,11.3,4.1,20.1,INDOOR,VERTICAL,VERTICAL,30078.61,True,True,MULTIROTOR,0.8,None,,,,0.102
3841,SECURITY,2.58,103.9,127.2,71.6,FOREST,VERTICAL,VERTICAL,2501.32,True,True,VTOL,0.95,MULTIROTOR,,,,0.1149
3842,SURVEY,2.11,25.0,6.4,44.6,RURAL,VERTICAL,VERTICAL,34517.85,True,True,MULTIROTOR,0.8,VTOL,,,,0.1143
3843,MAPPING,16.9,71.8,54.9,42.3,DESERT,RUNWAY,VERTICAL,29661.13,True,True,VTOL,0.8,MULTIROTOR,,,,0.1119
3844,DELIVERY,2.35,80.4,59.8,61.0,MARINE,VERTICAL,VERTICAL,9265.21,True,True,VTOL,0.95,MULTIROTOR,,,,0.1153
3845,SURVEY,0.43,8.2,3.5,17.5,INDOOR,VERTICAL,VERTICAL,37367.85,True,True,MULTIROTOR,0.8,None,,,,0.1147
3846,AGRICULTURE,1.88,133.2,50.9,64.7,DESERT,RUNWAY,RUNWAY,33151.34,True,True,FIXED_WING,1.0,VTOL,,,,0.1247
3847,TRAINING,1.27,16.4,3.9,34.6,INDOOR,VERTICAL,VERTICAL,58483.72,True,True,MULTIROTOR,0.8,None,,,,0.1096
3848,INSPECTION,9.74,25.2,69.6,63.5,MOUNTAIN,VERTICAL,RUNWAY,5376.25,True,True,VTOL,0.95,MULTIROTOR,,,,0.1193
3849,SURVEY,0.76,22.7,4.2,29.2,INDOOR,VERTICAL,VERTICAL,28737.46,True,True,MULTIROTOR,0.8,None,,,,0.1107
3850,CUSTOM,20.56,89.7,36.1,42.2,MOUNTAIN,RUNWAY,VERTICAL,28937.23,True,True,VTOL,0.8,MULTIROTOR,,,,0.1292
3851,CUSTOM,2.09,116.5,137.9,68.1,FOREST,VERTICAL,VERTICAL,20832.37,True,True,VTOL,0.95,MULTIROTOR,,,,0.1265
3852,DISASTER_RESPONSE,23.69,26.1,54.3,56.4,DESERT,RUNWAY,RUNWAY,46657.77,True,True,FIXED_WING,1.0,VTOL,,,,0.1291
3853,INSPECTION,1.96,27.5,6.4,36.6,RURAL,VERTICAL,VERTICAL,17186.33,True,True,MULTIROTOR,0.8,VTOL,,,,0.127
3854,TRAINING,2.3,99.5,36.8,71.8,MARINE,VERTICAL,VERTICAL,69244.9,True,True,VTOL,0.95,MULTIROTOR,,,,0.1266
3855,INSPECTION,7.62,57.0,32.8,93.9,MOUNTAIN,VERTICAL,VERTICAL,70357.22,True,True,VTOL,0.95,MULTIROTOR,,,,0.1251
3856,CUSTOM,14.82,78.5,67.6,43.0,MOUNTAIN,RUNWAY,VERTICAL,41448.5,True,True,VTOL,0.8,MULTIROTOR,,,,0.1248
3857,DISASTER_RESPONSE,6.25,52.6,46.7,62.5,RURAL,VERTICAL,VERTICAL,38002.36,True,True,VTOL,0.95,MULTIROTOR,,,,0.1224
3858,SURVEY,0.0,30.0,20.0,60.0,RURAL,VERTICAL,VERTICAL,10000.0,False,False,None,,None,,INVALID_REQUIREMENTS,Payload weight must be greater than 0 kg. Provided: 0.0 kg.,0.0157
3859,TRAINING,0.82,5.8,3.3,20.2,INDOOR,VERTICAL,VERTICAL,40177.73,True,True,MULTIROTOR,0.8,None,,,,0.1113
3860,RESEARCH,1.05,18.6,4.4,20.9,INDOOR,VERTICAL,VERTICAL,14694.08,True,True,MULTIROTOR,0.8,None,,,,0.1129
3861,MAPPING,4.4,104.6,61.4,82.5,MOUNTAIN,RUNWAY,RUNWAY,65927.24,True,True,FIXED_WING,1.0,VTOL,,,,0.1165
3862,CUSTOM,2.75,101.6,68.1,94.3,DESERT,RUNWAY,BELLY_LANDING,20820.35,True,True,FIXED_WING,1.0,VTOL,,,,0.1125
3863,SURVEY,45.0,30.0,20.0,60.0,RURAL,VERTICAL,VERTICAL,,True,False,None,,None,High payload mass (45.0 kg) requires specialized heavy-lift structural airframe.,NO_VALID_VEHICLE,No feasible aircraft design solution: Payload requirement (45.0 kg) exceeds maximum studio envelope limit (35.0 kg).,0.0615
3864,DELIVERY,1.89,23.1,3.0,24.4,URBAN,VERTICAL,VERTICAL,21959.8,True,True,MULTIROTOR,0.8,VTOL,,,,0.1062
3865,AGRICULTURE,4.35,50.6,113.1,86.5,MARINE,VERTICAL,VERTICAL,45676.6,True,True,VTOL,0.95,MULTIROTOR,,,,0.1123
3866,TRAINING,2.4,48.7,74.7,64.6,RURAL,VERTICAL,VERTICAL,79995.05,True,True,VTOL,0.95,MULTIROTOR,,,,0.1131
3867,SURVEY,3.0,30.0,-5.0,60.0,RURAL,VERTICAL,VERTICAL,10000.0,False,False,None,,None,,INVALID_REQUIREMENTS,Target range must be greater than 0 km. Provided: -5.0 km.,0.0131
3868,SURVEY,3.0,-10.0,20.0,60.0,RURAL,VERTICAL,VERTICAL,10000.0,False,False,None,,None,,INVALID_REQUIREMENTS,Target flight time must be greater than 0 minutes. Provided: -10.0 min.,0.0117
3869,INSPECTION,2.35,19.6,6.3,40.1,URBAN,VERTICAL,VERTICAL,68529.92,True,True,MULTIROTOR,0.8,VTOL,,,,0.1239
3870,CUSTOM,3.81,81.2,106.5,54.4,MOUNTAIN,RUNWAY,BELLY_LANDING,37698.26,True,True,FIXED_WING,1.0,VTOL,,,,0.102
3871,CUSTOM,0.38,23.8,2.9,21.9,INDOOR,VERTICAL,VERTICAL,2825.51,True,True,MULTIROTOR,0.8,None,,,,0.0909
3872,CUSTOM,2.7,60.2,117.7,64.4,FOREST,VERTICAL,VERTICAL,78060.52,True,True,VTOL,0.95,MULTIROTOR,,,,0.095
3873,DELIVERY,1.24,22.3,2.5,14.4,INDOOR,VERTICAL,VERTICAL,51133.6,True,True,MULTIROTOR,0.8,None,,,,0.0859
3874,SURVEY,2.0,30.0,20.0,350.0,RURAL,VERTICAL,VERTICAL,,True,False,None,,None,,NO_VALID_VEHICLE,No feasible aircraft design solution: Cruise speed requirement (350.0 km/h) exceeds platform dynamic limit (300.0 km/h).,0.0503
3875,DISASTER_RESPONSE,1.17,5.7,2.2,39.7,INDOOR,VERTICAL,VERTICAL,54224.74,True,True,MULTIROTOR,0.8,None,,,,0.085
3876,DISASTER_RESPONSE,12.67,88.9,18.3,64.6,DESERT,VERTICAL,VERTICAL,52225.17,True,True,VTOL,0.7,MULTIROTOR,,,,0.0994
3877,SURVEY,3.34,61.8,76.6,109.6,DESERT,HAND_LAUNCH,RUNWAY,31721.58,True,True,FIXED_WING,1.0,VTOL,,,,0.0887
3878,TRAINING,4.43,84.0,84.9,87.7,MOUNTAIN,VERTICAL,VERTICAL,66344.75,True,True,VTOL,0.95,MULTIROTOR,,,,0.0894
3879,RESEARCH,4.53,61.9,140.6,106.9,FOREST,VERTICAL,VERTICAL,77863.87,True,True,VTOL,0.95,MULTIROTOR,,,,0.0888
3880,SURVEY,0.0,30.0,20.0,60.0,RURAL,VERTICAL,VERTICAL,10000.0,False,False,None,,None,,INVALID_REQUIREMENTS,Payload weight must be greater than 0 kg. Provided: 0.0 kg.,0.0108
3881,AGRICULTURE,0.6,18.2,1.5,26.1,INDOOR,VERTICAL,VERTICAL,15344.04,True,True,MULTIROTOR,0.8,None,,,,0.0802
3882,MILITARY,3.44,100.2,36.8,76.7,DESERT,RUNWAY,RUNWAY,77489.19,True,True,FIXED_WING,1.0,VTOL,,,,0.0827
3883,CUSTOM,7.39,76.1,47.4,71.8,MARINE,VERTICAL,VERTICAL,70601.23,True,True,VTOL,0.95,MULTIROTOR,,,,0.0829
3884,AGRICULTURE,1.15,24.7,1.4,21.4,INDOOR,VERTICAL,VERTICAL,69035.64,True,True,MULTIROTOR,0.8,None,,,,0.0788
3885,SURVEY,18.0,280.0,20.0,60.0,RURAL,VERTICAL,VERTICAL,,True,False,None,,None,,NO_VALID_VEHICLE,No feasible aircraft design solution: Combined heavy payload (18.0 kg) and ultra-long endurance (280.0 min) is physically unachievable.,0.0464
3886,AGRICULTURE,7.95,80.5,45.8,117.6,FOREST,VERTICAL,VERTICAL,72519.45,True,True,VTOL,0.95,MULTIROTOR,,,,0.0782
3887,TRAINING,13.72,30.6,24.6,65.4,MOUNTAIN,VERTICAL,VERTICAL,42354.99,True,True,VTOL,0.7,MULTIROTOR,,,,0.0773
3888,SECURITY,0.58,15.7,3.5,20.3,INDOOR,VERTICAL,VERTICAL,52538.39,True,True,MULTIROTOR,0.8,None,,,,0.0718
3889,SURVEY,3.0,-10.0,20.0,60.0,RURAL,VERTICAL,VERTICAL,10000.0,False,False,None,,None,,INVALID_REQUIREMENTS,Target flight time must be greater than 0 minutes. Provided: -10.0 min.,0.0096
3890,SECURITY,1.61,36.3,6.7,29.6,URBAN,VERTICAL,VERTICAL,64287.24,True,True,MULTIROTOR,0.8,VTOL,,,,0.078
3891,SECURITY,0.22,13.9,0.5,37.8,INDOOR,VERTICAL,VERTICAL,79552.58,True,True,MULTIROTOR,0.8,None,,,,0.0731
3892,TRAINING,17.85,58.7,17.8,40.1,RURAL,RUNWAY,RUNWAY,74890.69,True,True,FIXED_WING,0.85,VTOL,,,,0.0745
3893,DELIVERY,3.4,92.7,61.1,109.2,MOUNTAIN,RUNWAY,PARACHUTE,72828.55,True,True,FIXED_WING,1.0,VTOL,,,,0.0775
3894,TRAINING,4.08,69.0,134.9,64.2,MOUNTAIN,VERTICAL,VERTICAL,4133.8,True,True,VTOL,0.95,MULTIROTOR,,,,0.0729
3895,TRAINING,4.68,106.1,51.9,105.0,RURAL,VERTICAL,VERTICAL,66578.84,True,True,VTOL,0.95,MULTIROTOR,,,,0.0698
3896,AGRICULTURE,12.07,87.1,62.3,45.6,DESERT,VERTICAL,RUNWAY,60039.91,True,True,VTOL,0.95,MULTIROTOR,,,,0.0681
3897,AGRICULTURE,22.83,41.6,55.9,75.7,RURAL,RUNWAY,VERTICAL,70527.04,True,True,VTOL,0.8,MULTIROTOR,,,,0.0677
3898,INSPECTION,4.25,56.4,40.2,88.4,RURAL,HAND_LAUNCH,BELLY_LANDING,55831.31,True,True,VTOL,0.8,MULTIROTOR,,,,0.0657
3899,MILITARY,4.73,79.4,116.8,117.4,MOUNTAIN,VERTICAL,VERTICAL,43776.57,True,True,VTOL,0.95,MULTIROTOR,,,,0.0707
3900,SURVEY,6.71,75.9,78.4,97.1,FOREST,VERTICAL,VERTICAL,75093.51,True,True,VTOL,0.95,MULTIROTOR,,,,0.0665
3901,CUSTOM,8.96,59.9,74.3,83.0,DESERT,RUNWAY,RUNWAY,3531.95,True,True,FIXED_WING,1.0,VTOL,,,,0.0667
3902,SECURITY,17.19,66.8,42.0,57.9,RURAL,RUNWAY,VERTICAL,65117.18,True,True,VTOL,0.8,MULTIROTOR,,,,0.0634
3903,SECURITY,20.04,31.5,47.3,60.4,RURAL,RUNWAY,RUNWAY,53052.26,True,True,FIXED_WING,1.0,VTOL,,,,0.0627
3904,DELIVERY,4.13,74.9,100.6,62.9,RURAL,VERTICAL,VERTICAL,10101.8,True,True,VTOL,0.95,MULTIROTOR,,,,0.0622
3905,RESEARCH,11.39,28.8,40.4,68.5,MOUNTAIN,RUNWAY,VERTICAL,59071.67,True,True,VTOL,0.8,MULTIROTOR,,,,0.064
3906,CUSTOM,11.82,46.5,63.7,45.4,RURAL,RUNWAY,VERTICAL,35509.84,True,True,VTOL,0.8,MULTIROTOR,,,,0.0676
3907,SURVEY,2.0,30.0,500.0,60.0,RURAL,VERTICAL,VERTICAL,,True,False,None,,None,Extended range target (500.0 km) approaches maximum battery energy density threshold.,NO_VALID_VEHICLE,No feasible aircraft design solution: Range requirement (500.0 km) exceeds maximum studio envelope limit (450.0 km).,0.1626
3908,SURVEY,18.0,280.0,20.0,60.0,RURAL,VERTICAL,VERTICAL,,True,False,None,,None,,NO_VALID_VEHICLE,No feasible aircraft design solution: Combined heavy payload (18.0 kg) and ultra-long endurance (280.0 min) is physically unachievable.,0.1072
3909,SURVEY,45.0,30.0,20.0,60.0,RURAL,VERTICAL,VERTICAL,,True,False,None,,None,High payload mass (45.0 kg) requires specialized heavy-lift structural airframe.,NO_VALID_VEHICLE,No feasible aircraft design solution: Payload requirement (45.0 kg) exceeds maximum studio envelope limit (35.0 kg).,0.1064
3910,INSPECTION,17.03,36.0,12.0,75.7,RURAL,VERTICAL,VERTICAL,18559.77,True,True,MULTIROTOR,0.7,VTOL,,,,0.1756
3911,DISASTER_RESPONSE,18.69,83.3,20.0,42.7,MOUNTAIN,RUNWAY,VERTICAL,64954.64,True,True,VTOL,0.7,MULTIROTOR,,,,0.3351
3912,DELIVERY,2.05,106.6,136.7,107.6,RURAL,VERTICAL,VERTICAL,40242.48,True,True,VTOL,0.95,MULTIROTOR,,,,0.1999
3913,SECURITY,1.38,19.2,5.0,27.2,INDOOR,VERTICAL,VERTICAL,68271.21,True,True,MULTIROTOR,0.8,None,,,,0.1797
3914,CUSTOM,1.57,37.0,5.2,22.0,URBAN,VERTICAL,VERTICAL,4104.72,True,True,MULTIROTOR,0.8,VTOL,,,,0.1883
3915,DELIVERY,6.8,70.6,43.4,60.1,RURAL,VERTICAL,VERTICAL,18965.09,True,True,VTOL,0.95,MULTIROTOR,,,,0.2002
3916,RESEARCH,9.09,74.1,68.2,71.4,RURAL,VERTICAL,RUNWAY,61680.06,True,True,VTOL,0.95,MULTIROTOR,,,,0.2319
3917,DISASTER_RESPONSE,4.66,43.4,149.0,64.5,FOREST,VERTICAL,VERTICAL,34318.06,True,True,VTOL,0.95,MULTIROTOR,,,,0.1973
3918,MILITARY,1.29,92.2,57.5,70.2,DESERT,CATAPULT,BELLY_LANDING,12735.56,True,True,FIXED_WING,1.0,VTOL,,,,0.2223
3919,AGRICULTURE,1.76,18.8,11.0,20.1,URBAN,VERTICAL,VERTICAL,17933.84,True,True,MULTIROTOR,0.8,VTOL,,,,0.1014
3920,INSPECTION,4.75,104.5,115.1,92.4,FOREST,HAND_LAUNCH,RUNWAY,63010.93,True,True,VTOL,0.8,MULTIROTOR,,,,0.1716
3921,SURVEY,18.0,280.0,20.0,60.0,RURAL,VERTICAL,VERTICAL,,True,False,None,,None,,NO_VALID_VEHICLE,No feasible aircraft design solution: Combined heavy payload (18.0 kg) and ultra-long endurance (280.0 min) is physically unachievable.,0.0466
3922,SECURITY,12.69,62.0,67.3,62.1,MOUNTAIN,RUNWAY,VERTICAL,6562.99,True,True,VTOL,0.8,MULTIROTOR,,,,0.0924
3923,SURVEY,0.91,13.8,3.7,37.7,INDOOR,VERTICAL,VERTICAL,56915.18,True,True,MULTIROTOR,0.8,None,,,,0.0672
3924,AGRICULTURE,0.86,22.1,2.5,22.9,INDOOR,VERTICAL,VERTICAL,4754.08,True,True,MULTIROTOR,0.8,None,,,,0.0899
3925,SECURITY,3.56,95.3,79.4,72.7,FOREST,CATAPULT,BELLY_LANDING,40580.78,True,True,FIXED_WING,1.0,VTOL,,,,0.0733
3926,DELIVERY,1.85,138.8,78.0,72.8,RURAL,RUNWAY,BELLY_LANDING,78649.53,True,True,FIXED_WING,1.0,VTOL,,,,0.0667
3927,AGRICULTURE,14.3,31.5,38.2,49.7,MOUNTAIN,VERTICAL,VERTICAL,68386.37,True,True,VTOL,0.95,MULTIROTOR,,,,0.0785
3928,SURVEY,3.0,-10.0,20.0,60.0,RURAL,VERTICAL,VERTICAL,10000.0,False,False,None,,None,,INVALID_REQUIREMENTS,Target flight time must be greater than 0 minutes. Provided: -10.0 min.,0.0127
3929,MAPPING,10.0,21.6,28.0,42.6,DESERT,RUNWAY,RUNWAY,20282.19,True,True,FIXED_WING,0.85,VTOL,,,,0.076
3930,RESEARCH,15.67,30.3,67.7,58.1,DESERT,VERTICAL,RUNWAY,42429.1,True,True,VTOL,0.95,MULTIROTOR,,,,0.0731
3931,RESEARCH,4.31,37.2,60.9,67.8,MOUNTAIN,VERTICAL,VERTICAL,74969.42,True,True,VTOL,0.95,MULTIROTOR,,,,0.0664
3932,SURVEY,2.0,30.0,500.0,60.0,RURAL,VERTICAL,VERTICAL,,True,False,None,,None,Extended range target (500.0 km) approaches maximum battery energy density threshold.,NO_VALID_VEHICLE,No feasible aircraft design solution: Range requirement (500.0 km) exceeds maximum studio envelope limit (450.0 km).,0.0382
3933,TRAINING,0.32,10.4,1.9,22.9,INDOOR,VERTICAL,VERTICAL,49587.9,True,True,MULTIROTOR,0.8,None,,,,0.0637
3934,RESEARCH,7.06,51.9,62.8,118.3,RURAL,VERTICAL,VERTICAL,26177.47,True,True,VTOL,0.95,MULTIROTOR,,,,0.0721
3935,AGRICULTURE,0.31,12.6,5.0,27.4,INDOOR,VERTICAL,VERTICAL,68647.39,True,True,MULTIROTOR,0.8,None,,,,0.0695
3936,SURVEY,25.0,30.0,250.0,60.0,RURAL,VERTICAL,VERTICAL,,True,False,None,,None,,NO_VALID_VEHICLE,No feasible aircraft design solution: Combined heavy payload (25.0 kg) and extended range (250.0 km) exceeds structural MTOW limit.,0.0446
3937,DISASTER_RESPONSE,4.54,84.8,43.9,68.6,DESERT,CATAPULT,RUNWAY,72363.17,True,True,FIXED_WING,1.0,VTOL,,,,0.0929
3938,MAPPING,0.86,14.1,3.4,28.5,INDOOR,VERTICAL,VERTICAL,2292.39,True,True,MULTIROTOR,0.8,None,,,,0.0868
3939,SECURITY,3.52,32.6,11.4,38.1,URBAN,VERTICAL,VERTICAL,8725.61,True,True,MULTIROTOR,0.8,VTOL,,,,0.0669
3940,DELIVERY,4.7,90.2,91.1,113.6,MOUNTAIN,VERTICAL,VERTICAL,59745.32,True,True,VTOL,0.95,MULTIROTOR,,,,0.073
3941,CUSTOM,0.59,16.4,4.9,44.0,URBAN,VERTICAL,VERTICAL,50646.23,True,True,MULTIROTOR,0.8,VTOL,,,,0.0697
3942,MAPPING,7.16,76.8,35.8,83.1,MOUNTAIN,VERTICAL,VERTICAL,30294.19,True,True,VTOL,0.95,MULTIROTOR,,,,0.0712
3943,SURVEY,5.0,30.0,20.0,60.0,RURAL,VERTICAL,VERTICAL,10000.0,False,False,None,,None,,INVALID_REQUIREMENTS,Maximum takeoff weight limit (3.0 kg) must be greater than payload weight (5.0 kg).,0.0099
3944,SURVEY,25.0,30.0,250.0,60.0,RURAL,VERTICAL,VERTICAL,,True,False,None,,None,,NO_VALID_VEHICLE,No feasible aircraft design solution: Combined heavy payload (25.0 kg) and extended range (250.0 km) exceeds structural MTOW limit.,0.0423
3945,RESEARCH,1.78,35.0,6.1,48.6,URBAN,VERTICAL,VERTICAL,56266.45,True,True,MULTIROTOR,0.8,VTOL,,,,0.0817
3946,INSPECTION,7.52,114.7,147.1,103.3,MARINE,VERTICAL,VERTICAL,12719.76,True,True,VTOL,0.95,MULTIROTOR,,,,0.0781
3947,DISASTER_RESPONSE,4.94,106.9,82.4,82.6,RURAL,VERTICAL,VERTICAL,32059.59,True,True,VTOL,0.95,MULTIROTOR,,,,0.0759
3948,SECURITY,2.56,72.6,80.0,105.5,RURAL,RUNWAY,PARACHUTE,22464.32,True,True,FIXED_WING,1.0,VTOL,,,,0.0788
3949,RESEARCH,1.27,108.1,108.5,85.9,FOREST,CATAPULT,NET_RECOVERY,78490.75,True,True,FIXED_WING,1.0,VTOL,,,,0.0827
3950,SURVEY,3.14,131.1,31.5,89.4,RURAL,HAND_LAUNCH,RUNWAY,65911.26,True,True,FIXED_WING,1.0,VTOL,,,,0.0684
3951,SURVEY,7.19,104.1,38.9,68.4,FOREST,VERTICAL,VERTICAL,44918.35,True,True,VTOL,0.95,MULTIROTOR,,,,0.0634
3952,INSPECTION,1.94,16.4,12.8,26.7,RURAL,VERTICAL,VERTICAL,29919.53,True,True,MULTIROTOR,0.8,VTOL,,,,0.0633
3953,MILITARY,4.98,72.7,67.9,106.4,DESERT,CATAPULT,NET_RECOVERY,53574.42,True,True,FIXED_WING,1.0,VTOL,,,,0.0639
3954,MILITARY,3.58,41.4,32.8,61.3,FOREST,VERTICAL,VERTICAL,61469.77,True,True,VTOL,0.95,MULTIROTOR,,,,0.0627
3955,DISASTER_RESPONSE,2.56,146.0,42.4,95.1,FOREST,HAND_LAUNCH,BELLY_LANDING,20927.52,True,True,FIXED_WING,1.0,VTOL,,,,0.0675
3956,RESEARCH,3.63,15.0,3.3,40.3,RURAL,VERTICAL,VERTICAL,18144.97,True,True,MULTIROTOR,0.8,VTOL,,,,0.0649
3957,SURVEY,18.0,280.0,20.0,60.0,RURAL,VERTICAL,VERTICAL,,True,False,None,,None,,NO_VALID_VEHICLE,No feasible aircraft design solution: Combined heavy payload (18.0 kg) and ultra-long endurance (280.0 min) is physically unachievable.,0.0387
3958,SURVEY,25.0,30.0,250.0,60.0,RURAL,VERTICAL,VERTICAL,,True,False,None,,None,,NO_VALID_VEHICLE,No feasible aircraft design solution: Combined heavy payload (25.0 kg) and extended range (250.0 km) exceeds structural MTOW limit.,0.0369
3959,DISASTER_RESPONSE,2.61,83.8,52.8,104.3,DESERT,RUNWAY,BELLY_LANDING,30225.7,True,True,FIXED_WING,1.0,VTOL,,,,0.0655
3960,AGRICULTURE,2.23,99.7,133.4,110.2,MARINE,VERTICAL,VERTICAL,26792.36,True,True,VTOL,0.95,MULTIROTOR,,,,0.064
3961,SURVEY,2.0,30.0,20.0,350.0,RURAL,VERTICAL,VERTICAL,,True,False,None,,None,,NO_VALID_VEHICLE,No feasible aircraft design solution: Cruise speed requirement (350.0 km/h) exceeds platform dynamic limit (300.0 km/h).,0.0379
3962,SURVEY,2.0,30.0,500.0,60.0,RURAL,VERTICAL,VERTICAL,,True,False,None,,None,Extended range target (500.0 km) approaches maximum battery energy density threshold.,NO_VALID_VEHICLE,No feasible aircraft design solution: Range requirement (500.0 km) exceeds maximum studio envelope limit (450.0 km).,0.0542
3963,TRAINING,0.16,5.5,3.3,33.7,INDOOR,VERTICAL,VERTICAL,51634.79,True,True,MULTIROTOR,0.8,None,,,,0.0651
3964,INSPECTION,2.25,23.4,2.2,23.5,RURAL,VERTICAL,VERTICAL,67877.45,True,True,MULTIROTOR,0.8,VTOL,,,,0.1112
3965,MILITARY,2.98,17.8,11.5,44.0,RURAL,VERTICAL,VERTICAL,42112.22,True,True,MULTIROTOR,0.8,VTOL,,,,0.0769
3966,INSPECTION,1.03,10.1,0.9,16.3,INDOOR,VERTICAL,VERTICAL,27642.94,True,True,MULTIROTOR,0.8,None,,,,0.0588
3967,INSPECTION,1.11,23.8,2.5,36.9,INDOOR,VERTICAL,VERTICAL,78490.02,True,True,MULTIROTOR,0.8,None,,,,0.0585
3968,SURVEY,18.0,280.0,20.0,60.0,RURAL,VERTICAL,VERTICAL,,True,False,None,,None,,NO_VALID_VEHICLE,No feasible aircraft design solution: Combined heavy payload (18.0 kg) and ultra-long endurance (280.0 min) is physically unachievable.,0.0345
3969,SECURITY,1.4,92.3,30.1,91.9,FOREST,RUNWAY,BELLY_LANDING,65165.32,True,True,FIXED_WING,1.0,VTOL,,,,0.0656
3970,SURVEY,45.0,30.0,20.0,60.0,RURAL,VERTICAL,VERTICAL,,True,False,None,,None,High payload mass (45.0 kg) requires specialized heavy-lift structural airframe.,NO_VALID_VEHICLE,No feasible aircraft design solution: Payload requirement (45.0 kg) exceeds maximum studio envelope limit (35.0 kg).,0.0352
3971,SECURITY,23.18,72.5,36.7,83.1,DESERT,RUNWAY,RUNWAY,30680.83,True,True,FIXED_WING,1.0,VTOL,,,,0.0633
3972,SECURITY,4.79,47.3,50.9,79.2,RURAL,CATAPULT,BELLY_LANDING,78036.04,True,True,FIXED_WING,1.0,VTOL,,,,0.0689
3973,SURVEY,5.32,76.4,78.0,100.1,MARINE,VERTICAL,VERTICAL,68455.21,True,True,VTOL,0.95,MULTIROTOR,,,,0.0744
3974,SECURITY,3.27,53.6,97.3,64.1,DESERT,CATAPULT,RUNWAY,65154.71,True,True,FIXED_WING,1.0,VTOL,,,,0.069
3975,SURVEY,4.54,77.0,91.9,78.7,RURAL,VERTICAL,VERTICAL,42266.75,True,True,VTOL,0.95,MULTIROTOR,,,,0.0681
3976,SECURITY,4.17,123.8,69.9,81.8,MOUNTAIN,RUNWAY,NET_RECOVERY,18494.43,True,True,FIXED_WING,1.0,VTOL,,,,0.073
3977,MAPPING,0.66,20.0,2.5,14.5,INDOOR,VERTICAL,VERTICAL,19386.17,True,True,MULTIROTOR,0.8,None,,,,0.0687
3978,DISASTER_RESPONSE,4.83,87.2,77.9,93.7,FOREST,HAND_LAUNCH,RUNWAY,52195.71,True,True,FIXED_WING,1.0,VTOL,,,,0.0677
3979,CUSTOM,15.72,59.9,45.0,42.0,MOUNTAIN,VERTICAL,RUNWAY,54510.47,True,True,VTOL,0.95,MULTIROTOR,,,,0.0698
3980,MILITARY,3.73,99.8,91.2,79.7,FOREST,VERTICAL,VERTICAL,6745.2,True,True,VTOL,0.95,MULTIROTOR,,,,0.0622
3981,CUSTOM,0.9,39.8,3.7,20.2,URBAN,VERTICAL,VERTICAL,5421.55,True,True,MULTIROTOR,0.8,VTOL,,,,0.0613
3982,MAPPING,4.31,78.7,91.3,95.4,FOREST,VERTICAL,VERTICAL,45724.48,True,True,VTOL,0.95,MULTIROTOR,,,,0.0625
3983,TRAINING,7.43,68.5,34.0,101.7,RURAL,VERTICAL,VERTICAL,18560.12,True,True,VTOL,0.95,MULTIROTOR,,,,0.0623
3984,MAPPING,12.55,54.5,56.2,76.2,MOUNTAIN,VERTICAL,RUNWAY,35298.15,True,True,VTOL,0.95,MULTIROTOR,,,,0.0681
3985,SURVEY,25.0,30.0,250.0,60.0,RURAL,VERTICAL,VERTICAL,,True,False,None,,None,,NO_VALID_VEHICLE,No feasible aircraft design solution: Combined heavy payload (25.0 kg) and extended range (250.0 km) exceeds structural MTOW limit.,0.0353
3986,DELIVERY,21.47,67.2,29.9,86.4,DESERT,VERTICAL,RUNWAY,13220.15,True,True,VTOL,0.8,MULTIROTOR,,,,0.0661
3987,AGRICULTURE,1.25,22.7,4.2,26.5,URBAN,VERTICAL,VERTICAL,61075.12,True,True,MULTIROTOR,0.8,VTOL,,,,0.0658
3988,MAPPING,5.7,54.2,140.4,71.0,MARINE,VERTICAL,VERTICAL,47730.74,True,True,VTOL,0.95,MULTIROTOR,,,,0.065
3989,AGRICULTURE,0.22,6.5,4.8,12.0,INDOOR,VERTICAL,VERTICAL,56297.99,True,True,MULTIROTOR,0.8,None,,,,0.066
3990,SURVEY,3.0,30.0,20.0,0.0,RURAL,VERTICAL,VERTICAL,10000.0,False,False,None,,None,,INVALID_REQUIREMENTS,Cruise speed must be greater than 0 km/h. Provided: 0.0 km/h.,0.0091
3991,INSPECTION,1.0,5.9,1.3,11.8,INDOOR,VERTICAL,VERTICAL,18692.6,True,True,MULTIROTOR,0.8,None,,,,0.063
3992,RESEARCH,14.42,85.6,36.1,74.7,MOUNTAIN,RUNWAY,RUNWAY,4864.04,True,True,FIXED_WING,1.0,VTOL,,,,0.0631
3993,SURVEY,2.0,500.0,20.0,60.0,RURAL,VERTICAL,VERTICAL,,True,False,None,,None,,NO_VALID_VEHICLE,No feasible aircraft design solution: Endurance requirement (500.0 min) exceeds battery/fuel energy storage density limit (450.0 min).,0.0345
3994,SECURITY,5.69,85.1,122.8,67.5,MOUNTAIN,VERTICAL,VERTICAL,5791.17,True,True,VTOL,0.95,MULTIROTOR,,,,0.0625
3995,SURVEY,45.0,30.0,20.0,60.0,RURAL,VERTICAL,VERTICAL,,True,False,None,,None,High payload mass (45.0 kg) requires specialized heavy-lift structural airframe.,NO_VALID_VEHICLE,No feasible aircraft design solution: Payload requirement (45.0 kg) exceeds maximum studio envelope limit (35.0 kg).,0.0343
3996,MAPPING,1.16,136.3,98.9,97.9,DESERT,HAND_LAUNCH,RUNWAY,77488.68,True,True,FIXED_WING,1.0,VTOL,,,,0.068
3997,INSPECTION,3.35,26.5,2.6,36.2,URBAN,VERTICAL,VERTICAL,3438.7,True,True,MULTIROTOR,0.8,VTOL,,,,0.064
3998,CUSTOM,17.88,81.6,21.0,60.2,DESERT,VERTICAL,VERTICAL,9791.71,True,True,VTOL,0.7,MULTIROTOR,,,,0.0635
3999,SECURITY,6.95,51.7,91.5,80.4,RURAL,VERTICAL,VERTICAL,70233.79,True,True,VTOL,0.95,MULTIROTOR,,,,0.0623
4000,CUSTOM,0.31,15.9,0.8,32.2,INDOOR,VERTICAL,VERTICAL,49517.45,True,True,MULTIROTOR,0.8,None,,,,0.0581
4001,SECURITY,13.69,62.9,62.8,58.4,DESERT,RUNWAY,VERTICAL,53002.22,True,True,VTOL,0.8,MULTIROTOR,,,,0.0638
4002,MILITARY,2.61,144.9,56.4,51.8,MOUNTAIN,HAND_LAUNCH,RUNWAY,73058.38,True,True,FIXED_WING,1.0,VTOL,,,,0.0641
4003,CUSTOM,6.25,100.5,111.3,88.3,MOUNTAIN,VERTICAL,VERTICAL,72270.25,True,True,VTOL,0.95,MULTIROTOR,,,,0.0637
4004,INSPECTION,2.57,134.2,41.2,95.8,RURAL,HAND_LAUNCH,PARACHUTE,35603.68,True,True,VTOL,0.8,MULTIROTOR,,,,0.0687
4005,SURVEY,18.0,280.0,20.0,60.0,RURAL,VERTICAL,VERTICAL,,True,False,None,,None,,NO_VALID_VEHICLE,No feasible aircraft design solution: Combined heavy payload (18.0 kg) and ultra-long endurance (280.0 min) is physically unachievable.,0.0356
4006,SURVEY,45.0,30.0,20.0,60.0,RURAL,VERTICAL,VERTICAL,,True,False,None,,None,High payload mass (45.0 kg) requires specialized heavy-lift structural airframe.,NO_VALID_VEHICLE,No feasible aircraft design solution: Payload requirement (45.0 kg) exceeds maximum studio envelope limit (35.0 kg).,0.0332
4007,AGRICULTURE,2.01,59.4,129.1,115.2,MARINE,VERTICAL,VERTICAL,43683.55,True,True,VTOL,0.95,MULTIROTOR,,,,0.0733
4008,SURVEY,19.72,68.5,49.3,73.8,MOUNTAIN,VERTICAL,RUNWAY,79464.0,True,True,VTOL,0.95,MULTIROTOR,,,,0.0678
4009,AGRICULTURE,3.37,105.8,99.8,98.7,MOUNTAIN,RUNWAY,PARACHUTE,58044.17,True,True,FIXED_WING,1.0,VTOL,,,,0.0629
4010,DELIVERY,0.79,24.7,1.6,12.2,INDOOR,VERTICAL,VERTICAL,19830.97,True,True,MULTIROTOR,0.8,None,,,,0.0595
4011,MAPPING,0.88,31.9,7.9,21.5,RURAL,VERTICAL,VERTICAL,9203.67,True,True,MULTIROTOR,0.8,VTOL,,,,0.0666
4012,SURVEY,3.0,30.0,20.0,0.0,RURAL,VERTICAL,VERTICAL,10000.0,False,False,None,,None,,INVALID_REQUIREMENTS,Cruise speed must be greater than 0 km/h. Provided: 0.0 km/h.,0.0083
4013,INSPECTION,13.49,59.8,10.8,75.1,RURAL,RUNWAY,RUNWAY,65663.27,True,True,VTOL,0.5,MULTIROTOR,,,,0.0885
4014,TRAINING,7.96,95.4,36.5,110.4,MARINE,VERTICAL,VERTICAL,73026.62,True,True,VTOL,0.95,MULTIROTOR,,,,0.0701
4015,DISASTER_RESPONSE,7.09,51.2,32.5,86.3,MOUNTAIN,VERTICAL,VERTICAL,7372.73,True,True,VTOL,0.95,MULTIROTOR,,,,0.0751
4016,SURVEY,4.96,138.2,31.5,93.2,DESERT,CATAPULT,BELLY_LANDING,4053.44,True,True,FIXED_WING,1.0,VTOL,,,,0.0636
4017,AGRICULTURE,0.67,6.8,2.7,39.6,INDOOR,VERTICAL,VERTICAL,50387.46,True,True,MULTIROTOR,0.8,None,,,,0.0586
4018,DELIVERY,1.05,16.3,2.8,39.0,INDOOR,VERTICAL,VERTICAL,14338.06,True,True,MULTIROTOR,0.8,None,,,,0.0587
4019,SURVEY,2.0,30.0,500.0,60.0,RURAL,VERTICAL,VERTICAL,,True,False,None,,None,Extended range target (500.0 km) approaches maximum battery energy density threshold.,NO_VALID_VEHICLE,No feasible aircraft design solution: Range requirement (500.0 km) exceeds maximum studio envelope limit (450.0 km).,0.0371
4020,TRAINING,16.94,79.2,55.3,77.6,RURAL,RUNWAY,RUNWAY,23501.52,True,True,FIXED_WING,1.0,VTOL,,,,0.0623
4021,AGRICULTURE,5.86,89.8,78.8,65.2,MOUNTAIN,VERTICAL,VERTICAL,18967.48,True,True,VTOL,0.95,MULTIROTOR,,,,0.0629
4022,SURVEY,21.63,44.0,16.8,67.0,DESERT,VERTICAL,RUNWAY,77698.41,True,True,VTOL,0.7,MULTIROTOR,,,,0.0627
4023,MILITARY,1.74,14.3,5.6,22.9,URBAN,VERTICAL,VERTICAL,17338.6,True,True,MULTIROTOR,0.8,VTOL,,,,0.0641
4024,CUSTOM,23.98,83.1,39.0,72.6,MOUNTAIN,VERTICAL,RUNWAY,77571.98,True,True,VTOL,0.95,MULTIROTOR,,,,0.0631
4025,TRAINING,15.4,49.7,52.7,86.9,RURAL,VERTICAL,RUNWAY,40649.29,True,True,VTOL,0.95,MULTIROTOR,,,,0.0652
4026,SURVEY,1.57,22.3,12.5,33.9,RURAL,VERTICAL,VERTICAL,39843.15,True,True,MULTIROTOR,0.8,VTOL,,,,0.0786
4027,TRAINING,23.13,63.7,67.8,55.7,DESERT,RUNWAY,VERTICAL,46489.3,True,True,VTOL,0.8,MULTIROTOR,,,,0.064
4028,SURVEY,5.0,30.0,20.0,60.0,RURAL,VERTICAL,VERTICAL,10000.0,False,False,None,,None,,INVALID_REQUIREMENTS,Maximum takeoff weight limit (3.0 kg) must be greater than payload weight (5.0 kg).,0.0085
4029,MAPPING,4.71,107.4,74.4,106.6,FOREST,HAND_LAUNCH,RUNWAY,53838.35,True,True,FIXED_WING,1.0,VTOL,,,,0.063
4030,DELIVERY,0.56,16.5,3.3,21.2,INDOOR,VERTICAL,VERTICAL,38186.62,True,True,MULTIROTOR,0.8,None,,,,0.0638
4031,DELIVERY,2.98,20.0,8.5,38.1,RURAL,VERTICAL,VERTICAL,16628.65,True,True,MULTIROTOR,0.8,VTOL,,,,0.0614
4032,SURVEY,25.0,30.0,250.0,60.0,RURAL,VERTICAL,VERTICAL,,True,False,None,,None,,NO_VALID_VEHICLE,No feasible aircraft design solution: Combined heavy payload (25.0 kg) and extended range (250.0 km) exceeds structural MTOW limit.,0.0342
4033,DELIVERY,1.33,8.2,4.3,34.4,INDOOR,VERTICAL,VERTICAL,37605.7,True,True,MULTIROTOR,0.8,None,,,,0.0579
4034,SURVEY,0.78,11.1,12.1,25.0,URBAN,VERTICAL,VERTICAL,43514.65,True,True,MULTIROTOR,0.8,VTOL,,,,0.0611
4035,TRAINING,4.54,81.2,93.6,50.5,DESERT,RUNWAY,PARACHUTE,14891.05,True,True,FIXED_WING,1.0,VTOL,,,,0.0626
4036,INSPECTION,0.74,12.9,7.9,20.8,URBAN,VERTICAL,VERTICAL,4444.57,True,True,MULTIROTOR,0.8,VTOL,,,,0.0618
4037,INSPECTION,22.3,77.4,64.5,41.4,RURAL,RUNWAY,VERTICAL,62545.51,True,True,VTOL,0.8,MULTIROTOR,,,,0.0677
4038,TRAINING,11.69,62.2,33.1,54.9,MOUNTAIN,RUNWAY,VERTICAL,7317.75,True,True,VTOL,0.8,MULTIROTOR,,,,0.0674
4039,INSPECTION,1.83,23.0,5.5,25.0,RURAL,VERTICAL,VERTICAL,34908.12,True,True,MULTIROTOR,0.8,VTOL,,,,0.0613
4040,CUSTOM,1.21,131.7,42.7,81.9,MOUNTAIN,RUNWAY,NET_RECOVERY,68215.58,True,True,FIXED_WING,1.0,VTOL,,,,0.0683
4041,SURVEY,2.0,500.0,20.0,60.0,RURAL,VERTICAL,VERTICAL,,True,False,None,,None,,NO_VALID_VEHICLE,No feasible aircraft design solution: Endurance requirement (500.0 min) exceeds battery/fuel energy storage density limit (450.0 min).,0.0364
4042,DISASTER_RESPONSE,2.68,90.9,46.6,72.9,MARINE,VERTICAL,VERTICAL,2793.23,True,True,VTOL,0.95,MULTIROTOR,,,,0.0768
4043,SURVEY,18.0,280.0,20.0,60.0,RURAL,VERTICAL,VERTICAL,,True,False,None,,None,,NO_VALID_VEHICLE,No feasible aircraft design solution: Combined heavy payload (18.0 kg) and ultra-long endurance (280.0 min) is physically unachievable.,0.0339
4044,TRAINING,1.44,90.3,49.9,90.0,DESERT,HAND_LAUNCH,RUNWAY,75376.53,True,True,FIXED_WING,1.0,VTOL,,,,0.0621
4045,INSPECTION,0.47,8.6,5.0,10.2,INDOOR,VERTICAL,VERTICAL,53983.52,True,True,MULTIROTOR,0.8,None,,,,0.1162
4046,SECURITY,0.17,8.6,4.7,34.9,INDOOR,VERTICAL,VERTICAL,31340.1,True,True,MULTIROTOR,0.8,None,,,,0.0598
4047,DELIVERY,1.82,86.6,25.5,85.1,RURAL,CATAPULT,RUNWAY,58248.18,True,True,FIXED_WING,1.0,VTOL,,,,0.0652
4048,SURVEY,2.0,30.0,20.0,350.0,RURAL,VERTICAL,VERTICAL,,True,False,None,,None,,NO_VALID_VEHICLE,No feasible aircraft design solution: Cruise speed requirement (350.0 km/h) exceeds platform dynamic limit (300.0 km/h).,0.0371
4049,DISASTER_RESPONSE,3.51,129.8,90.9,81.4,DESERT,CATAPULT,RUNWAY,38123.85,True,True,FIXED_WING,1.0,VTOL,,,,0.0652
4050,RESEARCH,0.23,11.5,0.5,28.5,INDOOR,VERTICAL,VERTICAL,77152.37,True,True,MULTIROTOR,0.8,None,,,,0.0588
4051,INSPECTION,3.37,32.8,107.8,103.4,FOREST,VERTICAL,VERTICAL,63434.41,True,True,VTOL,0.95,MULTIROTOR,,,,0.0669
4052,CUSTOM,0.94,12.6,6.5,21.7,RURAL,VERTICAL,VERTICAL,13669.03,True,True,MULTIROTOR,0.8,VTOL,,,,0.0616
4053,SURVEY,5.0,30.0,20.0,60.0,RURAL,VERTICAL,VERTICAL,10000.0,False,False,None,,None,,INVALID_REQUIREMENTS,Maximum takeoff weight limit (3.0 kg) must be greater than payload weight (5.0 kg).,0.0082
4054,DISASTER_RESPONSE,6.55,57.0,115.4,110.9,FOREST,VERTICAL,VERTICAL,12995.06,True,True,VTOL,0.95,MULTIROTOR,,,,0.0627
4055,SURVEY,2.0,30.0,500.0,60.0,RURAL,VERTICAL,VERTICAL,,True,False,None,,None,Extended range target (500.0 km) approaches maximum battery energy density threshold.,NO_VALID_VEHICLE,No feasible aircraft design solution: Range requirement (500.0 km) exceeds maximum studio envelope limit (450.0 km).,0.0347
4056,DELIVERY,3.73,24.3,6.3,49.5,URBAN,VERTICAL,VERTICAL,75154.13,True,True,MULTIROTOR,0.8,VTOL,,,,0.0606
4057,MAPPING,0.94,15.9,0.9,34.9,INDOOR,VERTICAL,VERTICAL,28134.66,True,True,MULTIROTOR,0.8,None,,,,0.0626
4058,AGRICULTURE,2.09,88.8,117.5,100.8,MOUNTAIN,HAND_LAUNCH,NET_RECOVERY,56812.99,True,True,FIXED_WING,1.0,VTOL,,,,0.0632
4059,INSPECTION,1.2,6.0,1.1,15.1,INDOOR,VERTICAL,VERTICAL,8683.86,True,True,MULTIROTOR,0.8,None,,,,0.0608
4060,CUSTOM,3.51,123.7,86.2,86.1,FOREST,CATAPULT,NET_RECOVERY,29620.94,True,True,FIXED_WING,1.0,VTOL,,,,0.0697
4061,DISASTER_RESPONSE,1.65,24.7,6.2,27.1,RURAL,VERTICAL,VERTICAL,78340.93,True,True,MULTIROTOR,0.8,VTOL,,,,0.0619
4062,SECURITY,5.89,34.5,121.9,93.4,MARINE,VERTICAL,VERTICAL,23260.27,True,True,VTOL,0.95,MULTIROTOR,,,,0.0626
4063,CUSTOM,0.87,13.5,0.7,37.5,INDOOR,VERTICAL,VERTICAL,35611.91,True,True,MULTIROTOR,0.8,None,,,,0.0598
4064,SURVEY,25.0,30.0,250.0,60.0,RURAL,VERTICAL,VERTICAL,,True,False,None,,None,,NO_VALID_VEHICLE,No feasible aircraft design solution: Combined heavy payload (25.0 kg) and extended range (250.0 km) exceeds structural MTOW limit.,0.0354
4065,MILITARY,0.13,20.9,4.9,34.8,INDOOR,VERTICAL,VERTICAL,52189.96,True,True,MULTIROTOR,0.8,None,,,,0.1143
4066,DELIVERY,2.38,103.9,37.2,107.8,FOREST,RUNWAY,RUNWAY,41224.07,True,True,FIXED_WING,1.0,VTOL,,,,0.0667
4067,SECURITY,6.47,44.9,143.2,89.6,FOREST,VERTICAL,VERTICAL,21733.86,True,True,VTOL,0.95,MULTIROTOR,,,,0.0628
4068,SURVEY,18.0,280.0,20.0,60.0,RURAL,VERTICAL,VERTICAL,,True,False,None,,None,,NO_VALID_VEHICLE,No feasible aircraft design solution: Combined heavy payload (18.0 kg) and ultra-long endurance (280.0 min) is physically unachievable.,0.0347
4069,SECURITY,0.93,28.8,5.2,34.8,RURAL,VERTICAL,VERTICAL,53946.52,True,True,MULTIROTOR,0.8,VTOL,,,,0.0684
4070,MAPPING,0.76,12.2,3.8,17.7,INDOOR,VERTICAL,VERTICAL,59225.84,True,True,MULTIROTOR,0.8,None,,,,0.0591
4071,AGRICULTURE,20.75,72.6,50.0,63.6,DESERT,RUNWAY,VERTICAL,2554.48,True,True,VTOL,0.8,MULTIROTOR,,,,0.0639
4072,CUSTOM,19.78,89.4,72.5,76.9,MOUNTAIN,RUNWAY,RUNWAY,26826.82,True,True,FIXED_WING,1.0,VTOL,,,,0.0638
4073,DISASTER_RESPONSE,0.28,24.3,4.0,38.3,INDOOR,VERTICAL,VERTICAL,60107.93,True,True,MULTIROTOR,0.8,None,,,,0.0631
4074,MILITARY,1.15,16.3,9.1,36.0,URBAN,VERTICAL,VERTICAL,19172.0,True,True,MULTIROTOR,0.8,VTOL,,,,0.0624
4075,RESEARCH,2.96,23.8,13.5,36.7,URBAN,VERTICAL,VERTICAL,64787.89,True,True,MULTIROTOR,0.8,VTOL,,,,0.0656
4076,MILITARY,2.29,34.5,6.7,27.7,URBAN,VERTICAL,VERTICAL,53484.08,True,True,MULTIROTOR,0.8,VTOL,,,,0.0716
4077,SURVEY,2.0,500.0,20.0,60.0,RURAL,VERTICAL,VERTICAL,,True,False,None,,None,,NO_VALID_VEHICLE,No feasible aircraft design solution: Endurance requirement (500.0 min) exceeds battery/fuel energy storage density limit (450.0 min).,0.0351
4078,RESEARCH,3.94,35.6,10.2,45.9,RURAL,VERTICAL,VERTICAL,6946.16,True,True,MULTIROTOR,0.8,VTOL,,,,0.0612
4079,SURVEY,5.0,30.0,20.0,60.0,RURAL,VERTICAL,VERTICAL,10000.0,False,False,None,,None,,INVALID_REQUIREMENTS,Maximum takeoff weight limit (3.0 kg) must be greater than payload weight (5.0 kg).,0.0081
4080,SURVEY,0.61,15.4,14.2,37.4,URBAN,VERTICAL,VERTICAL,65443.16,True,True,MULTIROTOR,0.8,VTOL,,,,0.0614
4081,INSPECTION,0.32,11.6,4.3,25.0,INDOOR,VERTICAL,VERTICAL,21480.56,True,True,MULTIROTOR,0.8,None,,,,0.0596
4082,SURVEY,3.19,54.2,51.4,92.5,RURAL,VERTICAL,VERTICAL,51222.22,True,True,VTOL,0.95,MULTIROTOR,,,,0.0634
4083,DELIVERY,0.25,13.0,5.0,33.2,INDOOR,VERTICAL,VERTICAL,33197.18,True,True,MULTIROTOR,0.8,None,,,,0.0581
4084,DISASTER_RESPONSE,2.63,33.6,13.8,23.8,RURAL,VERTICAL,VERTICAL,69255.6,True,True,MULTIROTOR,0.8,VTOL,,,,0.0615
4085,SECURITY,4.57,47.3,103.0,99.5,MARINE,VERTICAL,VERTICAL,66131.16,True,True,VTOL,0.95,MULTIROTOR,,,,0.0627
4086,SURVEY,3.0,-10.0,20.0,60.0,RURAL,VERTICAL,VERTICAL,10000.0,False,False,None,,None,,INVALID_REQUIREMENTS,Target flight time must be greater than 0 minutes. Provided: -10.0 min.,0.0079
4087,SECURITY,7.41,81.2,46.9,103.6,RURAL,VERTICAL,VERTICAL,18365.77,True,True,VTOL,0.95,MULTIROTOR,,,,0.0627
4088,MAPPING,5.89,112.4,98.2,78.0,RURAL,VERTICAL,VERTICAL,17470.14,True,True,VTOL,0.95,MULTIROTOR,,,,0.0652
4089,MAPPING,2.39,15.3,11.9,49.8,RURAL,VERTICAL,VERTICAL,5568.11,True,True,MULTIROTOR,0.8,VTOL,,,,0.0629
4090,SURVEY,5.0,30.0,20.0,60.0,RURAL,VERTICAL,VERTICAL,10000.0,False,False,None,,None,,INVALID_REQUIREMENTS,Maximum takeoff weight limit (3.0 kg) must be greater than payload weight (5.0 kg).,0.008
4091,AGRICULTURE,1.19,12.3,1.2,29.9,INDOOR,VERTICAL,VERTICAL,61908.83,True,True,MULTIROTOR,0.8,None,,,,0.0582
4092,MILITARY,13.58,80.1,61.8,87.4,RURAL,VERTICAL,RUNWAY,56216.17,True,True,VTOL,0.95,MULTIROTOR,,,,0.0666
4093,DELIVERY,5.06,87.5,86.7,98.0,MOUNTAIN,VERTICAL,VERTICAL,65876.22,True,True,VTOL,0.95,MULTIROTOR,,,,0.0673
4094,SURVEY,2.0,30.0,20.0,350.0,RURAL,VERTICAL,VERTICAL,,True,False,None,,None,,NO_VALID_VEHICLE,No feasible aircraft design solution: Cruise speed requirement (350.0 km/h) exceeds platform dynamic limit (300.0 km/h).,0.0339
4095,SURVEY,25.0,30.0,250.0,60.0,RURAL,VERTICAL,VERTICAL,,True,False,None,,None,,NO_VALID_VEHICLE,No feasible aircraft design solution: Combined heavy payload (25.0 kg) and extended range (250.0 km) exceeds structural MTOW limit.,0.033
4096,MILITARY,2.61,34.1,12.6,34.1,URBAN,VERTICAL,VERTICAL,29938.93,True,True,MULTIROTOR,0.8,VTOL,,,,0.0613
4097,DELIVERY,1.56,23.1,13.0,33.5,URBAN,VERTICAL,VERTICAL,57934.68,True,True,MULTIROTOR,0.8,VTOL,,,,0.0666
4098,SURVEY,4.74,140.2,100.8,60.7,MOUNTAIN,HAND_LAUNCH,RUNWAY,62585.69,True,True,FIXED_WING,1.0,VTOL,,,,0.2283
4099,SURVEY,3.0,30.0,20.0,60.0,RURAL,VERTICAL,VERTICAL,-100.0,False,False,None,,None,,INVALID_REQUIREMENTS,Financial budget must be greater than $0 if specified. Provided: $-100.0.,0.0161
4100,SECURITY,1.76,135.9,56.8,94.4,DESERT,RUNWAY,RUNWAY,53024.65,True,True,FIXED_WING,1.0,VTOL,,,,0.1364
4101,INSPECTION,1.19,15.3,2.7,34.4,INDOOR,VERTICAL,VERTICAL,15441.07,True,True,MULTIROTOR,0.8,None,,,,0.1264
4102,MILITARY,3.97,136.9,108.6,85.6,MOUNTAIN,RUNWAY,NET_RECOVERY,7390.28,True,True,FIXED_WING,1.0,VTOL,,,,0.2127
4103,SURVEY,18.0,280.0,20.0,60.0,RURAL,VERTICAL,VERTICAL,,True,False,None,,None,,NO_VALID_VEHICLE,No feasible aircraft design solution: Combined heavy payload (18.0 kg) and ultra-long endurance (280.0 min) is physically unachievable.,0.1042
4104,SURVEY,45.0,30.0,20.0,60.0,RURAL,VERTICAL,VERTICAL,,True,False,None,,None,High payload mass (45.0 kg) requires specialized heavy-lift structural airframe.,NO_VALID_VEHICLE,No feasible aircraft design solution: Payload requirement (45.0 kg) exceeds maximum studio envelope limit (35.0 kg).,0.0543
4105,SURVEY,3.0,-10.0,20.0,60.0,RURAL,VERTICAL,VERTICAL,10000.0,False,False,None,,None,,INVALID_REQUIREMENTS,Target flight time must be greater than 0 minutes. Provided: -10.0 min.,0.0197
4106,INSPECTION,22.57,26.3,77.7,68.9,DESERT,VERTICAL,RUNWAY,52829.69,True,True,VTOL,0.95,MULTIROTOR,,,,0.1749
4107,SECURITY,4.18,41.4,51.0,116.8,RURAL,VERTICAL,VERTICAL,12756.08,True,True,VTOL,0.95,MULTIROTOR,,,,0.086
4108,MAPPING,0.41,13.0,3.1,17.4,INDOOR,VERTICAL,VERTICAL,79756.52,True,True,MULTIROTOR,0.8,None,,,,0.0765
4109,SECURITY,5.57,56.5,58.5,114.2,FOREST,VERTICAL,VERTICAL,14171.3,True,True,VTOL,0.95,MULTIROTOR,,,,0.0884
4110,RESEARCH,3.5,12.2,7.1,30.8,URBAN,VERTICAL,VERTICAL,5368.37,True,True,MULTIROTOR,0.8,VTOL,,,,0.096
4111,INSPECTION,7.42,90.3,109.5,106.2,RURAL,VERTICAL,VERTICAL,18484.99,True,True,VTOL,0.95,MULTIROTOR,,,,0.0931
4112,DELIVERY,4.73,106.7,121.8,96.8,FOREST,VERTICAL,VERTICAL,54251.01,True,True,VTOL,0.95,MULTIROTOR,,,,0.1018
4113,SURVEY,0.49,5.7,0.6,12.6,INDOOR,VERTICAL,VERTICAL,39717.29,True,True,MULTIROTOR,0.8,None,,,,0.0738
4114,SURVEY,15.48,55.0,80.0,40.5,DESERT,RUNWAY,RUNWAY,69714.26,True,True,FIXED_WING,1.0,VTOL,,,,0.0752
4115,AGRICULTURE,4.09,140.2,45.4,56.8,FOREST,RUNWAY,RUNWAY,40960.51,True,True,FIXED_WING,1.0,VTOL,,,,0.0712
4116,RESEARCH,1.76,34.8,9.3,25.4,RURAL,VERTICAL,VERTICAL,9008.78,True,True,MULTIROTOR,0.8,VTOL,,,,0.0836
4117,AGRICULTURE,7.71,39.7,144.9,80.3,MARINE,VERTICAL,VERTICAL,25664.92,True,True,VTOL,0.95,MULTIROTOR,,,,0.0727
4118,MAPPING,3.03,24.5,9.9,24.4,URBAN,VERTICAL,VERTICAL,3041.5,True,True,MULTIROTOR,0.8,VTOL,,,,0.0692
4119,MAPPING,7.1,98.9,121.9,60.6,RURAL,VERTICAL,VERTICAL,70335.19,True,True,VTOL,0.95,MULTIROTOR,,,,0.0721
4120,MILITARY,3.04,34.8,14.4,26.5,RURAL,VERTICAL,VERTICAL,63052.2,True,True,MULTIROTOR,0.8,VTOL,,,,0.0704
4121,SURVEY,2.0,500.0,20.0,60.0,RURAL,VERTICAL,VERTICAL,,True,False,None,,None,,NO_VALID_VEHICLE,No feasible aircraft design solution: Endurance requirement (500.0 min) exceeds battery/fuel energy storage density limit (450.0 min).,0.0425
4122,MAPPING,0.4,11.6,2.4,38.8,INDOOR,VERTICAL,VERTICAL,5841.32,True,True,MULTIROTOR,0.8,None,,,,0.0828
4123,MAPPING,7.24,55.5,33.7,91.5,MARINE,VERTICAL,VERTICAL,24584.54,True,True,VTOL,0.95,MULTIROTOR,,,,0.0704
4124,CUSTOM,1.54,24.8,9.6,32.6,URBAN,VERTICAL,VERTICAL,56074.38,True,True,MULTIROTOR,0.8,VTOL,,,,0.0659
4125,MAPPING,1.49,25.0,1.0,15.2,INDOOR,VERTICAL,VERTICAL,21768.95,True,True,MULTIROTOR,0.8,None,,,,0.0666
4126,RESEARCH,1.12,122.8,47.0,108.7,MOUNTAIN,RUNWAY,PARACHUTE,78148.39,True,True,FIXED_WING,1.0,VTOL,,,,0.0716
4127,SECURITY,1.67,28.7,11.1,26.9,RURAL,VERTICAL,VERTICAL,64441.13,True,True,MULTIROTOR,0.8,VTOL,,,,0.0658
4128,SURVEY,5.24,81.5,79.4,113.7,MARINE,VERTICAL,VERTICAL,61243.95,True,True,VTOL,0.95,MULTIROTOR,,,,0.0663
4129,MILITARY,1.0,12.9,9.8,24.9,RURAL,VERTICAL,VERTICAL,27043.43,True,True,MULTIROTOR,0.8,VTOL,,,,0.0702
4130,DISASTER_RESPONSE,3.09,71.1,50.6,104.3,MARINE,VERTICAL,VERTICAL,11938.87,True,True,VTOL,0.95,MULTIROTOR,,,,0.0728
4131,RESEARCH,1.08,22.5,2.8,21.8,INDOOR,VERTICAL,VERTICAL,25521.66,True,True,MULTIROTOR,0.8,None,,,,0.0635
4132,SURVEY,0.0,30.0,20.0,60.0,RURAL,VERTICAL,VERTICAL,10000.0,False,False,None,,None,,INVALID_REQUIREMENTS,Payload weight must be greater than 0 kg. Provided: 0.0 kg.,0.0112
4133,DELIVERY,20.42,41.0,18.1,60.1,MOUNTAIN,VERTICAL,RUNWAY,42417.82,True,True,VTOL,0.7,MULTIROTOR,,,,0.0704
4134,SURVEY,0.5,9.7,2.4,27.7,INDOOR,VERTICAL,VERTICAL,51012.71,True,True,MULTIROTOR,0.8,None,,,,0.0672
4135,DISASTER_RESPONSE,1.94,11.4,4.9,22.4,RURAL,VERTICAL,VERTICAL,56736.09,True,True,MULTIROTOR,0.8,VTOL,,,,0.0668
4136,DISASTER_RESPONSE,6.96,80.6,67.3,85.3,MOUNTAIN,VERTICAL,VERTICAL,64301.21,True,True,VTOL,0.95,MULTIROTOR,,,,0.0698
4137,TRAINING,23.22,53.1,50.1,60.3,MOUNTAIN,VERTICAL,RUNWAY,79369.51,True,True,VTOL,0.95,MULTIROTOR,,,,0.0723
4138,TRAINING,22.74,38.2,31.5,66.5,MOUNTAIN,VERTICAL,RUNWAY,78146.75,True,True,VTOL,0.95,MULTIROTOR,,,,0.0676
4139,MAPPING,0.68,14.8,4.5,22.3,INDOOR,VERTICAL,VERTICAL,8515.23,True,True,MULTIROTOR,0.8,None,,,,0.0622
4140,AGRICULTURE,0.24,17.6,3.6,34.2,INDOOR,VERTICAL,VERTICAL,54168.43,True,True,MULTIROTOR,0.8,None,,,,0.0616
4141,RESEARCH,2.12,28.4,3.9,21.8,RURAL,VERTICAL,VERTICAL,19951.72,True,True,MULTIROTOR,0.8,VTOL,,,,0.0691
4142,MAPPING,3.52,31.1,11.9,25.3,URBAN,VERTICAL,VERTICAL,42137.49,True,True,MULTIROTOR,0.8,VTOL,,,,0.0652
4143,MILITARY,12.39,64.4,16.9,56.6,MOUNTAIN,VERTICAL,RUNWAY,13063.82,True,True,VTOL,0.7,MULTIROTOR,,,,0.0734
4144,AGRICULTURE,3.25,33.5,6.2,34.9,RURAL,VERTICAL,VERTICAL,65817.45,True,True,MULTIROTOR,0.8,VTOL,,,,0.0687
4145,SURVEY,2.0,500.0,20.0,60.0,RURAL,VERTICAL,VERTICAL,,True,False,None,,None,,NO_VALID_VEHICLE,No feasible aircraft design solution: Endurance requirement (500.0 min) exceeds battery/fuel energy storage density limit (450.0 min).,0.038
4146,INSPECTION,0.32,9.4,1.9,12.7,INDOOR,VERTICAL,VERTICAL,78630.06,True,True,MULTIROTOR,0.8,None,,,,0.0743
4147,DELIVERY,2.01,13.0,8.8,25.4,URBAN,VERTICAL,VERTICAL,20886.65,True,True,MULTIROTOR,0.8,VTOL,,,,0.0743
4148,INSPECTION,2.47,52.7,135.2,102.5,RURAL,VERTICAL,VERTICAL,18629.13,True,True,VTOL,0.95,MULTIROTOR,,,,0.0782
4149,RESEARCH,19.83,40.1,78.5,68.0,RURAL,RUNWAY,VERTICAL,75062.89,True,True,VTOL,0.8,MULTIROTOR,,,,0.086
4150,RESEARCH,0.55,15.6,1.9,19.6,INDOOR,VERTICAL,VERTICAL,34267.59,True,True,MULTIROTOR,0.8,None,,,,0.0692
4151,INSPECTION,6.76,47.3,31.5,119.3,FOREST,VERTICAL,VERTICAL,51916.34,True,True,VTOL,0.95,MULTIROTOR,,,,0.082
4152,SECURITY,3.51,91.1,134.4,102.3,FOREST,VERTICAL,VERTICAL,55275.89,True,True,VTOL,0.95,MULTIROTOR,,,,0.077
4153,CUSTOM,24.21,84.3,68.9,63.6,DESERT,VERTICAL,VERTICAL,72874.65,True,True,VTOL,0.95,MULTIROTOR,,,,0.0691
4154,DELIVERY,1.13,19.1,0.9,34.3,INDOOR,VERTICAL,VERTICAL,45118.48,True,True,MULTIROTOR,0.8,None,,,,0.0597
4155,MAPPING,3.52,88.0,31.9,72.7,MARINE,VERTICAL,VERTICAL,52318.39,True,True,VTOL,0.95,MULTIROTOR,,,,0.0644
4156,DISASTER_RESPONSE,1.82,31.4,11.3,34.7,URBAN,VERTICAL,VERTICAL,53159.3,True,True,MULTIROTOR,0.8,VTOL,,,,0.1678
4157,INSPECTION,3.92,46.1,77.9,89.0,MARINE,VERTICAL,VERTICAL,48002.82,True,True,VTOL,0.95,MULTIROTOR,,,,0.1171
4158,SURVEY,1.0,14.0,9.5,33.8,URBAN,VERTICAL,VERTICAL,17063.48,True,True,MULTIROTOR,0.8,VTOL,,,,0.0828
4159,CUSTOM,9.34,82.7,14.9,64.4,DESERT,VERTICAL,VERTICAL,43316.82,True,True,MULTIROTOR,0.5,VTOL,,,,0.0689
4160,SECURITY,3.12,118.1,93.9,102.0,MOUNTAIN,RUNWAY,BELLY_LANDING,36553.5,True,True,FIXED_WING,1.0,VTOL,,,,0.0665
4161,CUSTOM,5.82,72.8,63.7,107.0,RURAL,VERTICAL,VERTICAL,56463.08,True,True,VTOL,0.95,MULTIROTOR,,,,0.0652
4162,TRAINING,2.35,25.1,14.8,39.1,URBAN,VERTICAL,VERTICAL,74463.47,True,True,MULTIROTOR,0.8,VTOL,,,,0.0634
4163,TRAINING,7.75,115.1,120.2,63.6,MARINE,VERTICAL,VERTICAL,33204.03,True,True,VTOL,0.95,MULTIROTOR,,,,0.0654
4164,SURVEY,2.0,500.0,20.0,60.0,RURAL,VERTICAL,VERTICAL,,True,False,None,,None,,NO_VALID_VEHICLE,No feasible aircraft design solution: Endurance requirement (500.0 min) exceeds battery/fuel energy storage density limit (450.0 min).,0.037
4165,DELIVERY,3.54,17.9,10.5,43.7,RURAL,VERTICAL,VERTICAL,64939.74,True,True,MULTIROTOR,0.8,VTOL,,,,0.0693
4166,RESEARCH,11.6,24.0,41.1,49.3,DESERT,RUNWAY,VERTICAL,54156.52,True,True,VTOL,0.8,MULTIROTOR,,,,0.065
4167,SURVEY,2.0,30.0,20.0,350.0,RURAL,VERTICAL,VERTICAL,,True,False,None,,None,,NO_VALID_VEHICLE,No feasible aircraft design solution: Cruise speed requirement (350.0 km/h) exceeds platform dynamic limit (300.0 km/h).,0.0354
4168,MAPPING,0.47,19.6,3.6,15.0,INDOOR,VERTICAL,VERTICAL,32751.97,True,True,MULTIROTOR,0.8,None,,,,0.0602
4169,DELIVERY,8.69,60.3,25.8,58.2,DESERT,VERTICAL,RUNWAY,43354.25,True,True,VTOL,0.8,MULTIROTOR,,,,0.0725
4170,SURVEY,2.0,500.0,20.0,60.0,RURAL,VERTICAL,VERTICAL,,True,False,None,,None,,NO_VALID_VEHICLE,No feasible aircraft design solution: Endurance requirement (500.0 min) exceeds battery/fuel energy storage density limit (450.0 min).,0.0344
4171,AGRICULTURE,2.24,71.2,107.9,112.5,MARINE,VERTICAL,VERTICAL,30691.76,True,True,VTOL,0.95,MULTIROTOR,,,,0.064
4172,RESEARCH,1.83,85.3,65.6,84.6,FOREST,RUNWAY,NET_RECOVERY,58280.32,True,True,FIXED_WING,1.0,VTOL,,,,0.0688
4173,DELIVERY,23.26,44.2,50.9,75.8,DESERT,RUNWAY,RUNWAY,39980.66,True,True,FIXED_WING,1.0,VTOL,,,,0.0647
4174,DISASTER_RESPONSE,2.57,67.0,89.7,83.9,RURAL,VERTICAL,VERTICAL,79450.92,True,True,VTOL,0.95,MULTIROTOR,,,,0.0658
4175,SECURITY,0.91,11.7,0.7,39.1,INDOOR,VERTICAL,VERTICAL,2327.35,True,True,MULTIROTOR,0.8,None,,,,0.0619
4176,DISASTER_RESPONSE,13.5,49.3,11.8,87.9,MOUNTAIN,RUNWAY,RUNWAY,34536.12,True,True,FIXED_WING,0.85,VTOL,,,,0.0684
4177,SURVEY,1.62,47.2,116.9,51.4,MOUNTAIN,HAND_LAUNCH,PARACHUTE,53204.83,True,True,FIXED_WING,1.0,VTOL,,,,0.0777
4178,SURVEY,3.0,30.0,20.0,60.0,RURAL,VERTICAL,VERTICAL,-100.0,False,False,None,,None,,INVALID_REQUIREMENTS,Financial budget must be greater than $0 if specified. Provided: $-100.0.,0.0335
4179,AGRICULTURE,3.5,11.9,2.1,25.3,RURAL,VERTICAL,VERTICAL,68449.93,True,True,MULTIROTOR,0.8,VTOL,,,,0.0647
4180,INSPECTION,17.33,79.8,29.1,46.1,MOUNTAIN,RUNWAY,VERTICAL,65689.36,True,True,VTOL,0.8,MULTIROTOR,,,,0.0634
4181,MAPPING,14.59,79.4,41.5,41.1,RURAL,VERTICAL,VERTICAL,71154.01,True,True,VTOL,0.95,MULTIROTOR,,,,0.0647
4182,DELIVERY,8.21,20.1,72.8,53.9,RURAL,VERTICAL,VERTICAL,6163.15,True,True,VTOL,0.95,MULTIROTOR,,,,0.064
4183,RESEARCH,13.17,78.8,69.9,50.4,DESERT,VERTICAL,VERTICAL,22917.1,True,True,VTOL,0.95,MULTIROTOR,,,,0.0688
4184,MAPPING,3.61,15.5,11.3,36.4,RURAL,VERTICAL,VERTICAL,52626.83,True,True,MULTIROTOR,0.8,VTOL,,,,0.0697
4185,DELIVERY,6.48,77.5,125.4,61.3,MOUNTAIN,VERTICAL,VERTICAL,35336.6,True,True,VTOL,0.95,MULTIROTOR,,,,0.0642
4186,MILITARY,3.53,20.7,11.5,45.0,URBAN,VERTICAL,VERTICAL,14260.63,True,True,MULTIROTOR,0.8,VTOL,,,,0.0652
4187,SURVEY,3.99,76.1,41.5,100.3,MOUNTAIN,CATAPULT,NET_RECOVERY,24904.77,True,True,FIXED_WING,1.0,VTOL,,,,0.0693
4188,SURVEY,2.0,30.0,20.0,350.0,RURAL,VERTICAL,VERTICAL,,True,False,None,,None,,NO_VALID_VEHICLE,No feasible aircraft design solution: Cruise speed requirement (350.0 km/h) exceeds platform dynamic limit (300.0 km/h).,0.0357
4189,MILITARY,14.7,81.6,45.9,79.2,MOUNTAIN,VERTICAL,VERTICAL,14280.17,True,True,VTOL,0.95,MULTIROTOR,,,,0.066
4190,DISASTER_RESPONSE,0.91,11.8,4.0,11.1,INDOOR,VERTICAL,VERTICAL,33293.22,True,True,MULTIROTOR,0.8,None,,,,0.0639
4191,SURVEY,0.0,30.0,20.0,60.0,RURAL,VERTICAL,VERTICAL,10000.0,False,False,None,,None,,INVALID_REQUIREMENTS,Payload weight must be greater than 0 kg. Provided: 0.0 kg.,0.0086
4192,SURVEY,25.0,30.0,250.0,60.0,RURAL,VERTICAL,VERTICAL,,True,False,None,,None,,NO_VALID_VEHICLE,No feasible aircraft design solution: Combined heavy payload (25.0 kg) and extended range (250.0 km) exceeds structural MTOW limit.,0.0358
4193,AGRICULTURE,10.87,86.7,79.9,56.4,RURAL,VERTICAL,VERTICAL,73730.26,True,True,VTOL,0.95,MULTIROTOR,,,,0.0649
4194,SURVEY,3.0,30.0,-5.0,60.0,RURAL,VERTICAL,VERTICAL,10000.0,False,False,None,,None,,INVALID_REQUIREMENTS,Target range must be greater than 0 km. Provided: -5.0 km.,0.0081
4195,SURVEY,18.0,280.0,20.0,60.0,RURAL,VERTICAL,VERTICAL,,True,False,None,,None,,NO_VALID_VEHICLE,No feasible aircraft design solution: Combined heavy payload (18.0 kg) and ultra-long endurance (280.0 min) is physically unachievable.,0.0346
4196,MILITARY,3.0,74.8,74.3,95.2,RURAL,VERTICAL,VERTICAL,68315.58,True,True,VTOL,0.95,MULTIROTOR,,,,0.063
4197,INSPECTION,3.5,82.2,72.0,56.3,DESERT,CATAPULT,PARACHUTE,6084.11,True,True,VTOL,0.8,MULTIROTOR,,,,0.0643
4198,DELIVERY,23.81,73.2,42.7,76.1,MOUNTAIN,RUNWAY,RUNWAY,27734.75,True,True,FIXED_WING,1.0,VTOL,,,,0.069
4199,SURVEY,1.19,12.0,2.6,25.9,INDOOR,VERTICAL,VERTICAL,38849.25,True,True,MULTIROTOR,0.8,None,,,,0.0597
4200,SURVEY,2.0,30.0,20.0,350.0,RURAL,VERTICAL,VERTICAL,,True,False,None,,None,,NO_VALID_VEHICLE,No feasible aircraft design solution: Cruise speed requirement (350.0 km/h) exceeds platform dynamic limit (300.0 km/h).,0.0342
4201,DISASTER_RESPONSE,11.04,84.9,69.1,68.9,RURAL,VERTICAL,RUNWAY,51424.54,True,True,VTOL,0.95,MULTIROTOR,,,,0.0629
4202,MAPPING,0.84,20.8,1.7,21.7,INDOOR,VERTICAL,VERTICAL,51764.15,True,True,MULTIROTOR,0.8,None,,,,0.0595
4203,MAPPING,3.78,67.2,92.0,68.1,FOREST,VERTICAL,VERTICAL,69098.48,True,True,VTOL,0.95,MULTIROTOR,,,,0.0655
4204,MAPPING,1.43,112.5,41.4,89.3,RURAL,CATAPULT,NET_RECOVERY,9731.82,True,True,FIXED_WING,1.0,VTOL,,,,0.0702
4205,SURVEY,2.0,30.0,500.0,60.0,RURAL,VERTICAL,VERTICAL,,True,False,None,,None,Extended range target (500.0 km) approaches maximum battery energy density threshold.,NO_VALID_VEHICLE,No feasible aircraft design solution: Range requirement (500.0 km) exceeds maximum studio envelope limit (450.0 km).,0.0355
4206,AGRICULTURE,13.1,79.0,50.8,66.6,MOUNTAIN,VERTICAL,VERTICAL,41144.5,True,True,VTOL,0.95,MULTIROTOR,,,,0.0714
4207,SECURITY,1.52,33.6,12.2,25.1,URBAN,VERTICAL,VERTICAL,78400.61,True,True,MULTIROTOR,0.8,VTOL,,,,0.0716
4208,DELIVERY,8.41,74.5,16.4,65.9,MOUNTAIN,VERTICAL,RUNWAY,10286.84,True,True,VTOL,0.7,MULTIROTOR,,,,0.0635
4209,MAPPING,1.11,27.7,5.2,46.1,RURAL,VERTICAL,VERTICAL,32123.86,True,True,MULTIROTOR,0.8,VTOL,,,,0.0621
4210,AGRICULTURE,2.68,146.8,58.4,60.1,RURAL,HAND_LAUNCH,NET_RECOVERY,64352.68,True,True,FIXED_WING,1.0,VTOL,,,,0.0626
4211,MILITARY,1.97,93.6,71.0,54.5,FOREST,RUNWAY,NET_RECOVERY,20574.4,True,True,FIXED_WING,1.0,VTOL,,,,0.0629
4212,TRAINING,12.89,85.8,13.3,50.3,MOUNTAIN,VERTICAL,RUNWAY,53100.26,True,True,VTOL,0.5,MULTIROTOR,,,,0.0694
4213,SECURITY,0.53,9.4,1.3,25.2,INDOOR,VERTICAL,VERTICAL,47102.55,True,True,MULTIROTOR,0.8,None,,,,0.0616
4214,SURVEY,4.7,93.5,31.9,67.8,FOREST,RUNWAY,PARACHUTE,63916.91,True,True,FIXED_WING,1.0,VTOL,,,,0.0624
4215,AGRICULTURE,16.79,62.6,62.0,72.8,MOUNTAIN,VERTICAL,VERTICAL,48630.95,True,True,VTOL,0.95,MULTIROTOR,,,,0.0659
4216,DELIVERY,0.36,15.1,1.8,20.7,INDOOR,VERTICAL,VERTICAL,52020.02,True,True,MULTIROTOR,0.8,None,,,,0.0632
4217,AGRICULTURE,3.49,28.8,6.9,37.1,URBAN,VERTICAL,VERTICAL,74831.85,True,True,MULTIROTOR,0.8,VTOL,,,,0.0619
4218,CUSTOM,23.57,32.5,69.7,50.3,MOUNTAIN,VERTICAL,VERTICAL,12914.23,True,True,VTOL,0.95,MULTIROTOR,,,,0.0683
4219,SECURITY,2.78,112.8,74.1,81.2,MARINE,VERTICAL,VERTICAL,11552.03,True,True,VTOL,0.95,MULTIROTOR,,,,0.0642
4220,SURVEY,18.0,280.0,20.0,60.0,RURAL,VERTICAL,VERTICAL,,True,False,None,,None,,NO_VALID_VEHICLE,No feasible aircraft design solution: Combined heavy payload (18.0 kg) and ultra-long endurance (280.0 min) is physically unachievable.,0.0353
4221,SURVEY,45.0,30.0,20.0,60.0,RURAL,VERTICAL,VERTICAL,,True,False,None,,None,High payload mass (45.0 kg) requires specialized heavy-lift structural airframe.,NO_VALID_VEHICLE,No feasible aircraft design solution: Payload requirement (45.0 kg) exceeds maximum studio envelope limit (35.0 kg).,0.0332
4222,CUSTOM,3.78,115.0,40.2,104.7,MARINE,VERTICAL,VERTICAL,42848.77,True,True,VTOL,0.95,MULTIROTOR,,,,0.0669
4223,MAPPING,4.59,70.5,118.2,57.3,FOREST,HAND_LAUNCH,RUNWAY,66338.79,True,True,FIXED_WING,1.0,VTOL,,,,0.0625
4224,RESEARCH,1.38,22.8,1.9,23.8,INDOOR,VERTICAL,VERTICAL,40645.98,True,True,MULTIROTOR,0.8,None,,,,0.0588
4225,CUSTOM,1.83,14.9,10.2,30.7,RURAL,VERTICAL,VERTICAL,64551.89,True,True,MULTIROTOR,0.8,VTOL,,,,0.0642
4226,MILITARY,1.77,64.5,65.3,85.6,DESERT,RUNWAY,BELLY_LANDING,70209.59,True,True,FIXED_WING,1.0,VTOL,,,,0.0629
4227,SURVEY,2.0,500.0,20.0,60.0,RURAL,VERTICAL,VERTICAL,,True,False,None,,None,,NO_VALID_VEHICLE,No feasible aircraft design solution: Endurance requirement (500.0 min) exceeds battery/fuel energy storage density limit (450.0 min).,0.0342
4228,MILITARY,1.39,85.3,101.8,99.5,MOUNTAIN,RUNWAY,BELLY_LANDING,62575.52,True,True,FIXED_WING,1.0,VTOL,,,,0.0627
4229,DISASTER_RESPONSE,3.0,110.0,107.1,93.1,FOREST,CATAPULT,NET_RECOVERY,65145.63,True,True,FIXED_WING,1.0,VTOL,,,,0.063
4230,SURVEY,18.0,280.0,20.0,60.0,RURAL,VERTICAL,VERTICAL,,True,False,None,,None,,NO_VALID_VEHICLE,No feasible aircraft design solution: Combined heavy payload (18.0 kg) and ultra-long endurance (280.0 min) is physically unachievable.,0.0348
4231,RESEARCH,1.62,22.3,6.9,40.8,RURAL,VERTICAL,VERTICAL,20075.76,True,True,MULTIROTOR,0.8,VTOL,,,,0.0684
4232,DISASTER_RESPONSE,5.33,89.3,140.5,117.3,MARINE,VERTICAL,VERTICAL,70236.73,True,True,VTOL,0.95,MULTIROTOR,,,,0.0639
4233,SURVEY,2.0,30.0,20.0,350.0,RURAL,VERTICAL,VERTICAL,,True,False,None,,None,,NO_VALID_VEHICLE,No feasible aircraft design solution: Cruise speed requirement (350.0 km/h) exceeds platform dynamic limit (300.0 km/h).,0.0355
4234,RESEARCH,2.78,69.9,80.8,59.4,MOUNTAIN,HAND_LAUNCH,NET_RECOVERY,36125.84,True,True,FIXED_WING,1.0,VTOL,,,,0.0692
4235,INSPECTION,3.31,146.8,53.1,77.8,DESERT,HAND_LAUNCH,PARACHUTE,43199.56,True,True,VTOL,0.8,MULTIROTOR,,,,0.0633
4236,SECURITY,4.2,57.2,53.9,70.8,FOREST,VERTICAL,VERTICAL,51308.77,True,True,VTOL,0.95,MULTIROTOR,,,,0.0627
4237,DISASTER_RESPONSE,10.29,60.1,52.9,43.3,DESERT,VERTICAL,VERTICAL,63226.52,True,True,VTOL,0.95,MULTIROTOR,,,,0.0664
4238,DISASTER_RESPONSE,1.43,34.8,9.9,42.1,RURAL,VERTICAL,VERTICAL,12552.81,True,True,MULTIROTOR,0.8,VTOL,,,,0.0628
4239,TRAINING,4.57,122.9,64.2,67.6,DESERT,CATAPULT,PARACHUTE,39394.04,True,True,FIXED_WING,1.0,VTOL,,,,0.0676
4240,DISASTER_RESPONSE,2.33,36.8,6.9,42.7,RURAL,VERTICAL,VERTICAL,15171.8,True,True,MULTIROTOR,0.8,VTOL,,,,0.0621
4241,DISASTER_RESPONSE,4.97,144.4,110.6,71.6,FOREST,CATAPULT,NET_RECOVERY,61122.46,True,True,FIXED_WING,1.0,VTOL,,,,0.0634
4242,MILITARY,1.15,24.7,3.0,16.5,INDOOR,VERTICAL,VERTICAL,65161.29,True,True,MULTIROTOR,0.8,None,,,,0.0632
4243,INSPECTION,0.42,21.0,2.3,11.9,INDOOR,VERTICAL,VERTICAL,12132.68,True,True,MULTIROTOR,0.8,None,,,,0.0638
4244,DISASTER_RESPONSE,20.21,82.6,52.6,86.6,DESERT,RUNWAY,RUNWAY,55200.19,True,True,FIXED_WING,1.0,VTOL,,,,0.066
4245,TRAINING,1.4,6.0,4.9,29.3,INDOOR,VERTICAL,VERTICAL,21945.25,True,True,MULTIROTOR,0.8,None,,,,0.059
4246,SURVEY,3.0,30.0,-5.0,60.0,RURAL,VERTICAL,VERTICAL,10000.0,False,False,None,,None,,INVALID_REQUIREMENTS,Target range must be greater than 0 km. Provided: -5.0 km.,0.0082
4247,MILITARY,3.15,21.3,2.3,47.9,URBAN,VERTICAL,VERTICAL,26199.14,True,True,MULTIROTOR,0.8,VTOL,,,,0.0632
4248,MAPPING,11.13,32.1,79.4,50.1,RURAL,VERTICAL,VERTICAL,3652.3,True,True,VTOL,0.95,MULTIROTOR,,,,0.0704
4249,TRAINING,3.75,34.7,3.1,36.3,URBAN,VERTICAL,VERTICAL,72404.28,True,True,MULTIROTOR,0.8,VTOL,,,,0.0619
4250,SURVEY,25.0,30.0,250.0,60.0,RURAL,VERTICAL,VERTICAL,,True,False,None,,None,,NO_VALID_VEHICLE,No feasible aircraft design solution: Combined heavy payload (25.0 kg) and extended range (250.0 km) exceeds structural MTOW limit.,0.0346
4251,DELIVERY,3.71,33.1,11.1,35.1,RURAL,VERTICAL,VERTICAL,75757.55,True,True,MULTIROTOR,0.8,VTOL,,,,0.0614
4252,SURVEY,3.0,30.0,20.0,0.0,RURAL,VERTICAL,VERTICAL,10000.0,False,False,None,,None,,INVALID_REQUIREMENTS,Cruise speed must be greater than 0 km/h. Provided: 0.0 km/h.,0.0076
4253,TRAINING,1.2,20.9,4.8,30.4,INDOOR,VERTICAL,VERTICAL,44462.34,True,True,MULTIROTOR,0.8,None,,,,0.0587
4254,SECURITY,1.2,17.5,4.9,25.8,INDOOR,VERTICAL,VERTICAL,72336.94,True,True,MULTIROTOR,0.8,None,,,,0.0587
4255,CUSTOM,13.38,21.7,27.4,71.8,RURAL,RUNWAY,VERTICAL,66092.38,True,True,VTOL,0.8,MULTIROTOR,,,,0.0625
4256,SURVEY,3.0,-10.0,20.0,60.0,RURAL,VERTICAL,VERTICAL,10000.0,False,False,None,,None,,INVALID_REQUIREMENTS,Target flight time must be greater than 0 minutes. Provided: -10.0 min.,0.0079
4257,SECURITY,4.17,143.8,26.7,101.7,DESERT,HAND_LAUNCH,PARACHUTE,53807.87,True,True,FIXED_WING,1.0,VTOL,,,,0.0675
4258,SECURITY,0.86,15.6,1.6,26.1,INDOOR,VERTICAL,VERTICAL,46411.91,True,True,MULTIROTOR,0.8,None,,,,0.0595
4259,SURVEY,3.0,30.0,-5.0,60.0,RURAL,VERTICAL,VERTICAL,10000.0,False,False,None,,None,,INVALID_REQUIREMENTS,Target range must be greater than 0 km. Provided: -5.0 km.,0.0076
4260,RESEARCH,12.36,44.7,31.8,48.5,DESERT,RUNWAY,RUNWAY,9298.17,True,True,FIXED_WING,1.0,VTOL,,,,0.0706
4261,DELIVERY,0.97,11.3,1.3,28.6,INDOOR,VERTICAL,VERTICAL,35319.26,True,True,MULTIROTOR,0.8,None,,,,0.0585
4262,SURVEY,4.95,68.5,139.1,90.8,FOREST,VERTICAL,VERTICAL,48437.34,True,True,VTOL,0.95,MULTIROTOR,,,,0.0723
4263,SURVEY,1.32,12.9,0.7,34.9,INDOOR,VERTICAL,VERTICAL,53416.23,True,True,MULTIROTOR,0.8,None,,,,0.0674
4264,INSPECTION,1.6,142.9,81.3,103.0,DESERT,CATAPULT,PARACHUTE,36453.48,True,True,VTOL,0.8,MULTIROTOR,,,,0.0688
4265,SURVEY,5.0,30.0,20.0,60.0,RURAL,VERTICAL,VERTICAL,10000.0,False,False,None,,None,,INVALID_REQUIREMENTS,Maximum takeoff weight limit (3.0 kg) must be greater than payload weight (5.0 kg).,0.0088
4266,SECURITY,21.97,36.6,37.1,43.3,MOUNTAIN,RUNWAY,VERTICAL,63875.82,True,True,VTOL,0.8,MULTIROTOR,,,,0.0636
4267,SURVEY,2.0,30.0,500.0,60.0,RURAL,VERTICAL,VERTICAL,,True,False,None,,None,Extended range target (500.0 km) approaches maximum battery energy density threshold.,NO_VALID_VEHICLE,No feasible aircraft design solution: Range requirement (500.0 km) exceeds maximum studio envelope limit (450.0 km).,0.0377
4268,AGRICULTURE,6.38,55.6,89.3,70.1,FOREST,VERTICAL,VERTICAL,45287.75,True,True,VTOL,0.95,MULTIROTOR,,,,0.0667
4269,MAPPING,1.2,17.3,4.9,15.9,INDOOR,VERTICAL,VERTICAL,44711.55,True,True,MULTIROTOR,0.8,None,,,,0.0585
4270,AGRICULTURE,7.96,72.7,85.8,97.6,RURAL,VERTICAL,VERTICAL,45494.4,True,True,VTOL,0.95,MULTIROTOR,,,,0.0669
4271,CUSTOM,3.72,50.1,99.1,61.4,RURAL,HAND_LAUNCH,BELLY_LANDING,54915.77,True,True,FIXED_WING,1.0,VTOL,,,,0.8143
4272,AGRICULTURE,2.21,17.9,6.5,42.8,RURAL,VERTICAL,VERTICAL,49156.44,True,True,MULTIROTOR,0.8,VTOL,,,,0.0757
4273,SURVEY,2.0,500.0,20.0,60.0,RURAL,VERTICAL,VERTICAL,,True,False,None,,None,,NO_VALID_VEHICLE,No feasible aircraft design solution: Endurance requirement (500.0 min) exceeds battery/fuel energy storage density limit (450.0 min).,0.0377
4274,DISASTER_RESPONSE,0.6,14.0,2.4,36.2,INDOOR,VERTICAL,VERTICAL,79444.43,True,True,MULTIROTOR,0.8,None,,,,0.0623
4275,AGRICULTURE,12.53,38.7,55.1,81.6,RURAL,VERTICAL,VERTICAL,23090.18,True,True,VTOL,0.95,MULTIROTOR,,,,0.0629
4276,SURVEY,45.0,30.0,20.0,60.0,RURAL,VERTICAL,VERTICAL,,True,False,None,,None,High payload mass (45.0 kg) requires specialized heavy-lift structural airframe.,NO_VALID_VEHICLE,No feasible aircraft design solution: Payload requirement (45.0 kg) exceeds maximum studio envelope limit (35.0 kg).,0.0348
4277,SURVEY,3.73,107.1,104.9,103.6,MARINE,VERTICAL,VERTICAL,58857.83,True,True,VTOL,0.95,MULTIROTOR,,,,0.0632
4278,DISASTER_RESPONSE,2.75,52.9,95.7,80.6,RURAL,VERTICAL,VERTICAL,9949.95,True,True,VTOL,0.95,MULTIROTOR,,,,0.0634
4279,RESEARCH,18.4,44.3,39.4,68.6,DESERT,VERTICAL,VERTICAL,44891.55,True,True,VTOL,0.95,MULTIROTOR,,,,0.1033
4280,DISASTER_RESPONSE,10.52,42.9,19.8,75.7,DESERT,RUNWAY,VERTICAL,69129.4,True,True,VTOL,0.7,MULTIROTOR,,,,0.0702
4281,AGRICULTURE,18.98,47.9,14.1,62.3,DESERT,RUNWAY,RUNWAY,38448.23,True,True,FIXED_WING,0.85,VTOL,,,,0.0667
4282,MILITARY,7.41,44.0,137.9,113.9,MOUNTAIN,VERTICAL,VERTICAL,35821.43,True,True,VTOL,0.95,MULTIROTOR,,,,0.0635
4283,TRAINING,0.78,32.9,2.8,29.9,URBAN,VERTICAL,VERTICAL,34703.84,True,True,MULTIROTOR,0.8,VTOL,,,,0.063
4284,SURVEY,2.0,30.0,500.0,60.0,RURAL,VERTICAL,VERTICAL,,True,False,None,,None,Extended range target (500.0 km) approaches maximum battery energy density threshold.,NO_VALID_VEHICLE,No feasible aircraft design solution: Range requirement (500.0 km) exceeds maximum studio envelope limit (450.0 km).,0.0395
4285,SURVEY,3.0,-10.0,20.0,60.0,RURAL,VERTICAL,VERTICAL,10000.0,False,False,None,,None,,INVALID_REQUIREMENTS,Target flight time must be greater than 0 minutes. Provided: -10.0 min.,0.0093
4286,SURVEY,18.0,280.0,20.0,60.0,RURAL,VERTICAL,VERTICAL,,True,False,None,,None,,NO_VALID_VEHICLE,No feasible aircraft design solution: Combined heavy payload (18.0 kg) and ultra-long endurance (280.0 min) is physically unachievable.,0.0347
4287,SURVEY,0.75,10.3,1.2,30.9,INDOOR,VERTICAL,VERTICAL,75628.11,True,True,MULTIROTOR,0.8,None,,,,0.0583
4288,CUSTOM,1.28,11.0,3.4,23.4,INDOOR,VERTICAL,VERTICAL,23837.55,True,True,MULTIROTOR,0.8,None,,,,0.0581
4289,SECURITY,0.25,9.1,3.4,31.9,INDOOR,VERTICAL,VERTICAL,13349.58,True,True,MULTIROTOR,0.8,None,,,,0.0583
4290,CUSTOM,0.7,8.7,1.3,26.9,INDOOR,VERTICAL,VERTICAL,6692.02,True,True,MULTIROTOR,0.8,None,,,,0.0578
4291,AGRICULTURE,0.76,11.9,4.4,31.1,INDOOR,VERTICAL,VERTICAL,6859.07,True,True,MULTIROTOR,0.8,None,,,,0.063
4292,MILITARY,1.37,33.2,3.9,29.5,URBAN,VERTICAL,VERTICAL,78047.17,True,True,MULTIROTOR,0.8,VTOL,,,,0.0638
4293,SURVEY,25.0,30.0,250.0,60.0,RURAL,VERTICAL,VERTICAL,,True,False,None,,None,,NO_VALID_VEHICLE,No feasible aircraft design solution: Combined heavy payload (25.0 kg) and extended range (250.0 km) exceeds structural MTOW limit.,0.0351
4294,INSPECTION,3.24,22.5,5.5,43.7,RURAL,VERTICAL,VERTICAL,38660.28,True,True,MULTIROTOR,0.8,VTOL,,,,0.0659
4295,SECURITY,1.17,10.1,2.2,35.0,INDOOR,VERTICAL,VERTICAL,42005.82,True,True,MULTIROTOR,0.8,None,,,,0.3353
4296,SURVEY,2.0,30.0,20.0,350.0,RURAL,VERTICAL,VERTICAL,,True,False,None,,None,,NO_VALID_VEHICLE,No feasible aircraft design solution: Cruise speed requirement (350.0 km/h) exceeds platform dynamic limit (300.0 km/h).,0.0686
4297,MILITARY,0.87,19.8,2.3,38.5,INDOOR,VERTICAL,VERTICAL,73474.42,True,True,MULTIROTOR,0.8,None,,,,0.1921
4298,MILITARY,4.67,78.6,65.0,97.5,MOUNTAIN,HAND_LAUNCH,BELLY_LANDING,21247.69,True,True,FIXED_WING,1.0,VTOL,,,,0.1176
4299,DISASTER_RESPONSE,4.15,123.3,111.8,59.1,MOUNTAIN,HAND_LAUNCH,RUNWAY,60459.55,True,True,FIXED_WING,1.0,VTOL,,,,0.1268
4300,MAPPING,7.73,98.2,118.9,80.1,FOREST,VERTICAL,VERTICAL,50661.28,True,True,VTOL,0.95,MULTIROTOR,,,,0.1199
4301,SECURITY,11.9,77.2,49.5,60.0,DESERT,VERTICAL,VERTICAL,78817.81,True,True,VTOL,0.95,MULTIROTOR,,,,0.174
4302,TRAINING,2.2,14.5,4.6,46.7,RURAL,VERTICAL,VERTICAL,49178.92,True,True,MULTIROTOR,0.8,VTOL,,,,0.1183
4303,DISASTER_RESPONSE,4.56,85.5,136.5,77.8,FOREST,VERTICAL,VERTICAL,73976.15,True,True,VTOL,0.95,MULTIROTOR,,,,0.1016
4304,SURVEY,1.91,31.9,7.7,39.8,URBAN,VERTICAL,VERTICAL,58328.36,True,True,MULTIROTOR,0.8,VTOL,,,,0.0736
4305,CUSTOM,22.08,44.1,65.3,47.7,RURAL,VERTICAL,RUNWAY,33157.67,True,True,VTOL,0.95,MULTIROTOR,,,,0.1
4306,RESEARCH,2.85,14.1,8.7,49.7,RURAL,VERTICAL,VERTICAL,4316.48,True,True,MULTIROTOR,0.8,VTOL,,,,0.0791
4307,CUSTOM,2.42,125.2,40.6,69.1,FOREST,CATAPULT,BELLY_LANDING,6384.05,True,True,FIXED_WING,1.0,VTOL,,,,0.0796
4308,MAPPING,6.03,57.9,78.6,62.9,FOREST,VERTICAL,VERTICAL,9209.71,True,True,VTOL,0.95,MULTIROTOR,,,,0.0794
4309,INSPECTION,3.67,12.5,13.6,43.9,URBAN,VERTICAL,VERTICAL,75700.06,True,True,MULTIROTOR,0.8,VTOL,,,,0.0666
4310,SURVEY,6.67,103.8,66.3,71.5,FOREST,VERTICAL,VERTICAL,47605.77,True,True,VTOL,0.95,MULTIROTOR,,,,0.0643
4311,INSPECTION,2.83,135.0,49.7,56.0,MOUNTAIN,HAND_LAUNCH,NET_RECOVERY,28354.55,True,True,VTOL,0.8,MULTIROTOR,,,,0.078
4312,SURVEY,2.0,30.0,20.0,350.0,RURAL,VERTICAL,VERTICAL,,True,False,None,,None,,NO_VALID_VEHICLE,No feasible aircraft design solution: Cruise speed requirement (350.0 km/h) exceeds platform dynamic limit (300.0 km/h).,0.0372
4313,AGRICULTURE,0.52,13.6,2.5,33.2,INDOOR,VERTICAL,VERTICAL,38469.39,True,True,MULTIROTOR,0.8,None,,,,0.0645
4314,SURVEY,25.0,30.0,250.0,60.0,RURAL,VERTICAL,VERTICAL,,True,False,None,,None,,NO_VALID_VEHICLE,No feasible aircraft design solution: Combined heavy payload (25.0 kg) and extended range (250.0 km) exceeds structural MTOW limit.,0.0359
4315,CUSTOM,16.31,77.9,17.3,86.0,RURAL,VERTICAL,VERTICAL,43689.18,True,True,VTOL,0.7,MULTIROTOR,,,,0.0637
4316,DISASTER_RESPONSE,17.59,61.4,61.1,57.0,DESERT,VERTICAL,RUNWAY,14676.08,True,True,VTOL,0.95,MULTIROTOR,,,,0.0843
4317,SURVEY,2.81,11.6,9.8,29.8,RURAL,VERTICAL,VERTICAL,7106.25,True,True,MULTIROTOR,0.8,VTOL,,,,0.0635
4318,SECURITY,1.51,49.6,42.8,70.3,DESERT,CATAPULT,NET_RECOVERY,68747.63,True,True,FIXED_WING,1.0,VTOL,,,,0.0729
4319,MAPPING,4.68,82.0,86.2,56.3,RURAL,CATAPULT,NET_RECOVERY,66881.48,True,True,FIXED_WING,1.0,VTOL,,,,0.0662
4320,SURVEY,1.6,11.3,4.1,28.0,RURAL,VERTICAL,VERTICAL,16529.49,True,True,MULTIROTOR,0.8,VTOL,,,,0.0643
4321,MILITARY,3.71,19.1,7.2,39.1,URBAN,VERTICAL,VERTICAL,63857.84,True,True,MULTIROTOR,0.8,VTOL,,,,0.0671
4322,CUSTOM,6.9,105.6,80.2,85.3,FOREST,VERTICAL,VERTICAL,69033.01,True,True,VTOL,0.95,MULTIROTOR,,,,0.0639
4323,SURVEY,0.6,35.6,8.4,23.1,URBAN,VERTICAL,VERTICAL,27674.23,True,True,MULTIROTOR,0.8,VTOL,,,,0.0624
4324,MAPPING,4.51,48.7,52.5,57.7,RURAL,HAND_LAUNCH,BELLY_LANDING,43325.65,True,True,FIXED_WING,1.0,VTOL,,,,0.0627
4325,SURVEY,18.0,280.0,20.0,60.0,RURAL,VERTICAL,VERTICAL,,True,False,None,,None,,NO_VALID_VEHICLE,No feasible aircraft design solution: Combined heavy payload (18.0 kg) and ultra-long endurance (280.0 min) is physically unachievable.,0.0351
4326,SECURITY,0.85,16.1,1.3,11.9,INDOOR,VERTICAL,VERTICAL,33429.67,True,True,MULTIROTOR,0.8,None,,,,0.0592
4327,CUSTOM,5.99,66.1,52.4,109.5,RURAL,VERTICAL,VERTICAL,66348.33,True,True,VTOL,0.95,MULTIROTOR,,,,0.0636
4328,MAPPING,7.21,85.0,49.7,109.2,RURAL,VERTICAL,VERTICAL,20517.93,True,True,VTOL,0.95,MULTIROTOR,,,,0.0627
4329,DISASTER_RESPONSE,2.85,52.5,43.5,62.6,DESERT,CATAPULT,NET_RECOVERY,14864.92,True,True,FIXED_WING,1.0,VTOL,,,,0.0637
4330,CUSTOM,24.81,28.0,34.6,72.4,MOUNTAIN,VERTICAL,RUNWAY,72457.27,True,True,VTOL,0.95,MULTIROTOR,,,,0.0636
4331,MAPPING,4.28,132.6,104.8,91.2,FOREST,RUNWAY,PARACHUTE,17326.11,True,True,FIXED_WING,1.0,VTOL,,,,0.0634
4332,CUSTOM,0.11,14.2,1.3,14.0,INDOOR,VERTICAL,VERTICAL,46525.83,True,True,MULTIROTOR,0.8,None,,,,0.0604
4333,AGRICULTURE,1.52,17.0,12.2,33.9,URBAN,VERTICAL,VERTICAL,6026.41,True,True,MULTIROTOR,0.8,VTOL,,,,0.2134
4334,DELIVERY,1.8,31.7,6.6,33.5,URBAN,VERTICAL,VERTICAL,35327.28,True,True,MULTIROTOR,0.8,VTOL,,,,0.0783
4335,CUSTOM,3.2,63.0,142.7,99.2,RURAL,VERTICAL,VERTICAL,65849.75,True,True,VTOL,0.95,MULTIROTOR,,,,0.0762
4336,SURVEY,0.97,18.7,3.9,12.6,INDOOR,VERTICAL,VERTICAL,20039.29,True,True,MULTIROTOR,0.8,None,,,,0.0633
4337,DISASTER_RESPONSE,1.18,29.8,4.4,24.5,RURAL,VERTICAL,VERTICAL,69813.55,True,True,MULTIROTOR,0.8,VTOL,,,,0.0646
4338,TRAINING,1.16,35.4,12.1,33.3,RURAL,VERTICAL,VERTICAL,56685.8,True,True,MULTIROTOR,0.8,VTOL,,,,0.0635
4339,INSPECTION,1.23,148.4,28.4,56.4,MOUNTAIN,CATAPULT,BELLY_LANDING,57178.07,True,True,VTOL,0.8,MULTIROTOR,,,,0.0702
4340,SECURITY,1.18,15.8,0.7,30.0,INDOOR,VERTICAL,VERTICAL,23064.36,True,True,MULTIROTOR,0.8,None,,,,0.0606
4341,AGRICULTURE,19.84,22.0,39.9,60.2,MOUNTAIN,VERTICAL,VERTICAL,13997.14,True,True,VTOL,0.95,MULTIROTOR,,,,0.0686
4342,CUSTOM,15.7,39.7,74.0,72.9,RURAL,RUNWAY,RUNWAY,30737.26,True,True,FIXED_WING,1.0,VTOL,,,,0.0753
4343,SURVEY,2.0,500.0,20.0,60.0,RURAL,VERTICAL,VERTICAL,,True,False,None,,None,,NO_VALID_VEHICLE,No feasible aircraft design solution: Endurance requirement (500.0 min) exceeds battery/fuel energy storage density limit (450.0 min).,0.0377
4344,MAPPING,0.69,24.1,1.6,20.2,INDOOR,VERTICAL,VERTICAL,6628.49,True,True,MULTIROTOR,0.8,None,,,,0.0604
4345,MILITARY,0.91,22.9,4.8,40.0,INDOOR,VERTICAL,VERTICAL,78984.27,True,True,MULTIROTOR,0.8,None,,,,0.0582
4346,CUSTOM,0.29,14.0,4.8,19.5,INDOOR,VERTICAL,VERTICAL,74529.4,True,True,MULTIROTOR,0.8,None,,,,0.0581
4347,SECURITY,11.22,82.5,14.8,53.8,MOUNTAIN,VERTICAL,RUNWAY,35058.56,True,True,VTOL,0.5,MULTIROTOR,,,,0.0641
4348,SURVEY,2.0,500.0,20.0,60.0,RURAL,VERTICAL,VERTICAL,,True,False,None,,None,,NO_VALID_VEHICLE,No feasible aircraft design solution: Endurance requirement (500.0 min) exceeds battery/fuel energy storage density limit (450.0 min).,0.0349
4349,MILITARY,2.57,124.2,28.7,95.8,FOREST,RUNWAY,NET_RECOVERY,46202.62,True,True,FIXED_WING,1.0,VTOL,,,,0.064
4350,RESEARCH,23.87,68.2,52.7,74.4,DESERT,RUNWAY,VERTICAL,38269.53,True,True,VTOL,0.8,MULTIROTOR,,,,0.0691
4351,DELIVERY,15.05,36.2,28.4,44.5,RURAL,VERTICAL,VERTICAL,15672.68,True,True,VTOL,0.8,MULTIROTOR,,,,0.0682
4352,SURVEY,2.0,500.0,20.0,60.0,RURAL,VERTICAL,VERTICAL,,True,False,None,,None,,NO_VALID_VEHICLE,No feasible aircraft design solution: Endurance requirement (500.0 min) exceeds battery/fuel energy storage density limit (450.0 min).,0.0377
4353,SURVEY,0.0,30.0,20.0,60.0,RURAL,VERTICAL,VERTICAL,10000.0,False,False,None,,None,,INVALID_REQUIREMENTS,Payload weight must be greater than 0 kg. Provided: 0.0 kg.,0.011
4354,DELIVERY,2.61,46.7,94.8,76.2,RURAL,RUNWAY,PARACHUTE,79631.46,True,True,FIXED_WING,1.0,VTOL,,,,0.07
4355,MAPPING,2.08,137.3,102.3,68.5,RURAL,HAND_LAUNCH,BELLY_LANDING,10479.8,True,True,FIXED_WING,1.0,VTOL,,,,0.0637
4356,INSPECTION,1.01,22.8,2.8,39.9,INDOOR,VERTICAL,VERTICAL,55470.95,True,True,MULTIROTOR,0.8,None,,,,0.0644
4357,SURVEY,2.83,107.5,95.6,70.8,RURAL,VERTICAL,VERTICAL,31701.64,True,True,VTOL,0.95,MULTIROTOR,,,,0.0675
4358,SURVEY,1.0,14.7,1.4,37.2,INDOOR,VERTICAL,VERTICAL,28769.28,True,True,MULTIROTOR,0.8,None,,,,0.0609
4359,CUSTOM,5.15,112.9,60.3,89.6,RURAL,VERTICAL,VERTICAL,55730.14,True,True,VTOL,0.95,MULTIROTOR,,,,0.0644
4360,SURVEY,18.0,280.0,20.0,60.0,RURAL,VERTICAL,VERTICAL,,True,False,None,,None,,NO_VALID_VEHICLE,No feasible aircraft design solution: Combined heavy payload (18.0 kg) and ultra-long endurance (280.0 min) is physically unachievable.,0.037
4361,SURVEY,2.0,500.0,20.0,60.0,RURAL,VERTICAL,VERTICAL,,True,False,None,,None,,NO_VALID_VEHICLE,No feasible aircraft design solution: Endurance requirement (500.0 min) exceeds battery/fuel energy storage density limit (450.0 min).,0.0355
4362,MILITARY,1.73,28.1,6.9,22.6,RURAL,VERTICAL,VERTICAL,31515.94,True,True,MULTIROTOR,0.8,VTOL,,,,0.0616
4363,DELIVERY,1.42,21.6,3.0,33.2,INDOOR,VERTICAL,VERTICAL,71167.12,True,True,MULTIROTOR,0.8,None,,,,0.0622
4364,RESEARCH,13.59,27.5,37.2,51.2,MOUNTAIN,VERTICAL,VERTICAL,57624.31,True,True,VTOL,0.95,MULTIROTOR,,,,0.0627
4365,SURVEY,3.38,24.8,6.0,45.4,RURAL,VERTICAL,VERTICAL,3298.72,True,True,MULTIROTOR,0.8,VTOL,,,,0.0616
4366,SURVEY,25.0,30.0,250.0,60.0,RURAL,VERTICAL,VERTICAL,,True,False,None,,None,,NO_VALID_VEHICLE,No feasible aircraft design solution: Combined heavy payload (25.0 kg) and extended range (250.0 km) exceeds structural MTOW limit.,0.0342
4367,DISASTER_RESPONSE,1.38,21.0,1.1,14.4,INDOOR,VERTICAL,VERTICAL,12294.76,True,True,MULTIROTOR,0.8,None,,,,0.0608
4368,RESEARCH,24.61,20.7,54.0,89.9,DESERT,VERTICAL,RUNWAY,65300.47,True,True,VTOL,0.95,MULTIROTOR,,,,0.0702
4369,SURVEY,18.0,280.0,20.0,60.0,RURAL,VERTICAL,VERTICAL,,True,False,None,,None,,NO_VALID_VEHICLE,No feasible aircraft design solution: Combined heavy payload (18.0 kg) and ultra-long endurance (280.0 min) is physically unachievable.,0.0366
4370,CUSTOM,6.53,59.9,92.2,64.0,MOUNTAIN,VERTICAL,VERTICAL,51817.48,True,True,VTOL,0.95,MULTIROTOR,,,,0.0647
4371,SURVEY,18.0,280.0,20.0,60.0,RURAL,VERTICAL,VERTICAL,,True,False,None,,None,,NO_VALID_VEHICLE,No feasible aircraft design solution: Combined heavy payload (18.0 kg) and ultra-long endurance (280.0 min) is physically unachievable.,0.0425
4372,SURVEY,2.0,500.0,20.0,60.0,RURAL,VERTICAL,VERTICAL,,True,False,None,,None,,NO_VALID_VEHICLE,No feasible aircraft design solution: Endurance requirement (500.0 min) exceeds battery/fuel energy storage density limit (450.0 min).,0.0339
4373,MILITARY,4.2,134.7,49.3,104.1,DESERT,RUNWAY,NET_RECOVERY,45380.42,True,True,FIXED_WING,1.0,VTOL,,,,0.0632
4374,RESEARCH,2.18,21.9,13.5,48.7,RURAL,VERTICAL,VERTICAL,7947.42,True,True,MULTIROTOR,0.8,VTOL,,,,0.0653
4375,SURVEY,2.0,30.0,500.0,60.0,RURAL,VERTICAL,VERTICAL,,True,False,None,,None,Extended range target (500.0 km) approaches maximum battery energy density threshold.,NO_VALID_VEHICLE,No feasible aircraft design solution: Range requirement (500.0 km) exceeds maximum studio envelope limit (450.0 km).,0.0349
4376,SECURITY,8.72,69.7,73.2,44.9,RURAL,VERTICAL,RUNWAY,33920.29,True,True,VTOL,0.95,MULTIROTOR,,,,0.0672
4377,MAPPING,1.28,8.3,3.1,24.7,INDOOR,VERTICAL,VERTICAL,30319.73,True,True,MULTIROTOR,0.8,None,,,,0.0652
4378,RESEARCH,5.26,114.5,65.6,109.6,MOUNTAIN,VERTICAL,VERTICAL,36146.25,True,True,VTOL,0.95,MULTIROTOR,,,,0.0635
4379,SURVEY,2.0,30.0,500.0,60.0,RURAL,VERTICAL,VERTICAL,,True,False,None,,None,Extended range target (500.0 km) approaches maximum battery energy density threshold.,NO_VALID_VEHICLE,No feasible aircraft design solution: Range requirement (500.0 km) exceeds maximum studio envelope limit (450.0 km).,0.0366
4380,SECURITY,10.26,64.3,78.2,44.0,RURAL,VERTICAL,RUNWAY,72463.47,True,True,VTOL,0.95,MULTIROTOR,,,,0.0657
4381,DELIVERY,2.68,88.3,110.1,74.4,DESERT,RUNWAY,PARACHUTE,3035.24,True,True,FIXED_WING,1.0,VTOL,,,,0.0685
4382,SURVEY,2.0,30.0,20.0,350.0,RURAL,VERTICAL,VERTICAL,,True,False,None,,None,,NO_VALID_VEHICLE,No feasible aircraft design solution: Cruise speed requirement (350.0 km/h) exceeds platform dynamic limit (300.0 km/h).,0.0348
4383,SECURITY,14.01,21.9,26.7,69.7,MOUNTAIN,RUNWAY,VERTICAL,55859.15,True,True,VTOL,0.8,MULTIROTOR,,,,0.068
4384,MILITARY,1.33,12.2,3.3,31.4,INDOOR,VERTICAL,VERTICAL,39543.27,True,True,MULTIROTOR,0.8,None,,,,0.0641
4385,SURVEY,2.0,30.0,20.0,350.0,RURAL,VERTICAL,VERTICAL,,True,False,None,,None,,NO_VALID_VEHICLE,No feasible aircraft design solution: Cruise speed requirement (350.0 km/h) exceeds platform dynamic limit (300.0 km/h).,0.0341
4386,DELIVERY,3.24,100.0,43.2,90.6,RURAL,VERTICAL,VERTICAL,43351.2,True,True,VTOL,0.95,MULTIROTOR,,,,0.0678
4387,SURVEY,2.0,500.0,20.0,60.0,RURAL,VERTICAL,VERTICAL,,True,False,None,,None,,NO_VALID_VEHICLE,No feasible aircraft design solution: Endurance requirement (500.0 min) exceeds battery/fuel energy storage density limit (450.0 min).,0.0332
4388,MAPPING,3.61,109.5,72.3,85.3,MOUNTAIN,HAND_LAUNCH,RUNWAY,24562.07,True,True,FIXED_WING,1.0,VTOL,,,,0.0662
4389,MILITARY,24.67,30.9,46.7,86.1,DESERT,RUNWAY,VERTICAL,5101.33,True,True,VTOL,0.8,MULTIROTOR,,,,0.0948
4390,SURVEY,2.12,35.2,10.7,28.1,URBAN,VERTICAL,VERTICAL,70444.9,True,True,MULTIROTOR,0.8,VTOL,,,,0.0683
4391,SURVEY,2.0,500.0,20.0,60.0,RURAL,VERTICAL,VERTICAL,,True,False,None,,None,,NO_VALID_VEHICLE,No feasible aircraft design solution: Endurance requirement (500.0 min) exceeds battery/fuel energy storage density limit (450.0 min).,0.035
4392,DISASTER_RESPONSE,3.92,38.6,2.8,24.2,URBAN,VERTICAL,VERTICAL,12254.07,True,True,MULTIROTOR,0.8,VTOL,,,,0.0631
4393,MAPPING,0.99,14.6,2.6,15.5,INDOOR,VERTICAL,VERTICAL,41803.01,True,True,MULTIROTOR,0.8,None,,,,0.0583
4394,AGRICULTURE,4.08,54.6,64.5,66.0,MOUNTAIN,VERTICAL,VERTICAL,18989.84,True,True,VTOL,0.95,MULTIROTOR,,,,0.0702
4395,DELIVERY,3.95,25.3,14.4,39.1,RURAL,VERTICAL,VERTICAL,54285.57,True,True,MULTIROTOR,0.8,VTOL,,,,0.0638
4396,MAPPING,24.37,70.2,58.1,77.1,MOUNTAIN,RUNWAY,VERTICAL,46772.65,True,True,VTOL,0.8,MULTIROTOR,,,,0.0681
4397,SURVEY,4.42,130.1,101.2,79.3,MOUNTAIN,HAND_LAUNCH,BELLY_LANDING,72215.89,True,True,FIXED_WING,1.0,VTOL,,,,0.0661
4398,CUSTOM,6.75,66.7,130.7,100.2,MARINE,VERTICAL,VERTICAL,54875.71,True,True,VTOL,0.95,MULTIROTOR,,,,0.0647
4399,SURVEY,2.0,30.0,20.0,350.0,RURAL,VERTICAL,VERTICAL,,True,False,None,,None,,NO_VALID_VEHICLE,No feasible aircraft design solution: Cruise speed requirement (350.0 km/h) exceeds platform dynamic limit (300.0 km/h).,0.0353
4400,INSPECTION,6.14,114.3,83.2,102.7,RURAL,VERTICAL,VERTICAL,67724.55,True,True,VTOL,0.95,MULTIROTOR,,,,0.0642
4401,CUSTOM,0.67,15.6,4.5,22.9,INDOOR,VERTICAL,VERTICAL,51794.26,True,True,MULTIROTOR,0.8,None,,,,0.0646
4402,MILITARY,24.28,37.4,65.6,76.3,RURAL,RUNWAY,VERTICAL,43859.04,True,True,VTOL,0.8,MULTIROTOR,,,,0.0637
4403,MAPPING,21.75,58.6,79.9,70.4,DESERT,RUNWAY,VERTICAL,7718.05,True,True,VTOL,0.8,MULTIROTOR,,,,0.0685
4404,DISASTER_RESPONSE,5.18,90.7,137.6,111.8,RURAL,VERTICAL,VERTICAL,71643.64,True,True,VTOL,0.95,MULTIROTOR,,,,0.0629
4405,SURVEY,0.0,30.0,20.0,60.0,RURAL,VERTICAL,VERTICAL,10000.0,False,False,None,,None,,INVALID_REQUIREMENTS,Payload weight must be greater than 0 kg. Provided: 0.0 kg.,0.0083
4406,INSPECTION,2.21,85.5,74.0,79.0,RURAL,HAND_LAUNCH,RUNWAY,75077.74,True,True,VTOL,0.8,MULTIROTOR,,,,0.0674
4407,TRAINING,5.04,30.5,43.7,70.4,RURAL,VERTICAL,VERTICAL,69293.96,True,True,VTOL,0.95,MULTIROTOR,,,,0.0655
4408,DISASTER_RESPONSE,7.88,56.0,96.1,65.2,RURAL,VERTICAL,VERTICAL,12308.2,True,True,VTOL,0.95,MULTIROTOR,,,,0.0623
4409,SURVEY,2.0,500.0,20.0,60.0,RURAL,VERTICAL,VERTICAL,,True,False,None,,None,,NO_VALID_VEHICLE,No feasible aircraft design solution: Endurance requirement (500.0 min) exceeds battery/fuel energy storage density limit (450.0 min).,0.0333
4410,RESEARCH,22.22,62.7,64.0,89.9,DESERT,RUNWAY,RUNWAY,22528.75,True,True,FIXED_WING,1.0,VTOL,,,,0.0674
4411,MILITARY,2.78,34.7,7.8,23.3,URBAN,VERTICAL,VERTICAL,41356.45,True,True,MULTIROTOR,0.8,VTOL,,,,0.067
4412,SURVEY,2.0,500.0,20.0,60.0,RURAL,VERTICAL,VERTICAL,,True,False,None,,None,,NO_VALID_VEHICLE,No feasible aircraft design solution: Endurance requirement (500.0 min) exceeds battery/fuel energy storage density limit (450.0 min).,0.0343
4413,TRAINING,8.45,55.2,71.0,52.4,RURAL,RUNWAY,VERTICAL,53681.74,True,True,VTOL,0.8,MULTIROTOR,,,,0.0739
4414,DELIVERY,7.87,30.5,52.0,116.0,RURAL,VERTICAL,VERTICAL,15601.45,True,True,VTOL,0.95,MULTIROTOR,,,,0.0698
4415,MAPPING,3.78,34.7,3.3,44.0,RURAL,VERTICAL,VERTICAL,58466.29,True,True,MULTIROTOR,0.8,VTOL,,,,0.0612
4416,CUSTOM,0.97,10.4,4.4,24.8,INDOOR,VERTICAL,VERTICAL,33523.12,True,True,MULTIROTOR,0.8,None,,,,0.0599
4417,DISASTER_RESPONSE,14.79,54.0,47.3,83.8,MOUNTAIN,RUNWAY,RUNWAY,55750.41,True,True,FIXED_WING,1.0,VTOL,,,,0.065
4418,DISASTER_RESPONSE,4.66,67.6,25.2,90.7,DESERT,RUNWAY,RUNWAY,38952.05,True,True,FIXED_WING,1.0,VTOL,,,,0.0629
4419,MAPPING,3.75,32.3,8.9,25.2,URBAN,VERTICAL,VERTICAL,63698.36,True,True,MULTIROTOR,0.8,VTOL,,,,0.0622
4420,INSPECTION,0.67,16.3,1.6,28.8,INDOOR,VERTICAL,VERTICAL,21928.5,True,True,MULTIROTOR,0.8,None,,,,0.0584
4421,SURVEY,2.0,30.0,20.0,350.0,RURAL,VERTICAL,VERTICAL,,True,False,None,,None,,NO_VALID_VEHICLE,No feasible aircraft design solution: Cruise speed requirement (350.0 km/h) exceeds platform dynamic limit (300.0 km/h).,0.034
4422,RESEARCH,1.42,33.4,9.0,25.4,URBAN,VERTICAL,VERTICAL,6344.94,True,True,MULTIROTOR,0.8,VTOL,,,,0.0633
4423,TRAINING,3.86,20.0,7.6,37.4,RURAL,VERTICAL,VERTICAL,32759.33,True,True,MULTIROTOR,0.8,VTOL,,,,0.0617
4424,CUSTOM,0.18,12.4,4.9,32.4,INDOOR,VERTICAL,VERTICAL,37057.5,True,True,MULTIROTOR,0.8,None,,,,0.0585
4425,AGRICULTURE,13.23,68.6,50.7,47.7,DESERT,VERTICAL,VERTICAL,9693.52,True,True,VTOL,0.95,MULTIROTOR,,,,0.0686
4426,CUSTOM,24.25,86.6,19.9,79.4,DESERT,VERTICAL,RUNWAY,53686.45,True,True,VTOL,0.7,MULTIROTOR,,,,0.1266
4427,INSPECTION,1.42,20.4,3.4,13.0,INDOOR,VERTICAL,VERTICAL,46600.51,True,True,MULTIROTOR,0.8,None,,,,0.0701
4428,SURVEY,2.0,30.0,20.0,350.0,RURAL,VERTICAL,VERTICAL,,True,False,None,,None,,NO_VALID_VEHICLE,No feasible aircraft design solution: Cruise speed requirement (350.0 km/h) exceeds platform dynamic limit (300.0 km/h).,0.0395
4429,RESEARCH,6.48,32.3,137.7,106.9,MARINE,VERTICAL,VERTICAL,71707.58,True,True,VTOL,0.95,MULTIROTOR,,,,0.0669
4430,SURVEY,17.91,80.2,41.9,51.1,DESERT,RUNWAY,RUNWAY,14299.41,True,True,FIXED_WING,1.0,VTOL,,,,0.0635
4431,MILITARY,7.86,38.8,50.0,94.3,RURAL,VERTICAL,VERTICAL,56955.86,True,True,VTOL,0.95,MULTIROTOR,,,,0.0685
4432,RESEARCH,1.24,18.0,9.8,23.0,RURAL,VERTICAL,VERTICAL,48343.47,True,True,MULTIROTOR,0.8,VTOL,,,,0.0622
4433,RESEARCH,0.45,10.5,4.2,32.2,INDOOR,VERTICAL,VERTICAL,21453.85,True,True,MULTIROTOR,0.8,None,,,,0.0585
4434,MAPPING,0.49,13.5,3.3,33.5,INDOOR,VERTICAL,VERTICAL,48578.07,True,True,MULTIROTOR,0.8,None,,,,0.0633
4435,MAPPING,1.11,51.2,116.0,59.9,FOREST,HAND_LAUNCH,RUNWAY,34863.63,True,True,FIXED_WING,1.0,VTOL,,,,0.0632
4436,SECURITY,11.15,65.4,60.3,75.1,MOUNTAIN,VERTICAL,RUNWAY,16354.65,True,True,VTOL,0.95,MULTIROTOR,,,,0.0632
4437,AGRICULTURE,2.43,147.2,55.3,85.1,MOUNTAIN,RUNWAY,PARACHUTE,69251.4,True,True,FIXED_WING,1.0,VTOL,,,,0.0685
4438,SURVEY,4.49,54.4,103.4,89.9,MARINE,VERTICAL,VERTICAL,19831.62,True,True,VTOL,0.95,MULTIROTOR,,,,0.0703
4439,SECURITY,1.39,31.4,10.5,36.0,RURAL,VERTICAL,VERTICAL,73241.82,True,True,MULTIROTOR,0.8,VTOL,,,,0.064
4440,SECURITY,3.44,77.4,148.9,74.0,MOUNTAIN,VERTICAL,VERTICAL,17680.24,True,True,VTOL,0.95,MULTIROTOR,,,,0.068
4441,SURVEY,2.0,500.0,20.0,60.0,RURAL,VERTICAL,VERTICAL,,True,False,None,,None,,NO_VALID_VEHICLE,No feasible aircraft design solution: Endurance requirement (500.0 min) exceeds battery/fuel energy storage density limit (450.0 min).,0.0365
4442,CUSTOM,6.2,85.3,56.1,87.5,FOREST,VERTICAL,VERTICAL,71892.03,True,True,VTOL,0.95,MULTIROTOR,,,,0.0663
4443,RESEARCH,4.92,125.8,112.4,60.1,MOUNTAIN,HAND_LAUNCH,BELLY_LANDING,48560.64,True,True,FIXED_WING,1.0,VTOL,,,,0.0633
4444,RESEARCH,4.0,51.3,118.8,89.2,FOREST,RUNWAY,PARACHUTE,47691.11,True,True,FIXED_WING,1.0,VTOL,,,,0.0626
4445,SURVEY,6.88,42.3,51.7,94.2,FOREST,VERTICAL,VERTICAL,56933.47,True,True,VTOL,0.95,MULTIROTOR,,,,0.0625
4446,TRAINING,2.84,128.6,75.7,103.4,DESERT,HAND_LAUNCH,PARACHUTE,55836.44,True,True,FIXED_WING,1.0,VTOL,,,,0.063
4447,MILITARY,4.36,33.6,133.3,103.1,MARINE,VERTICAL,VERTICAL,33508.78,True,True,VTOL,0.95,MULTIROTOR,,,,0.0632
4448,INSPECTION,4.18,107.0,99.0,106.1,DESERT,HAND_LAUNCH,PARACHUTE,15375.37,True,True,VTOL,0.8,MULTIROTOR,,,,0.0649
4449,SURVEY,0.0,30.0,20.0,60.0,RURAL,VERTICAL,VERTICAL,10000.0,False,False,None,,None,,INVALID_REQUIREMENTS,Payload weight must be greater than 0 kg. Provided: 0.0 kg.,0.0083
4450,INSPECTION,2.12,20.2,3.2,22.1,URBAN,VERTICAL,VERTICAL,3830.85,True,True,MULTIROTOR,0.8,VTOL,,,,0.0641
4451,TRAINING,1.01,21.5,12.7,46.5,URBAN,VERTICAL,VERTICAL,28538.41,True,True,MULTIROTOR,0.8,VTOL,,,,0.0701
4452,SURVEY,25.0,30.0,250.0,60.0,RURAL,VERTICAL,VERTICAL,,True,False,None,,None,,NO_VALID_VEHICLE,No feasible aircraft design solution: Combined heavy payload (25.0 kg) and extended range (250.0 km) exceeds structural MTOW limit.,0.0349
4453,INSPECTION,3.29,46.8,125.3,71.9,MARINE,VERTICAL,VERTICAL,50278.68,True,True,VTOL,0.95,MULTIROTOR,,,,0.0628
4454,MILITARY,1.76,10.3,11.0,29.2,URBAN,VERTICAL,VERTICAL,58824.76,True,True,MULTIROTOR,0.8,VTOL,,,,0.0623
4455,TRAINING,23.35,71.8,58.4,53.7,MOUNTAIN,VERTICAL,VERTICAL,79997.97,True,True,VTOL,0.95,MULTIROTOR,,,,0.0683
4456,SURVEY,0.0,30.0,20.0,60.0,RURAL,VERTICAL,VERTICAL,10000.0,False,False,None,,None,,INVALID_REQUIREMENTS,Payload weight must be greater than 0 kg. Provided: 0.0 kg.,0.0088
4457,TRAINING,4.67,87.4,53.3,94.4,MOUNTAIN,VERTICAL,VERTICAL,23615.73,True,True,VTOL,0.95,MULTIROTOR,,,,0.076
4458,SECURITY,3.13,50.4,116.2,93.1,MOUNTAIN,HAND_LAUNCH,NET_RECOVERY,71474.13,True,True,FIXED_WING,1.0,VTOL,,,,0.0647
4459,AGRICULTURE,6.8,112.6,118.0,112.7,MOUNTAIN,VERTICAL,VERTICAL,75531.87,True,True,VTOL,0.95,MULTIROTOR,,,,0.0635
4460,SURVEY,2.0,30.0,500.0,60.0,RURAL,VERTICAL,VERTICAL,,True,False,None,,None,Extended range target (500.0 km) approaches maximum battery energy density threshold.,NO_VALID_VEHICLE,No feasible aircraft design solution: Range requirement (500.0 km) exceeds maximum studio envelope limit (450.0 km).,0.0345
4461,MAPPING,15.26,75.6,56.5,70.7,RURAL,VERTICAL,RUNWAY,4005.5,True,True,VTOL,0.95,MULTIROTOR,,,,0.0625
4462,DELIVERY,2.28,110.9,51.5,90.2,MARINE,VERTICAL,VERTICAL,42316.26,True,True,VTOL,0.95,MULTIROTOR,,,,0.0627
4463,SECURITY,4.5,111.2,103.2,105.4,MOUNTAIN,RUNWAY,RUNWAY,6720.86,True,True,FIXED_WING,1.0,VTOL,,,,0.0629
4464,SURVEY,45.0,30.0,20.0,60.0,RURAL,VERTICAL,VERTICAL,,True,False,None,,None,High payload mass (45.0 kg) requires specialized heavy-lift structural airframe.,NO_VALID_VEHICLE,No feasible aircraft design solution: Payload requirement (45.0 kg) exceeds maximum studio envelope limit (35.0 kg).,0.0423
4465,RESEARCH,21.61,52.6,67.7,57.4,RURAL,RUNWAY,VERTICAL,76302.94,True,True,VTOL,0.8,MULTIROTOR,,,,0.067
4466,MAPPING,2.82,114.0,111.8,106.0,DESERT,RUNWAY,BELLY_LANDING,53754.68,True,True,FIXED_WING,1.0,VTOL,,,,0.0658
4467,CUSTOM,1.15,5.3,2.7,38.5,INDOOR,VERTICAL,VERTICAL,47679.62,True,True,MULTIROTOR,0.8,None,,,,0.0638
4468,DELIVERY,0.32,19.6,2.9,39.8,INDOOR,VERTICAL,VERTICAL,35519.3,True,True,MULTIROTOR,0.8,None,,,,0.0619
4469,SURVEY,2.0,30.0,500.0,60.0,RURAL,VERTICAL,VERTICAL,,True,False,None,,None,Extended range target (500.0 km) approaches maximum battery energy density threshold.,NO_VALID_VEHICLE,No feasible aircraft design solution: Range requirement (500.0 km) exceeds maximum studio envelope limit (450.0 km).,0.0343
4470,SECURITY,1.02,23.2,2.7,10.8,INDOOR,VERTICAL,VERTICAL,44984.48,True,True,MULTIROTOR,0.8,None,,,,0.0629
4471,SURVEY,18.0,280.0,20.0,60.0,RURAL,VERTICAL,VERTICAL,,True,False,None,,None,,NO_VALID_VEHICLE,No feasible aircraft design solution: Combined heavy payload (18.0 kg) and ultra-long endurance (280.0 min) is physically unachievable.,0.0348
4472,DELIVERY,0.59,5.7,4.4,21.8,INDOOR,VERTICAL,VERTICAL,38519.15,True,True,MULTIROTOR,0.8,None,,,,0.0586
4473,SURVEY,3.15,118.4,32.1,100.4,RURAL,VERTICAL,VERTICAL,48953.97,True,True,VTOL,0.95,MULTIROTOR,,,,0.0649
4474,INSPECTION,11.68,61.2,68.8,75.8,MOUNTAIN,RUNWAY,VERTICAL,57133.24,True,True,VTOL,0.8,MULTIROTOR,,,,0.0675
4475,MILITARY,3.51,108.3,81.1,64.9,MARINE,VERTICAL,VERTICAL,66706.18,True,True,VTOL,0.95,MULTIROTOR,,,,0.0685
4476,INSPECTION,1.12,52.8,111.6,74.5,FOREST,CATAPULT,NET_RECOVERY,79913.9,True,True,VTOL,0.8,MULTIROTOR,,,,0.0678
4477,DELIVERY,5.02,57.0,131.6,62.3,MOUNTAIN,VERTICAL,VERTICAL,47030.69,True,True,VTOL,0.95,MULTIROTOR,,,,0.0689
4478,SURVEY,18.0,280.0,20.0,60.0,RURAL,VERTICAL,VERTICAL,,True,False,None,,None,,NO_VALID_VEHICLE,No feasible aircraft design solution: Combined heavy payload (18.0 kg) and ultra-long endurance (280.0 min) is physically unachievable.,0.035
4479,SECURITY,1.42,5.7,5.0,22.7,INDOOR,VERTICAL,VERTICAL,42709.65,True,True,MULTIROTOR,0.8,None,,,,0.0627
4480,RESEARCH,21.43,49.4,74.1,62.3,DESERT,RUNWAY,RUNWAY,69595.03,True,True,FIXED_WING,1.0,VTOL,,,,0.0635
4481,CUSTOM,0.84,11.8,1.2,24.2,INDOOR,VERTICAL,VERTICAL,22454.92,True,True,MULTIROTOR,0.8,None,,,,0.059
4482,SURVEY,3.0,30.0,20.0,60.0,RURAL,VERTICAL,VERTICAL,-100.0,False,False,None,,None,,INVALID_REQUIREMENTS,Financial budget must be greater than $0 if specified. Provided: $-100.0.,0.0081
4483,INSPECTION,6.35,117.2,51.4,106.4,MOUNTAIN,VERTICAL,VERTICAL,21481.92,True,True,VTOL,0.95,MULTIROTOR,,,,0.0632
4484,INSPECTION,5.34,81.7,83.5,79.9,FOREST,VERTICAL,VERTICAL,40564.42,True,True,VTOL,0.95,MULTIROTOR,,,,0.063
4485,CUSTOM,2.58,78.9,87.9,82.7,MOUNTAIN,VERTICAL,VERTICAL,63382.62,True,True,VTOL,0.95,MULTIROTOR,,,,0.063
4486,SURVEY,0.99,38.8,9.0,32.5,URBAN,VERTICAL,VERTICAL,60460.29,True,True,MULTIROTOR,0.8,VTOL,,,,0.0616
4487,DELIVERY,0.69,17.7,4.4,32.2,INDOOR,VERTICAL,VERTICAL,30952.45,True,True,MULTIROTOR,0.8,None,,,,0.0604
4488,TRAINING,0.51,16.1,3.3,10.2,INDOOR,VERTICAL,VERTICAL,78270.66,True,True,MULTIROTOR,0.8,None,,,,0.0587
4489,MAPPING,3.13,26.3,5.8,20.9,URBAN,VERTICAL,VERTICAL,10790.56,True,True,MULTIROTOR,0.8,VTOL,,,,0.0664
4490,MAPPING,12.68,85.1,17.3,53.9,MOUNTAIN,RUNWAY,RUNWAY,19461.77,True,True,FIXED_WING,1.0,VTOL,,,,0.0644
4491,TRAINING,24.88,73.2,79.5,74.6,RURAL,VERTICAL,VERTICAL,14880.74,True,True,VTOL,0.95,MULTIROTOR,,,,0.0693
4492,RESEARCH,0.97,21.9,4.8,23.9,INDOOR,VERTICAL,VERTICAL,55137.41,True,True,MULTIROTOR,0.8,None,,,,0.0612
4493,SURVEY,2.0,500.0,20.0,60.0,RURAL,VERTICAL,VERTICAL,,True,False,None,,None,,NO_VALID_VEHICLE,No feasible aircraft design solution: Endurance requirement (500.0 min) exceeds battery/fuel energy storage density limit (450.0 min).,0.0338
4494,TRAINING,3.82,29.4,13.7,29.2,URBAN,VERTICAL,VERTICAL,38663.76,True,True,MULTIROTOR,0.8,VTOL,,,,0.0613
4495,DISASTER_RESPONSE,3.03,80.6,82.2,84.1,RURAL,VERTICAL,VERTICAL,65096.12,True,True,VTOL,0.95,MULTIROTOR,,,,0.0626
4496,SURVEY,0.89,31.2,2.2,48.7,RURAL,VERTICAL,VERTICAL,2853.76,True,True,MULTIROTOR,0.8,VTOL,,,,0.0617
4497,SECURITY,2.41,148.9,103.7,56.8,DESERT,HAND_LAUNCH,BELLY_LANDING,68240.3,True,True,FIXED_WING,1.0,VTOL,,,,0.1182
4498,SECURITY,1.06,8.7,1.0,35.7,INDOOR,VERTICAL,VERTICAL,17357.11,True,True,MULTIROTOR,0.8,None,,,,0.0674
4499,SECURITY,0.79,22.9,1.2,20.5,INDOOR,VERTICAL,VERTICAL,75441.0,True,True,MULTIROTOR,0.8,None,,,,0.3728
4500,INSPECTION,0.92,8.5,4.7,11.0,INDOOR,VERTICAL,VERTICAL,16657.38,True,True,MULTIROTOR,0.8,None,,,,0.1108
4501,SURVEY,3.0,-10.0,20.0,60.0,RURAL,VERTICAL,VERTICAL,10000.0,False,False,None,,None,,INVALID_REQUIREMENTS,Target flight time must be greater than 0 minutes. Provided: -10.0 min.,0.0137
4502,SURVEY,45.0,30.0,20.0,60.0,RURAL,VERTICAL,VERTICAL,,True,False,None,,None,High payload mass (45.0 kg) requires specialized heavy-lift structural airframe.,NO_VALID_VEHICLE,No feasible aircraft design solution: Payload requirement (45.0 kg) exceeds maximum studio envelope limit (35.0 kg).,0.05
4503,INSPECTION,7.28,36.1,45.4,82.0,MARINE,VERTICAL,VERTICAL,73989.69,True,True,VTOL,0.95,MULTIROTOR,,,,0.2741
4504,DISASTER_RESPONSE,19.77,85.1,78.9,57.1,DESERT,RUNWAY,RUNWAY,65307.73,True,True,FIXED_WING,1.0,VTOL,,,,0.1252
4505,DISASTER_RESPONSE,4.73,113.6,67.2,61.8,RURAL,RUNWAY,PARACHUTE,50107.6,True,True,FIXED_WING,1.0,VTOL,,,,0.0914
4506,MILITARY,2.4,33.8,6.5,43.2,URBAN,VERTICAL,VERTICAL,4222.3,True,True,MULTIROTOR,0.8,VTOL,,,,0.0704
4507,SURVEY,2.0,30.0,20.0,350.0,RURAL,VERTICAL,VERTICAL,,True,False,None,,None,,NO_VALID_VEHICLE,No feasible aircraft design solution: Cruise speed requirement (350.0 km/h) exceeds platform dynamic limit (300.0 km/h).,0.0392
4508,TRAINING,3.98,88.7,53.9,92.0,FOREST,RUNWAY,NET_RECOVERY,59270.08,True,True,FIXED_WING,1.0,VTOL,,,,0.0688
4509,DELIVERY,0.96,8.0,1.7,24.8,INDOOR,VERTICAL,VERTICAL,79534.84,True,True,MULTIROTOR,0.8,None,,,,0.0718
4510,TRAINING,1.29,32.5,14.2,42.6,URBAN,VERTICAL,VERTICAL,19346.3,True,True,MULTIROTOR,0.8,VTOL,,,,0.0711
4511,SURVEY,45.0,30.0,20.0,60.0,RURAL,VERTICAL,VERTICAL,,True,False,None,,None,High payload mass (45.0 kg) requires specialized heavy-lift structural airframe.,NO_VALID_VEHICLE,No feasible aircraft design solution: Payload requirement (45.0 kg) exceeds maximum studio envelope limit (35.0 kg).,0.0399
4512,SECURITY,6.15,56.7,112.6,104.5,FOREST,VERTICAL,VERTICAL,24402.86,True,True,VTOL,0.95,MULTIROTOR,,,,0.0668
4513,TRAINING,1.3,25.2,9.7,23.3,RURAL,VERTICAL,VERTICAL,69686.05,True,True,MULTIROTOR,0.8,VTOL,,,,0.0683
4514,RESEARCH,1.77,76.9,70.5,66.2,FOREST,CATAPULT,RUNWAY,39160.77,True,True,FIXED_WING,1.0,VTOL,,,,0.0719
4515,AGRICULTURE,3.46,19.5,7.3,38.7,RURAL,VERTICAL,VERTICAL,61046.92,True,True,MULTIROTOR,0.8,VTOL,,,,0.066
4516,SURVEY,18.0,280.0,20.0,60.0,RURAL,VERTICAL,VERTICAL,,True,False,None,,None,,NO_VALID_VEHICLE,No feasible aircraft design solution: Combined heavy payload (18.0 kg) and ultra-long endurance (280.0 min) is physically unachievable.,0.0376
4517,SURVEY,2.0,30.0,500.0,60.0,RURAL,VERTICAL,VERTICAL,,True,False,None,,None,Extended range target (500.0 km) approaches maximum battery energy density threshold.,NO_VALID_VEHICLE,No feasible aircraft design solution: Range requirement (500.0 km) exceeds maximum studio envelope limit (450.0 km).,0.0549
4518,SECURITY,4.44,66.6,94.6,71.6,MOUNTAIN,VERTICAL,VERTICAL,14186.04,True,True,VTOL,0.95,MULTIROTOR,,,,0.0691
4519,DELIVERY,6.45,76.9,82.3,107.8,MOUNTAIN,VERTICAL,VERTICAL,61465.9,True,True,VTOL,0.95,MULTIROTOR,,,,0.0686
4520,SURVEY,5.22,76.0,48.9,68.2,FOREST,VERTICAL,VERTICAL,37134.41,True,True,VTOL,0.95,MULTIROTOR,,,,0.0675
4521,SURVEY,0.24,14.5,4.7,38.7,INDOOR,VERTICAL,VERTICAL,52093.43,True,True,MULTIROTOR,0.8,None,,,,0.0684
4522,MAPPING,4.29,104.3,94.5,65.5,MOUNTAIN,RUNWAY,BELLY_LANDING,21969.69,True,True,FIXED_WING,1.0,VTOL,,,,0.1623
4523,DISASTER_RESPONSE,2.33,108.2,86.0,71.1,MOUNTAIN,HAND_LAUNCH,RUNWAY,45200.39,True,True,FIXED_WING,1.0,VTOL,,,,0.1303
4524,INSPECTION,24.18,88.9,61.8,62.5,MOUNTAIN,RUNWAY,VERTICAL,27418.11,True,True,VTOL,0.8,MULTIROTOR,,,,0.0761
4525,TRAINING,7.1,38.3,42.8,82.9,FOREST,VERTICAL,VERTICAL,45822.73,True,True,VTOL,0.95,MULTIROTOR,,,,0.0684
4526,TRAINING,20.19,45.2,32.8,54.1,DESERT,RUNWAY,RUNWAY,63976.82,True,True,FIXED_WING,1.0,VTOL,,,,0.0682
4527,RESEARCH,10.82,42.9,76.2,56.2,RURAL,VERTICAL,RUNWAY,26909.15,True,True,VTOL,0.95,MULTIROTOR,,,,0.0703
4528,SURVEY,14.15,53.1,27.5,80.8,DESERT,RUNWAY,RUNWAY,71267.37,True,True,FIXED_WING,0.85,VTOL,,,,0.0728
4529,TRAINING,4.72,62.1,42.4,77.5,MOUNTAIN,CATAPULT,PARACHUTE,78705.86,True,True,FIXED_WING,1.0,VTOL,,,,0.0753
4530,AGRICULTURE,3.17,24.2,9.6,32.3,URBAN,VERTICAL,VERTICAL,30302.16,True,True,MULTIROTOR,0.8,VTOL,,,,0.0683
4531,INSPECTION,0.82,10.4,1.6,35.3,INDOOR,VERTICAL,VERTICAL,18574.96,True,True,MULTIROTOR,0.8,None,,,,0.0713
4532,CUSTOM,0.61,25.6,12.7,48.3,RURAL,VERTICAL,VERTICAL,71791.02,True,True,MULTIROTOR,0.8,VTOL,,,,0.0694
4533,SURVEY,2.0,30.0,500.0,60.0,RURAL,VERTICAL,VERTICAL,,True,False,None,,None,Extended range target (500.0 km) approaches maximum battery energy density threshold.,NO_VALID_VEHICLE,No feasible aircraft design solution: Range requirement (500.0 km) exceeds maximum studio envelope limit (450.0 km).,0.0403
4534,AGRICULTURE,3.45,38.7,5.1,34.6,RURAL,VERTICAL,VERTICAL,79919.31,True,True,MULTIROTOR,0.8,VTOL,,,,0.0643
4535,DELIVERY,6.67,98.1,70.8,93.0,FOREST,VERTICAL,VERTICAL,73233.09,True,True,VTOL,0.95,MULTIROTOR,,,,0.0661
4536,RESEARCH,18.05,77.6,74.8,70.5,MOUNTAIN,RUNWAY,VERTICAL,70031.89,True,True,VTOL,0.8,MULTIROTOR,,,,0.0677
4537,SECURITY,1.03,22.7,3.0,49.3,RURAL,VERTICAL,VERTICAL,49935.96,True,True,MULTIROTOR,0.8,VTOL,,,,0.0692
4538,MAPPING,1.27,11.3,4.6,12.0,INDOOR,VERTICAL,VERTICAL,36023.74,True,True,MULTIROTOR,0.8,None,,,,0.0614
4539,SURVEY,3.0,30.0,-5.0,60.0,RURAL,VERTICAL,VERTICAL,10000.0,False,False,None,,None,,INVALID_REQUIREMENTS,Target range must be greater than 0 km. Provided: -5.0 km.,0.0232
4540,DELIVERY,1.44,6.5,4.8,29.5,INDOOR,VERTICAL,VERTICAL,55388.21,True,True,MULTIROTOR,0.8,None,,,,0.0636
4541,INSPECTION,3.74,90.1,29.5,78.9,FOREST,HAND_LAUNCH,NET_RECOVERY,58202.49,True,True,VTOL,0.8,MULTIROTOR,,,,0.0699
4542,AGRICULTURE,3.24,79.6,60.8,53.2,FOREST,HAND_LAUNCH,RUNWAY,78983.17,True,True,FIXED_WING,1.0,VTOL,,,,0.0688
4543,RESEARCH,2.23,70.9,40.8,70.5,FOREST,RUNWAY,NET_RECOVERY,52783.39,True,True,FIXED_WING,1.0,VTOL,,,,0.074
4544,INSPECTION,1.73,31.1,5.5,35.1,RURAL,VERTICAL,VERTICAL,26356.52,True,True,MULTIROTOR,0.8,VTOL,,,,0.0791
4545,SURVEY,3.0,-10.0,20.0,60.0,RURAL,VERTICAL,VERTICAL,10000.0,False,False,None,,None,,INVALID_REQUIREMENTS,Target flight time must be greater than 0 minutes. Provided: -10.0 min.,0.009
4546,TRAINING,13.59,20.8,60.7,54.1,DESERT,VERTICAL,VERTICAL,54746.38,True,True,VTOL,0.95,MULTIROTOR,,,,0.0725
4547,SURVEY,2.0,30.0,500.0,60.0,RURAL,VERTICAL,VERTICAL,,True,False,None,,None,Extended range target (500.0 km) approaches maximum battery energy density threshold.,NO_VALID_VEHICLE,No feasible aircraft design solution: Range requirement (500.0 km) exceeds maximum studio envelope limit (450.0 km).,0.0391
4548,DELIVERY,0.86,12.3,2.0,21.6,INDOOR,VERTICAL,VERTICAL,5022.55,True,True,MULTIROTOR,0.8,None,,,,0.0639
4549,TRAINING,1.59,67.2,78.9,70.2,MOUNTAIN,RUNWAY,NET_RECOVERY,40091.87,True,True,FIXED_WING,1.0,VTOL,,,,0.0695
4550,SURVEY,2.0,500.0,20.0,60.0,RURAL,VERTICAL,VERTICAL,,True,False,None,,None,,NO_VALID_VEHICLE,No feasible aircraft design solution: Endurance requirement (500.0 min) exceeds battery/fuel energy storage density limit (450.0 min).,0.0375
4551,SURVEY,18.0,280.0,20.0,60.0,RURAL,VERTICAL,VERTICAL,,True,False,None,,None,,NO_VALID_VEHICLE,No feasible aircraft design solution: Combined heavy payload (18.0 kg) and ultra-long endurance (280.0 min) is physically unachievable.,0.0373
4552,SURVEY,25.0,30.0,250.0,60.0,RURAL,VERTICAL,VERTICAL,,True,False,None,,None,,NO_VALID_VEHICLE,No feasible aircraft design solution: Combined heavy payload (25.0 kg) and extended range (250.0 km) exceeds structural MTOW limit.,0.0377
4553,MAPPING,17.06,82.2,33.5,68.0,DESERT,VERTICAL,VERTICAL,47091.22,True,True,VTOL,0.95,MULTIROTOR,,,,0.0732
4554,DISASTER_RESPONSE,16.68,87.8,35.3,55.6,RURAL,RUNWAY,RUNWAY,72925.44,True,True,FIXED_WING,1.0,VTOL,,,,0.0686
4555,RESEARCH,1.46,109.0,38.7,64.7,FOREST,CATAPULT,PARACHUTE,67551.31,True,True,FIXED_WING,1.0,VTOL,,,,0.1552
4556,SURVEY,2.0,30.0,500.0,60.0,RURAL,VERTICAL,VERTICAL,,True,False,None,,None,Extended range target (500.0 km) approaches maximum battery energy density threshold.,NO_VALID_VEHICLE,No feasible aircraft design solution: Range requirement (500.0 km) exceeds maximum studio envelope limit (450.0 km).,0.0853
4557,SURVEY,25.0,30.0,250.0,60.0,RURAL,VERTICAL,VERTICAL,,True,False,None,,None,,NO_VALID_VEHICLE,No feasible aircraft design solution: Combined heavy payload (25.0 kg) and extended range (250.0 km) exceeds structural MTOW limit.,0.0442
4558,MAPPING,3.36,117.4,39.1,87.3,FOREST,VERTICAL,VERTICAL,78701.29,True,True,VTOL,0.95,MULTIROTOR,,,,0.0945
4559,TRAINING,5.04,57.4,120.8,83.9,MARINE,VERTICAL,VERTICAL,19963.38,True,True,VTOL,0.95,MULTIROTOR,,,,0.0749
4560,AGRICULTURE,0.4,13.0,1.4,19.5,INDOOR,VERTICAL,VERTICAL,56088.52,True,True,MULTIROTOR,0.8,None,,,,0.0692
4561,DELIVERY,21.78,84.6,42.1,77.9,DESERT,RUNWAY,RUNWAY,36739.83,True,True,FIXED_WING,1.0,VTOL,,,,0.0733
4562,MILITARY,0.83,24.6,3.6,14.6,INDOOR,VERTICAL,VERTICAL,45698.49,True,True,MULTIROTOR,0.8,None,,,,0.0816
4563,SURVEY,18.0,280.0,20.0,60.0,RURAL,VERTICAL,VERTICAL,,True,False,None,,None,,NO_VALID_VEHICLE,No feasible aircraft design solution: Combined heavy payload (18.0 kg) and ultra-long endurance (280.0 min) is physically unachievable.,0.0419
4564,MAPPING,8.61,56.8,60.2,48.4,DESERT,RUNWAY,RUNWAY,29355.27,True,True,FIXED_WING,1.0,VTOL,,,,0.0798
4565,MAPPING,1.29,23.8,14.9,40.5,URBAN,VERTICAL,VERTICAL,30722.54,True,True,MULTIROTOR,0.8,VTOL,,,,0.0818
4566,MILITARY,3.76,116.8,80.8,118.6,FOREST,VERTICAL,VERTICAL,54767.27,True,True,VTOL,0.95,MULTIROTOR,,,,0.0782
4567,INSPECTION,1.28,26.1,5.3,46.2,RURAL,VERTICAL,VERTICAL,43993.58,True,True,MULTIROTOR,0.8,VTOL,,,,0.1009
4568,AGRICULTURE,4.79,91.2,54.5,54.0,DESERT,CATAPULT,PARACHUTE,3543.46,True,True,FIXED_WING,1.0,VTOL,,,,0.0855
4569,SECURITY,3.95,28.0,10.3,49.2,RURAL,VERTICAL,VERTICAL,22926.62,True,True,MULTIROTOR,0.8,VTOL,,,,0.0818
4570,TRAINING,6.9,111.4,75.5,102.2,MOUNTAIN,VERTICAL,VERTICAL,66456.6,True,True,VTOL,0.95,MULTIROTOR,,,,0.0975
4571,RESEARCH,1.1,16.5,0.5,17.6,INDOOR,VERTICAL,VERTICAL,63008.96,True,True,MULTIROTOR,0.8,None,,,,0.0895
4572,MILITARY,12.34,54.4,54.8,41.9,RURAL,RUNWAY,VERTICAL,14211.14,True,True,VTOL,0.8,MULTIROTOR,,,,0.0795
4573,SURVEY,25.0,30.0,250.0,60.0,RURAL,VERTICAL,VERTICAL,,True,False,None,,None,,NO_VALID_VEHICLE,No feasible aircraft design solution: Combined heavy payload (25.0 kg) and extended range (250.0 km) exceeds structural MTOW limit.,0.0413
4574,SURVEY,3.0,30.0,-5.0,60.0,RURAL,VERTICAL,VERTICAL,10000.0,False,False,None,,None,,INVALID_REQUIREMENTS,Target range must be greater than 0 km. Provided: -5.0 km.,0.0115
4575,SURVEY,2.0,30.0,20.0,350.0,RURAL,VERTICAL,VERTICAL,,True,False,None,,None,,NO_VALID_VEHICLE,No feasible aircraft design solution: Cruise speed requirement (350.0 km/h) exceeds platform dynamic limit (300.0 km/h).,0.0702
4576,SURVEY,3.0,30.0,20.0,0.0,RURAL,VERTICAL,VERTICAL,10000.0,False,False,None,,None,,INVALID_REQUIREMENTS,Cruise speed must be greater than 0 km/h. Provided: 0.0 km/h.,0.0104
4577,MAPPING,2.8,18.1,13.9,21.2,URBAN,VERTICAL,VERTICAL,61170.95,True,True,MULTIROTOR,0.8,VTOL,,,,0.0913
4578,SURVEY,45.0,30.0,20.0,60.0,RURAL,VERTICAL,VERTICAL,,True,False,None,,None,High payload mass (45.0 kg) requires specialized heavy-lift structural airframe.,NO_VALID_VEHICLE,No feasible aircraft design solution: Payload requirement (45.0 kg) exceeds maximum studio envelope limit (35.0 kg).,0.0445
4579,DELIVERY,7.28,106.9,115.4,60.0,FOREST,VERTICAL,VERTICAL,40617.52,True,True,VTOL,0.95,MULTIROTOR,,,,0.1793
4580,SECURITY,2.2,11.7,11.6,27.7,URBAN,VERTICAL,VERTICAL,18751.17,True,True,MULTIROTOR,0.8,VTOL,,,,0.0879
4581,MAPPING,2.73,76.3,58.9,73.5,MOUNTAIN,CATAPULT,RUNWAY,47675.41,True,True,FIXED_WING,1.0,VTOL,,,,0.2141
4582,MAPPING,1.33,18.8,2.2,19.6,INDOOR,VERTICAL,VERTICAL,50017.73,True,True,MULTIROTOR,0.8,None,,,,0.103
4583,MILITARY,2.22,25.3,12.7,49.9,URBAN,VERTICAL,VERTICAL,54873.8,True,True,MULTIROTOR,0.8,VTOL,,,,0.0806
4584,SURVEY,2.0,30.0,20.0,350.0,RURAL,VERTICAL,VERTICAL,,True,False,None,,None,,NO_VALID_VEHICLE,No feasible aircraft design solution: Cruise speed requirement (350.0 km/h) exceeds platform dynamic limit (300.0 km/h).,0.0455
4585,CUSTOM,1.32,15.6,1.2,14.3,INDOOR,VERTICAL,VERTICAL,61135.27,True,True,MULTIROTOR,0.8,None,,,,0.0908
4586,DELIVERY,0.71,18.5,2.1,18.7,INDOOR,VERTICAL,VERTICAL,60151.88,True,True,MULTIROTOR,0.8,None,,,,0.0703
4587,RESEARCH,2.86,16.3,12.2,35.1,URBAN,VERTICAL,VERTICAL,64485.98,True,True,MULTIROTOR,0.8,VTOL,,,,0.0771
4588,SECURITY,3.02,75.3,52.8,92.1,MARINE,VERTICAL,VERTICAL,72116.66,True,True,VTOL,0.95,MULTIROTOR,,,,0.0796
4589,SURVEY,2.0,30.0,500.0,60.0,RURAL,VERTICAL,VERTICAL,,True,False,None,,None,Extended range target (500.0 km) approaches maximum battery energy density threshold.,NO_VALID_VEHICLE,No feasible aircraft design solution: Range requirement (500.0 km) exceeds maximum studio envelope limit (450.0 km).,0.0638
4590,TRAINING,2.3,121.1,100.3,108.5,MOUNTAIN,CATAPULT,RUNWAY,35821.09,True,True,FIXED_WING,1.0,VTOL,,,,0.0781
4591,SURVEY,18.0,280.0,20.0,60.0,RURAL,VERTICAL,VERTICAL,,True,False,None,,None,,NO_VALID_VEHICLE,No feasible aircraft design solution: Combined heavy payload (18.0 kg) and ultra-long endurance (280.0 min) is physically unachievable.,0.0423
4592,MAPPING,3.9,22.1,9.7,27.8,RURAL,VERTICAL,VERTICAL,22803.07,True,True,MULTIROTOR,0.8,VTOL,,,,0.0833
4593,MILITARY,18.75,88.8,50.5,40.3,MOUNTAIN,VERTICAL,VERTICAL,6532.98,True,True,VTOL,0.95,MULTIROTOR,,,,0.0869
4594,RESEARCH,6.8,62.1,59.4,117.1,MARINE,VERTICAL,VERTICAL,12262.58,True,True,VTOL,0.95,MULTIROTOR,,,,0.1057
4595,TRAINING,6.4,51.5,127.8,96.9,MARINE,VERTICAL,VERTICAL,32007.7,True,True,VTOL,0.95,MULTIROTOR,,,,0.0902
4596,MAPPING,0.64,38.4,13.7,44.9,RURAL,VERTICAL,VERTICAL,61934.24,True,True,MULTIROTOR,0.8,VTOL,,,,0.0639
4597,SECURITY,3.35,13.4,8.2,36.7,RURAL,VERTICAL,VERTICAL,28660.71,True,True,MULTIROTOR,0.8,VTOL,,,,0.0714
4598,MAPPING,2.71,108.5,79.9,54.8,FOREST,RUNWAY,BELLY_LANDING,58632.84,True,True,FIXED_WING,1.0,VTOL,,,,0.0738
4599,TRAINING,4.41,87.2,34.8,66.8,DESERT,HAND_LAUNCH,PARACHUTE,8452.65,True,True,FIXED_WING,1.0,VTOL,,,,0.0697
4600,INSPECTION,2.61,135.6,55.9,92.9,RURAL,RUNWAY,NET_RECOVERY,9777.33,True,True,VTOL,0.8,MULTIROTOR,,,,0.0695
4601,RESEARCH,22.8,53.1,60.3,85.8,MOUNTAIN,RUNWAY,RUNWAY,62686.01,True,True,FIXED_WING,1.0,VTOL,,,,0.0669
4602,INSPECTION,5.79,107.7,110.0,106.1,MARINE,VERTICAL,VERTICAL,39779.13,True,True,VTOL,0.95,MULTIROTOR,,,,0.0641
4603,MILITARY,0.24,5.6,0.7,14.1,INDOOR,VERTICAL,VERTICAL,24694.02,True,True,MULTIROTOR,0.8,None,,,,0.0588
4604,TRAINING,4.08,55.7,123.1,99.2,RURAL,VERTICAL,VERTICAL,34528.45,True,True,VTOL,0.95,MULTIROTOR,,,,0.0629
4605,DELIVERY,2.09,33.8,132.5,112.5,FOREST,VERTICAL,VERTICAL,46612.64,True,True,VTOL,0.95,MULTIROTOR,,,,0.0677
4606,MAPPING,3.96,108.1,119.3,83.2,MOUNTAIN,HAND_LAUNCH,PARACHUTE,10089.37,True,True,FIXED_WING,1.0,VTOL,,,,0.0647
4607,SURVEY,2.0,30.0,20.0,350.0,RURAL,VERTICAL,VERTICAL,,True,False,None,,None,,NO_VALID_VEHICLE,No feasible aircraft design solution: Cruise speed requirement (350.0 km/h) exceeds platform dynamic limit (300.0 km/h).,0.0357
4608,TRAINING,3.25,98.6,141.5,61.2,FOREST,VERTICAL,VERTICAL,5037.72,True,True,VTOL,0.95,MULTIROTOR,,,,0.0627
4609,DISASTER_RESPONSE,1.7,18.2,14.6,27.9,URBAN,VERTICAL,VERTICAL,7041.94,True,True,MULTIROTOR,0.8,VTOL,,,,0.0657
4610,SURVEY,2.0,30.0,500.0,60.0,RURAL,VERTICAL,VERTICAL,,True,False,None,,None,Extended range target (500.0 km) approaches maximum battery energy density threshold.,NO_VALID_VEHICLE,No feasible aircraft design solution: Range requirement (500.0 km) exceeds maximum studio envelope limit (450.0 km).,0.0368
4611,SURVEY,45.0,30.0,20.0,60.0,RURAL,VERTICAL,VERTICAL,,True,False,None,,None,High payload mass (45.0 kg) requires specialized heavy-lift structural airframe.,NO_VALID_VEHICLE,No feasible aircraft design solution: Payload requirement (45.0 kg) exceeds maximum studio envelope limit (35.0 kg).,0.0364
4612,SURVEY,0.9,23.7,0.7,12.8,INDOOR,VERTICAL,VERTICAL,15752.87,True,True,MULTIROTOR,0.8,None,,,,0.0585
4613,SURVEY,2.0,500.0,20.0,60.0,RURAL,VERTICAL,VERTICAL,,True,False,None,,None,,NO_VALID_VEHICLE,No feasible aircraft design solution: Endurance requirement (500.0 min) exceeds battery/fuel energy storage density limit (450.0 min).,0.0341
4614,SURVEY,2.0,30.0,500.0,60.0,RURAL,VERTICAL,VERTICAL,,True,False,None,,None,Extended range target (500.0 km) approaches maximum battery energy density threshold.,NO_VALID_VEHICLE,No feasible aircraft design solution: Range requirement (500.0 km) exceeds maximum studio envelope limit (450.0 km).,0.0328
4615,SURVEY,4.2,60.2,73.0,90.7,MOUNTAIN,VERTICAL,VERTICAL,55795.72,True,True,VTOL,0.95,MULTIROTOR,,,,0.0628
4616,SURVEY,16.99,62.1,79.4,42.6,RURAL,RUNWAY,VERTICAL,32184.96,True,True,VTOL,0.8,MULTIROTOR,,,,0.0653
4617,MILITARY,1.76,34.2,12.6,47.5,URBAN,VERTICAL,VERTICAL,50657.97,True,True,MULTIROTOR,0.8,VTOL,,,,0.0623
4618,DISASTER_RESPONSE,16.78,80.1,71.5,66.7,MOUNTAIN,VERTICAL,RUNWAY,10018.06,True,True,VTOL,0.95,MULTIROTOR,,,,0.0632
4619,MAPPING,1.3,13.5,2.9,13.0,INDOOR,VERTICAL,VERTICAL,61534.88,True,True,MULTIROTOR,0.8,None,,,,0.0598
4620,DELIVERY,4.42,40.6,103.1,105.7,RURAL,VERTICAL,VERTICAL,51435.84,True,True,VTOL,0.95,MULTIROTOR,,,,0.0658
4621,CUSTOM,22.16,41.9,58.4,83.2,RURAL,RUNWAY,VERTICAL,18233.68,True,True,VTOL,0.8,MULTIROTOR,,,,0.0689
4622,DISASTER_RESPONSE,0.82,16.0,10.5,32.7,RURAL,VERTICAL,VERTICAL,15027.51,True,True,MULTIROTOR,0.8,VTOL,,,,0.0662
4623,DISASTER_RESPONSE,7.17,87.1,145.5,80.9,MOUNTAIN,VERTICAL,VERTICAL,31458.96,True,True,VTOL,0.95,MULTIROTOR,,,,0.0678
4624,MILITARY,4.52,119.1,39.9,94.1,FOREST,VERTICAL,VERTICAL,70334.51,True,True,VTOL,0.95,MULTIROTOR,,,,0.0637
4625,SURVEY,2.0,500.0,20.0,60.0,RURAL,VERTICAL,VERTICAL,,True,False,None,,None,,NO_VALID_VEHICLE,No feasible aircraft design solution: Endurance requirement (500.0 min) exceeds battery/fuel energy storage density limit (450.0 min).,0.0341
4626,SURVEY,18.0,280.0,20.0,60.0,RURAL,VERTICAL,VERTICAL,,True,False,None,,None,,NO_VALID_VEHICLE,No feasible aircraft design solution: Combined heavy payload (18.0 kg) and ultra-long endurance (280.0 min) is physically unachievable.,0.0356
4627,RESEARCH,0.36,24.2,4.0,33.3,INDOOR,VERTICAL,VERTICAL,77528.87,True,True,MULTIROTOR,0.8,None,,,,0.0589
4628,SURVEY,2.0,500.0,20.0,60.0,RURAL,VERTICAL,VERTICAL,,True,False,None,,None,,NO_VALID_VEHICLE,No feasible aircraft design solution: Endurance requirement (500.0 min) exceeds battery/fuel energy storage density limit (450.0 min).,0.034
4629,SURVEY,25.0,30.0,250.0,60.0,RURAL,VERTICAL,VERTICAL,,True,False,None,,None,,NO_VALID_VEHICLE,No feasible aircraft design solution: Combined heavy payload (25.0 kg) and extended range (250.0 km) exceeds structural MTOW limit.,0.0333
4630,SURVEY,25.0,30.0,250.0,60.0,RURAL,VERTICAL,VERTICAL,,True,False,None,,None,,NO_VALID_VEHICLE,No feasible aircraft design solution: Combined heavy payload (25.0 kg) and extended range (250.0 km) exceeds structural MTOW limit.,0.0346
4631,INSPECTION,23.51,43.0,32.5,41.7,DESERT,RUNWAY,VERTICAL,75931.74,True,True,VTOL,0.8,MULTIROTOR,,,,0.0667
4632,SURVEY,2.0,30.0,500.0,60.0,RURAL,VERTICAL,VERTICAL,,True,False,None,,None,Extended range target (500.0 km) approaches maximum battery energy density threshold.,NO_VALID_VEHICLE,No feasible aircraft design solution: Range requirement (500.0 km) exceeds maximum studio envelope limit (450.0 km).,0.0365
4633,DELIVERY,7.04,61.9,128.1,62.9,MARINE,VERTICAL,VERTICAL,72619.5,True,True,VTOL,0.95,MULTIROTOR,,,,0.0644
4634,INSPECTION,4.64,87.2,115.3,98.4,RURAL,HAND_LAUNCH,RUNWAY,74400.3,True,True,VTOL,0.8,MULTIROTOR,,,,0.0673
4635,SURVEY,18.0,280.0,20.0,60.0,RURAL,VERTICAL,VERTICAL,,True,False,None,,None,,NO_VALID_VEHICLE,No feasible aircraft design solution: Combined heavy payload (18.0 kg) and ultra-long endurance (280.0 min) is physically unachievable.,0.0339
4636,MAPPING,2.17,85.0,47.0,68.3,MARINE,VERTICAL,VERTICAL,45247.47,True,True,VTOL,0.95,MULTIROTOR,,,,0.0626
4637,INSPECTION,3.84,62.8,74.2,108.4,MOUNTAIN,HAND_LAUNCH,BELLY_LANDING,19876.28,True,True,VTOL,0.8,MULTIROTOR,,,,0.0678
4638,AGRICULTURE,4.78,63.7,37.7,104.8,MOUNTAIN,HAND_LAUNCH,PARACHUTE,20894.69,True,True,FIXED_WING,1.0,VTOL,,,,0.0633
4639,SURVEY,0.56,8.9,1.0,32.9,INDOOR,VERTICAL,VERTICAL,39583.66,True,True,MULTIROTOR,0.8,None,,,,0.0638
4640,SURVEY,2.0,30.0,500.0,60.0,RURAL,VERTICAL,VERTICAL,,True,False,None,,None,Extended range target (500.0 km) approaches maximum battery energy density threshold.,NO_VALID_VEHICLE,No feasible aircraft design solution: Range requirement (500.0 km) exceeds maximum studio envelope limit (450.0 km).,0.0376
4641,MILITARY,1.41,14.0,8.9,38.6,URBAN,VERTICAL,VERTICAL,22767.6,True,True,MULTIROTOR,0.8,VTOL,,,,0.0611
4642,MAPPING,0.82,22.6,3.1,30.5,INDOOR,VERTICAL,VERTICAL,40885.39,True,True,MULTIROTOR,0.8,None,,,,0.0611
4643,TRAINING,16.0,20.4,25.7,55.8,MOUNTAIN,RUNWAY,RUNWAY,24018.31,True,True,FIXED_WING,0.85,VTOL,,,,0.0635
4644,MILITARY,3.74,58.4,113.8,79.6,MOUNTAIN,HAND_LAUNCH,NET_RECOVERY,72299.62,True,True,FIXED_WING,1.0,VTOL,,,,0.0634
4645,MILITARY,0.61,11.7,2.8,27.4,INDOOR,VERTICAL,VERTICAL,32491.78,True,True,MULTIROTOR,0.8,None,,,,0.0633
4646,SURVEY,5.0,30.0,20.0,60.0,RURAL,VERTICAL,VERTICAL,10000.0,False,False,None,,None,,INVALID_REQUIREMENTS,Maximum takeoff weight limit (3.0 kg) must be greater than payload weight (5.0 kg).,0.0127
4647,DISASTER_RESPONSE,3.04,20.3,4.6,39.2,URBAN,VERTICAL,VERTICAL,12281.3,True,True,MULTIROTOR,0.8,VTOL,,,,0.0665
4648,RESEARCH,2.08,13.7,9.0,43.6,RURAL,VERTICAL,VERTICAL,77091.38,True,True,MULTIROTOR,0.8,VTOL,,,,0.0615
4649,RESEARCH,0.71,33.4,12.5,48.0,RURAL,VERTICAL,VERTICAL,63888.44,True,True,MULTIROTOR,0.8,VTOL,,,,0.0619
4650,DISASTER_RESPONSE,0.77,34.7,5.5,45.8,URBAN,VERTICAL,VERTICAL,23063.18,True,True,MULTIROTOR,0.8,VTOL,,,,0.064
4651,SURVEY,3.0,30.0,20.0,0.0,RURAL,VERTICAL,VERTICAL,10000.0,False,False,None,,None,,INVALID_REQUIREMENTS,Cruise speed must be greater than 0 km/h. Provided: 0.0 km/h.,0.0088
4652,DISASTER_RESPONSE,4.91,87.1,48.2,73.2,FOREST,RUNWAY,BELLY_LANDING,21113.87,True,True,FIXED_WING,1.0,VTOL,,,,0.0654
4653,SECURITY,4.55,51.4,54.6,69.3,MOUNTAIN,RUNWAY,PARACHUTE,20278.45,True,True,FIXED_WING,1.0,VTOL,,,,0.0649
4654,SURVEY,18.0,280.0,20.0,60.0,RURAL,VERTICAL,VERTICAL,,True,False,None,,None,,NO_VALID_VEHICLE,No feasible aircraft design solution: Combined heavy payload (18.0 kg) and ultra-long endurance (280.0 min) is physically unachievable.,0.0358
4655,RESEARCH,5.13,82.7,149.5,92.7,FOREST,VERTICAL,VERTICAL,61618.88,True,True,VTOL,0.95,MULTIROTOR,,,,0.0634
4656,SECURITY,21.05,68.0,15.5,74.6,RURAL,VERTICAL,VERTICAL,37020.29,True,True,VTOL,0.7,MULTIROTOR,,,,0.0631
4657,RESEARCH,2.38,22.4,12.8,25.1,URBAN,VERTICAL,VERTICAL,24147.14,True,True,MULTIROTOR,0.8,VTOL,,,,0.0621
4658,SECURITY,0.8,24.2,4.8,14.9,INDOOR,VERTICAL,VERTICAL,69679.0,True,True,MULTIROTOR,0.8,None,,,,0.0631
4659,AGRICULTURE,1.05,22.2,2.5,17.4,INDOOR,VERTICAL,VERTICAL,29580.46,True,True,MULTIROTOR,0.8,None,,,,0.0614
4660,MAPPING,13.14,24.2,15.0,84.4,RURAL,RUNWAY,VERTICAL,11364.7,True,True,VTOL,0.7,MULTIROTOR,,,,0.0642
4661,SECURITY,0.66,11.7,4.7,33.0,INDOOR,VERTICAL,VERTICAL,12714.36,True,True,MULTIROTOR,0.8,None,,,,0.0607
4662,DELIVERY,1.13,39.1,6.2,30.4,URBAN,VERTICAL,VERTICAL,20872.85,True,True,MULTIROTOR,0.8,VTOL,,,,0.063
4663,MILITARY,7.06,66.4,104.5,65.9,RURAL,VERTICAL,VERTICAL,76802.75,True,True,VTOL,0.95,MULTIROTOR,,,,0.0651
4664,AGRICULTURE,18.06,70.6,34.2,52.6,DESERT,VERTICAL,VERTICAL,2753.64,True,True,VTOL,0.95,MULTIROTOR,,,,0.0635
4665,SURVEY,25.0,30.0,250.0,60.0,RURAL,VERTICAL,VERTICAL,,True,False,None,,None,,NO_VALID_VEHICLE,No feasible aircraft design solution: Combined heavy payload (25.0 kg) and extended range (250.0 km) exceeds structural MTOW limit.,0.0347
4666,DISASTER_RESPONSE,2.8,111.4,107.6,101.8,DESERT,RUNWAY,PARACHUTE,37537.21,True,True,FIXED_WING,1.0,VTOL,,,,0.0632
4667,SURVEY,2.0,30.0,20.0,350.0,RURAL,VERTICAL,VERTICAL,,True,False,None,,None,,NO_VALID_VEHICLE,No feasible aircraft design solution: Cruise speed requirement (350.0 km/h) exceeds platform dynamic limit (300.0 km/h).,0.035
4668,SURVEY,1.47,21.6,4.3,37.1,INDOOR,VERTICAL,VERTICAL,63263.82,True,True,MULTIROTOR,0.8,None,,,,0.0584
4669,SURVEY,4.03,108.3,62.4,107.8,MOUNTAIN,RUNWAY,BELLY_LANDING,44003.22,True,True,FIXED_WING,1.0,VTOL,,,,0.0672
4670,SURVEY,2.0,500.0,20.0,60.0,RURAL,VERTICAL,VERTICAL,,True,False,None,,None,,NO_VALID_VEHICLE,No feasible aircraft design solution: Endurance requirement (500.0 min) exceeds battery/fuel energy storage density limit (450.0 min).,0.0353
4671,TRAINING,10.56,67.3,45.9,81.0,DESERT,VERTICAL,RUNWAY,63532.34,True,True,VTOL,0.95,MULTIROTOR,,,,0.0674
4672,INSPECTION,0.63,7.1,0.7,23.2,INDOOR,VERTICAL,VERTICAL,79193.03,True,True,MULTIROTOR,0.8,None,,,,0.0583
4673,INSPECTION,14.61,33.7,18.2,66.9,MOUNTAIN,RUNWAY,VERTICAL,61442.34,True,True,VTOL,0.7,MULTIROTOR,,,,0.0628
4674,DELIVERY,11.57,84.5,27.0,60.5,MOUNTAIN,RUNWAY,RUNWAY,43137.15,True,True,FIXED_WING,1.0,VTOL,,,,0.0637
4675,MAPPING,0.36,17.0,4.0,12.9,INDOOR,VERTICAL,VERTICAL,60432.43,True,True,MULTIROTOR,0.8,None,,,,0.0587
4676,SURVEY,1.9,64.7,27.8,70.0,DESERT,CATAPULT,NET_RECOVERY,74898.42,True,True,FIXED_WING,1.0,VTOL,,,,0.063
4677,DISASTER_RESPONSE,2.05,35.1,109.1,83.8,RURAL,VERTICAL,VERTICAL,30098.98,True,True,VTOL,0.95,MULTIROTOR,,,,0.0698
4678,MAPPING,1.33,46.2,69.7,77.6,MOUNTAIN,CATAPULT,RUNWAY,49014.75,True,True,FIXED_WING,1.0,VTOL,,,,0.0632
4679,TRAINING,1.2,10.3,3.5,17.3,INDOOR,VERTICAL,VERTICAL,18656.93,True,True,MULTIROTOR,0.8,None,,,,0.0612
4680,SURVEY,2.0,500.0,20.0,60.0,RURAL,VERTICAL,VERTICAL,,True,False,None,,None,,NO_VALID_VEHICLE,No feasible aircraft design solution: Endurance requirement (500.0 min) exceeds battery/fuel energy storage density limit (450.0 min).,0.0352
4681,SURVEY,3.0,30.0,20.0,0.0,RURAL,VERTICAL,VERTICAL,10000.0,False,False,None,,None,,INVALID_REQUIREMENTS,Cruise speed must be greater than 0 km/h. Provided: 0.0 km/h.,0.0078
4682,SURVEY,45.0,30.0,20.0,60.0,RURAL,VERTICAL,VERTICAL,,True,False,None,,None,High payload mass (45.0 kg) requires specialized heavy-lift structural airframe.,NO_VALID_VEHICLE,No feasible aircraft design solution: Payload requirement (45.0 kg) exceeds maximum studio envelope limit (35.0 kg).,0.0352
4683,SURVEY,0.44,17.5,3.3,31.6,INDOOR,VERTICAL,VERTICAL,57581.91,True,True,MULTIROTOR,0.8,None,,,,0.0589
4684,DELIVERY,0.85,14.8,4.0,28.9,INDOOR,VERTICAL,VERTICAL,77138.4,True,True,MULTIROTOR,0.8,None,,,,0.0623
4685,DISASTER_RESPONSE,23.14,76.0,78.5,60.2,DESERT,VERTICAL,RUNWAY,69728.14,True,True,VTOL,0.95,MULTIROTOR,,,,0.0628
4686,SURVEY,45.0,30.0,20.0,60.0,RURAL,VERTICAL,VERTICAL,,True,False,None,,None,High payload mass (45.0 kg) requires specialized heavy-lift structural airframe.,NO_VALID_VEHICLE,No feasible aircraft design solution: Payload requirement (45.0 kg) exceeds maximum studio envelope limit (35.0 kg).,0.0346
4687,DELIVERY,0.81,10.6,1.5,25.7,INDOOR,VERTICAL,VERTICAL,79313.54,True,True,MULTIROTOR,0.8,None,,,,0.0615
4688,AGRICULTURE,4.57,65.1,95.9,85.9,MOUNTAIN,CATAPULT,PARACHUTE,13137.8,True,True,FIXED_WING,1.0,VTOL,,,,0.0628
4689,SECURITY,3.18,49.9,29.9,90.6,DESERT,CATAPULT,PARACHUTE,32955.25,True,True,FIXED_WING,0.85,VTOL,,,,0.0628
4690,AGRICULTURE,2.97,40.0,7.8,49.4,RURAL,VERTICAL,VERTICAL,78177.27,True,True,MULTIROTOR,0.8,VTOL,,,,0.0617
4691,RESEARCH,4.06,108.7,72.9,69.3,RURAL,RUNWAY,PARACHUTE,9946.69,True,True,FIXED_WING,1.0,VTOL,,,,0.0631
4692,INSPECTION,0.17,7.3,0.5,29.2,INDOOR,VERTICAL,VERTICAL,8260.44,True,True,MULTIROTOR,0.8,None,,,,0.065
4693,SECURITY,4.59,117.3,114.1,64.5,MOUNTAIN,RUNWAY,NET_RECOVERY,34470.9,True,True,FIXED_WING,1.0,VTOL,,,,0.0637
4694,TRAINING,7.9,94.8,31.4,81.9,FOREST,VERTICAL,VERTICAL,70631.45,True,True,VTOL,0.95,MULTIROTOR,,,,0.0627
4695,TRAINING,2.26,60.1,96.4,97.7,MARINE,VERTICAL,VERTICAL,76671.74,True,True,VTOL,0.95,MULTIROTOR,,,,0.0638
4696,TRAINING,3.05,105.5,97.3,73.8,RURAL,VERTICAL,VERTICAL,70909.32,True,True,VTOL,0.95,MULTIROTOR,,,,0.0648
4697,SURVEY,5.0,30.0,20.0,60.0,RURAL,VERTICAL,VERTICAL,10000.0,False,False,None,,None,,INVALID_REQUIREMENTS,Maximum takeoff weight limit (3.0 kg) must be greater than payload weight (5.0 kg).,0.0089
4698,TRAINING,6.86,60.8,124.0,67.0,FOREST,VERTICAL,VERTICAL,11069.22,True,True,VTOL,0.95,MULTIROTOR,,,,0.0664
4699,SURVEY,18.0,280.0,20.0,60.0,RURAL,VERTICAL,VERTICAL,,True,False,None,,None,,NO_VALID_VEHICLE,No feasible aircraft design solution: Combined heavy payload (18.0 kg) and ultra-long endurance (280.0 min) is physically unachievable.,0.3921
4700,RESEARCH,0.75,23.6,4.8,33.0,INDOOR,VERTICAL,VERTICAL,44037.98,True,True,MULTIROTOR,0.8,None,,,,0.1789
4701,DISASTER_RESPONSE,1.54,13.6,10.9,43.1,RURAL,VERTICAL,VERTICAL,8949.34,True,True,MULTIROTOR,0.8,VTOL,,,,0.1169
4702,DELIVERY,4.56,53.1,95.6,77.0,FOREST,VERTICAL,VERTICAL,17475.09,True,True,VTOL,0.95,MULTIROTOR,,,,0.2222
4703,SECURITY,3.17,60.8,109.0,72.5,FOREST,HAND_LAUNCH,RUNWAY,20305.63,True,True,FIXED_WING,1.0,VTOL,,,,0.0874
4704,DISASTER_RESPONSE,4.57,32.1,124.3,104.4,RURAL,VERTICAL,VERTICAL,7529.61,True,True,VTOL,0.95,MULTIROTOR,,,,0.0807
4705,SURVEY,2.0,30.0,20.0,350.0,RURAL,VERTICAL,VERTICAL,,True,False,None,,None,,NO_VALID_VEHICLE,No feasible aircraft design solution: Cruise speed requirement (350.0 km/h) exceeds platform dynamic limit (300.0 km/h).,0.0433
4706,DELIVERY,14.28,46.2,79.7,54.7,DESERT,RUNWAY,VERTICAL,69181.94,True,True,VTOL,0.8,MULTIROTOR,,,,0.0786
4707,SURVEY,3.0,-10.0,20.0,60.0,RURAL,VERTICAL,VERTICAL,10000.0,False,False,None,,None,,INVALID_REQUIREMENTS,Target flight time must be greater than 0 minutes. Provided: -10.0 min.,0.0123
4708,MAPPING,5.85,80.3,85.9,98.3,MARINE,VERTICAL,VERTICAL,55558.32,True,True,VTOL,0.95,MULTIROTOR,,,,0.1064
4709,SURVEY,18.0,280.0,20.0,60.0,RURAL,VERTICAL,VERTICAL,,True,False,None,,None,,NO_VALID_VEHICLE,No feasible aircraft design solution: Combined heavy payload (18.0 kg) and ultra-long endurance (280.0 min) is physically unachievable.,0.0464
4710,SECURITY,3.49,43.4,106.0,90.4,RURAL,VERTICAL,VERTICAL,38139.25,True,True,VTOL,0.95,MULTIROTOR,,,,0.0781
4711,RESEARCH,3.61,110.6,73.4,66.8,RURAL,VERTICAL,VERTICAL,24294.48,True,True,VTOL,0.95,MULTIROTOR,,,,0.079
4712,SURVEY,18.0,280.0,20.0,60.0,RURAL,VERTICAL,VERTICAL,,True,False,None,,None,,NO_VALID_VEHICLE,No feasible aircraft design solution: Combined heavy payload (18.0 kg) and ultra-long endurance (280.0 min) is physically unachievable.,0.0734
4713,CUSTOM,1.02,55.6,41.1,97.2,RURAL,RUNWAY,NET_RECOVERY,8867.53,True,True,FIXED_WING,1.0,VTOL,,,,0.2306
4714,MILITARY,2.17,100.1,109.7,90.0,MARINE,VERTICAL,VERTICAL,13592.87,True,True,VTOL,0.95,MULTIROTOR,,,,0.1091
4715,INSPECTION,4.66,132.3,108.5,92.4,RURAL,RUNWAY,PARACHUTE,49082.07,True,True,VTOL,0.8,MULTIROTOR,,,,0.081
4716,MAPPING,3.87,99.3,118.4,113.7,RURAL,VERTICAL,VERTICAL,41759.94,True,True,VTOL,0.95,MULTIROTOR,,,,0.0852
4717,SURVEY,45.0,30.0,20.0,60.0,RURAL,VERTICAL,VERTICAL,,True,False,None,,None,High payload mass (45.0 kg) requires specialized heavy-lift structural airframe.,NO_VALID_VEHICLE,No feasible aircraft design solution: Payload requirement (45.0 kg) exceeds maximum studio envelope limit (35.0 kg).,0.048
4718,MILITARY,3.91,43.7,74.2,112.8,MOUNTAIN,VERTICAL,VERTICAL,4980.29,True,True,VTOL,0.95,MULTIROTOR,,,,0.0792
4719,DISASTER_RESPONSE,0.29,12.4,2.3,18.9,INDOOR,VERTICAL,VERTICAL,44560.89,True,True,MULTIROTOR,0.8,None,,,,0.0853
4720,AGRICULTURE,1.4,22.8,4.8,18.6,INDOOR,VERTICAL,VERTICAL,52029.48,True,True,MULTIROTOR,0.8,None,,,,0.0836
4721,SURVEY,2.28,14.4,7.5,36.5,URBAN,VERTICAL,VERTICAL,75170.75,True,True,MULTIROTOR,0.8,VTOL,,,,0.0768
4722,AGRICULTURE,3.25,22.3,10.3,46.3,URBAN,VERTICAL,VERTICAL,55897.32,True,True,MULTIROTOR,0.8,VTOL,,,,0.0866
4723,MAPPING,0.62,28.2,3.4,37.6,URBAN,VERTICAL,VERTICAL,78161.45,True,True,MULTIROTOR,0.8,VTOL,,,,0.075
4724,MAPPING,8.3,80.3,32.0,68.5,DESERT,VERTICAL,RUNWAY,31489.72,True,True,VTOL,0.95,MULTIROTOR,,,,0.1281
4725,DISASTER_RESPONSE,13.86,54.4,11.2,61.8,RURAL,VERTICAL,RUNWAY,58279.45,True,True,VTOL,0.5,MULTIROTOR,,,,0.0755
4726,SURVEY,2.0,30.0,500.0,60.0,RURAL,VERTICAL,VERTICAL,,True,False,None,,None,Extended range target (500.0 km) approaches maximum battery energy density threshold.,NO_VALID_VEHICLE,No feasible aircraft design solution: Range requirement (500.0 km) exceeds maximum studio envelope limit (450.0 km).,0.0388
4727,TRAINING,1.63,32.0,12.3,40.3,RURAL,VERTICAL,VERTICAL,28297.9,True,True,MULTIROTOR,0.8,VTOL,,,,0.0663
4728,SURVEY,45.0,30.0,20.0,60.0,RURAL,VERTICAL,VERTICAL,,True,False,None,,None,High payload mass (45.0 kg) requires specialized heavy-lift structural airframe.,NO_VALID_VEHICLE,No feasible aircraft design solution: Payload requirement (45.0 kg) exceeds maximum studio envelope limit (35.0 kg).,0.038
4729,SECURITY,2.6,67.7,26.7,55.9,FOREST,RUNWAY,RUNWAY,74889.21,True,True,FIXED_WING,1.0,VTOL,,,,0.0809
4730,MILITARY,1.4,7.7,1.0,31.6,INDOOR,VERTICAL,VERTICAL,58797.27,True,True,MULTIROTOR,0.8,None,,,,0.0617
4731,AGRICULTURE,2.12,103.8,39.0,90.1,MOUNTAIN,RUNWAY,RUNWAY,76186.07,True,True,FIXED_WING,1.0,VTOL,,,,0.0668
4732,CUSTOM,2.82,28.9,11.2,27.4,RURAL,VERTICAL,VERTICAL,77246.38,True,True,MULTIROTOR,0.8,VTOL,,,,0.0648
4733,MAPPING,1.31,142.5,74.8,109.4,FOREST,HAND_LAUNCH,BELLY_LANDING,42184.67,True,True,FIXED_WING,1.0,VTOL,,,,0.0628
4734,AGRICULTURE,13.74,45.8,60.2,79.6,RURAL,RUNWAY,RUNWAY,26876.32,True,True,FIXED_WING,1.0,VTOL,,,,0.068
4735,SURVEY,45.0,30.0,20.0,60.0,RURAL,VERTICAL,VERTICAL,,True,False,None,,None,High payload mass (45.0 kg) requires specialized heavy-lift structural airframe.,NO_VALID_VEHICLE,No feasible aircraft design solution: Payload requirement (45.0 kg) exceeds maximum studio envelope limit (35.0 kg).,0.0356
4736,TRAINING,6.6,107.5,30.0,117.4,MARINE,VERTICAL,VERTICAL,13899.32,True,True,VTOL,0.95,MULTIROTOR,,,,0.0684
4737,SURVEY,2.0,30.0,500.0,60.0,RURAL,VERTICAL,VERTICAL,,True,False,None,,None,Extended range target (500.0 km) approaches maximum battery energy density threshold.,NO_VALID_VEHICLE,No feasible aircraft design solution: Range requirement (500.0 km) exceeds maximum studio envelope limit (450.0 km).,0.0381
4738,SURVEY,3.0,-10.0,20.0,60.0,RURAL,VERTICAL,VERTICAL,10000.0,False,False,None,,None,,INVALID_REQUIREMENTS,Target flight time must be greater than 0 minutes. Provided: -10.0 min.,0.0104
4739,DELIVERY,8.44,88.3,78.2,52.6,MOUNTAIN,RUNWAY,RUNWAY,62591.74,True,True,FIXED_WING,1.0,VTOL,,,,0.0663
4740,SURVEY,1.11,14.9,1.2,11.5,INDOOR,VERTICAL,VERTICAL,41589.65,True,True,MULTIROTOR,0.8,None,,,,0.0596
4741,INSPECTION,0.3,19.7,2.9,18.4,INDOOR,VERTICAL,VERTICAL,38124.67,True,True,MULTIROTOR,0.8,None,,,,0.059
4742,DISASTER_RESPONSE,6.34,32.9,132.3,107.8,FOREST,VERTICAL,VERTICAL,49357.25,True,True,VTOL,0.95,MULTIROTOR,,,,0.0634
4743,SURVEY,3.49,27.4,10.0,26.7,URBAN,VERTICAL,VERTICAL,63391.8,True,True,MULTIROTOR,0.8,VTOL,,,,0.0622
4744,MILITARY,4.69,84.0,110.6,53.4,FOREST,RUNWAY,RUNWAY,57105.01,True,True,FIXED_WING,1.0,VTOL,,,,0.0632
4745,MILITARY,1.23,34.6,5.8,31.9,RURAL,VERTICAL,VERTICAL,60185.29,True,True,MULTIROTOR,0.8,VTOL,,,,0.0633
4746,SURVEY,1.36,74.7,38.1,50.5,DESERT,HAND_LAUNCH,RUNWAY,51144.64,True,True,FIXED_WING,1.0,VTOL,,,,0.064
4747,SECURITY,14.49,26.2,14.7,81.1,DESERT,RUNWAY,VERTICAL,55124.03,True,True,MULTIROTOR,0.7,VTOL,,,,0.068
4748,DELIVERY,1.41,18.3,4.3,35.1,INDOOR,VERTICAL,VERTICAL,76547.66,True,True,MULTIROTOR,0.8,None,,,,0.059
4749,SURVEY,5.0,30.0,20.0,60.0,RURAL,VERTICAL,VERTICAL,10000.0,False,False,None,,None,,INVALID_REQUIREMENTS,Maximum takeoff weight limit (3.0 kg) must be greater than payload weight (5.0 kg).,0.009
4750,SECURITY,7.74,63.0,41.1,116.7,RURAL,VERTICAL,VERTICAL,19344.01,True,True,VTOL,0.95,MULTIROTOR,,,,0.0648
4751,SURVEY,1.31,11.1,4.6,23.5,INDOOR,VERTICAL,VERTICAL,31392.4,True,True,MULTIROTOR,0.8,None,,,,0.0596
4752,CUSTOM,0.88,8.8,1.1,34.3,INDOOR,VERTICAL,VERTICAL,71486.29,True,True,MULTIROTOR,0.8,None,,,,0.0582
4753,INSPECTION,2.51,30.4,6.4,30.7,URBAN,VERTICAL,VERTICAL,49495.28,True,True,MULTIROTOR,0.8,VTOL,,,,0.0614
4754,MILITARY,0.55,18.0,1.7,13.0,INDOOR,VERTICAL,VERTICAL,25701.41,True,True,MULTIROTOR,0.8,None,,,,0.0625
4755,DISASTER_RESPONSE,0.3,10.4,2.7,20.0,INDOOR,VERTICAL,VERTICAL,7690.92,True,True,MULTIROTOR,0.8,None,,,,0.0589
4756,SURVEY,2.0,30.0,500.0,60.0,RURAL,VERTICAL,VERTICAL,,True,False,None,,None,Extended range target (500.0 km) approaches maximum battery energy density threshold.,NO_VALID_VEHICLE,No feasible aircraft design solution: Range requirement (500.0 km) exceeds maximum studio envelope limit (450.0 km).,0.0345
4757,MAPPING,1.01,22.9,4.1,11.2,INDOOR,VERTICAL,VERTICAL,52685.85,True,True,MULTIROTOR,0.8,None,,,,0.0736
4758,AGRICULTURE,17.73,58.0,54.5,82.1,RURAL,RUNWAY,RUNWAY,42055.22,True,True,FIXED_WING,1.0,VTOL,,,,0.0642
4759,SURVEY,3.0,30.0,20.0,60.0,RURAL,VERTICAL,VERTICAL,-100.0,False,False,None,,None,,INVALID_REQUIREMENTS,Financial budget must be greater than $0 if specified. Provided: $-100.0.,0.0079
4760,CUSTOM,2.37,24.4,11.6,25.2,RURAL,VERTICAL,VERTICAL,28370.55,True,True,MULTIROTOR,0.8,VTOL,,,,0.0667
4761,SURVEY,1.17,31.3,4.1,20.3,RURAL,VERTICAL,VERTICAL,43839.0,True,True,MULTIROTOR,0.8,VTOL,,,,0.065
4762,TRAINING,1.2,19.4,2.4,10.7,INDOOR,VERTICAL,VERTICAL,53197.45,True,True,MULTIROTOR,0.8,None,,,,0.0607
4763,DELIVERY,3.1,30.5,7.3,25.2,RURAL,VERTICAL,VERTICAL,55446.12,True,True,MULTIROTOR,0.8,VTOL,,,,0.0618
4764,SURVEY,2.0,30.0,500.0,60.0,RURAL,VERTICAL,VERTICAL,,True,False,None,,None,Extended range target (500.0 km) approaches maximum battery energy density threshold.,NO_VALID_VEHICLE,No feasible aircraft design solution: Range requirement (500.0 km) exceeds maximum studio envelope limit (450.0 km).,0.035
4765,CUSTOM,3.0,83.6,41.5,99.3,FOREST,HAND_LAUNCH,PARACHUTE,5300.69,True,True,FIXED_WING,1.0,VTOL,,,,0.0625
4766,DELIVERY,0.83,6.8,4.7,19.7,INDOOR,VERTICAL,VERTICAL,75293.43,True,True,MULTIROTOR,0.8,None,,,,0.0634
4767,MILITARY,1.8,11.8,9.4,43.1,URBAN,VERTICAL,VERTICAL,41174.41,True,True,MULTIROTOR,0.8,VTOL,,,,0.0664
4768,SECURITY,1.24,11.1,1.2,16.4,INDOOR,VERTICAL,VERTICAL,26382.41,True,True,MULTIROTOR,0.8,None,,,,0.0587
4769,SURVEY,0.88,17.9,3.2,14.8,INDOOR,VERTICAL,VERTICAL,31880.59,True,True,MULTIROTOR,0.8,None,,,,0.0627
4770,DELIVERY,3.72,57.1,32.0,106.6,DESERT,HAND_LAUNCH,PARACHUTE,57862.7,True,True,FIXED_WING,1.0,VTOL,,,,0.0636
4771,AGRICULTURE,0.88,33.9,5.2,31.3,URBAN,VERTICAL,VERTICAL,21066.02,True,True,MULTIROTOR,0.8,VTOL,,,,0.0625
4772,SURVEY,1.29,16.2,2.7,21.6,INDOOR,VERTICAL,VERTICAL,52836.17,True,True,MULTIROTOR,0.8,None,,,,0.0585
4773,SECURITY,2.47,13.5,9.8,42.7,URBAN,VERTICAL,VERTICAL,43760.68,True,True,MULTIROTOR,0.8,VTOL,,,,0.0623
4774,CUSTOM,2.54,37.1,9.6,23.5,RURAL,VERTICAL,VERTICAL,54932.49,True,True,MULTIROTOR,0.8,VTOL,,,,0.0666
4775,SURVEY,5.0,30.0,20.0,60.0,RURAL,VERTICAL,VERTICAL,10000.0,False,False,None,,None,,INVALID_REQUIREMENTS,Maximum takeoff weight limit (3.0 kg) must be greater than payload weight (5.0 kg).,0.008
4776,SURVEY,2.0,30.0,500.0,60.0,RURAL,VERTICAL,VERTICAL,,True,False,None,,None,Extended range target (500.0 km) approaches maximum battery energy density threshold.,NO_VALID_VEHICLE,No feasible aircraft design solution: Range requirement (500.0 km) exceeds maximum studio envelope limit (450.0 km).,0.0349
4777,AGRICULTURE,9.18,67.4,41.4,80.6,DESERT,VERTICAL,VERTICAL,54909.76,True,True,VTOL,0.95,MULTIROTOR,,,,0.0685
4778,TRAINING,1.65,32.2,4.2,26.3,RURAL,VERTICAL,VERTICAL,58454.24,True,True,MULTIROTOR,0.8,VTOL,,,,0.0622
4779,DELIVERY,7.05,117.4,92.6,119.1,MARINE,VERTICAL,VERTICAL,8899.74,True,True,VTOL,0.95,MULTIROTOR,,,,0.0631
4780,CUSTOM,1.1,24.9,1.2,35.5,INDOOR,VERTICAL,VERTICAL,37955.13,True,True,MULTIROTOR,0.8,None,,,,0.0589
4781,SURVEY,0.85,21.2,7.0,47.4,URBAN,VERTICAL,VERTICAL,72744.84,True,True,MULTIROTOR,0.8,VTOL,,,,0.0651
4782,SURVEY,5.0,30.0,20.0,60.0,RURAL,VERTICAL,VERTICAL,10000.0,False,False,None,,None,,INVALID_REQUIREMENTS,Maximum takeoff weight limit (3.0 kg) must be greater than payload weight (5.0 kg).,0.0079
4783,DISASTER_RESPONSE,1.59,111.2,45.0,84.2,DESERT,CATAPULT,BELLY_LANDING,31147.17,True,True,FIXED_WING,1.0,VTOL,,,,0.0633
4784,SURVEY,2.0,30.0,20.0,350.0,RURAL,VERTICAL,VERTICAL,,True,False,None,,None,,NO_VALID_VEHICLE,No feasible aircraft design solution: Cruise speed requirement (350.0 km/h) exceeds platform dynamic limit (300.0 km/h).,0.0345
4785,DELIVERY,4.71,94.3,80.7,51.3,DESERT,HAND_LAUNCH,BELLY_LANDING,26192.77,True,True,FIXED_WING,1.0,VTOL,,,,0.0629
4786,INSPECTION,2.42,89.7,135.6,87.9,MOUNTAIN,VERTICAL,VERTICAL,73956.01,True,True,VTOL,0.95,MULTIROTOR,,,,0.0757
4787,SECURITY,0.82,19.0,3.9,19.2,INDOOR,VERTICAL,VERTICAL,20683.99,True,True,MULTIROTOR,0.8,None,,,,0.0658
4788,SURVEY,25.0,30.0,250.0,60.0,RURAL,VERTICAL,VERTICAL,,True,False,None,,None,,NO_VALID_VEHICLE,No feasible aircraft design solution: Combined heavy payload (25.0 kg) and extended range (250.0 km) exceeds structural MTOW limit.,0.0361
4789,RESEARCH,14.6,28.4,79.7,69.0,RURAL,VERTICAL,VERTICAL,48546.81,True,True,VTOL,0.95,MULTIROTOR,,,,0.121
4790,SURVEY,2.0,500.0,20.0,60.0,RURAL,VERTICAL,VERTICAL,,True,False,None,,None,,NO_VALID_VEHICLE,No feasible aircraft design solution: Endurance requirement (500.0 min) exceeds battery/fuel energy storage density limit (450.0 min).,0.0365
4791,RESEARCH,5.03,44.8,95.8,98.2,MARINE,VERTICAL,VERTICAL,67570.72,True,True,VTOL,0.95,MULTIROTOR,,,,0.0675
4792,RESEARCH,4.18,123.8,30.0,65.1,MOUNTAIN,CATAPULT,BELLY_LANDING,21029.46,True,True,FIXED_WING,1.0,VTOL,,,,0.0665
4793,SURVEY,3.0,30.0,20.0,0.0,RURAL,VERTICAL,VERTICAL,10000.0,False,False,None,,None,,INVALID_REQUIREMENTS,Cruise speed must be greater than 0 km/h. Provided: 0.0 km/h.,0.0079
4794,SURVEY,45.0,30.0,20.0,60.0,RURAL,VERTICAL,VERTICAL,,True,False,None,,None,High payload mass (45.0 kg) requires specialized heavy-lift structural airframe.,NO_VALID_VEHICLE,No feasible aircraft design solution: Payload requirement (45.0 kg) exceeds maximum studio envelope limit (35.0 kg).,0.0346
4795,AGRICULTURE,1.2,15.8,2.7,11.2,INDOOR,VERTICAL,VERTICAL,68867.7,True,True,MULTIROTOR,0.8,None,,,,0.0588
4796,SURVEY,18.0,280.0,20.0,60.0,RURAL,VERTICAL,VERTICAL,,True,False,None,,None,,NO_VALID_VEHICLE,No feasible aircraft design solution: Combined heavy payload (18.0 kg) and ultra-long endurance (280.0 min) is physically unachievable.,0.0338
4797,AGRICULTURE,19.2,44.6,40.0,43.1,MOUNTAIN,VERTICAL,VERTICAL,11841.99,True,True,VTOL,0.95,MULTIROTOR,,,,0.0695
4798,INSPECTION,1.62,12.1,12.7,32.1,URBAN,VERTICAL,VERTICAL,65416.54,True,True,MULTIROTOR,0.8,VTOL,,,,0.0637
4799,MILITARY,0.18,18.5,4.4,15.6,INDOOR,VERTICAL,VERTICAL,34033.25,True,True,MULTIROTOR,0.8,None,,,,0.0588
4800,RESEARCH,3.41,66.8,82.1,64.2,FOREST,RUNWAY,RUNWAY,64566.53,True,True,FIXED_WING,1.0,VTOL,,,,0.0619
4801,SURVEY,0.0,30.0,20.0,60.0,RURAL,VERTICAL,VERTICAL,10000.0,False,False,None,,None,,INVALID_REQUIREMENTS,Payload weight must be greater than 0 kg. Provided: 0.0 kg.,0.0076
4802,AGRICULTURE,8.42,77.1,65.7,58.7,MOUNTAIN,VERTICAL,RUNWAY,18481.72,True,True,VTOL,0.95,MULTIROTOR,,,,0.0686
4803,MAPPING,18.98,22.6,43.8,41.8,DESERT,VERTICAL,RUNWAY,22489.68,True,True,VTOL,0.95,MULTIROTOR,,,,0.0638
4804,SECURITY,1.08,17.4,2.6,23.9,INDOOR,VERTICAL,VERTICAL,11306.1,True,True,MULTIROTOR,0.8,None,,,,0.0642
4805,TRAINING,1.7,80.3,64.8,59.3,FOREST,HAND_LAUNCH,BELLY_LANDING,56729.9,True,True,FIXED_WING,1.0,VTOL,,,,0.067
4806,CUSTOM,19.49,53.2,11.9,43.2,MOUNTAIN,RUNWAY,VERTICAL,26680.63,True,True,VTOL,0.5,MULTIROTOR,,,,0.0675
4807,INSPECTION,3.7,81.9,124.5,108.9,MARINE,VERTICAL,VERTICAL,70922.21,True,True,VTOL,0.95,MULTIROTOR,,,,0.0643
4808,SURVEY,2.0,30.0,500.0,60.0,RURAL,VERTICAL,VERTICAL,,True,False,None,,None,Extended range target (500.0 km) approaches maximum battery energy density threshold.,NO_VALID_VEHICLE,No feasible aircraft design solution: Range requirement (500.0 km) exceeds maximum studio envelope limit (450.0 km).,0.0344
4809,CUSTOM,6.67,71.5,113.5,78.2,FOREST,VERTICAL,VERTICAL,43890.65,True,True,VTOL,0.95,MULTIROTOR,,,,0.0668
4810,DELIVERY,4.96,39.7,44.2,71.5,RURAL,VERTICAL,VERTICAL,51211.37,True,True,VTOL,0.95,MULTIROTOR,,,,0.0631
4811,SURVEY,3.0,30.0,20.0,60.0,RURAL,VERTICAL,VERTICAL,-100.0,False,False,None,,None,,INVALID_REQUIREMENTS,Financial budget must be greater than $0 if specified. Provided: $-100.0.,0.0085
4812,AGRICULTURE,2.31,98.3,114.9,92.5,RURAL,CATAPULT,PARACHUTE,7635.12,True,True,FIXED_WING,1.0,VTOL,,,,0.065
4813,SURVEY,3.0,30.0,-5.0,60.0,RURAL,VERTICAL,VERTICAL,10000.0,False,False,None,,None,,INVALID_REQUIREMENTS,Target range must be greater than 0 km. Provided: -5.0 km.,0.0077
4814,RESEARCH,22.91,86.8,36.5,71.1,RURAL,RUNWAY,RUNWAY,67696.42,True,True,FIXED_WING,1.0,VTOL,,,,0.0663
4815,CUSTOM,1.01,10.2,4.9,11.1,INDOOR,VERTICAL,VERTICAL,61866.95,True,True,MULTIROTOR,0.8,None,,,,0.0609
4816,SURVEY,18.0,280.0,20.0,60.0,RURAL,VERTICAL,VERTICAL,,True,False,None,,None,,NO_VALID_VEHICLE,No feasible aircraft design solution: Combined heavy payload (18.0 kg) and ultra-long endurance (280.0 min) is physically unachievable.,0.0459
4817,DELIVERY,1.12,36.1,6.9,26.7,URBAN,VERTICAL,VERTICAL,42620.95,True,True,MULTIROTOR,0.8,VTOL,,,,0.063
4818,SURVEY,2.19,36.1,8.9,44.2,URBAN,VERTICAL,VERTICAL,50829.68,True,True,MULTIROTOR,0.8,VTOL,,,,0.063
4819,TRAINING,8.59,27.0,24.7,43.4,DESERT,RUNWAY,RUNWAY,42760.29,True,True,FIXED_WING,0.85,VTOL,,,,0.0642
4820,SECURITY,2.31,141.5,48.3,56.4,DESERT,CATAPULT,BELLY_LANDING,56568.87,True,True,FIXED_WING,1.0,VTOL,,,,0.0663
4821,MILITARY,11.82,24.8,19.0,87.4,RURAL,VERTICAL,RUNWAY,40620.47,True,True,VTOL,0.7,MULTIROTOR,,,,0.0667
4822,CUSTOM,12.25,28.7,41.4,47.1,MOUNTAIN,VERTICAL,VERTICAL,12692.68,True,True,VTOL,0.95,MULTIROTOR,,,,0.063
4823,SECURITY,1.17,8.9,3.4,31.6,INDOOR,VERTICAL,VERTICAL,29635.19,True,True,MULTIROTOR,0.8,None,,,,0.0581
4824,INSPECTION,18.97,63.7,16.2,52.7,RURAL,RUNWAY,RUNWAY,73329.21,True,True,VTOL,0.7,MULTIROTOR,,,,0.0625
4825,SURVEY,45.0,30.0,20.0,60.0,RURAL,VERTICAL,VERTICAL,,True,False,None,,None,High payload mass (45.0 kg) requires specialized heavy-lift structural airframe.,NO_VALID_VEHICLE,No feasible aircraft design solution: Payload requirement (45.0 kg) exceeds maximum studio envelope limit (35.0 kg).,0.0342
4826,SURVEY,0.81,26.8,4.3,32.8,URBAN,VERTICAL,VERTICAL,78901.17,True,True,MULTIROTOR,0.8,VTOL,,,,0.0609
4827,SURVEY,7.21,93.0,33.2,82.9,MARINE,VERTICAL,VERTICAL,41688.71,True,True,VTOL,0.95,MULTIROTOR,,,,0.0629
4828,RESEARCH,3.93,140.0,40.6,89.0,RURAL,CATAPULT,NET_RECOVERY,15804.4,True,True,FIXED_WING,1.0,VTOL,,,,0.0653
4829,DELIVERY,1.1,139.9,94.2,59.2,FOREST,HAND_LAUNCH,NET_RECOVERY,2910.28,True,True,FIXED_WING,1.0,VTOL,,,,0.0636
4830,MAPPING,3.15,37.1,4.1,24.5,RURAL,VERTICAL,VERTICAL,28376.67,True,True,MULTIROTOR,0.8,VTOL,,,,0.0634
4831,AGRICULTURE,7.99,39.0,45.2,95.3,RURAL,VERTICAL,VERTICAL,67643.68,True,True,VTOL,0.95,MULTIROTOR,,,,0.0636
4832,DISASTER_RESPONSE,5.57,90.3,94.2,65.9,RURAL,VERTICAL,VERTICAL,52853.04,True,True,VTOL,0.95,MULTIROTOR,,,,0.0683
4833,DISASTER_RESPONSE,3.16,148.0,74.0,58.0,DESERT,CATAPULT,RUNWAY,46769.13,True,True,FIXED_WING,1.0,VTOL,,,,0.0648
4834,MILITARY,2.98,36.2,137.5,62.0,MARINE,VERTICAL,VERTICAL,32250.78,True,True,VTOL,0.95,MULTIROTOR,,,,0.0627
4835,SURVEY,17.72,59.5,60.5,53.7,MOUNTAIN,VERTICAL,RUNWAY,62485.74,True,True,VTOL,0.95,MULTIROTOR,,,,0.0669
4836,RESEARCH,2.77,30.6,9.6,44.7,RURAL,VERTICAL,VERTICAL,50223.26,True,True,MULTIROTOR,0.8,VTOL,,,,0.0627
4837,INSPECTION,2.45,87.6,83.4,73.9,RURAL,CATAPULT,BELLY_LANDING,9248.31,True,True,VTOL,0.8,MULTIROTOR,,,,0.0646
4838,SURVEY,2.0,500.0,20.0,60.0,RURAL,VERTICAL,VERTICAL,,True,False,None,,None,,NO_VALID_VEHICLE,No feasible aircraft design solution: Endurance requirement (500.0 min) exceeds battery/fuel energy storage density limit (450.0 min).,0.0348
4839,RESEARCH,1.93,29.0,12.8,42.5,RURAL,VERTICAL,VERTICAL,74401.39,True,True,MULTIROTOR,0.8,VTOL,,,,0.0611
4840,RESEARCH,4.45,91.8,92.9,99.1,FOREST,RUNWAY,PARACHUTE,36991.08,True,True,FIXED_WING,1.0,VTOL,,,,0.0655
4841,DISASTER_RESPONSE,0.27,19.1,4.3,34.1,INDOOR,VERTICAL,VERTICAL,71177.97,True,True,MULTIROTOR,0.8,None,,,,0.063
4842,DELIVERY,18.52,57.5,58.4,59.2,RURAL,VERTICAL,RUNWAY,17651.59,True,True,VTOL,0.95,MULTIROTOR,,,,0.0698
4843,MAPPING,1.31,24.2,2.6,22.2,INDOOR,VERTICAL,VERTICAL,13861.1,True,True,MULTIROTOR,0.8,None,,,,0.0589
4844,DELIVERY,14.31,75.5,40.0,77.4,MOUNTAIN,RUNWAY,RUNWAY,13824.87,True,True,FIXED_WING,1.0,VTOL,,,,0.0642
4845,CUSTOM,4.92,47.6,61.2,52.1,RURAL,RUNWAY,RUNWAY,23923.36,True,True,FIXED_WING,1.0,VTOL,,,,0.0648
4846,CUSTOM,1.07,7.3,4.8,27.2,INDOOR,VERTICAL,VERTICAL,11567.62,True,True,MULTIROTOR,0.8,None,,,,0.0591
4847,MILITARY,0.9,12.3,3.1,25.5,INDOOR,VERTICAL,VERTICAL,34802.96,True,True,MULTIROTOR,0.8,None,,,,0.0592
4848,RESEARCH,0.48,13.0,1.5,20.7,INDOOR,VERTICAL,VERTICAL,28916.48,True,True,MULTIROTOR,0.8,None,,,,0.0588
4849,RESEARCH,18.44,57.3,55.1,86.7,RURAL,RUNWAY,VERTICAL,33002.98,True,True,VTOL,0.8,MULTIROTOR,,,,0.0619
4850,RESEARCH,3.54,44.8,139.3,96.4,MARINE,VERTICAL,VERTICAL,70895.02,True,True,VTOL,0.95,MULTIROTOR,,,,0.0657
4851,TRAINING,12.64,23.0,64.7,73.1,DESERT,VERTICAL,RUNWAY,13588.78,True,True,VTOL,0.95,MULTIROTOR,,,,0.0678
4852,CUSTOM,2.85,32.5,6.3,34.7,RURAL,VERTICAL,VERTICAL,2978.69,True,True,MULTIROTOR,0.8,VTOL,,,,0.0653
4853,MAPPING,0.23,24.9,2.0,15.3,INDOOR,VERTICAL,VERTICAL,48128.56,True,True,MULTIROTOR,0.8,None,,,,0.0579
4854,AGRICULTURE,3.44,13.1,7.3,31.0,URBAN,VERTICAL,VERTICAL,39957.57,True,True,MULTIROTOR,0.8,VTOL,,,,0.0611
4855,DELIVERY,19.21,49.9,13.6,58.0,RURAL,RUNWAY,VERTICAL,32823.63,True,True,VTOL,0.5,MULTIROTOR,,,,0.0667
4856,SURVEY,18.0,280.0,20.0,60.0,RURAL,VERTICAL,VERTICAL,,True,False,None,,None,,NO_VALID_VEHICLE,No feasible aircraft design solution: Combined heavy payload (18.0 kg) and ultra-long endurance (280.0 min) is physically unachievable.,0.0339
4857,SURVEY,18.0,280.0,20.0,60.0,RURAL,VERTICAL,VERTICAL,,True,False,None,,None,,NO_VALID_VEHICLE,No feasible aircraft design solution: Combined heavy payload (18.0 kg) and ultra-long endurance (280.0 min) is physically unachievable.,0.0353
4858,AGRICULTURE,2.59,36.2,3.4,25.7,RURAL,VERTICAL,VERTICAL,67007.7,True,True,MULTIROTOR,0.8,VTOL,,,,0.0625
4859,INSPECTION,2.13,24.9,12.1,29.0,RURAL,VERTICAL,VERTICAL,28243.78,True,True,MULTIROTOR,0.8,VTOL,,,,0.0612
4860,SURVEY,3.0,30.0,20.0,60.0,RURAL,VERTICAL,VERTICAL,-100.0,False,False,None,,None,,INVALID_REQUIREMENTS,Financial budget must be greater than $0 if specified. Provided: $-100.0.,0.0076
4861,INSPECTION,2.1,16.1,11.1,40.8,URBAN,VERTICAL,VERTICAL,74742.99,True,True,MULTIROTOR,0.8,VTOL,,,,0.0624
4862,SECURITY,3.28,37.3,121.0,113.3,MARINE,VERTICAL,VERTICAL,75053.54,True,True,VTOL,0.95,MULTIROTOR,,,,0.0635
4863,MILITARY,4.45,55.8,86.0,84.7,FOREST,VERTICAL,VERTICAL,2245.12,True,True,VTOL,0.95,MULTIROTOR,,,,0.0632
4864,SURVEY,18.0,280.0,20.0,60.0,RURAL,VERTICAL,VERTICAL,,True,False,None,,None,,NO_VALID_VEHICLE,No feasible aircraft design solution: Combined heavy payload (18.0 kg) and ultra-long endurance (280.0 min) is physically unachievable.,0.0356
4865,DELIVERY,0.89,22.6,0.6,27.9,INDOOR,VERTICAL,VERTICAL,4276.98,True,True,MULTIROTOR,0.8,None,,,,0.0593
4866,MAPPING,3.99,104.9,28.5,90.2,FOREST,RUNWAY,BELLY_LANDING,66857.58,True,True,FIXED_WING,1.0,VTOL,,,,0.065
4867,DISASTER_RESPONSE,2.01,51.8,137.6,90.7,RURAL,VERTICAL,VERTICAL,30364.88,True,True,VTOL,0.95,MULTIROTOR,,,,0.0645
4868,TRAINING,1.2,13.8,9.5,47.6,RURAL,VERTICAL,VERTICAL,28632.95,True,True,MULTIROTOR,0.8,VTOL,,,,0.0674
4869,MILITARY,24.05,51.6,55.7,83.6,RURAL,RUNWAY,RUNWAY,57349.42,True,True,FIXED_WING,1.0,VTOL,,,,0.0678
4870,SECURITY,1.63,18.1,9.5,45.3,URBAN,VERTICAL,VERTICAL,54378.23,True,True,MULTIROTOR,0.8,VTOL,,,,0.0621
4871,CUSTOM,0.58,20.3,14.6,24.7,RURAL,VERTICAL,VERTICAL,45027.01,True,True,MULTIROTOR,0.8,VTOL,,,,0.0671
4872,CUSTOM,2.3,117.8,147.0,95.8,MARINE,VERTICAL,VERTICAL,3132.87,True,True,VTOL,0.95,MULTIROTOR,,,,0.0641
4873,SURVEY,18.0,280.0,20.0,60.0,RURAL,VERTICAL,VERTICAL,,True,False,None,,None,,NO_VALID_VEHICLE,No feasible aircraft design solution: Combined heavy payload (18.0 kg) and ultra-long endurance (280.0 min) is physically unachievable.,0.034
4874,SECURITY,3.58,131.0,63.8,80.9,MOUNTAIN,CATAPULT,RUNWAY,15070.84,True,True,FIXED_WING,1.0,VTOL,,,,0.0617
4875,SURVEY,2.0,30.0,20.0,350.0,RURAL,VERTICAL,VERTICAL,,True,False,None,,None,,NO_VALID_VEHICLE,No feasible aircraft design solution: Cruise speed requirement (350.0 km/h) exceeds platform dynamic limit (300.0 km/h).,0.0336
4876,MAPPING,4.14,39.6,130.0,68.1,RURAL,VERTICAL,VERTICAL,18282.76,True,True,VTOL,0.95,MULTIROTOR,,,,0.0623
4877,INSPECTION,2.64,102.2,31.7,59.6,FOREST,HAND_LAUNCH,NET_RECOVERY,5911.8,True,True,VTOL,0.8,MULTIROTOR,,,,0.0672
4878,MILITARY,3.13,133.9,48.7,82.1,RURAL,CATAPULT,NET_RECOVERY,65905.26,True,True,FIXED_WING,1.0,VTOL,,,,0.0673
4879,AGRICULTURE,2.79,20.9,10.1,31.3,URBAN,VERTICAL,VERTICAL,79308.12,True,True,MULTIROTOR,0.8,VTOL,,,,0.0617
4880,INSPECTION,2.56,95.1,63.9,106.9,RURAL,HAND_LAUNCH,BELLY_LANDING,34493.17,True,True,VTOL,0.8,MULTIROTOR,,,,0.0622
4881,MAPPING,19.85,39.5,65.3,71.5,MOUNTAIN,VERTICAL,RUNWAY,29739.94,True,True,VTOL,0.95,MULTIROTOR,,,,0.0674
4882,DISASTER_RESPONSE,1.56,17.0,12.0,33.6,RURAL,VERTICAL,VERTICAL,75986.12,True,True,MULTIROTOR,0.8,VTOL,,,,0.0609
4883,SECURITY,1.84,138.4,85.4,84.7,MOUNTAIN,RUNWAY,BELLY_LANDING,50086.48,True,True,FIXED_WING,1.0,VTOL,,,,0.0643
4884,SURVEY,3.0,30.0,20.0,60.0,RURAL,VERTICAL,VERTICAL,-100.0,False,False,None,,None,,INVALID_REQUIREMENTS,Financial budget must be greater than $0 if specified. Provided: $-100.0.,0.0075
4885,INSPECTION,22.41,86.2,17.7,74.2,DESERT,RUNWAY,VERTICAL,8596.42,True,True,VTOL,0.7,MULTIROTOR,,,,0.0722
4886,TRAINING,12.17,21.9,31.2,51.5,RURAL,RUNWAY,VERTICAL,62914.06,True,True,VTOL,0.8,MULTIROTOR,,,,0.0643
4887,DELIVERY,2.12,65.1,107.7,98.3,FOREST,VERTICAL,VERTICAL,22248.84,True,True,VTOL,0.95,MULTIROTOR,,,,0.0695
4888,TRAINING,11.65,40.9,27.8,44.5,MOUNTAIN,RUNWAY,RUNWAY,70285.22,True,True,FIXED_WING,0.85,VTOL,,,,0.0679
4889,SURVEY,2.0,500.0,20.0,60.0,RURAL,VERTICAL,VERTICAL,,True,False,None,,None,,NO_VALID_VEHICLE,No feasible aircraft design solution: Endurance requirement (500.0 min) exceeds battery/fuel energy storage density limit (450.0 min).,0.0362
4890,CUSTOM,19.39,82.1,64.5,56.2,DESERT,VERTICAL,RUNWAY,24572.12,True,True,VTOL,0.95,MULTIROTOR,,,,0.0635
4891,TRAINING,2.52,144.0,40.6,88.9,MOUNTAIN,CATAPULT,BELLY_LANDING,42629.76,True,True,FIXED_WING,1.0,VTOL,,,,0.063
4892,AGRICULTURE,1.56,32.4,9.1,34.8,URBAN,VERTICAL,VERTICAL,5216.06,True,True,MULTIROTOR,0.8,VTOL,,,,0.0614
4893,CUSTOM,1.35,28.6,6.8,29.8,URBAN,VERTICAL,VERTICAL,45469.4,True,True,MULTIROTOR,0.8,VTOL,,,,0.0614
4894,MILITARY,3.43,24.3,8.0,32.9,URBAN,VERTICAL,VERTICAL,46128.97,True,True,MULTIROTOR,0.8,VTOL,,,,0.0654
4895,SURVEY,1.43,64.4,94.9,61.6,DESERT,CATAPULT,PARACHUTE,37963.14,True,True,FIXED_WING,1.0,VTOL,,,,0.0626
4896,CUSTOM,3.79,48.5,62.7,55.8,DESERT,RUNWAY,PARACHUTE,27317.45,True,True,FIXED_WING,1.0,VTOL,,,,0.0738
4897,SURVEY,0.71,20.3,2.7,13.6,INDOOR,VERTICAL,VERTICAL,41645.99,True,True,MULTIROTOR,0.8,None,,,,0.0664
4898,SECURITY,19.61,50.5,11.3,72.0,RURAL,RUNWAY,RUNWAY,66666.87,True,True,FIXED_WING,0.85,VTOL,,,,0.0672
4899,MAPPING,1.86,135.1,67.0,104.1,FOREST,HAND_LAUNCH,RUNWAY,23686.6,True,True,FIXED_WING,1.0,VTOL,,,,0.0662
4900,INSPECTION,21.11,47.9,21.7,62.7,MOUNTAIN,RUNWAY,VERTICAL,40754.84,True,True,VTOL,0.7,MULTIROTOR,,,,0.0631
4901,CUSTOM,1.23,39.7,2.4,25.3,RURAL,VERTICAL,VERTICAL,8559.78,True,True,MULTIROTOR,0.8,VTOL,,,,0.0617
4902,RESEARCH,3.87,39.4,8.5,31.5,RURAL,VERTICAL,VERTICAL,24836.35,True,True,MULTIROTOR,0.8,VTOL,,,,0.0629
4903,AGRICULTURE,1.85,20.1,2.3,46.2,URBAN,VERTICAL,VERTICAL,53759.58,True,True,MULTIROTOR,0.8,VTOL,,,,0.0634
4904,SURVEY,18.0,280.0,20.0,60.0,RURAL,VERTICAL,VERTICAL,,True,False,None,,None,,NO_VALID_VEHICLE,No feasible aircraft design solution: Combined heavy payload (18.0 kg) and ultra-long endurance (280.0 min) is physically unachievable.,0.0344
4905,SURVEY,22.92,68.6,11.8,79.1,DESERT,VERTICAL,RUNWAY,69676.33,True,True,VTOL,0.5,MULTIROTOR,,,,0.0721
4906,SURVEY,25.0,30.0,250.0,60.0,RURAL,VERTICAL,VERTICAL,,True,False,None,,None,,NO_VALID_VEHICLE,No feasible aircraft design solution: Combined heavy payload (25.0 kg) and extended range (250.0 km) exceeds structural MTOW limit.,0.0349
4907,TRAINING,2.56,46.6,146.5,83.4,MOUNTAIN,VERTICAL,VERTICAL,31894.08,True,True,VTOL,0.95,MULTIROTOR,,,,0.0685
4908,SURVEY,3.4,109.8,106.4,95.3,MOUNTAIN,VERTICAL,VERTICAL,4372.93,True,True,VTOL,0.95,MULTIROTOR,,,,0.0651
4909,RESEARCH,2.81,16.0,5.5,30.7,RURAL,VERTICAL,VERTICAL,40915.14,True,True,MULTIROTOR,0.8,VTOL,,,,0.4225
4910,MILITARY,6.11,42.2,41.6,95.5,MARINE,VERTICAL,VERTICAL,41578.55,True,True,VTOL,0.95,MULTIROTOR,,,,0.1455
4911,TRAINING,0.68,12.8,4.9,26.3,INDOOR,VERTICAL,VERTICAL,34854.44,True,True,MULTIROTOR,0.8,None,,,,0.1076
4912,DISASTER_RESPONSE,2.42,22.4,9.5,27.1,URBAN,VERTICAL,VERTICAL,62830.68,True,True,MULTIROTOR,0.8,VTOL,,,,0.1949
4913,MAPPING,2.87,113.1,148.6,103.6,MOUNTAIN,VERTICAL,VERTICAL,4975.86,True,True,VTOL,0.95,MULTIROTOR,,,,0.117
4914,SURVEY,2.44,45.5,82.3,117.7,MARINE,VERTICAL,VERTICAL,35759.2,True,True,VTOL,0.95,MULTIROTOR,,,,0.1655
4915,AGRICULTURE,2.04,129.2,116.1,82.9,FOREST,RUNWAY,BELLY_LANDING,41371.88,True,True,FIXED_WING,1.0,VTOL,,,,0.0863
4916,DELIVERY,3.65,11.1,14.9,41.8,URBAN,VERTICAL,VERTICAL,22036.04,True,True,MULTIROTOR,0.8,VTOL,,,,0.3298
4917,MAPPING,0.69,24.6,13.3,29.6,RURAL,VERTICAL,VERTICAL,53186.51,True,True,MULTIROTOR,0.8,VTOL,,,,0.1234
4918,DELIVERY,5.26,46.2,81.0,92.2,MARINE,VERTICAL,VERTICAL,62427.92,True,True,VTOL,0.95,MULTIROTOR,,,,0.1129
4919,DISASTER_RESPONSE,3.49,10.9,14.2,35.9,URBAN,VERTICAL,VERTICAL,41827.27,True,True,MULTIROTOR,0.8,VTOL,,,,0.0849
4920,CUSTOM,23.55,43.7,35.9,85.3,MOUNTAIN,VERTICAL,RUNWAY,11536.12,True,True,VTOL,0.95,MULTIROTOR,,,,0.0741
4921,CUSTOM,9.77,87.9,59.1,78.6,MOUNTAIN,RUNWAY,VERTICAL,8408.36,True,True,VTOL,0.8,MULTIROTOR,,,,0.0845
4922,SURVEY,2.0,30.0,500.0,60.0,RURAL,VERTICAL,VERTICAL,,True,False,None,,None,Extended range target (500.0 km) approaches maximum battery energy density threshold.,NO_VALID_VEHICLE,No feasible aircraft design solution: Range requirement (500.0 km) exceeds maximum studio envelope limit (450.0 km).,0.0667
4923,SURVEY,18.84,75.7,59.0,61.0,MOUNTAIN,RUNWAY,VERTICAL,22522.05,True,True,VTOL,0.8,MULTIROTOR,,,,0.0836
4924,SECURITY,1.72,135.4,51.7,67.6,RURAL,CATAPULT,PARACHUTE,18569.21,True,True,FIXED_WING,1.0,VTOL,,,,0.0842
4925,RESEARCH,1.75,16.1,10.2,24.8,RURAL,VERTICAL,VERTICAL,8636.86,True,True,MULTIROTOR,0.8,VTOL,,,,0.0689
4926,SURVEY,3.61,26.3,9.4,23.0,URBAN,VERTICAL,VERTICAL,18758.93,True,True,MULTIROTOR,0.8,VTOL,,,,0.0691
4927,INSPECTION,10.76,52.7,30.7,78.0,RURAL,VERTICAL,VERTICAL,61355.07,True,True,VTOL,0.95,MULTIROTOR,,,,0.0744
4928,SURVEY,3.0,30.0,20.0,0.0,RURAL,VERTICAL,VERTICAL,10000.0,False,False,None,,None,,INVALID_REQUIREMENTS,Cruise speed must be greater than 0 km/h. Provided: 0.0 km/h.,0.0124
4929,SURVEY,2.6,78.7,94.2,82.0,MOUNTAIN,RUNWAY,RUNWAY,73633.18,True,True,FIXED_WING,1.0,VTOL,,,,0.0712
4930,DELIVERY,10.47,38.3,43.5,58.1,RURAL,RUNWAY,VERTICAL,36788.8,True,True,VTOL,0.8,MULTIROTOR,,,,0.0699
4931,SECURITY,2.18,13.9,2.1,46.9,RURAL,VERTICAL,VERTICAL,20433.4,True,True,MULTIROTOR,0.8,VTOL,,,,0.0684
4932,MILITARY,0.53,7.3,1.6,25.9,INDOOR,VERTICAL,VERTICAL,68582.08,True,True,MULTIROTOR,0.8,None,,,,0.0697
4933,AGRICULTURE,6.62,92.0,84.1,82.4,MOUNTAIN,VERTICAL,VERTICAL,42541.08,True,True,VTOL,0.95,MULTIROTOR,,,,0.0709
4934,MAPPING,1.59,39.6,8.5,32.3,URBAN,VERTICAL,VERTICAL,69553.13,True,True,MULTIROTOR,0.8,VTOL,,,,0.0762
4935,SURVEY,0.49,22.7,4.2,21.2,INDOOR,VERTICAL,VERTICAL,19624.71,True,True,MULTIROTOR,0.8,None,,,,0.0642
4936,MILITARY,2.62,100.8,97.9,98.8,RURAL,CATAPULT,BELLY_LANDING,8770.65,True,True,FIXED_WING,1.0,VTOL,,,,0.0687
4937,SURVEY,2.0,500.0,20.0,60.0,RURAL,VERTICAL,VERTICAL,,True,False,None,,None,,NO_VALID_VEHICLE,No feasible aircraft design solution: Endurance requirement (500.0 min) exceeds battery/fuel energy storage density limit (450.0 min).,0.0381
4938,TRAINING,6.43,85.9,46.8,104.9,MARINE,VERTICAL,VERTICAL,26374.94,True,True,VTOL,0.95,MULTIROTOR,,,,0.073
4939,SURVEY,2.0,500.0,20.0,60.0,RURAL,VERTICAL,VERTICAL,,True,False,None,,None,,NO_VALID_VEHICLE,No feasible aircraft design solution: Endurance requirement (500.0 min) exceeds battery/fuel energy storage density limit (450.0 min).,0.0368
4940,CUSTOM,6.93,41.3,90.0,99.2,MOUNTAIN,VERTICAL,VERTICAL,14040.9,True,True,VTOL,0.95,MULTIROTOR,,,,0.073
4941,MILITARY,19.6,55.7,69.1,87.4,MOUNTAIN,VERTICAL,VERTICAL,59518.01,True,True,VTOL,0.95,MULTIROTOR,,,,0.0723
4942,TRAINING,14.19,72.8,19.3,52.2,MOUNTAIN,VERTICAL,VERTICAL,45850.98,True,True,VTOL,0.7,MULTIROTOR,,,,0.0801
4943,SURVEY,21.71,76.1,36.2,58.2,RURAL,RUNWAY,VERTICAL,21544.21,True,True,VTOL,0.8,MULTIROTOR,,,,0.0728
4944,SURVEY,2.0,500.0,20.0,60.0,RURAL,VERTICAL,VERTICAL,,True,False,None,,None,,NO_VALID_VEHICLE,No feasible aircraft design solution: Endurance requirement (500.0 min) exceeds battery/fuel energy storage density limit (450.0 min).,0.0387
4945,AGRICULTURE,16.18,52.0,24.6,46.0,RURAL,RUNWAY,VERTICAL,20716.66,True,True,VTOL,0.7,MULTIROTOR,,,,0.075
4946,SURVEY,2.0,500.0,20.0,60.0,RURAL,VERTICAL,VERTICAL,,True,False,None,,None,,NO_VALID_VEHICLE,No feasible aircraft design solution: Endurance requirement (500.0 min) exceeds battery/fuel energy storage density limit (450.0 min).,0.0413
4947,AGRICULTURE,1.07,17.2,4.9,16.4,INDOOR,VERTICAL,VERTICAL,26620.88,True,True,MULTIROTOR,0.8,None,,,,0.0826
4948,TRAINING,1.77,21.8,11.0,22.9,RURAL,VERTICAL,VERTICAL,39720.37,True,True,MULTIROTOR,0.8,VTOL,,,,0.0746
4949,AGRICULTURE,6.36,104.6,40.7,102.5,RURAL,VERTICAL,VERTICAL,40523.94,True,True,VTOL,0.95,MULTIROTOR,,,,0.0779
4950,TRAINING,2.41,33.6,4.5,28.2,RURAL,VERTICAL,VERTICAL,7528.69,True,True,MULTIROTOR,0.8,VTOL,,,,0.1295
4951,INSPECTION,3.54,27.5,5.2,38.1,URBAN,VERTICAL,VERTICAL,19326.69,True,True,MULTIROTOR,0.8,VTOL,,,,0.0679
4952,SURVEY,0.0,30.0,20.0,60.0,RURAL,VERTICAL,VERTICAL,10000.0,False,False,None,,None,,INVALID_REQUIREMENTS,Payload weight must be greater than 0 kg. Provided: 0.0 kg.,0.0096
4953,TRAINING,1.65,88.5,88.4,90.8,FOREST,HAND_LAUNCH,BELLY_LANDING,47438.11,True,True,FIXED_WING,1.0,VTOL,,,,0.0728
4954,MILITARY,2.58,67.5,99.5,57.7,MOUNTAIN,HAND_LAUNCH,NET_RECOVERY,79882.27,True,True,FIXED_WING,1.0,VTOL,,,,0.0741
4955,AGRICULTURE,0.14,16.4,4.9,28.4,INDOOR,VERTICAL,VERTICAL,45112.3,True,True,MULTIROTOR,0.8,None,,,,0.0647
4956,SECURITY,1.2,131.2,71.7,56.8,DESERT,RUNWAY,RUNWAY,51555.3,True,True,FIXED_WING,1.0,VTOL,,,,0.0698
4957,DISASTER_RESPONSE,5.77,91.4,146.1,65.4,MOUNTAIN,VERTICAL,VERTICAL,28139.12,True,True,VTOL,0.95,MULTIROTOR,,,,0.0715
4958,DISASTER_RESPONSE,4.16,59.6,37.9,64.3,FOREST,VERTICAL,VERTICAL,72533.06,True,True,VTOL,0.95,MULTIROTOR,,,,0.0813
4959,CUSTOM,3.37,81.4,98.9,101.4,MOUNTAIN,VERTICAL,VERTICAL,69315.27,True,True,VTOL,0.95,MULTIROTOR,,,,0.0699
4960,SURVEY,2.0,500.0,20.0,60.0,RURAL,VERTICAL,VERTICAL,,True,False,None,,None,,NO_VALID_VEHICLE,No feasible aircraft design solution: Endurance requirement (500.0 min) exceeds battery/fuel energy storage density limit (450.0 min).,0.0368
4961,SURVEY,2.0,30.0,20.0,350.0,RURAL,VERTICAL,VERTICAL,,True,False,None,,None,,NO_VALID_VEHICLE,No feasible aircraft design solution: Cruise speed requirement (350.0 km/h) exceeds platform dynamic limit (300.0 km/h).,0.0333
4962,SURVEY,18.0,280.0,20.0,60.0,RURAL,VERTICAL,VERTICAL,,True,False,None,,None,,NO_VALID_VEHICLE,No feasible aircraft design solution: Combined heavy payload (18.0 kg) and ultra-long endurance (280.0 min) is physically unachievable.,0.033
4963,INSPECTION,0.76,16.2,2.7,39.7,INDOOR,VERTICAL,VERTICAL,11380.75,True,True,MULTIROTOR,0.8,None,,,,0.0617
4964,SURVEY,18.0,280.0,20.0,60.0,RURAL,VERTICAL,VERTICAL,,True,False,None,,None,,NO_VALID_VEHICLE,No feasible aircraft design solution: Combined heavy payload (18.0 kg) and ultra-long endurance (280.0 min) is physically unachievable.,0.0374
4965,SECURITY,1.31,18.1,2.6,33.2,INDOOR,VERTICAL,VERTICAL,37185.1,True,True,MULTIROTOR,0.8,None,,,,0.0646
4966,SURVEY,2.0,500.0,20.0,60.0,RURAL,VERTICAL,VERTICAL,,True,False,None,,None,,NO_VALID_VEHICLE,No feasible aircraft design solution: Endurance requirement (500.0 min) exceeds battery/fuel energy storage density limit (450.0 min).,0.0348
4967,SURVEY,6.36,116.8,50.8,92.2,FOREST,VERTICAL,VERTICAL,2086.34,True,True,VTOL,0.95,MULTIROTOR,,,,0.0683
4968,RESEARCH,17.56,34.3,53.4,88.9,MOUNTAIN,VERTICAL,VERTICAL,57073.23,True,True,VTOL,0.95,MULTIROTOR,,,,0.069
4969,SECURITY,1.61,111.8,93.7,103.2,MOUNTAIN,RUNWAY,RUNWAY,7233.71,True,True,FIXED_WING,1.0,VTOL,,,,0.0693
4970,SECURITY,4.62,48.0,75.6,101.7,MARINE,VERTICAL,VERTICAL,66511.37,True,True,VTOL,0.95,MULTIROTOR,,,,0.0644
4971,MILITARY,0.35,19.2,1.1,10.3,INDOOR,VERTICAL,VERTICAL,71510.57,True,True,MULTIROTOR,0.8,None,,,,0.0599
4972,SURVEY,2.0,30.0,20.0,350.0,RURAL,VERTICAL,VERTICAL,,True,False,None,,None,,NO_VALID_VEHICLE,No feasible aircraft design solution: Cruise speed requirement (350.0 km/h) exceeds platform dynamic limit (300.0 km/h).,0.0346
4973,SURVEY,45.0,30.0,20.0,60.0,RURAL,VERTICAL,VERTICAL,,True,False,None,,None,High payload mass (45.0 kg) requires specialized heavy-lift structural airframe.,NO_VALID_VEHICLE,No feasible aircraft design solution: Payload requirement (45.0 kg) exceeds maximum studio envelope limit (35.0 kg).,0.0343
4974,SURVEY,7.99,81.9,71.5,71.4,MOUNTAIN,VERTICAL,VERTICAL,65347.4,True,True,VTOL,0.95,MULTIROTOR,,,,0.0642
4975,MILITARY,0.99,24.6,4.9,26.9,INDOOR,VERTICAL,VERTICAL,54966.34,True,True,MULTIROTOR,0.8,None,,,,0.0636
4976,TRAINING,19.27,83.2,14.2,75.5,MOUNTAIN,RUNWAY,RUNWAY,58613.04,True,True,FIXED_WING,1.0,VTOL,,,,0.0677
4977,INSPECTION,1.49,112.5,112.9,88.8,FOREST,CATAPULT,NET_RECOVERY,78293.47,True,True,VTOL,0.8,MULTIROTOR,,,,0.0638
4978,SURVEY,25.0,30.0,250.0,60.0,RURAL,VERTICAL,VERTICAL,,True,False,None,,None,,NO_VALID_VEHICLE,No feasible aircraft design solution: Combined heavy payload (25.0 kg) and extended range (250.0 km) exceeds structural MTOW limit.,0.0346
4979,SURVEY,2.68,19.0,5.0,44.2,URBAN,VERTICAL,VERTICAL,59649.72,True,True,MULTIROTOR,0.8,VTOL,,,,0.0696
4980,MAPPING,1.25,9.7,0.6,35.7,INDOOR,VERTICAL,VERTICAL,26113.08,True,True,MULTIROTOR,0.8,None,,,,0.0622
4981,TRAINING,3.32,33.8,4.8,48.7,URBAN,VERTICAL,VERTICAL,37168.43,True,True,MULTIROTOR,0.8,VTOL,,,,0.0645
4982,DISASTER_RESPONSE,21.56,73.5,47.5,69.7,MOUNTAIN,VERTICAL,RUNWAY,4335.28,True,True,VTOL,0.95,MULTIROTOR,,,,0.0662
4983,DELIVERY,15.87,53.2,67.9,47.4,RURAL,VERTICAL,RUNWAY,29960.74,True,True,VTOL,0.95,MULTIROTOR,,,,0.0683
4984,MILITARY,1.05,20.5,2.2,30.1,INDOOR,VERTICAL,VERTICAL,79590.81,True,True,MULTIROTOR,0.8,None,,,,0.0614
4985,SURVEY,13.68,26.3,60.0,53.0,MOUNTAIN,VERTICAL,RUNWAY,4151.49,True,True,VTOL,0.95,MULTIROTOR,,,,0.063
4986,DELIVERY,24.94,62.1,45.7,50.1,RURAL,RUNWAY,VERTICAL,29897.08,True,True,VTOL,0.8,MULTIROTOR,,,,0.0681
4987,TRAINING,0.67,19.2,1.4,34.4,INDOOR,VERTICAL,VERTICAL,18529.08,True,True,MULTIROTOR,0.8,None,,,,0.0588
4988,SECURITY,9.11,84.3,23.6,76.7,DESERT,VERTICAL,VERTICAL,61413.52,True,True,VTOL,0.7,MULTIROTOR,,,,0.068
4989,TRAINING,2.54,147.0,50.0,98.8,RURAL,CATAPULT,RUNWAY,4700.83,True,True,FIXED_WING,1.0,VTOL,,,,0.0658
4990,SURVEY,1.28,16.1,4.5,19.1,INDOOR,VERTICAL,VERTICAL,79787.0,True,True,MULTIROTOR,0.8,None,,,,0.0592
4991,DISASTER_RESPONSE,2.63,34.7,2.6,46.8,URBAN,VERTICAL,VERTICAL,31118.76,True,True,MULTIROTOR,0.8,VTOL,,,,0.0668
4992,SURVEY,18.0,280.0,20.0,60.0,RURAL,VERTICAL,VERTICAL,,True,False,None,,None,,NO_VALID_VEHICLE,No feasible aircraft design solution: Combined heavy payload (18.0 kg) and ultra-long endurance (280.0 min) is physically unachievable.,0.0369
4993,SURVEY,2.0,500.0,20.0,60.0,RURAL,VERTICAL,VERTICAL,,True,False,None,,None,,NO_VALID_VEHICLE,No feasible aircraft design solution: Endurance requirement (500.0 min) exceeds battery/fuel energy storage density limit (450.0 min).,0.036
4994,TRAINING,1.98,78.6,101.8,95.7,DESERT,CATAPULT,PARACHUTE,78258.06,True,True,FIXED_WING,1.0,VTOL,,,,0.0629
4995,MILITARY,13.64,67.1,76.3,44.7,MOUNTAIN,VERTICAL,VERTICAL,62035.54,True,True,VTOL,0.95,MULTIROTOR,,,,0.0636
4996,MILITARY,0.72,20.2,1.0,34.2,INDOOR,VERTICAL,VERTICAL,7164.14,True,True,MULTIROTOR,0.8,None,,,,0.0629
4997,SURVEY,1.26,32.1,10.1,28.5,RURAL,VERTICAL,VERTICAL,55539.01,True,True,MULTIROTOR,0.8,VTOL,,,,0.0612
4998,DISASTER_RESPONSE,2.3,34.9,123.8,100.9,MOUNTAIN,VERTICAL,VERTICAL,40399.15,True,True,VTOL,0.95,MULTIROTOR,,,,0.0653
4999,MAPPING,4.63,31.4,33.4,67.5,RURAL,VERTICAL,VERTICAL,45603.35,True,True,VTOL,0.95,MULTIROTOR,,,,0.0666
5000,SURVEY,3.0,30.0,20.0,0.0,RURAL,VERTICAL,VERTICAL,10000.0,False,False,None,,None,,INVALID_REQUIREMENTS,Cruise speed must be greater than 0 km/h. Provided: 0.0 km/h.,0.0092
