CASE_ID,CASE_CATEGORY,MISSION_TYPE,PAYLOAD_KG,RANGE_KM,ENDURANCE_MIN,CRUISE_SPEED_KMH,HOVER_REQUIRED,VTOL_REQUIRED,RUNWAY_AVAILABLE,CONFINED_OPERATION,ENVIRONMENT,OPTIMIZATION_PRIORITY,EXPECTED_FAMILY,RAW_SELECTOR_OUTPUT,NORMALIZED_FAMILY_OUTPUT,SELECTED_SCORE,CONFIDENCE,ALTERNATIVE_CANDIDATES,REASONING_PROS,PENALTIES_CONS,VALIDATION_RESULT,FINAL_TEST_CLASSIFICATION,MANUAL_REVIEW,MANUAL_EXPECTED_FAMILY,MANUAL_PASS_FAIL,REVIEWER_COMMENT
CASE_MR_001,DETERMINISTIC,INSPECTION,0.1,1.0,10.0,40.0,True,True,False,True,URBAN,BALANCED,MULTIROTOR,QUADCOPTER,MULTIROTOR,0.8,0.9,HEXACOPTER:0.8; OCTOCOPTER:0.6; VTOL:0.55; FIXED_WING:0.0,Vertical takeoff and precision hover capability | Low mechanical and electronic complexity | Low baseline system cost,,VALID,PASS,,,,
CASE_MR_002,DETERMINISTIC,SECURITY,0.25,1.0,10.0,41.0,True,True,False,False,RURAL,BALANCED,MULTIROTOR,QUADCOPTER,MULTIROTOR,0.8,0.9,HEXACOPTER:0.8; OCTOCOPTER:0.6; VTOL:0.55; FIXED_WING:0.0,Vertical takeoff and precision hover capability | Low mechanical and electronic complexity | Low baseline system cost,,VALID,PASS,,,,
CASE_MR_003,DETERMINISTIC,DISASTER_RESPONSE,0.5,2.0,10.0,42.0,True,True,False,False,MOUNTAIN,BALANCED,MULTIROTOR,QUADCOPTER,MULTIROTOR,0.8,0.9,HEXACOPTER:0.8; OCTOCOPTER:0.6; VTOL:0.55; FIXED_WING:0.0,Vertical takeoff and precision hover capability | Low mechanical and electronic complexity | Low baseline system cost,,VALID,PASS,,,,
CASE_MR_004,DETERMINISTIC,DELIVERY,1.0,2.0,15.0,43.0,True,True,False,False,FOREST,BALANCED,MULTIROTOR,QUADCOPTER,MULTIROTOR,0.8,0.9,HEXACOPTER:0.8; OCTOCOPTER:0.6; VTOL:0.55; FIXED_WING:0.0,Vertical takeoff and precision hover capability | Low mechanical and electronic complexity | Low baseline system cost,,VALID,PASS,,,,
CASE_MR_005,DETERMINISTIC,RESEARCH,2.0,3.0,15.0,44.0,True,True,False,False,DESERT,BALANCED,MULTIROTOR,HEXACOPTER,MULTIROTOR,0.9,0.9,QUADCOPTER:0.8; OCTOCOPTER:0.6; VTOL:0.55; FIXED_WING:0.0,Single motor failure redundancy | Good payload capacity (2-10 kg) | Precision vertical hover | Optimal payload mass match (2-10 kg).,,VALID,PASS,,,,
CASE_MR_006,DETERMINISTIC,INSPECTION,3.0,3.0,15.0,45.0,True,True,False,False,COASTAL,BALANCED,MULTIROTOR,HEXACOPTER,MULTIROTOR,0.9,0.9,QUADCOPTER:0.8; OCTOCOPTER:0.6; VTOL:0.55; FIXED_WING:0.0,Single motor failure redundancy | Good payload capacity (2-10 kg) | Precision vertical hover | Optimal payload mass match (2-10 kg).,,VALID,PASS,,,,
CASE_MR_007,DETERMINISTIC,SECURITY,5.0,5.0,20.0,46.0,True,True,False,False,MARINE,BALANCED,MULTIROTOR,HEXACOPTER,MULTIROTOR,0.9,0.9,QUADCOPTER:0.8; OCTOCOPTER:0.6; VTOL:0.55; FIXED_WING:0.0,Single motor failure redundancy | Good payload capacity (2-10 kg) | Precision vertical hover | Optimal payload mass match (2-10 kg).,,VALID,PASS,,,,
CASE_MR_008,DETERMINISTIC,DISASTER_RESPONSE,8.0,5.0,20.0,47.0,True,True,False,False,INDOOR,BALANCED,MULTIROTOR,HEXACOPTER,MULTIROTOR,0.9,0.9,OCTOCOPTER:0.6; QUADCOPTER:0.55; VTOL:0.55; FIXED_WING:0.0,Single motor failure redundancy | Good payload capacity (2-10 kg) | Precision vertical hover | Optimal payload mass match (2-10 kg).,,VALID,PASS,,,,
CASE_MR_009,DETERMINISTIC,DELIVERY,12.0,8.0,20.0,48.0,True,True,False,True,URBAN,BALANCED,MULTIROTOR,OCTOCOPTER,MULTIROTOR,0.9,0.88,HEXACOPTER:0.8; QUADCOPTER:0.55; VTOL:0.55; FIXED_WING:0.0,High payload capacity (> 10 kg) | Dual motor failure redundancy | High structural stability | Excellent heavy payload handling.,,VALID,PASS,,,,
CASE_MR_010,DETERMINISTIC,RESEARCH,15.0,8.0,25.0,49.0,True,True,False,False,RURAL,BALANCED,MULTIROTOR,OCTOCOPTER,MULTIROTOR,0.9,0.88,HEXACOPTER:0.8; QUADCOPTER:0.55; VTOL:0.55; FIXED_WING:0.0,High payload capacity (> 10 kg) | Dual motor failure redundancy | High structural stability | Excellent heavy payload handling.,,VALID,PASS,,,,
CASE_MR_011,DETERMINISTIC,INSPECTION,0.1,10.0,25.0,50.0,True,True,False,False,MOUNTAIN,BALANCED,MULTIROTOR,QUADCOPTER,MULTIROTOR,0.8,0.9,HEXACOPTER:0.8; VTOL:0.8; OCTOCOPTER:0.6; FIXED_WING:0.0,Vertical takeoff and precision hover capability | Low mechanical and electronic complexity | Low baseline system cost,,VALID,PASS,,,,
CASE_MR_012,DETERMINISTIC,SECURITY,0.25,10.0,25.0,51.0,True,True,False,False,FOREST,BALANCED,MULTIROTOR,QUADCOPTER,MULTIROTOR,0.8,0.9,HEXACOPTER:0.8; VTOL:0.8; OCTOCOPTER:0.6; FIXED_WING:0.0,Vertical takeoff and precision hover capability | Low mechanical and electronic complexity | Low baseline system cost,,VALID,PASS,,,,
CASE_MR_013,DETERMINISTIC,DISASTER_RESPONSE,0.5,12.0,30.0,52.0,True,True,False,False,DESERT,BALANCED,MULTIROTOR,QUADCOPTER,MULTIROTOR,0.8,0.9,HEXACOPTER:0.8; VTOL:0.8; OCTOCOPTER:0.6; FIXED_WING:0.0,Vertical takeoff and precision hover capability | Low mechanical and electronic complexity | Low baseline system cost,,VALID,PASS,,,,
CASE_MR_014,DETERMINISTIC,DELIVERY,1.0,12.0,30.0,53.0,True,True,False,False,COASTAL,BALANCED,MULTIROTOR,QUADCOPTER,MULTIROTOR,0.8,0.9,HEXACOPTER:0.8; VTOL:0.8; OCTOCOPTER:0.6; FIXED_WING:0.0,Vertical takeoff and precision hover capability | Low mechanical and electronic complexity | Low baseline system cost,,VALID,PASS,,,,
CASE_MR_015,DETERMINISTIC,RESEARCH,2.0,14.0,30.0,54.0,True,True,False,False,MARINE,BALANCED,MULTIROTOR,HEXACOPTER,MULTIROTOR,0.9,0.9,QUADCOPTER:0.8; VTOL:0.8; OCTOCOPTER:0.6; FIXED_WING:0.0,Single motor failure redundancy | Good payload capacity (2-10 kg) | Precision vertical hover | Optimal payload mass match (2-10 kg).,,VALID,PASS,,,,
CASE_MR_016,DETERMINISTIC,INSPECTION,3.0,14.0,35.0,55.0,True,True,False,False,INDOOR,BALANCED,MULTIROTOR,HEXACOPTER,MULTIROTOR,0.9,0.9,QUADCOPTER:0.8; VTOL:0.8; OCTOCOPTER:0.6; FIXED_WING:0.0,Single motor failure redundancy | Good payload capacity (2-10 kg) | Precision vertical hover | Optimal payload mass match (2-10 kg).,,VALID,PASS,,,,
CASE_MR_017,DETERMINISTIC,SECURITY,5.0,1.0,35.0,56.0,True,True,False,True,URBAN,BALANCED,MULTIROTOR,HEXACOPTER,MULTIROTOR,0.9,0.9,QUADCOPTER:0.8; OCTOCOPTER:0.6; VTOL:0.55; FIXED_WING:0.0,Single motor failure redundancy | Good payload capacity (2-10 kg) | Precision vertical hover | Optimal payload mass match (2-10 kg).,,VALID,PASS,,,,
CASE_MR_018,DETERMINISTIC,DISASTER_RESPONSE,8.0,1.0,35.0,57.0,True,True,False,False,RURAL,BALANCED,MULTIROTOR,HEXACOPTER,MULTIROTOR,0.9,0.9,OCTOCOPTER:0.6; QUADCOPTER:0.55; VTOL:0.55; FIXED_WING:0.0,Single motor failure redundancy | Good payload capacity (2-10 kg) | Precision vertical hover | Optimal payload mass match (2-10 kg).,,VALID,PASS,,,,
CASE_MR_019,DETERMINISTIC,DELIVERY,12.0,2.0,40.0,58.0,True,True,False,False,MOUNTAIN,BALANCED,MULTIROTOR,OCTOCOPTER,MULTIROTOR,0.9,0.88,HEXACOPTER:0.8; QUADCOPTER:0.55; VTOL:0.55; FIXED_WING:0.0,High payload capacity (> 10 kg) | Dual motor failure redundancy | High structural stability | Excellent heavy payload handling.,,VALID,PASS,,,,
CASE_MR_020,DETERMINISTIC,RESEARCH,15.0,2.0,40.0,59.0,True,True,False,False,FOREST,BALANCED,MULTIROTOR,OCTOCOPTER,MULTIROTOR,0.9,0.88,HEXACOPTER:0.8; QUADCOPTER:0.55; VTOL:0.55; FIXED_WING:0.0,High payload capacity (> 10 kg) | Dual motor failure redundancy | High structural stability | Excellent heavy payload handling.,,VALID,PASS,,,,
CASE_MR_021,DETERMINISTIC,INSPECTION,0.1,3.0,40.0,40.0,True,True,False,False,DESERT,BALANCED,MULTIROTOR,QUADCOPTER,MULTIROTOR,0.8,0.9,HEXACOPTER:0.8; OCTOCOPTER:0.6; VTOL:0.55; FIXED_WING:0.0,Vertical takeoff and precision hover capability | Low mechanical and electronic complexity | Low baseline system cost,,VALID,PASS,,,,
CASE_MR_022,DETERMINISTIC,SECURITY,0.25,3.0,10.0,41.0,True,True,False,False,COASTAL,BALANCED,MULTIROTOR,QUADCOPTER,MULTIROTOR,0.8,0.9,HEXACOPTER:0.8; OCTOCOPTER:0.6; VTOL:0.55; FIXED_WING:0.0,Vertical takeoff and precision hover capability | Low mechanical and electronic complexity | Low baseline system cost,,VALID,PASS,,,,
CASE_MR_023,DETERMINISTIC,DISASTER_RESPONSE,0.5,5.0,10.0,42.0,True,True,False,False,MARINE,BALANCED,MULTIROTOR,QUADCOPTER,MULTIROTOR,0.8,0.9,HEXACOPTER:0.8; OCTOCOPTER:0.6; VTOL:0.55; FIXED_WING:0.0,Vertical takeoff and precision hover capability | Low mechanical and electronic complexity | Low baseline system cost,,VALID,PASS,,,,
CASE_MR_024,DETERMINISTIC,DELIVERY,1.0,5.0,10.0,43.0,True,True,False,False,INDOOR,BALANCED,MULTIROTOR,QUADCOPTER,MULTIROTOR,0.8,0.9,HEXACOPTER:0.8; OCTOCOPTER:0.6; VTOL:0.55; FIXED_WING:0.0,Vertical takeoff and precision hover capability | Low mechanical and electronic complexity | Low baseline system cost,,VALID,PASS,,,,
CASE_MR_025,DETERMINISTIC,RESEARCH,2.0,8.0,15.0,44.0,True,True,False,True,URBAN,BALANCED,MULTIROTOR,HEXACOPTER,MULTIROTOR,0.9,0.9,QUADCOPTER:0.8; OCTOCOPTER:0.6; VTOL:0.55; FIXED_WING:0.0,Single motor failure redundancy | Good payload capacity (2-10 kg) | Precision vertical hover | Optimal payload mass match (2-10 kg).,,VALID,PASS,,,,
CASE_MR_026,DETERMINISTIC,INSPECTION,3.0,8.0,15.0,45.0,True,True,False,False,RURAL,BALANCED,MULTIROTOR,HEXACOPTER,MULTIROTOR,0.9,0.9,QUADCOPTER:0.8; OCTOCOPTER:0.6; VTOL:0.55; FIXED_WING:0.0,Single motor failure redundancy | Good payload capacity (2-10 kg) | Precision vertical hover | Optimal payload mass match (2-10 kg).,,VALID,PASS,,,,
CASE_MR_027,DETERMINISTIC,SECURITY,5.0,10.0,15.0,46.0,True,True,False,False,MOUNTAIN,BALANCED,MULTIROTOR,HEXACOPTER,MULTIROTOR,0.9,0.9,QUADCOPTER:0.8; VTOL:0.8; OCTOCOPTER:0.6; FIXED_WING:0.0,Single motor failure redundancy | Good payload capacity (2-10 kg) | Precision vertical hover | Optimal payload mass match (2-10 kg).,,VALID,PASS,,,,
CASE_MR_028,DETERMINISTIC,DISASTER_RESPONSE,8.0,10.0,20.0,47.0,True,True,False,False,FOREST,BALANCED,MULTIROTOR,HEXACOPTER,MULTIROTOR,0.9,0.9,VTOL:0.8; OCTOCOPTER:0.6; QUADCOPTER:0.55; FIXED_WING:0.0,Single motor failure redundancy | Good payload capacity (2-10 kg) | Precision vertical hover | Optimal payload mass match (2-10 kg).,,VALID,PASS,,,,
CASE_MR_029,DETERMINISTIC,DELIVERY,12.0,12.0,20.0,48.0,True,True,False,False,DESERT,BALANCED,MULTIROTOR,OCTOCOPTER,MULTIROTOR,0.9,0.88,HEXACOPTER:0.8; VTOL:0.8; QUADCOPTER:0.55; FIXED_WING:0.0,High payload capacity (> 10 kg) | Dual motor failure redundancy | High structural stability | Excellent heavy payload handling.,,VALID,PASS,,,,
CASE_MR_030,DETERMINISTIC,RESEARCH,15.0,12.0,20.0,49.0,True,True,False,False,COASTAL,BALANCED,MULTIROTOR,OCTOCOPTER,MULTIROTOR,0.9,0.88,HEXACOPTER:0.8; VTOL:0.8; QUADCOPTER:0.55; FIXED_WING:0.0,High payload capacity (> 10 kg) | Dual motor failure redundancy | High structural stability | Excellent heavy payload handling.,,VALID,PASS,,,,
CASE_MR_031,DETERMINISTIC,INSPECTION,0.1,14.0,25.0,50.0,True,True,False,False,MARINE,BALANCED,MULTIROTOR,QUADCOPTER,MULTIROTOR,0.8,0.9,HEXACOPTER:0.8; VTOL:0.8; OCTOCOPTER:0.6; FIXED_WING:0.0,Vertical takeoff and precision hover capability | Low mechanical and electronic complexity | Low baseline system cost,,VALID,PASS,,,,
CASE_MR_032,DETERMINISTIC,SECURITY,0.25,14.0,25.0,51.0,True,True,False,False,INDOOR,BALANCED,MULTIROTOR,QUADCOPTER,MULTIROTOR,0.8,0.9,HEXACOPTER:0.8; VTOL:0.8; OCTOCOPTER:0.6; FIXED_WING:0.0,Vertical takeoff and precision hover capability | Low mechanical and electronic complexity | Low baseline system cost,,VALID,PASS,,,,
CASE_MR_033,DETERMINISTIC,DISASTER_RESPONSE,0.5,1.0,25.0,52.0,True,True,False,True,URBAN,BALANCED,MULTIROTOR,QUADCOPTER,MULTIROTOR,0.8,0.9,HEXACOPTER:0.8; OCTOCOPTER:0.6; VTOL:0.55; FIXED_WING:0.0,Vertical takeoff and precision hover capability | Low mechanical and electronic complexity | Low baseline system cost,,VALID,PASS,,,,
CASE_MR_034,DETERMINISTIC,DELIVERY,1.0,1.0,30.0,53.0,True,True,False,False,RURAL,BALANCED,MULTIROTOR,QUADCOPTER,MULTIROTOR,0.8,0.9,HEXACOPTER:0.8; OCTOCOPTER:0.6; VTOL:0.55; FIXED_WING:0.0,Vertical takeoff and precision hover capability | Low mechanical and electronic complexity | Low baseline system cost,,VALID,PASS,,,,
CASE_MR_035,DETERMINISTIC,RESEARCH,2.0,2.0,30.0,54.0,True,True,False,False,MOUNTAIN,BALANCED,MULTIROTOR,HEXACOPTER,MULTIROTOR,0.9,0.9,QUADCOPTER:0.8; OCTOCOPTER:0.6; VTOL:0.55; FIXED_WING:0.0,Single motor failure redundancy | Good payload capacity (2-10 kg) | Precision vertical hover | Optimal payload mass match (2-10 kg).,,VALID,PASS,,,,
CASE_MR_036,DETERMINISTIC,INSPECTION,3.0,2.0,30.0,55.0,True,True,False,False,FOREST,BALANCED,MULTIROTOR,HEXACOPTER,MULTIROTOR,0.9,0.9,QUADCOPTER:0.8; OCTOCOPTER:0.6; VTOL:0.55; FIXED_WING:0.0,Single motor failure redundancy | Good payload capacity (2-10 kg) | Precision vertical hover | Optimal payload mass match (2-10 kg).,,VALID,PASS,,,,
CASE_MR_037,DETERMINISTIC,SECURITY,5.0,3.0,35.0,56.0,True,True,False,False,DESERT,BALANCED,MULTIROTOR,HEXACOPTER,MULTIROTOR,0.9,0.9,QUADCOPTER:0.8; OCTOCOPTER:0.6; VTOL:0.55; FIXED_WING:0.0,Single motor failure redundancy | Good payload capacity (2-10 kg) | Precision vertical hover | Optimal payload mass match (2-10 kg).,,VALID,PASS,,,,
CASE_MR_038,DETERMINISTIC,DISASTER_RESPONSE,8.0,3.0,35.0,57.0,True,True,False,False,COASTAL,BALANCED,MULTIROTOR,HEXACOPTER,MULTIROTOR,0.9,0.9,OCTOCOPTER:0.6; QUADCOPTER:0.55; VTOL:0.55; FIXED_WING:0.0,Single motor failure redundancy | Good payload capacity (2-10 kg) | Precision vertical hover | Optimal payload mass match (2-10 kg).,,VALID,PASS,,,,
CASE_MR_039,DETERMINISTIC,DELIVERY,12.0,5.0,35.0,58.0,True,True,False,False,MARINE,BALANCED,MULTIROTOR,OCTOCOPTER,MULTIROTOR,0.9,0.88,HEXACOPTER:0.8; QUADCOPTER:0.55; VTOL:0.55; FIXED_WING:0.0,High payload capacity (> 10 kg) | Dual motor failure redundancy | High structural stability | Excellent heavy payload handling.,,VALID,PASS,,,,
CASE_MR_040,DETERMINISTIC,RESEARCH,15.0,5.0,40.0,59.0,True,True,False,False,INDOOR,BALANCED,MULTIROTOR,OCTOCOPTER,MULTIROTOR,0.9,0.88,HEXACOPTER:0.8; QUADCOPTER:0.55; VTOL:0.55; FIXED_WING:0.0,High payload capacity (> 10 kg) | Dual motor failure redundancy | High structural stability | Excellent heavy payload handling.,,VALID,PASS,,,,
CASE_MR_041,DETERMINISTIC,INSPECTION,0.1,8.0,40.0,40.0,True,True,False,True,URBAN,BALANCED,MULTIROTOR,QUADCOPTER,MULTIROTOR,0.8,0.9,HEXACOPTER:0.8; OCTOCOPTER:0.6; VTOL:0.55; FIXED_WING:0.0,Vertical takeoff and precision hover capability | Low mechanical and electronic complexity | Low baseline system cost,,VALID,PASS,,,,
CASE_MR_042,DETERMINISTIC,SECURITY,0.25,8.0,40.0,41.0,True,True,False,False,RURAL,BALANCED,MULTIROTOR,QUADCOPTER,MULTIROTOR,0.8,0.9,HEXACOPTER:0.8; OCTOCOPTER:0.6; VTOL:0.55; FIXED_WING:0.0,Vertical takeoff and precision hover capability | Low mechanical and electronic complexity | Low baseline system cost,,VALID,PASS,,,,
CASE_MR_043,DETERMINISTIC,DISASTER_RESPONSE,0.5,10.0,10.0,42.0,True,True,False,False,MOUNTAIN,BALANCED,MULTIROTOR,QUADCOPTER,MULTIROTOR,0.8,0.9,HEXACOPTER:0.8; VTOL:0.8; OCTOCOPTER:0.6; FIXED_WING:0.0,Vertical takeoff and precision hover capability | Low mechanical and electronic complexity | Low baseline system cost,,VALID,PASS,,,,
CASE_MR_044,DETERMINISTIC,DELIVERY,1.0,10.0,10.0,43.0,True,True,False,False,FOREST,BALANCED,MULTIROTOR,QUADCOPTER,MULTIROTOR,0.8,0.9,HEXACOPTER:0.8; VTOL:0.8; OCTOCOPTER:0.6; FIXED_WING:0.0,Vertical takeoff and precision hover capability | Low mechanical and electronic complexity | Low baseline system cost,,VALID,PASS,,,,
CASE_MR_045,DETERMINISTIC,RESEARCH,2.0,12.0,10.0,44.0,True,True,False,False,DESERT,BALANCED,MULTIROTOR,HEXACOPTER,MULTIROTOR,0.9,0.9,QUADCOPTER:0.8; VTOL:0.8; OCTOCOPTER:0.6; FIXED_WING:0.0,Single motor failure redundancy | Good payload capacity (2-10 kg) | Precision vertical hover | Optimal payload mass match (2-10 kg).,,VALID,PASS,,,,
CASE_MR_046,DETERMINISTIC,INSPECTION,3.0,12.0,15.0,45.0,True,True,False,False,COASTAL,BALANCED,MULTIROTOR,HEXACOPTER,MULTIROTOR,0.9,0.9,QUADCOPTER:0.8; VTOL:0.8; OCTOCOPTER:0.6; FIXED_WING:0.0,Single motor failure redundancy | Good payload capacity (2-10 kg) | Precision vertical hover | Optimal payload mass match (2-10 kg).,,VALID,PASS,,,,
CASE_MR_047,DETERMINISTIC,SECURITY,5.0,14.0,15.0,46.0,True,True,False,False,MARINE,BALANCED,MULTIROTOR,HEXACOPTER,MULTIROTOR,0.9,0.9,QUADCOPTER:0.8; VTOL:0.8; OCTOCOPTER:0.6; FIXED_WING:0.0,Single motor failure redundancy | Good payload capacity (2-10 kg) | Precision vertical hover | Optimal payload mass match (2-10 kg).,,VALID,PASS,,,,
CASE_MR_048,DETERMINISTIC,DISASTER_RESPONSE,8.0,14.0,15.0,47.0,True,True,False,False,INDOOR,BALANCED,MULTIROTOR,HEXACOPTER,MULTIROTOR,0.9,0.9,VTOL:0.8; OCTOCOPTER:0.6; QUADCOPTER:0.55; FIXED_WING:0.0,Single motor failure redundancy | Good payload capacity (2-10 kg) | Precision vertical hover | Optimal payload mass match (2-10 kg).,,VALID,PASS,,,,
CASE_MR_049,DETERMINISTIC,DELIVERY,12.0,1.0,20.0,48.0,True,True,False,True,URBAN,BALANCED,MULTIROTOR,OCTOCOPTER,MULTIROTOR,0.9,0.88,HEXACOPTER:0.8; QUADCOPTER:0.55; VTOL:0.55; FIXED_WING:0.0,High payload capacity (> 10 kg) | Dual motor failure redundancy | High structural stability | Excellent heavy payload handling.,,VALID,PASS,,,,
CASE_MR_050,DETERMINISTIC,RESEARCH,15.0,1.0,20.0,49.0,True,True,False,False,RURAL,BALANCED,MULTIROTOR,OCTOCOPTER,MULTIROTOR,0.9,0.88,HEXACOPTER:0.8; QUADCOPTER:0.55; VTOL:0.55; FIXED_WING:0.0,High payload capacity (> 10 kg) | Dual motor failure redundancy | High structural stability | Excellent heavy payload handling.,,VALID,PASS,,,,
CASE_MR_051,DETERMINISTIC,INSPECTION,0.1,2.0,20.0,50.0,True,True,False,False,MOUNTAIN,BALANCED,MULTIROTOR,QUADCOPTER,MULTIROTOR,0.8,0.9,HEXACOPTER:0.8; OCTOCOPTER:0.6; VTOL:0.55; FIXED_WING:0.0,Vertical takeoff and precision hover capability | Low mechanical and electronic complexity | Low baseline system cost,,VALID,PASS,,,,
CASE_MR_052,DETERMINISTIC,SECURITY,0.25,2.0,25.0,51.0,True,True,False,False,FOREST,BALANCED,MULTIROTOR,QUADCOPTER,MULTIROTOR,0.8,0.9,HEXACOPTER:0.8; OCTOCOPTER:0.6; VTOL:0.55; FIXED_WING:0.0,Vertical takeoff and precision hover capability | Low mechanical and electronic complexity | Low baseline system cost,,VALID,PASS,,,,
CASE_MR_053,DETERMINISTIC,DISASTER_RESPONSE,0.5,3.0,25.0,52.0,True,True,False,False,DESERT,BALANCED,MULTIROTOR,QUADCOPTER,MULTIROTOR,0.8,0.9,HEXACOPTER:0.8; OCTOCOPTER:0.6; VTOL:0.55; FIXED_WING:0.0,Vertical takeoff and precision hover capability | Low mechanical and electronic complexity | Low baseline system cost,,VALID,PASS,,,,
CASE_MR_054,DETERMINISTIC,DELIVERY,1.0,3.0,25.0,53.0,True,True,False,False,COASTAL,BALANCED,MULTIROTOR,QUADCOPTER,MULTIROTOR,0.8,0.9,HEXACOPTER:0.8; OCTOCOPTER:0.6; VTOL:0.55; FIXED_WING:0.0,Vertical takeoff and precision hover capability | Low mechanical and electronic complexity | Low baseline system cost,,VALID,PASS,,,,
CASE_MR_055,DETERMINISTIC,RESEARCH,2.0,5.0,30.0,54.0,True,True,False,False,MARINE,BALANCED,MULTIROTOR,HEXACOPTER,MULTIROTOR,0.9,0.9,QUADCOPTER:0.8; OCTOCOPTER:0.6; VTOL:0.55; FIXED_WING:0.0,Single motor failure redundancy | Good payload capacity (2-10 kg) | Precision vertical hover | Optimal payload mass match (2-10 kg).,,VALID,PASS,,,,
CASE_MR_056,DETERMINISTIC,INSPECTION,3.0,5.0,30.0,55.0,True,True,False,False,INDOOR,BALANCED,MULTIROTOR,HEXACOPTER,MULTIROTOR,0.9,0.9,QUADCOPTER:0.8; OCTOCOPTER:0.6; VTOL:0.55; FIXED_WING:0.0,Single motor failure redundancy | Good payload capacity (2-10 kg) | Precision vertical hover | Optimal payload mass match (2-10 kg).,,VALID,PASS,,,,
CASE_MR_057,DETERMINISTIC,SECURITY,5.0,8.0,30.0,56.0,True,True,False,True,URBAN,BALANCED,MULTIROTOR,HEXACOPTER,MULTIROTOR,0.9,0.9,QUADCOPTER:0.8; OCTOCOPTER:0.6; VTOL:0.55; FIXED_WING:0.0,Single motor failure redundancy | Good payload capacity (2-10 kg) | Precision vertical hover | Optimal payload mass match (2-10 kg).,,VALID,PASS,,,,
CASE_MR_058,DETERMINISTIC,DISASTER_RESPONSE,8.0,8.0,35.0,57.0,True,True,False,False,RURAL,BALANCED,MULTIROTOR,HEXACOPTER,MULTIROTOR,0.9,0.9,OCTOCOPTER:0.6; QUADCOPTER:0.55; VTOL:0.55; FIXED_WING:0.0,Single motor failure redundancy | Good payload capacity (2-10 kg) | Precision vertical hover | Optimal payload mass match (2-10 kg).,,VALID,PASS,,,,
CASE_MR_059,DETERMINISTIC,DELIVERY,12.0,10.0,35.0,58.0,True,True,False,False,MOUNTAIN,BALANCED,MULTIROTOR,OCTOCOPTER,MULTIROTOR,0.9,0.88,HEXACOPTER:0.8; VTOL:0.8; QUADCOPTER:0.55; FIXED_WING:0.0,High payload capacity (> 10 kg) | Dual motor failure redundancy | High structural stability | Excellent heavy payload handling.,,VALID,PASS,,,,
CASE_MR_060,DETERMINISTIC,RESEARCH,15.0,10.0,35.0,59.0,True,True,False,False,FOREST,BALANCED,MULTIROTOR,OCTOCOPTER,MULTIROTOR,0.9,0.88,HEXACOPTER:0.8; VTOL:0.8; QUADCOPTER:0.55; FIXED_WING:0.0,High payload capacity (> 10 kg) | Dual motor failure redundancy | High structural stability | Excellent heavy payload handling.,,VALID,PASS,,,,
CASE_MR_061,DETERMINISTIC,INSPECTION,0.1,12.0,40.0,40.0,True,True,False,False,DESERT,BALANCED,MULTIROTOR,QUADCOPTER,MULTIROTOR,0.8,0.9,HEXACOPTER:0.8; VTOL:0.8; OCTOCOPTER:0.6; FIXED_WING:0.0,Vertical takeoff and precision hover capability | Low mechanical and electronic complexity | Low baseline system cost,,VALID,PASS,,,,
CASE_MR_062,DETERMINISTIC,SECURITY,0.25,12.0,40.0,41.0,True,True,False,False,COASTAL,BALANCED,MULTIROTOR,QUADCOPTER,MULTIROTOR,0.8,0.9,HEXACOPTER:0.8; VTOL:0.8; OCTOCOPTER:0.6; FIXED_WING:0.0,Vertical takeoff and precision hover capability | Low mechanical and electronic complexity | Low baseline system cost,,VALID,PASS,,,,
CASE_MR_063,DETERMINISTIC,DISASTER_RESPONSE,0.5,14.0,40.0,42.0,True,True,False,False,MARINE,BALANCED,MULTIROTOR,QUADCOPTER,MULTIROTOR,0.8,0.9,HEXACOPTER:0.8; VTOL:0.8; OCTOCOPTER:0.6; FIXED_WING:0.0,Vertical takeoff and precision hover capability | Low mechanical and electronic complexity | Low baseline system cost,,VALID,PASS,,,,
CASE_MR_064,DETERMINISTIC,DELIVERY,1.0,14.0,10.0,43.0,True,True,False,False,INDOOR,BALANCED,MULTIROTOR,QUADCOPTER,MULTIROTOR,0.8,0.9,HEXACOPTER:0.8; VTOL:0.8; OCTOCOPTER:0.6; FIXED_WING:0.0,Vertical takeoff and precision hover capability | Low mechanical and electronic complexity | Low baseline system cost,,VALID,PASS,,,,
CASE_MR_065,DETERMINISTIC,RESEARCH,2.0,1.0,10.0,44.0,True,True,False,True,URBAN,BALANCED,MULTIROTOR,HEXACOPTER,MULTIROTOR,0.9,0.9,QUADCOPTER:0.8; OCTOCOPTER:0.6; VTOL:0.55; FIXED_WING:0.0,Single motor failure redundancy | Good payload capacity (2-10 kg) | Precision vertical hover | Optimal payload mass match (2-10 kg).,,VALID,PASS,,,,
CASE_MR_066,DETERMINISTIC,INSPECTION,3.0,1.0,10.0,45.0,True,True,False,False,RURAL,BALANCED,MULTIROTOR,HEXACOPTER,MULTIROTOR,0.9,0.9,QUADCOPTER:0.8; OCTOCOPTER:0.6; VTOL:0.55; FIXED_WING:0.0,Single motor failure redundancy | Good payload capacity (2-10 kg) | Precision vertical hover | Optimal payload mass match (2-10 kg).,,VALID,PASS,,,,
CASE_MR_067,DETERMINISTIC,SECURITY,5.0,2.0,15.0,46.0,True,True,False,False,MOUNTAIN,BALANCED,MULTIROTOR,HEXACOPTER,MULTIROTOR,0.9,0.9,QUADCOPTER:0.8; OCTOCOPTER:0.6; VTOL:0.55; FIXED_WING:0.0,Single motor failure redundancy | Good payload capacity (2-10 kg) | Precision vertical hover | Optimal payload mass match (2-10 kg).,,VALID,PASS,,,,
CASE_MR_068,DETERMINISTIC,DISASTER_RESPONSE,8.0,2.0,15.0,47.0,True,True,False,False,FOREST,BALANCED,MULTIROTOR,HEXACOPTER,MULTIROTOR,0.9,0.9,OCTOCOPTER:0.6; QUADCOPTER:0.55; VTOL:0.55; FIXED_WING:0.0,Single motor failure redundancy | Good payload capacity (2-10 kg) | Precision vertical hover | Optimal payload mass match (2-10 kg).,,VALID,PASS,,,,
CASE_MR_069,DETERMINISTIC,DELIVERY,12.0,3.0,15.0,48.0,True,True,False,False,DESERT,BALANCED,MULTIROTOR,OCTOCOPTER,MULTIROTOR,0.9,0.88,HEXACOPTER:0.8; QUADCOPTER:0.55; VTOL:0.55; FIXED_WING:0.0,High payload capacity (> 10 kg) | Dual motor failure redundancy | High structural stability | Excellent heavy payload handling.,,VALID,PASS,,,,
CASE_MR_070,DETERMINISTIC,RESEARCH,15.0,3.0,20.0,49.0,True,True,False,False,COASTAL,BALANCED,MULTIROTOR,OCTOCOPTER,MULTIROTOR,0.9,0.88,HEXACOPTER:0.8; QUADCOPTER:0.55; VTOL:0.55; FIXED_WING:0.0,High payload capacity (> 10 kg) | Dual motor failure redundancy | High structural stability | Excellent heavy payload handling.,,VALID,PASS,,,,
CASE_MR_071,DETERMINISTIC,INSPECTION,0.1,5.0,20.0,50.0,True,True,False,False,MARINE,BALANCED,MULTIROTOR,QUADCOPTER,MULTIROTOR,0.8,0.9,HEXACOPTER:0.8; OCTOCOPTER:0.6; VTOL:0.55; FIXED_WING:0.0,Vertical takeoff and precision hover capability | Low mechanical and electronic complexity | Low baseline system cost,,VALID,PASS,,,,
CASE_MR_072,DETERMINISTIC,SECURITY,0.25,5.0,20.0,51.0,True,True,False,False,INDOOR,BALANCED,MULTIROTOR,QUADCOPTER,MULTIROTOR,0.8,0.9,HEXACOPTER:0.8; OCTOCOPTER:0.6; VTOL:0.55; FIXED_WING:0.0,Vertical takeoff and precision hover capability | Low mechanical and electronic complexity | Low baseline system cost,,VALID,PASS,,,,
CASE_MR_073,DETERMINISTIC,DISASTER_RESPONSE,0.5,8.0,25.0,52.0,True,True,False,True,URBAN,BALANCED,MULTIROTOR,QUADCOPTER,MULTIROTOR,0.8,0.9,HEXACOPTER:0.8; OCTOCOPTER:0.6; VTOL:0.55; FIXED_WING:0.0,Vertical takeoff and precision hover capability | Low mechanical and electronic complexity | Low baseline system cost,,VALID,PASS,,,,
CASE_MR_074,DETERMINISTIC,DELIVERY,1.0,8.0,25.0,53.0,True,True,False,False,RURAL,BALANCED,MULTIROTOR,QUADCOPTER,MULTIROTOR,0.8,0.9,HEXACOPTER:0.8; OCTOCOPTER:0.6; VTOL:0.55; FIXED_WING:0.0,Vertical takeoff and precision hover capability | Low mechanical and electronic complexity | Low baseline system cost,,VALID,PASS,,,,
CASE_MR_075,DETERMINISTIC,RESEARCH,2.0,10.0,25.0,54.0,True,True,False,False,MOUNTAIN,BALANCED,MULTIROTOR,HEXACOPTER,MULTIROTOR,0.9,0.9,QUADCOPTER:0.8; VTOL:0.8; OCTOCOPTER:0.6; FIXED_WING:0.0,Single motor failure redundancy | Good payload capacity (2-10 kg) | Precision vertical hover | Optimal payload mass match (2-10 kg).,,VALID,PASS,,,,
CASE_MR_076,DETERMINISTIC,INSPECTION,3.0,10.0,30.0,55.0,True,True,False,False,FOREST,BALANCED,MULTIROTOR,HEXACOPTER,MULTIROTOR,0.9,0.9,QUADCOPTER:0.8; VTOL:0.8; OCTOCOPTER:0.6; FIXED_WING:0.0,Single motor failure redundancy | Good payload capacity (2-10 kg) | Precision vertical hover | Optimal payload mass match (2-10 kg).,,VALID,PASS,,,,
CASE_MR_077,DETERMINISTIC,SECURITY,5.0,12.0,30.0,56.0,True,True,False,False,DESERT,BALANCED,MULTIROTOR,HEXACOPTER,MULTIROTOR,0.9,0.9,QUADCOPTER:0.8; VTOL:0.8; OCTOCOPTER:0.6; FIXED_WING:0.0,Single motor failure redundancy | Good payload capacity (2-10 kg) | Precision vertical hover | Optimal payload mass match (2-10 kg).,,VALID,PASS,,,,
CASE_MR_078,DETERMINISTIC,DISASTER_RESPONSE,8.0,12.0,30.0,57.0,True,True,False,False,COASTAL,BALANCED,MULTIROTOR,HEXACOPTER,MULTIROTOR,0.9,0.9,VTOL:0.8; OCTOCOPTER:0.6; QUADCOPTER:0.55; FIXED_WING:0.0,Single motor failure redundancy | Good payload capacity (2-10 kg) | Precision vertical hover | Optimal payload mass match (2-10 kg).,,VALID,PASS,,,,
CASE_MR_079,DETERMINISTIC,DELIVERY,12.0,14.0,35.0,58.0,True,True,False,False,MARINE,BALANCED,MULTIROTOR,OCTOCOPTER,MULTIROTOR,0.9,0.88,HEXACOPTER:0.8; VTOL:0.8; QUADCOPTER:0.55; FIXED_WING:0.0,High payload capacity (> 10 kg) | Dual motor failure redundancy | High structural stability | Excellent heavy payload handling.,,VALID,PASS,,,,
CASE_MR_080,DETERMINISTIC,RESEARCH,15.0,14.0,35.0,59.0,True,True,False,False,INDOOR,BALANCED,MULTIROTOR,OCTOCOPTER,MULTIROTOR,0.9,0.88,HEXACOPTER:0.8; VTOL:0.8; QUADCOPTER:0.55; FIXED_WING:0.0,High payload capacity (> 10 kg) | Dual motor failure redundancy | High structural stability | Excellent heavy payload handling.,,VALID,PASS,,,,
CASE_MR_081,DETERMINISTIC,INSPECTION,0.1,1.0,35.0,40.0,True,True,False,True,URBAN,BALANCED,MULTIROTOR,QUADCOPTER,MULTIROTOR,0.8,0.9,HEXACOPTER:0.8; OCTOCOPTER:0.6; VTOL:0.55; FIXED_WING:0.0,Vertical takeoff and precision hover capability | Low mechanical and electronic complexity | Low baseline system cost,,VALID,PASS,,,,
CASE_MR_082,DETERMINISTIC,SECURITY,0.25,1.0,40.0,41.0,True,True,False,False,RURAL,BALANCED,MULTIROTOR,QUADCOPTER,MULTIROTOR,0.8,0.9,HEXACOPTER:0.8; OCTOCOPTER:0.6; VTOL:0.55; FIXED_WING:0.0,Vertical takeoff and precision hover capability | Low mechanical and electronic complexity | Low baseline system cost,,VALID,PASS,,,,
CASE_MR_083,DETERMINISTIC,DISASTER_RESPONSE,0.5,2.0,40.0,42.0,True,True,False,False,MOUNTAIN,BALANCED,MULTIROTOR,QUADCOPTER,MULTIROTOR,0.8,0.9,HEXACOPTER:0.8; OCTOCOPTER:0.6; VTOL:0.55; FIXED_WING:0.0,Vertical takeoff and precision hover capability | Low mechanical and electronic complexity | Low baseline system cost,,VALID,PASS,,,,
CASE_MR_084,DETERMINISTIC,DELIVERY,1.0,2.0,40.0,43.0,True,True,False,False,FOREST,BALANCED,MULTIROTOR,QUADCOPTER,MULTIROTOR,0.8,0.9,HEXACOPTER:0.8; OCTOCOPTER:0.6; VTOL:0.55; FIXED_WING:0.0,Vertical takeoff and precision hover capability | Low mechanical and electronic complexity | Low baseline system cost,,VALID,PASS,,,,
CASE_MR_085,DETERMINISTIC,RESEARCH,2.0,3.0,10.0,44.0,True,True,False,False,DESERT,BALANCED,MULTIROTOR,HEXACOPTER,MULTIROTOR,0.9,0.9,QUADCOPTER:0.8; OCTOCOPTER:0.6; VTOL:0.55; FIXED_WING:0.0,Single motor failure redundancy | Good payload capacity (2-10 kg) | Precision vertical hover | Optimal payload mass match (2-10 kg).,,VALID,PASS,,,,
CASE_MR_086,DETERMINISTIC,INSPECTION,3.0,3.0,10.0,45.0,True,True,False,False,COASTAL,BALANCED,MULTIROTOR,HEXACOPTER,MULTIROTOR,0.9,0.9,QUADCOPTER:0.8; OCTOCOPTER:0.6; VTOL:0.55; FIXED_WING:0.0,Single motor failure redundancy | Good payload capacity (2-10 kg) | Precision vertical hover | Optimal payload mass match (2-10 kg).,,VALID,PASS,,,,
CASE_MR_087,DETERMINISTIC,SECURITY,5.0,5.0,10.0,46.0,True,True,False,False,MARINE,BALANCED,MULTIROTOR,HEXACOPTER,MULTIROTOR,0.9,0.9,QUADCOPTER:0.8; OCTOCOPTER:0.6; VTOL:0.55; FIXED_WING:0.0,Single motor failure redundancy | Good payload capacity (2-10 kg) | Precision vertical hover | Optimal payload mass match (2-10 kg).,,VALID,PASS,,,,
CASE_MR_088,DETERMINISTIC,DISASTER_RESPONSE,8.0,5.0,15.0,47.0,True,True,False,False,INDOOR,BALANCED,MULTIROTOR,HEXACOPTER,MULTIROTOR,0.9,0.9,OCTOCOPTER:0.6; QUADCOPTER:0.55; VTOL:0.55; FIXED_WING:0.0,Single motor failure redundancy | Good payload capacity (2-10 kg) | Precision vertical hover | Optimal payload mass match (2-10 kg).,,VALID,PASS,,,,
CASE_MR_089,DETERMINISTIC,DELIVERY,12.0,8.0,15.0,48.0,True,True,False,True,URBAN,BALANCED,MULTIROTOR,OCTOCOPTER,MULTIROTOR,0.9,0.88,HEXACOPTER:0.8; QUADCOPTER:0.55; VTOL:0.55; FIXED_WING:0.0,High payload capacity (> 10 kg) | Dual motor failure redundancy | High structural stability | Excellent heavy payload handling.,,VALID,PASS,,,,
CASE_MR_090,DETERMINISTIC,RESEARCH,15.0,8.0,15.0,49.0,True,True,False,False,RURAL,BALANCED,MULTIROTOR,OCTOCOPTER,MULTIROTOR,0.9,0.88,HEXACOPTER:0.8; QUADCOPTER:0.55; VTOL:0.55; FIXED_WING:0.0,High payload capacity (> 10 kg) | Dual motor failure redundancy | High structural stability | Excellent heavy payload handling.,,VALID,PASS,,,,
CASE_MR_091,DETERMINISTIC,INSPECTION,0.1,10.0,20.0,50.0,True,True,False,False,MOUNTAIN,BALANCED,MULTIROTOR,QUADCOPTER,MULTIROTOR,0.8,0.9,HEXACOPTER:0.8; VTOL:0.8; OCTOCOPTER:0.6; FIXED_WING:0.0,Vertical takeoff and precision hover capability | Low mechanical and electronic complexity | Low baseline system cost,,VALID,PASS,,,,
CASE_MR_092,DETERMINISTIC,SECURITY,0.25,10.0,20.0,51.0,True,True,False,False,FOREST,BALANCED,MULTIROTOR,QUADCOPTER,MULTIROTOR,0.8,0.9,HEXACOPTER:0.8; VTOL:0.8; OCTOCOPTER:0.6; FIXED_WING:0.0,Vertical takeoff and precision hover capability | Low mechanical and electronic complexity | Low baseline system cost,,VALID,PASS,,,,
CASE_MR_093,DETERMINISTIC,DISASTER_RESPONSE,0.5,12.0,20.0,52.0,True,True,False,False,DESERT,BALANCED,MULTIROTOR,QUADCOPTER,MULTIROTOR,0.8,0.9,HEXACOPTER:0.8; VTOL:0.8; OCTOCOPTER:0.6; FIXED_WING:0.0,Vertical takeoff and precision hover capability | Low mechanical and electronic complexity | Low baseline system cost,,VALID,PASS,,,,
CASE_MR_094,DETERMINISTIC,DELIVERY,1.0,12.0,25.0,53.0,True,True,False,False,COASTAL,BALANCED,MULTIROTOR,QUADCOPTER,MULTIROTOR,0.8,0.9,HEXACOPTER:0.8; VTOL:0.8; OCTOCOPTER:0.6; FIXED_WING:0.0,Vertical takeoff and precision hover capability | Low mechanical and electronic complexity | Low baseline system cost,,VALID,PASS,,,,
CASE_MR_095,DETERMINISTIC,RESEARCH,2.0,14.0,25.0,54.0,True,True,False,False,MARINE,BALANCED,MULTIROTOR,HEXACOPTER,MULTIROTOR,0.9,0.9,QUADCOPTER:0.8; VTOL:0.8; OCTOCOPTER:0.6; FIXED_WING:0.0,Single motor failure redundancy | Good payload capacity (2-10 kg) | Precision vertical hover | Optimal payload mass match (2-10 kg).,,VALID,PASS,,,,
CASE_MR_096,DETERMINISTIC,INSPECTION,3.0,14.0,25.0,55.0,True,True,False,False,INDOOR,BALANCED,MULTIROTOR,HEXACOPTER,MULTIROTOR,0.9,0.9,QUADCOPTER:0.8; VTOL:0.8; OCTOCOPTER:0.6; FIXED_WING:0.0,Single motor failure redundancy | Good payload capacity (2-10 kg) | Precision vertical hover | Optimal payload mass match (2-10 kg).,,VALID,PASS,,,,
CASE_MR_097,DETERMINISTIC,SECURITY,5.0,1.0,30.0,56.0,True,True,False,True,URBAN,BALANCED,MULTIROTOR,HEXACOPTER,MULTIROTOR,0.9,0.9,QUADCOPTER:0.8; OCTOCOPTER:0.6; VTOL:0.55; FIXED_WING:0.0,Single motor failure redundancy | Good payload capacity (2-10 kg) | Precision vertical hover | Optimal payload mass match (2-10 kg).,,VALID,PASS,,,,
CASE_MR_098,DETERMINISTIC,DISASTER_RESPONSE,8.0,1.0,30.0,57.0,True,True,False,False,RURAL,BALANCED,MULTIROTOR,HEXACOPTER,MULTIROTOR,0.9,0.9,OCTOCOPTER:0.6; QUADCOPTER:0.55; VTOL:0.55; FIXED_WING:0.0,Single motor failure redundancy | Good payload capacity (2-10 kg) | Precision vertical hover | Optimal payload mass match (2-10 kg).,,VALID,PASS,,,,
CASE_MR_099,DETERMINISTIC,DELIVERY,12.0,2.0,30.0,58.0,True,True,False,False,MOUNTAIN,BALANCED,MULTIROTOR,OCTOCOPTER,MULTIROTOR,0.9,0.88,HEXACOPTER:0.8; QUADCOPTER:0.55; VTOL:0.55; FIXED_WING:0.0,High payload capacity (> 10 kg) | Dual motor failure redundancy | High structural stability | Excellent heavy payload handling.,,VALID,PASS,,,,
CASE_MR_100,DETERMINISTIC,RESEARCH,15.0,2.0,35.0,59.0,True,True,False,False,FOREST,BALANCED,MULTIROTOR,OCTOCOPTER,MULTIROTOR,0.9,0.88,HEXACOPTER:0.8; QUADCOPTER:0.55; VTOL:0.55; FIXED_WING:0.0,High payload capacity (> 10 kg) | Dual motor failure redundancy | High structural stability | Excellent heavy payload handling.,,VALID,PASS,,,,
CASE_MR_101,DETERMINISTIC,INSPECTION,0.1,3.0,35.0,40.0,True,True,False,False,DESERT,BALANCED,MULTIROTOR,QUADCOPTER,MULTIROTOR,0.8,0.9,HEXACOPTER:0.8; OCTOCOPTER:0.6; VTOL:0.55; FIXED_WING:0.0,Vertical takeoff and precision hover capability | Low mechanical and electronic complexity | Low baseline system cost,,VALID,PASS,,,,
CASE_MR_102,DETERMINISTIC,SECURITY,0.25,3.0,35.0,41.0,True,True,False,False,COASTAL,BALANCED,MULTIROTOR,QUADCOPTER,MULTIROTOR,0.8,0.9,HEXACOPTER:0.8; OCTOCOPTER:0.6; VTOL:0.55; FIXED_WING:0.0,Vertical takeoff and precision hover capability | Low mechanical and electronic complexity | Low baseline system cost,,VALID,PASS,,,,
CASE_MR_103,DETERMINISTIC,DISASTER_RESPONSE,0.5,5.0,40.0,42.0,True,True,False,False,MARINE,BALANCED,MULTIROTOR,QUADCOPTER,MULTIROTOR,0.8,0.9,HEXACOPTER:0.8; OCTOCOPTER:0.6; VTOL:0.55; FIXED_WING:0.0,Vertical takeoff and precision hover capability | Low mechanical and electronic complexity | Low baseline system cost,,VALID,PASS,,,,
CASE_MR_104,DETERMINISTIC,DELIVERY,1.0,5.0,40.0,43.0,True,True,False,False,INDOOR,BALANCED,MULTIROTOR,QUADCOPTER,MULTIROTOR,0.8,0.9,HEXACOPTER:0.8; OCTOCOPTER:0.6; VTOL:0.55; FIXED_WING:0.0,Vertical takeoff and precision hover capability | Low mechanical and electronic complexity | Low baseline system cost,,VALID,PASS,,,,
CASE_MR_105,DETERMINISTIC,RESEARCH,2.0,8.0,40.0,44.0,True,True,False,True,URBAN,BALANCED,MULTIROTOR,HEXACOPTER,MULTIROTOR,0.9,0.9,QUADCOPTER:0.8; OCTOCOPTER:0.6; VTOL:0.55; FIXED_WING:0.0,Single motor failure redundancy | Good payload capacity (2-10 kg) | Precision vertical hover | Optimal payload mass match (2-10 kg).,,VALID,PASS,,,,
CASE_MR_106,DETERMINISTIC,INSPECTION,3.0,8.0,10.0,45.0,True,True,False,False,RURAL,BALANCED,MULTIROTOR,HEXACOPTER,MULTIROTOR,0.9,0.9,QUADCOPTER:0.8; OCTOCOPTER:0.6; VTOL:0.55; FIXED_WING:0.0,Single motor failure redundancy | Good payload capacity (2-10 kg) | Precision vertical hover | Optimal payload mass match (2-10 kg).,,VALID,PASS,,,,
CASE_MR_107,DETERMINISTIC,SECURITY,5.0,10.0,10.0,46.0,True,True,False,False,MOUNTAIN,BALANCED,MULTIROTOR,HEXACOPTER,MULTIROTOR,0.9,0.9,QUADCOPTER:0.8; VTOL:0.8; OCTOCOPTER:0.6; FIXED_WING:0.0,Single motor failure redundancy | Good payload capacity (2-10 kg) | Precision vertical hover | Optimal payload mass match (2-10 kg).,,VALID,PASS,,,,
CASE_MR_108,DETERMINISTIC,DISASTER_RESPONSE,8.0,10.0,10.0,47.0,True,True,False,False,FOREST,BALANCED,MULTIROTOR,HEXACOPTER,MULTIROTOR,0.9,0.9,VTOL:0.8; OCTOCOPTER:0.6; QUADCOPTER:0.55; FIXED_WING:0.0,Single motor failure redundancy | Good payload capacity (2-10 kg) | Precision vertical hover | Optimal payload mass match (2-10 kg).,,VALID,PASS,,,,
CASE_MR_109,DETERMINISTIC,DELIVERY,12.0,12.0,15.0,48.0,True,True,False,False,DESERT,BALANCED,MULTIROTOR,OCTOCOPTER,MULTIROTOR,0.9,0.88,HEXACOPTER:0.8; VTOL:0.8; QUADCOPTER:0.55; FIXED_WING:0.0,High payload capacity (> 10 kg) | Dual motor failure redundancy | High structural stability | Excellent heavy payload handling.,,VALID,PASS,,,,
CASE_MR_110,DETERMINISTIC,RESEARCH,15.0,12.0,15.0,49.0,True,True,False,False,COASTAL,BALANCED,MULTIROTOR,OCTOCOPTER,MULTIROTOR,0.9,0.88,HEXACOPTER:0.8; VTOL:0.8; QUADCOPTER:0.55; FIXED_WING:0.0,High payload capacity (> 10 kg) | Dual motor failure redundancy | High structural stability | Excellent heavy payload handling.,,VALID,PASS,,,,
CASE_MR_111,DETERMINISTIC,INSPECTION,0.1,14.0,15.0,50.0,True,True,False,False,MARINE,BALANCED,MULTIROTOR,QUADCOPTER,MULTIROTOR,0.8,0.9,HEXACOPTER:0.8; VTOL:0.8; OCTOCOPTER:0.6; FIXED_WING:0.0,Vertical takeoff and precision hover capability | Low mechanical and electronic complexity | Low baseline system cost,,VALID,PASS,,,,
CASE_MR_112,DETERMINISTIC,SECURITY,0.25,14.0,20.0,51.0,True,True,False,False,INDOOR,BALANCED,MULTIROTOR,QUADCOPTER,MULTIROTOR,0.8,0.9,HEXACOPTER:0.8; VTOL:0.8; OCTOCOPTER:0.6; FIXED_WING:0.0,Vertical takeoff and precision hover capability | Low mechanical and electronic complexity | Low baseline system cost,,VALID,PASS,,,,
CASE_MR_113,DETERMINISTIC,DISASTER_RESPONSE,0.5,1.0,20.0,52.0,True,True,False,True,URBAN,BALANCED,MULTIROTOR,QUADCOPTER,MULTIROTOR,0.8,0.9,HEXACOPTER:0.8; OCTOCOPTER:0.6; VTOL:0.55; FIXED_WING:0.0,Vertical takeoff and precision hover capability | Low mechanical and electronic complexity | Low baseline system cost,,VALID,PASS,,,,
CASE_MR_114,DETERMINISTIC,DELIVERY,1.0,1.0,20.0,53.0,True,True,False,False,RURAL,BALANCED,MULTIROTOR,QUADCOPTER,MULTIROTOR,0.8,0.9,HEXACOPTER:0.8; OCTOCOPTER:0.6; VTOL:0.55; FIXED_WING:0.0,Vertical takeoff and precision hover capability | Low mechanical and electronic complexity | Low baseline system cost,,VALID,PASS,,,,
CASE_MR_115,DETERMINISTIC,RESEARCH,2.0,2.0,25.0,54.0,True,True,False,False,MOUNTAIN,BALANCED,MULTIROTOR,HEXACOPTER,MULTIROTOR,0.9,0.9,QUADCOPTER:0.8; OCTOCOPTER:0.6; VTOL:0.55; FIXED_WING:0.0,Single motor failure redundancy | Good payload capacity (2-10 kg) | Precision vertical hover | Optimal payload mass match (2-10 kg).,,VALID,PASS,,,,
CASE_MR_116,DETERMINISTIC,INSPECTION,3.0,2.0,25.0,55.0,True,True,False,False,FOREST,BALANCED,MULTIROTOR,HEXACOPTER,MULTIROTOR,0.9,0.9,QUADCOPTER:0.8; OCTOCOPTER:0.6; VTOL:0.55; FIXED_WING:0.0,Single motor failure redundancy | Good payload capacity (2-10 kg) | Precision vertical hover | Optimal payload mass match (2-10 kg).,,VALID,PASS,,,,
CASE_MR_117,DETERMINISTIC,SECURITY,5.0,3.0,25.0,56.0,True,True,False,False,DESERT,BALANCED,MULTIROTOR,HEXACOPTER,MULTIROTOR,0.9,0.9,QUADCOPTER:0.8; OCTOCOPTER:0.6; VTOL:0.55; FIXED_WING:0.0,Single motor failure redundancy | Good payload capacity (2-10 kg) | Precision vertical hover | Optimal payload mass match (2-10 kg).,,VALID,PASS,,,,
CASE_MR_118,DETERMINISTIC,DISASTER_RESPONSE,8.0,3.0,30.0,57.0,True,True,False,False,COASTAL,BALANCED,MULTIROTOR,HEXACOPTER,MULTIROTOR,0.9,0.9,OCTOCOPTER:0.6; QUADCOPTER:0.55; VTOL:0.55; FIXED_WING:0.0,Single motor failure redundancy | Good payload capacity (2-10 kg) | Precision vertical hover | Optimal payload mass match (2-10 kg).,,VALID,PASS,,,,
CASE_MR_119,DETERMINISTIC,DELIVERY,12.0,5.0,30.0,58.0,True,True,False,False,MARINE,BALANCED,MULTIROTOR,OCTOCOPTER,MULTIROTOR,0.9,0.88,HEXACOPTER:0.8; QUADCOPTER:0.55; VTOL:0.55; FIXED_WING:0.0,High payload capacity (> 10 kg) | Dual motor failure redundancy | High structural stability | Excellent heavy payload handling.,,VALID,PASS,,,,
CASE_MR_120,DETERMINISTIC,RESEARCH,15.0,5.0,30.0,59.0,True,True,False,False,INDOOR,BALANCED,MULTIROTOR,OCTOCOPTER,MULTIROTOR,0.9,0.88,HEXACOPTER:0.8; QUADCOPTER:0.55; VTOL:0.55; FIXED_WING:0.0,High payload capacity (> 10 kg) | Dual motor failure redundancy | High structural stability | Excellent heavy payload handling.,,VALID,PASS,,,,
CASE_MR_121,DETERMINISTIC,INSPECTION,0.1,8.0,35.0,40.0,True,True,False,True,URBAN,BALANCED,MULTIROTOR,QUADCOPTER,MULTIROTOR,0.8,0.9,HEXACOPTER:0.8; OCTOCOPTER:0.6; VTOL:0.55; FIXED_WING:0.0,Vertical takeoff and precision hover capability | Low mechanical and electronic complexity | Low baseline system cost,,VALID,PASS,,,,
CASE_MR_122,DETERMINISTIC,SECURITY,0.25,8.0,35.0,41.0,True,True,False,False,RURAL,BALANCED,MULTIROTOR,QUADCOPTER,MULTIROTOR,0.8,0.9,HEXACOPTER:0.8; OCTOCOPTER:0.6; VTOL:0.55; FIXED_WING:0.0,Vertical takeoff and precision hover capability | Low mechanical and electronic complexity | Low baseline system cost,,VALID,PASS,,,,
CASE_MR_123,DETERMINISTIC,DISASTER_RESPONSE,0.5,10.0,35.0,42.0,True,True,False,False,MOUNTAIN,BALANCED,MULTIROTOR,QUADCOPTER,MULTIROTOR,0.8,0.9,HEXACOPTER:0.8; VTOL:0.8; OCTOCOPTER:0.6; FIXED_WING:0.0,Vertical takeoff and precision hover capability | Low mechanical and electronic complexity | Low baseline system cost,,VALID,PASS,,,,
CASE_MR_124,DETERMINISTIC,DELIVERY,1.0,10.0,40.0,43.0,True,True,False,False,FOREST,BALANCED,MULTIROTOR,QUADCOPTER,MULTIROTOR,0.8,0.9,HEXACOPTER:0.8; VTOL:0.8; OCTOCOPTER:0.6; FIXED_WING:0.0,Vertical takeoff and precision hover capability | Low mechanical and electronic complexity | Low baseline system cost,,VALID,PASS,,,,
CASE_MR_125,DETERMINISTIC,RESEARCH,2.0,12.0,40.0,44.0,True,True,False,False,DESERT,BALANCED,MULTIROTOR,HEXACOPTER,MULTIROTOR,0.9,0.9,QUADCOPTER:0.8; VTOL:0.8; OCTOCOPTER:0.6; FIXED_WING:0.0,Single motor failure redundancy | Good payload capacity (2-10 kg) | Precision vertical hover | Optimal payload mass match (2-10 kg).,,VALID,PASS,,,,
CASE_MR_126,DETERMINISTIC,INSPECTION,3.0,12.0,40.0,45.0,True,True,False,False,COASTAL,BALANCED,MULTIROTOR,HEXACOPTER,MULTIROTOR,0.9,0.9,QUADCOPTER:0.8; VTOL:0.8; OCTOCOPTER:0.6; FIXED_WING:0.0,Single motor failure redundancy | Good payload capacity (2-10 kg) | Precision vertical hover | Optimal payload mass match (2-10 kg).,,VALID,PASS,,,,
CASE_MR_127,DETERMINISTIC,SECURITY,5.0,14.0,10.0,46.0,True,True,False,False,MARINE,BALANCED,MULTIROTOR,HEXACOPTER,MULTIROTOR,0.9,0.9,QUADCOPTER:0.8; VTOL:0.8; OCTOCOPTER:0.6; FIXED_WING:0.0,Single motor failure redundancy | Good payload capacity (2-10 kg) | Precision vertical hover | Optimal payload mass match (2-10 kg).,,VALID,PASS,,,,
CASE_MR_128,DETERMINISTIC,DISASTER_RESPONSE,8.0,14.0,10.0,47.0,True,True,False,False,INDOOR,BALANCED,MULTIROTOR,HEXACOPTER,MULTIROTOR,0.9,0.9,VTOL:0.8; OCTOCOPTER:0.6; QUADCOPTER:0.55; FIXED_WING:0.0,Single motor failure redundancy | Good payload capacity (2-10 kg) | Precision vertical hover | Optimal payload mass match (2-10 kg).,,VALID,PASS,,,,
CASE_MR_129,DETERMINISTIC,DELIVERY,12.0,1.0,10.0,48.0,True,True,False,True,URBAN,BALANCED,MULTIROTOR,OCTOCOPTER,MULTIROTOR,0.9,0.88,HEXACOPTER:0.8; QUADCOPTER:0.55; VTOL:0.55; FIXED_WING:0.0,High payload capacity (> 10 kg) | Dual motor failure redundancy | High structural stability | Excellent heavy payload handling.,,VALID,PASS,,,,
CASE_MR_130,DETERMINISTIC,RESEARCH,15.0,1.0,15.0,49.0,True,True,False,False,RURAL,BALANCED,MULTIROTOR,OCTOCOPTER,MULTIROTOR,0.9,0.88,HEXACOPTER:0.8; QUADCOPTER:0.55; VTOL:0.55; FIXED_WING:0.0,High payload capacity (> 10 kg) | Dual motor failure redundancy | High structural stability | Excellent heavy payload handling.,,VALID,PASS,,,,
CASE_MR_131,DETERMINISTIC,INSPECTION,0.1,2.0,15.0,50.0,True,True,False,False,MOUNTAIN,BALANCED,MULTIROTOR,QUADCOPTER,MULTIROTOR,0.8,0.9,HEXACOPTER:0.8; OCTOCOPTER:0.6; VTOL:0.55; FIXED_WING:0.0,Vertical takeoff and precision hover capability | Low mechanical and electronic complexity | Low baseline system cost,,VALID,PASS,,,,
CASE_MR_132,DETERMINISTIC,SECURITY,0.25,2.0,15.0,51.0,True,True,False,False,FOREST,BALANCED,MULTIROTOR,QUADCOPTER,MULTIROTOR,0.8,0.9,HEXACOPTER:0.8; OCTOCOPTER:0.6; VTOL:0.55; FIXED_WING:0.0,Vertical takeoff and precision hover capability | Low mechanical and electronic complexity | Low baseline system cost,,VALID,PASS,,,,
CASE_MR_133,DETERMINISTIC,DISASTER_RESPONSE,0.5,3.0,20.0,52.0,True,True,False,False,DESERT,BALANCED,MULTIROTOR,QUADCOPTER,MULTIROTOR,0.8,0.9,HEXACOPTER:0.8; OCTOCOPTER:0.6; VTOL:0.55; FIXED_WING:0.0,Vertical takeoff and precision hover capability | Low mechanical and electronic complexity | Low baseline system cost,,VALID,PASS,,,,
CASE_MR_134,DETERMINISTIC,DELIVERY,1.0,3.0,20.0,53.0,True,True,False,False,COASTAL,BALANCED,MULTIROTOR,QUADCOPTER,MULTIROTOR,0.8,0.9,HEXACOPTER:0.8; OCTOCOPTER:0.6; VTOL:0.55; FIXED_WING:0.0,Vertical takeoff and precision hover capability | Low mechanical and electronic complexity | Low baseline system cost,,VALID,PASS,,,,
CASE_MR_135,DETERMINISTIC,RESEARCH,2.0,5.0,20.0,54.0,True,True,False,False,MARINE,BALANCED,MULTIROTOR,HEXACOPTER,MULTIROTOR,0.9,0.9,QUADCOPTER:0.8; OCTOCOPTER:0.6; VTOL:0.55; FIXED_WING:0.0,Single motor failure redundancy | Good payload capacity (2-10 kg) | Precision vertical hover | Optimal payload mass match (2-10 kg).,,VALID,PASS,,,,
CASE_MR_136,DETERMINISTIC,INSPECTION,3.0,5.0,25.0,55.0,True,True,False,False,INDOOR,BALANCED,MULTIROTOR,HEXACOPTER,MULTIROTOR,0.9,0.9,QUADCOPTER:0.8; OCTOCOPTER:0.6; VTOL:0.55; FIXED_WING:0.0,Single motor failure redundancy | Good payload capacity (2-10 kg) | Precision vertical hover | Optimal payload mass match (2-10 kg).,,VALID,PASS,,,,
CASE_MR_137,DETERMINISTIC,SECURITY,5.0,8.0,25.0,56.0,True,True,False,True,URBAN,BALANCED,MULTIROTOR,HEXACOPTER,MULTIROTOR,0.9,0.9,QUADCOPTER:0.8; OCTOCOPTER:0.6; VTOL:0.55; FIXED_WING:0.0,Single motor failure redundancy | Good payload capacity (2-10 kg) | Precision vertical hover | Optimal payload mass match (2-10 kg).,,VALID,PASS,,,,
CASE_MR_138,DETERMINISTIC,DISASTER_RESPONSE,8.0,8.0,25.0,57.0,True,True,False,False,RURAL,BALANCED,MULTIROTOR,HEXACOPTER,MULTIROTOR,0.9,0.9,OCTOCOPTER:0.6; QUADCOPTER:0.55; VTOL:0.55; FIXED_WING:0.0,Single motor failure redundancy | Good payload capacity (2-10 kg) | Precision vertical hover | Optimal payload mass match (2-10 kg).,,VALID,PASS,,,,
CASE_MR_139,DETERMINISTIC,DELIVERY,12.0,10.0,30.0,58.0,True,True,False,False,MOUNTAIN,BALANCED,MULTIROTOR,OCTOCOPTER,MULTIROTOR,0.9,0.88,HEXACOPTER:0.8; VTOL:0.8; QUADCOPTER:0.55; FIXED_WING:0.0,High payload capacity (> 10 kg) | Dual motor failure redundancy | High structural stability | Excellent heavy payload handling.,,VALID,PASS,,,,
CASE_MR_140,DETERMINISTIC,RESEARCH,15.0,10.0,30.0,59.0,True,True,False,False,FOREST,BALANCED,MULTIROTOR,OCTOCOPTER,MULTIROTOR,0.9,0.88,HEXACOPTER:0.8; VTOL:0.8; QUADCOPTER:0.55; FIXED_WING:0.0,High payload capacity (> 10 kg) | Dual motor failure redundancy | High structural stability | Excellent heavy payload handling.,,VALID,PASS,,,,
CASE_MR_141,DETERMINISTIC,INSPECTION,0.1,12.0,30.0,40.0,True,True,False,False,DESERT,BALANCED,MULTIROTOR,QUADCOPTER,MULTIROTOR,0.8,0.9,HEXACOPTER:0.8; VTOL:0.8; OCTOCOPTER:0.6; FIXED_WING:0.0,Vertical takeoff and precision hover capability | Low mechanical and electronic complexity | Low baseline system cost,,VALID,PASS,,,,
CASE_MR_142,DETERMINISTIC,SECURITY,0.25,12.0,35.0,41.0,True,True,False,False,COASTAL,BALANCED,MULTIROTOR,QUADCOPTER,MULTIROTOR,0.8,0.9,HEXACOPTER:0.8; VTOL:0.8; OCTOCOPTER:0.6; FIXED_WING:0.0,Vertical takeoff and precision hover capability | Low mechanical and electronic complexity | Low baseline system cost,,VALID,PASS,,,,
CASE_MR_143,DETERMINISTIC,DISASTER_RESPONSE,0.5,14.0,35.0,42.0,True,True,False,False,MARINE,BALANCED,MULTIROTOR,QUADCOPTER,MULTIROTOR,0.8,0.9,HEXACOPTER:0.8; VTOL:0.8; OCTOCOPTER:0.6; FIXED_WING:0.0,Vertical takeoff and precision hover capability | Low mechanical and electronic complexity | Low baseline system cost,,VALID,PASS,,,,
CASE_MR_144,DETERMINISTIC,DELIVERY,1.0,14.0,35.0,43.0,True,True,False,False,INDOOR,BALANCED,MULTIROTOR,QUADCOPTER,MULTIROTOR,0.8,0.9,HEXACOPTER:0.8; VTOL:0.8; OCTOCOPTER:0.6; FIXED_WING:0.0,Vertical takeoff and precision hover capability | Low mechanical and electronic complexity | Low baseline system cost,,VALID,PASS,,,,
CASE_MR_145,DETERMINISTIC,RESEARCH,2.0,1.0,40.0,44.0,True,True,False,True,URBAN,BALANCED,MULTIROTOR,HEXACOPTER,MULTIROTOR,0.9,0.9,QUADCOPTER:0.8; OCTOCOPTER:0.6; VTOL:0.55; FIXED_WING:0.0,Single motor failure redundancy | Good payload capacity (2-10 kg) | Precision vertical hover | Optimal payload mass match (2-10 kg).,,VALID,PASS,,,,
CASE_MR_146,DETERMINISTIC,INSPECTION,3.0,1.0,40.0,45.0,True,True,False,False,RURAL,BALANCED,MULTIROTOR,HEXACOPTER,MULTIROTOR,0.9,0.9,QUADCOPTER:0.8; OCTOCOPTER:0.6; VTOL:0.55; FIXED_WING:0.0,Single motor failure redundancy | Good payload capacity (2-10 kg) | Precision vertical hover | Optimal payload mass match (2-10 kg).,,VALID,PASS,,,,
CASE_MR_147,DETERMINISTIC,SECURITY,5.0,2.0,40.0,46.0,True,True,False,False,MOUNTAIN,BALANCED,MULTIROTOR,HEXACOPTER,MULTIROTOR,0.9,0.9,QUADCOPTER:0.8; OCTOCOPTER:0.6; VTOL:0.55; FIXED_WING:0.0,Single motor failure redundancy | Good payload capacity (2-10 kg) | Precision vertical hover | Optimal payload mass match (2-10 kg).,,VALID,PASS,,,,
CASE_MR_148,DETERMINISTIC,DISASTER_RESPONSE,8.0,2.0,10.0,47.0,True,True,False,False,FOREST,BALANCED,MULTIROTOR,HEXACOPTER,MULTIROTOR,0.9,0.9,OCTOCOPTER:0.6; QUADCOPTER:0.55; VTOL:0.55; FIXED_WING:0.0,Single motor failure redundancy | Good payload capacity (2-10 kg) | Precision vertical hover | Optimal payload mass match (2-10 kg).,,VALID,PASS,,,,
CASE_MR_149,DETERMINISTIC,DELIVERY,12.0,3.0,10.0,48.0,True,True,False,False,DESERT,BALANCED,MULTIROTOR,OCTOCOPTER,MULTIROTOR,0.9,0.88,HEXACOPTER:0.8; QUADCOPTER:0.55; VTOL:0.55; FIXED_WING:0.0,High payload capacity (> 10 kg) | Dual motor failure redundancy | High structural stability | Excellent heavy payload handling.,,VALID,PASS,,,,
CASE_MR_150,DETERMINISTIC,RESEARCH,15.0,3.0,10.0,49.0,True,True,False,False,COASTAL,BALANCED,MULTIROTOR,OCTOCOPTER,MULTIROTOR,0.9,0.88,HEXACOPTER:0.8; QUADCOPTER:0.55; VTOL:0.55; FIXED_WING:0.0,High payload capacity (> 10 kg) | Dual motor failure redundancy | High structural stability | Excellent heavy payload handling.,,VALID,PASS,,,,
CASE_FW_001,DETERMINISTIC,SURVEY,0.5,30.0,45.0,80.0,False,False,True,False,RURAL,MAXIMUM_RANGE,FIXED_WING,FIXED_WING,FIXED_WING,0.9,0.92,HEXACOPTER:0.8; VTOL:0.8; QUADCOPTER:0.6; OCTOCOPTER:0.6,High aerodynamic lift-to-drag efficiency | Exceptional range (> 30 km) | High cruise endurance | Ideal candidate for long-range mapping and survey (> 30 km).,,VALID,PASS,,,,
CASE_FW_002,DETERMINISTIC,MAPPING,1.0,30.0,45.0,81.0,False,False,False,False,RURAL,MAXIMUM_RANGE,FIXED_WING,FIXED_WING,FIXED_WING,0.9,0.92,HEXACOPTER:0.8; VTOL:0.8; QUADCOPTER:0.6; OCTOCOPTER:0.6,High aerodynamic lift-to-drag efficiency | Exceptional range (> 30 km) | High cruise endurance | Ideal candidate for long-range mapping and survey (> 30 km).,,VALID,PASS,,,,
CASE_FW_003,DETERMINISTIC,AGRICULTURE,2.0,45.0,45.0,82.0,False,False,False,False,RURAL,MAXIMUM_RANGE,FIXED_WING,FIXED_WING,FIXED_WING,0.9,0.92,VTOL:0.8; HEXACOPTER:0.55; QUADCOPTER:0.4; OCTOCOPTER:0.25,High aerodynamic lift-to-drag efficiency | Exceptional range (> 30 km) | High cruise endurance | Ideal candidate for long-range mapping and survey (> 30 km).,,VALID,PASS,,,,
CASE_FW_004,DETERMINISTIC,MILITARY,3.0,45.0,60.0,83.0,False,False,True,False,RURAL,MAXIMUM_RANGE,FIXED_WING,FIXED_WING,FIXED_WING,1.0,0.92,VTOL:0.8; HEXACOPTER:0.55; OCTOCOPTER:0.25; QUADCOPTER:0.1,High aerodynamic lift-to-drag efficiency | Exceptional range (> 30 km) | High cruise endurance | Ideal candidate for long-range mapping and survey (> 30 km). | Excellent wing-borne flight endurance.,,VALID,PASS,,,,
CASE_FW_005,DETERMINISTIC,RESEARCH,5.0,60.0,60.0,84.0,False,False,False,False,RURAL,MAXIMUM_RANGE,FIXED_WING,FIXED_WING,FIXED_WING,1.0,0.92,VTOL:0.8; HEXACOPTER:0.55; OCTOCOPTER:0.25; QUADCOPTER:0.1,High aerodynamic lift-to-drag efficiency | Exceptional range (> 30 km) | High cruise endurance | Ideal candidate for long-range mapping and survey (> 30 km). | Excellent wing-borne flight endurance.,,VALID,PASS,,,,
CASE_FW_006,DETERMINISTIC,SURVEY,7.5,60.0,60.0,85.0,False,False,False,False,RURAL,MAXIMUM_RANGE,FIXED_WING,FIXED_WING,FIXED_WING,1.0,0.92,VTOL:0.8; HEXACOPTER:0.55; OCTOCOPTER:0.25; QUADCOPTER:0.0,High aerodynamic lift-to-drag efficiency | Exceptional range (> 30 km) | High cruise endurance | Ideal candidate for long-range mapping and survey (> 30 km). | Excellent wing-borne flight endurance.,,VALID,PASS,,,,
CASE_FW_007,DETERMINISTIC,MAPPING,10.0,80.0,90.0,86.0,False,False,True,False,RURAL,MAXIMUM_RANGE,FIXED_WING,FIXED_WING,FIXED_WING,1.0,0.92,VTOL:0.8; HEXACOPTER:0.55; OCTOCOPTER:0.25; QUADCOPTER:0.0,High aerodynamic lift-to-drag efficiency | Exceptional range (> 30 km) | High cruise endurance | Ideal candidate for long-range mapping and survey (> 30 km). | Excellent wing-borne flight endurance.,,VALID,PASS,,,,
CASE_FW_008,DETERMINISTIC,AGRICULTURE,0.5,80.0,90.0,87.0,False,False,False,False,RURAL,MAXIMUM_RANGE,FIXED_WING,FIXED_WING,FIXED_WING,1.0,0.92,VTOL:0.8; HEXACOPTER:0.45; OCTOCOPTER:0.25; QUADCOPTER:0.1,High aerodynamic lift-to-drag efficiency | Exceptional range (> 30 km) | High cruise endurance | Ideal candidate for long-range mapping and survey (> 30 km). | Excellent wing-borne flight endurance.,,VALID,PASS,,,,
CASE_FW_009,DETERMINISTIC,MILITARY,1.0,100.0,90.0,88.0,False,False,False,False,RURAL,MAXIMUM_RANGE,FIXED_WING,FIXED_WING,FIXED_WING,1.0,0.92,VTOL:0.8; HEXACOPTER:0.45; OCTOCOPTER:0.25; QUADCOPTER:0.1,High aerodynamic lift-to-drag efficiency | Exceptional range (> 30 km) | High cruise endurance | Ideal candidate for long-range mapping and survey (> 30 km). | Excellent wing-borne flight endurance.,,VALID,PASS,,,,
CASE_FW_010,DETERMINISTIC,RESEARCH,2.0,100.0,120.0,89.0,False,False,True,False,RURAL,MAXIMUM_RANGE,FIXED_WING,FIXED_WING,FIXED_WING,1.0,0.92,VTOL:0.8; HEXACOPTER:0.55; OCTOCOPTER:0.25; QUADCOPTER:0.1,High aerodynamic lift-to-drag efficiency | Exceptional range (> 30 km) | High cruise endurance | Ideal candidate for long-range mapping and survey (> 30 km). | Excellent wing-borne flight endurance.,,VALID,PASS,,,,
CASE_FW_011,DETERMINISTIC,SURVEY,3.0,120.0,120.0,90.0,False,False,False,False,RURAL,MAXIMUM_RANGE,FIXED_WING,FIXED_WING,FIXED_WING,1.0,0.92,VTOL:0.8; HEXACOPTER:0.55; OCTOCOPTER:0.25; QUADCOPTER:0.1,High aerodynamic lift-to-drag efficiency | Exceptional range (> 30 km) | High cruise endurance | Ideal candidate for long-range mapping and survey (> 30 km). | Excellent wing-borne flight endurance.,,VALID,PASS,,,,
CASE_FW_012,DETERMINISTIC,MAPPING,5.0,120.0,120.0,91.0,False,False,False,False,RURAL,MAXIMUM_RANGE,FIXED_WING,FIXED_WING,FIXED_WING,1.0,0.92,VTOL:0.8; HEXACOPTER:0.55; OCTOCOPTER:0.25; QUADCOPTER:0.1,High aerodynamic lift-to-drag efficiency | Exceptional range (> 30 km) | High cruise endurance | Ideal candidate for long-range mapping and survey (> 30 km). | Excellent wing-borne flight endurance.,,VALID,PASS,,,,
CASE_FW_013,DETERMINISTIC,AGRICULTURE,7.5,150.0,150.0,92.0,False,False,True,False,RURAL,MAXIMUM_RANGE,FIXED_WING,FIXED_WING,FIXED_WING,1.0,0.92,VTOL:0.8; HEXACOPTER:0.55; OCTOCOPTER:0.25; QUADCOPTER:0.0,High aerodynamic lift-to-drag efficiency | Exceptional range (> 30 km) | High cruise endurance | Ideal candidate for long-range mapping and survey (> 30 km). | Excellent wing-borne flight endurance.,,VALID,PASS,,,,
CASE_FW_014,DETERMINISTIC,MILITARY,10.0,150.0,150.0,93.0,False,False,False,False,RURAL,MAXIMUM_RANGE,FIXED_WING,FIXED_WING,FIXED_WING,1.0,0.92,VTOL:0.8; HEXACOPTER:0.55; OCTOCOPTER:0.25; QUADCOPTER:0.0,High aerodynamic lift-to-drag efficiency | Exceptional range (> 30 km) | High cruise endurance | Ideal candidate for long-range mapping and survey (> 30 km). | Excellent wing-borne flight endurance.,,VALID,PASS,,,,
CASE_FW_015,DETERMINISTIC,RESEARCH,0.5,200.0,150.0,94.0,False,False,False,False,RURAL,MAXIMUM_RANGE,FIXED_WING,FIXED_WING,FIXED_WING,1.0,0.92,VTOL:0.8; HEXACOPTER:0.45; OCTOCOPTER:0.25; QUADCOPTER:0.1,High aerodynamic lift-to-drag efficiency | Exceptional range (> 30 km) | High cruise endurance | Ideal candidate for long-range mapping and survey (> 30 km). | Excellent wing-borne flight endurance.,,VALID,PASS,,,,
CASE_FW_016,DETERMINISTIC,SURVEY,1.0,200.0,180.0,95.0,False,False,True,False,RURAL,MAXIMUM_RANGE,FIXED_WING,FIXED_WING,FIXED_WING,1.0,0.92,VTOL:0.8; HEXACOPTER:0.45; OCTOCOPTER:0.25; QUADCOPTER:0.1,High aerodynamic lift-to-drag efficiency | Exceptional range (> 30 km) | High cruise endurance | Ideal candidate for long-range mapping and survey (> 30 km). | Excellent wing-borne flight endurance.,,VALID,PASS,,,,
CASE_FW_017,DETERMINISTIC,MAPPING,2.0,30.0,180.0,96.0,False,False,False,False,RURAL,MAXIMUM_RANGE,FIXED_WING,FIXED_WING,FIXED_WING,1.0,0.92,HEXACOPTER:0.9; VTOL:0.8; OCTOCOPTER:0.6; QUADCOPTER:0.3,High aerodynamic lift-to-drag efficiency | Exceptional range (> 30 km) | High cruise endurance | Ideal candidate for long-range mapping and survey (> 30 km). | Excellent wing-borne flight endurance.,,VALID,PASS,,,,
CASE_FW_018,DETERMINISTIC,AGRICULTURE,3.0,30.0,180.0,97.0,False,False,False,False,RURAL,MAXIMUM_RANGE,FIXED_WING,FIXED_WING,FIXED_WING,1.0,0.92,HEXACOPTER:0.9; VTOL:0.8; OCTOCOPTER:0.6; QUADCOPTER:0.3,High aerodynamic lift-to-drag efficiency | Exceptional range (> 30 km) | High cruise endurance | Ideal candidate for long-range mapping and survey (> 30 km). | Excellent wing-borne flight endurance.,,VALID,PASS,,,,
CASE_FW_019,DETERMINISTIC,MILITARY,5.0,45.0,240.0,98.0,False,False,True,False,RURAL,MAXIMUM_RANGE,FIXED_WING,FIXED_WING,FIXED_WING,1.0,0.92,VTOL:0.8; HEXACOPTER:0.55; OCTOCOPTER:0.25; QUADCOPTER:0.1,High aerodynamic lift-to-drag efficiency | Exceptional range (> 30 km) | High cruise endurance | Ideal candidate for long-range mapping and survey (> 30 km). | Excellent wing-borne flight endurance.,,VALID,PASS,,,,
CASE_FW_020,DETERMINISTIC,RESEARCH,7.5,45.0,240.0,99.0,False,False,False,False,RURAL,MAXIMUM_RANGE,FIXED_WING,FIXED_WING,FIXED_WING,1.0,0.92,VTOL:0.8; HEXACOPTER:0.55; OCTOCOPTER:0.25; QUADCOPTER:0.0,High aerodynamic lift-to-drag efficiency | Exceptional range (> 30 km) | High cruise endurance | Ideal candidate for long-range mapping and survey (> 30 km). | Excellent wing-borne flight endurance.,,VALID,PASS,,,,
CASE_FW_021,DETERMINISTIC,SURVEY,10.0,60.0,240.0,100.0,False,False,False,False,RURAL,MAXIMUM_RANGE,FIXED_WING,FIXED_WING,FIXED_WING,1.0,0.92,VTOL:0.8; HEXACOPTER:0.55; OCTOCOPTER:0.25; QUADCOPTER:0.0,High aerodynamic lift-to-drag efficiency | Exceptional range (> 30 km) | High cruise endurance | Ideal candidate for long-range mapping and survey (> 30 km). | Excellent wing-borne flight endurance.,,VALID,PASS,,,,
CASE_FW_022,DETERMINISTIC,MAPPING,0.5,60.0,45.0,101.0,False,False,True,False,RURAL,MAXIMUM_RANGE,FIXED_WING,FIXED_WING,FIXED_WING,0.9,0.92,VTOL:0.8; HEXACOPTER:0.45; QUADCOPTER:0.4; OCTOCOPTER:0.25,High aerodynamic lift-to-drag efficiency | Exceptional range (> 30 km) | High cruise endurance | Ideal candidate for long-range mapping and survey (> 30 km).,,VALID,PASS,,,,
CASE_FW_023,DETERMINISTIC,AGRICULTURE,1.0,80.0,45.0,102.0,False,False,False,False,RURAL,MAXIMUM_RANGE,FIXED_WING,FIXED_WING,FIXED_WING,0.9,0.92,VTOL:0.8; HEXACOPTER:0.45; QUADCOPTER:0.4; OCTOCOPTER:0.25,High aerodynamic lift-to-drag efficiency | Exceptional range (> 30 km) | High cruise endurance | Ideal candidate for long-range mapping and survey (> 30 km).,,VALID,PASS,,,,
CASE_FW_024,DETERMINISTIC,MILITARY,2.0,80.0,45.0,103.0,False,False,False,False,RURAL,MAXIMUM_RANGE,FIXED_WING,FIXED_WING,FIXED_WING,0.9,0.92,VTOL:0.8; HEXACOPTER:0.55; QUADCOPTER:0.4; OCTOCOPTER:0.25,High aerodynamic lift-to-drag efficiency | Exceptional range (> 30 km) | High cruise endurance | Ideal candidate for long-range mapping and survey (> 30 km).,,VALID,PASS,,,,
CASE_FW_025,DETERMINISTIC,RESEARCH,3.0,100.0,60.0,104.0,False,False,True,False,RURAL,MAXIMUM_RANGE,FIXED_WING,FIXED_WING,FIXED_WING,1.0,0.92,VTOL:0.8; HEXACOPTER:0.55; OCTOCOPTER:0.25; QUADCOPTER:0.1,High aerodynamic lift-to-drag efficiency | Exceptional range (> 30 km) | High cruise endurance | Ideal candidate for long-range mapping and survey (> 30 km). | Excellent wing-borne flight endurance.,,VALID,PASS,,,,
CASE_FW_026,DETERMINISTIC,SURVEY,5.0,100.0,60.0,105.0,False,False,False,False,RURAL,MAXIMUM_RANGE,FIXED_WING,FIXED_WING,FIXED_WING,1.0,0.92,VTOL:0.8; HEXACOPTER:0.55; OCTOCOPTER:0.25; QUADCOPTER:0.1,High aerodynamic lift-to-drag efficiency | Exceptional range (> 30 km) | High cruise endurance | Ideal candidate for long-range mapping and survey (> 30 km). | Excellent wing-borne flight endurance.,,VALID,PASS,,,,
CASE_FW_027,DETERMINISTIC,MAPPING,7.5,120.0,60.0,106.0,False,False,False,False,RURAL,MAXIMUM_RANGE,FIXED_WING,FIXED_WING,FIXED_WING,1.0,0.92,VTOL:0.8; HEXACOPTER:0.55; OCTOCOPTER:0.25; QUADCOPTER:0.0,High aerodynamic lift-to-drag efficiency | Exceptional range (> 30 km) | High cruise endurance | Ideal candidate for long-range mapping and survey (> 30 km). | Excellent wing-borne flight endurance.,,VALID,PASS,,,,
CASE_FW_028,DETERMINISTIC,AGRICULTURE,10.0,120.0,90.0,107.0,False,False,True,False,RURAL,MAXIMUM_RANGE,FIXED_WING,FIXED_WING,FIXED_WING,1.0,0.92,VTOL:0.8; HEXACOPTER:0.55; OCTOCOPTER:0.25; QUADCOPTER:0.0,High aerodynamic lift-to-drag efficiency | Exceptional range (> 30 km) | High cruise endurance | Ideal candidate for long-range mapping and survey (> 30 km). | Excellent wing-borne flight endurance.,,VALID,PASS,,,,
CASE_FW_029,DETERMINISTIC,MILITARY,0.5,150.0,90.0,108.0,False,False,False,False,RURAL,MAXIMUM_RANGE,FIXED_WING,FIXED_WING,FIXED_WING,1.0,0.92,VTOL:0.8; HEXACOPTER:0.45; OCTOCOPTER:0.25; QUADCOPTER:0.1,High aerodynamic lift-to-drag efficiency | Exceptional range (> 30 km) | High cruise endurance | Ideal candidate for long-range mapping and survey (> 30 km). | Excellent wing-borne flight endurance.,,VALID,PASS,,,,
CASE_FW_030,DETERMINISTIC,RESEARCH,1.0,150.0,90.0,109.0,False,False,False,False,RURAL,MAXIMUM_RANGE,FIXED_WING,FIXED_WING,FIXED_WING,1.0,0.92,VTOL:0.8; HEXACOPTER:0.45; OCTOCOPTER:0.25; QUADCOPTER:0.1,High aerodynamic lift-to-drag efficiency | Exceptional range (> 30 km) | High cruise endurance | Ideal candidate for long-range mapping and survey (> 30 km). | Excellent wing-borne flight endurance.,,VALID,PASS,,,,
CASE_FW_031,DETERMINISTIC,SURVEY,2.0,200.0,120.0,110.0,False,False,True,False,RURAL,MAXIMUM_RANGE,FIXED_WING,FIXED_WING,FIXED_WING,1.0,0.92,VTOL:0.8; HEXACOPTER:0.55; OCTOCOPTER:0.25; QUADCOPTER:0.1,High aerodynamic lift-to-drag efficiency | Exceptional range (> 30 km) | High cruise endurance | Ideal candidate for long-range mapping and survey (> 30 km). | Excellent wing-borne flight endurance.,,VALID,PASS,,,,
CASE_FW_032,DETERMINISTIC,MAPPING,3.0,200.0,120.0,111.0,False,False,False,False,RURAL,MAXIMUM_RANGE,FIXED_WING,FIXED_WING,FIXED_WING,1.0,0.92,VTOL:0.8; HEXACOPTER:0.55; OCTOCOPTER:0.25; QUADCOPTER:0.1,High aerodynamic lift-to-drag efficiency | Exceptional range (> 30 km) | High cruise endurance | Ideal candidate for long-range mapping and survey (> 30 km). | Excellent wing-borne flight endurance.,,VALID,PASS,,,,
CASE_FW_033,DETERMINISTIC,AGRICULTURE,5.0,30.0,120.0,112.0,False,False,False,False,RURAL,MAXIMUM_RANGE,FIXED_WING,FIXED_WING,FIXED_WING,1.0,0.92,HEXACOPTER:0.9; VTOL:0.8; OCTOCOPTER:0.6; QUADCOPTER:0.3,High aerodynamic lift-to-drag efficiency | Exceptional range (> 30 km) | High cruise endurance | Ideal candidate for long-range mapping and survey (> 30 km). | Excellent wing-borne flight endurance.,,VALID,PASS,,,,
CASE_FW_034,DETERMINISTIC,MILITARY,7.5,30.0,150.0,113.0,False,False,True,False,RURAL,MAXIMUM_RANGE,FIXED_WING,FIXED_WING,FIXED_WING,1.0,0.92,HEXACOPTER:0.9; VTOL:0.8; OCTOCOPTER:0.6; QUADCOPTER:0.05,High aerodynamic lift-to-drag efficiency | Exceptional range (> 30 km) | High cruise endurance | Ideal candidate for long-range mapping and survey (> 30 km). | Excellent wing-borne flight endurance.,,VALID,PASS,,,,
CASE_FW_035,DETERMINISTIC,RESEARCH,10.0,45.0,150.0,114.0,False,False,False,False,RURAL,MAXIMUM_RANGE,FIXED_WING,FIXED_WING,FIXED_WING,1.0,0.92,VTOL:0.8; HEXACOPTER:0.55; OCTOCOPTER:0.25; QUADCOPTER:0.0,High aerodynamic lift-to-drag efficiency | Exceptional range (> 30 km) | High cruise endurance | Ideal candidate for long-range mapping and survey (> 30 km). | Excellent wing-borne flight endurance.,,VALID,PASS,,,,
CASE_FW_036,DETERMINISTIC,SURVEY,0.5,45.0,150.0,115.0,False,False,False,False,RURAL,MAXIMUM_RANGE,FIXED_WING,FIXED_WING,FIXED_WING,1.0,0.92,VTOL:0.8; HEXACOPTER:0.45; OCTOCOPTER:0.25; QUADCOPTER:0.1,High aerodynamic lift-to-drag efficiency | Exceptional range (> 30 km) | High cruise endurance | Ideal candidate for long-range mapping and survey (> 30 km). | Excellent wing-borne flight endurance.,,VALID,PASS,,,,
CASE_FW_037,DETERMINISTIC,MAPPING,1.0,60.0,180.0,116.0,False,False,True,False,RURAL,MAXIMUM_RANGE,FIXED_WING,FIXED_WING,FIXED_WING,1.0,0.92,VTOL:0.8; HEXACOPTER:0.45; OCTOCOPTER:0.25; QUADCOPTER:0.1,High aerodynamic lift-to-drag efficiency | Exceptional range (> 30 km) | High cruise endurance | Ideal candidate for long-range mapping and survey (> 30 km). | Excellent wing-borne flight endurance.,,VALID,PASS,,,,
CASE_FW_038,DETERMINISTIC,AGRICULTURE,2.0,60.0,180.0,117.0,False,False,False,False,RURAL,MAXIMUM_RANGE,FIXED_WING,FIXED_WING,FIXED_WING,1.0,0.92,VTOL:0.8; HEXACOPTER:0.55; OCTOCOPTER:0.25; QUADCOPTER:0.1,High aerodynamic lift-to-drag efficiency | Exceptional range (> 30 km) | High cruise endurance | Ideal candidate for long-range mapping and survey (> 30 km). | Excellent wing-borne flight endurance.,,VALID,PASS,,,,
CASE_FW_039,DETERMINISTIC,MILITARY,3.0,80.0,180.0,118.0,False,False,False,False,RURAL,MAXIMUM_RANGE,FIXED_WING,FIXED_WING,FIXED_WING,1.0,0.92,VTOL:0.8; HEXACOPTER:0.55; OCTOCOPTER:0.25; QUADCOPTER:0.1,High aerodynamic lift-to-drag efficiency | Exceptional range (> 30 km) | High cruise endurance | Ideal candidate for long-range mapping and survey (> 30 km). | Excellent wing-borne flight endurance.,,VALID,PASS,,,,
CASE_FW_040,DETERMINISTIC,RESEARCH,5.0,80.0,240.0,119.0,False,False,True,False,RURAL,MAXIMUM_RANGE,FIXED_WING,FIXED_WING,FIXED_WING,1.0,0.92,VTOL:0.8; HEXACOPTER:0.55; OCTOCOPTER:0.25; QUADCOPTER:0.1,High aerodynamic lift-to-drag efficiency | Exceptional range (> 30 km) | High cruise endurance | Ideal candidate for long-range mapping and survey (> 30 km). | Excellent wing-borne flight endurance.,,VALID,PASS,,,,
CASE_FW_041,DETERMINISTIC,SURVEY,7.5,100.0,240.0,80.0,False,False,False,False,RURAL,MAXIMUM_RANGE,FIXED_WING,FIXED_WING,FIXED_WING,1.0,0.92,VTOL:0.8; HEXACOPTER:0.55; OCTOCOPTER:0.25; QUADCOPTER:0.0,High aerodynamic lift-to-drag efficiency | Exceptional range (> 30 km) | High cruise endurance | Ideal candidate for long-range mapping and survey (> 30 km). | Excellent wing-borne flight endurance.,,VALID,PASS,,,,
CASE_FW_042,DETERMINISTIC,MAPPING,10.0,100.0,240.0,81.0,False,False,False,False,RURAL,MAXIMUM_RANGE,FIXED_WING,FIXED_WING,FIXED_WING,1.0,0.92,VTOL:0.8; HEXACOPTER:0.55; OCTOCOPTER:0.25; QUADCOPTER:0.0,High aerodynamic lift-to-drag efficiency | Exceptional range (> 30 km) | High cruise endurance | Ideal candidate for long-range mapping and survey (> 30 km). | Excellent wing-borne flight endurance.,,VALID,PASS,,,,
CASE_FW_043,DETERMINISTIC,AGRICULTURE,0.5,120.0,45.0,82.0,False,False,True,False,RURAL,MAXIMUM_RANGE,FIXED_WING,FIXED_WING,FIXED_WING,0.9,0.92,VTOL:0.8; HEXACOPTER:0.45; QUADCOPTER:0.4; OCTOCOPTER:0.25,High aerodynamic lift-to-drag efficiency | Exceptional range (> 30 km) | High cruise endurance | Ideal candidate for long-range mapping and survey (> 30 km).,,VALID,PASS,,,,
CASE_FW_044,DETERMINISTIC,MILITARY,1.0,120.0,45.0,83.0,False,False,False,False,RURAL,MAXIMUM_RANGE,FIXED_WING,FIXED_WING,FIXED_WING,0.9,0.92,VTOL:0.8; HEXACOPTER:0.45; QUADCOPTER:0.4; OCTOCOPTER:0.25,High aerodynamic lift-to-drag efficiency | Exceptional range (> 30 km) | High cruise endurance | Ideal candidate for long-range mapping and survey (> 30 km).,,VALID,PASS,,,,
CASE_FW_045,DETERMINISTIC,RESEARCH,2.0,150.0,45.0,84.0,False,False,False,False,RURAL,MAXIMUM_RANGE,FIXED_WING,FIXED_WING,FIXED_WING,0.9,0.92,VTOL:0.8; HEXACOPTER:0.55; QUADCOPTER:0.4; OCTOCOPTER:0.25,High aerodynamic lift-to-drag efficiency | Exceptional range (> 30 km) | High cruise endurance | Ideal candidate for long-range mapping and survey (> 30 km).,,VALID,PASS,,,,
CASE_FW_046,DETERMINISTIC,SURVEY,3.0,150.0,60.0,85.0,False,False,True,False,RURAL,MAXIMUM_RANGE,FIXED_WING,FIXED_WING,FIXED_WING,1.0,0.92,VTOL:0.8; HEXACOPTER:0.55; OCTOCOPTER:0.25; QUADCOPTER:0.1,High aerodynamic lift-to-drag efficiency | Exceptional range (> 30 km) | High cruise endurance | Ideal candidate for long-range mapping and survey (> 30 km). | Excellent wing-borne flight endurance.,,VALID,PASS,,,,
CASE_FW_047,DETERMINISTIC,MAPPING,5.0,200.0,60.0,86.0,False,False,False,False,RURAL,MAXIMUM_RANGE,FIXED_WING,FIXED_WING,FIXED_WING,1.0,0.92,VTOL:0.8; HEXACOPTER:0.55; OCTOCOPTER:0.25; QUADCOPTER:0.1,High aerodynamic lift-to-drag efficiency | Exceptional range (> 30 km) | High cruise endurance | Ideal candidate for long-range mapping and survey (> 30 km). | Excellent wing-borne flight endurance.,,VALID,PASS,,,,
CASE_FW_048,DETERMINISTIC,AGRICULTURE,7.5,200.0,60.0,87.0,False,False,False,False,RURAL,MAXIMUM_RANGE,FIXED_WING,FIXED_WING,FIXED_WING,1.0,0.92,VTOL:0.8; HEXACOPTER:0.55; OCTOCOPTER:0.25; QUADCOPTER:0.0,High aerodynamic lift-to-drag efficiency | Exceptional range (> 30 km) | High cruise endurance | Ideal candidate for long-range mapping and survey (> 30 km). | Excellent wing-borne flight endurance.,,VALID,PASS,,,,
CASE_FW_049,DETERMINISTIC,MILITARY,10.0,30.0,90.0,88.0,False,False,True,False,RURAL,MAXIMUM_RANGE,FIXED_WING,FIXED_WING,FIXED_WING,1.0,0.92,HEXACOPTER:0.9; VTOL:0.8; OCTOCOPTER:0.6; QUADCOPTER:0.05,High aerodynamic lift-to-drag efficiency | Exceptional range (> 30 km) | High cruise endurance | Ideal candidate for long-range mapping and survey (> 30 km). | Excellent wing-borne flight endurance.,,VALID,PASS,,,,
CASE_FW_050,DETERMINISTIC,RESEARCH,0.5,30.0,90.0,89.0,False,False,False,False,RURAL,MAXIMUM_RANGE,FIXED_WING,FIXED_WING,FIXED_WING,1.0,0.92,HEXACOPTER:0.8; VTOL:0.8; OCTOCOPTER:0.6; QUADCOPTER:0.3,High aerodynamic lift-to-drag efficiency | Exceptional range (> 30 km) | High cruise endurance | Ideal candidate for long-range mapping and survey (> 30 km). | Excellent wing-borne flight endurance.,,VALID,PASS,,,,
CASE_FW_051,DETERMINISTIC,SURVEY,1.0,45.0,90.0,90.0,False,False,False,False,RURAL,MAXIMUM_RANGE,FIXED_WING,FIXED_WING,FIXED_WING,1.0,0.92,VTOL:0.8; HEXACOPTER:0.45; OCTOCOPTER:0.25; QUADCOPTER:0.1,High aerodynamic lift-to-drag efficiency | Exceptional range (> 30 km) | High cruise endurance | Ideal candidate for long-range mapping and survey (> 30 km). | Excellent wing-borne flight endurance.,,VALID,PASS,,,,
CASE_FW_052,DETERMINISTIC,MAPPING,2.0,45.0,120.0,91.0,False,False,True,False,RURAL,MAXIMUM_RANGE,FIXED_WING,FIXED_WING,FIXED_WING,1.0,0.92,VTOL:0.8; HEXACOPTER:0.55; OCTOCOPTER:0.25; QUADCOPTER:0.1,High aerodynamic lift-to-drag efficiency | Exceptional range (> 30 km) | High cruise endurance | Ideal candidate for long-range mapping and survey (> 30 km). | Excellent wing-borne flight endurance.,,VALID,PASS,,,,
CASE_FW_053,DETERMINISTIC,AGRICULTURE,3.0,60.0,120.0,92.0,False,False,False,False,RURAL,MAXIMUM_RANGE,FIXED_WING,FIXED_WING,FIXED_WING,1.0,0.92,VTOL:0.8; HEXACOPTER:0.55; OCTOCOPTER:0.25; QUADCOPTER:0.1,High aerodynamic lift-to-drag efficiency | Exceptional range (> 30 km) | High cruise endurance | Ideal candidate for long-range mapping and survey (> 30 km). | Excellent wing-borne flight endurance.,,VALID,PASS,,,,
CASE_FW_054,DETERMINISTIC,MILITARY,5.0,60.0,120.0,93.0,False,False,False,False,RURAL,MAXIMUM_RANGE,FIXED_WING,FIXED_WING,FIXED_WING,1.0,0.92,VTOL:0.8; HEXACOPTER:0.55; OCTOCOPTER:0.25; QUADCOPTER:0.1,High aerodynamic lift-to-drag efficiency | Exceptional range (> 30 km) | High cruise endurance | Ideal candidate for long-range mapping and survey (> 30 km). | Excellent wing-borne flight endurance.,,VALID,PASS,,,,
CASE_FW_055,DETERMINISTIC,RESEARCH,7.5,80.0,150.0,94.0,False,False,True,False,RURAL,MAXIMUM_RANGE,FIXED_WING,FIXED_WING,FIXED_WING,1.0,0.92,VTOL:0.8; HEXACOPTER:0.55; OCTOCOPTER:0.25; QUADCOPTER:0.0,High aerodynamic lift-to-drag efficiency | Exceptional range (> 30 km) | High cruise endurance | Ideal candidate for long-range mapping and survey (> 30 km). | Excellent wing-borne flight endurance.,,VALID,PASS,,,,
CASE_FW_056,DETERMINISTIC,SURVEY,10.0,80.0,150.0,95.0,False,False,False,False,RURAL,MAXIMUM_RANGE,FIXED_WING,FIXED_WING,FIXED_WING,1.0,0.92,VTOL:0.8; HEXACOPTER:0.55; OCTOCOPTER:0.25; QUADCOPTER:0.0,High aerodynamic lift-to-drag efficiency | Exceptional range (> 30 km) | High cruise endurance | Ideal candidate for long-range mapping and survey (> 30 km). | Excellent wing-borne flight endurance.,,VALID,PASS,,,,
CASE_FW_057,DETERMINISTIC,MAPPING,0.5,100.0,150.0,96.0,False,False,False,False,RURAL,MAXIMUM_RANGE,FIXED_WING,FIXED_WING,FIXED_WING,1.0,0.92,VTOL:0.8; HEXACOPTER:0.45; OCTOCOPTER:0.25; QUADCOPTER:0.1,High aerodynamic lift-to-drag efficiency | Exceptional range (> 30 km) | High cruise endurance | Ideal candidate for long-range mapping and survey (> 30 km). | Excellent wing-borne flight endurance.,,VALID,PASS,,,,
CASE_FW_058,DETERMINISTIC,AGRICULTURE,1.0,100.0,180.0,97.0,False,False,True,False,RURAL,MAXIMUM_RANGE,FIXED_WING,FIXED_WING,FIXED_WING,1.0,0.92,VTOL:0.8; HEXACOPTER:0.45; OCTOCOPTER:0.25; QUADCOPTER:0.1,High aerodynamic lift-to-drag efficiency | Exceptional range (> 30 km) | High cruise endurance | Ideal candidate for long-range mapping and survey (> 30 km). | Excellent wing-borne flight endurance.,,VALID,PASS,,,,
CASE_FW_059,DETERMINISTIC,MILITARY,2.0,120.0,180.0,98.0,False,False,False,False,RURAL,MAXIMUM_RANGE,FIXED_WING,FIXED_WING,FIXED_WING,1.0,0.92,VTOL:0.8; HEXACOPTER:0.55; OCTOCOPTER:0.25; QUADCOPTER:0.1,High aerodynamic lift-to-drag efficiency | Exceptional range (> 30 km) | High cruise endurance | Ideal candidate for long-range mapping and survey (> 30 km). | Excellent wing-borne flight endurance.,,VALID,PASS,,,,
CASE_FW_060,DETERMINISTIC,RESEARCH,3.0,120.0,180.0,99.0,False,False,False,False,RURAL,MAXIMUM_RANGE,FIXED_WING,FIXED_WING,FIXED_WING,1.0,0.92,VTOL:0.8; HEXACOPTER:0.55; OCTOCOPTER:0.25; QUADCOPTER:0.1,High aerodynamic lift-to-drag efficiency | Exceptional range (> 30 km) | High cruise endurance | Ideal candidate for long-range mapping and survey (> 30 km). | Excellent wing-borne flight endurance.,,VALID,PASS,,,,
CASE_FW_061,DETERMINISTIC,SURVEY,5.0,150.0,240.0,100.0,False,False,True,False,RURAL,MAXIMUM_RANGE,FIXED_WING,FIXED_WING,FIXED_WING,1.0,0.92,VTOL:0.8; HEXACOPTER:0.55; OCTOCOPTER:0.25; QUADCOPTER:0.1,High aerodynamic lift-to-drag efficiency | Exceptional range (> 30 km) | High cruise endurance | Ideal candidate for long-range mapping and survey (> 30 km). | Excellent wing-borne flight endurance.,,VALID,PASS,,,,
CASE_FW_062,DETERMINISTIC,MAPPING,7.5,150.0,240.0,101.0,False,False,False,False,RURAL,MAXIMUM_RANGE,FIXED_WING,FIXED_WING,FIXED_WING,1.0,0.92,VTOL:0.8; HEXACOPTER:0.55; OCTOCOPTER:0.25; QUADCOPTER:0.0,High aerodynamic lift-to-drag efficiency | Exceptional range (> 30 km) | High cruise endurance | Ideal candidate for long-range mapping and survey (> 30 km). | Excellent wing-borne flight endurance.,,VALID,PASS,,,,
CASE_FW_063,DETERMINISTIC,AGRICULTURE,10.0,200.0,240.0,102.0,False,False,False,False,RURAL,MAXIMUM_RANGE,FIXED_WING,FIXED_WING,FIXED_WING,1.0,0.92,VTOL:0.8; HEXACOPTER:0.55; OCTOCOPTER:0.25; QUADCOPTER:0.0,High aerodynamic lift-to-drag efficiency | Exceptional range (> 30 km) | High cruise endurance | Ideal candidate for long-range mapping and survey (> 30 km). | Excellent wing-borne flight endurance.,,VALID,PASS,,,,
CASE_FW_064,DETERMINISTIC,MILITARY,0.5,200.0,45.0,103.0,False,False,True,False,RURAL,MAXIMUM_RANGE,FIXED_WING,FIXED_WING,FIXED_WING,0.9,0.92,VTOL:0.8; HEXACOPTER:0.45; QUADCOPTER:0.4; OCTOCOPTER:0.25,High aerodynamic lift-to-drag efficiency | Exceptional range (> 30 km) | High cruise endurance | Ideal candidate for long-range mapping and survey (> 30 km).,,VALID,PASS,,,,
CASE_FW_065,DETERMINISTIC,RESEARCH,1.0,30.0,45.0,104.0,False,False,False,False,RURAL,MAXIMUM_RANGE,FIXED_WING,FIXED_WING,FIXED_WING,0.9,0.92,HEXACOPTER:0.8; VTOL:0.8; QUADCOPTER:0.6; OCTOCOPTER:0.6,High aerodynamic lift-to-drag efficiency | Exceptional range (> 30 km) | High cruise endurance | Ideal candidate for long-range mapping and survey (> 30 km).,,VALID,PASS,,,,
CASE_FW_066,DETERMINISTIC,SURVEY,2.0,30.0,45.0,105.0,False,False,False,False,RURAL,MAXIMUM_RANGE,FIXED_WING,FIXED_WING,FIXED_WING,0.9,0.92,HEXACOPTER:0.9; VTOL:0.8; QUADCOPTER:0.6; OCTOCOPTER:0.6,High aerodynamic lift-to-drag efficiency | Exceptional range (> 30 km) | High cruise endurance | Ideal candidate for long-range mapping and survey (> 30 km).,,VALID,PASS,,,,
CASE_FW_067,DETERMINISTIC,MAPPING,3.0,45.0,60.0,106.0,False,False,True,False,RURAL,MAXIMUM_RANGE,FIXED_WING,FIXED_WING,FIXED_WING,1.0,0.92,VTOL:0.8; HEXACOPTER:0.55; OCTOCOPTER:0.25; QUADCOPTER:0.1,High aerodynamic lift-to-drag efficiency | Exceptional range (> 30 km) | High cruise endurance | Ideal candidate for long-range mapping and survey (> 30 km). | Excellent wing-borne flight endurance.,,VALID,PASS,,,,
CASE_FW_068,DETERMINISTIC,AGRICULTURE,5.0,45.0,60.0,107.0,False,False,False,False,RURAL,MAXIMUM_RANGE,FIXED_WING,FIXED_WING,FIXED_WING,1.0,0.92,VTOL:0.8; HEXACOPTER:0.55; OCTOCOPTER:0.25; QUADCOPTER:0.1,High aerodynamic lift-to-drag efficiency | Exceptional range (> 30 km) | High cruise endurance | Ideal candidate for long-range mapping and survey (> 30 km). | Excellent wing-borne flight endurance.,,VALID,PASS,,,,
CASE_FW_069,DETERMINISTIC,MILITARY,7.5,60.0,60.0,108.0,False,False,False,False,RURAL,MAXIMUM_RANGE,FIXED_WING,FIXED_WING,FIXED_WING,1.0,0.92,VTOL:0.8; HEXACOPTER:0.55; OCTOCOPTER:0.25; QUADCOPTER:0.0,High aerodynamic lift-to-drag efficiency | Exceptional range (> 30 km) | High cruise endurance | Ideal candidate for long-range mapping and survey (> 30 km). | Excellent wing-borne flight endurance.,,VALID,PASS,,,,
CASE_FW_070,DETERMINISTIC,RESEARCH,10.0,60.0,90.0,109.0,False,False,True,False,RURAL,MAXIMUM_RANGE,FIXED_WING,FIXED_WING,FIXED_WING,1.0,0.92,VTOL:0.8; HEXACOPTER:0.55; OCTOCOPTER:0.25; QUADCOPTER:0.0,High aerodynamic lift-to-drag efficiency | Exceptional range (> 30 km) | High cruise endurance | Ideal candidate for long-range mapping and survey (> 30 km). | Excellent wing-borne flight endurance.,,VALID,PASS,,,,
CASE_FW_071,DETERMINISTIC,SURVEY,0.5,80.0,90.0,110.0,False,False,False,False,RURAL,MAXIMUM_RANGE,FIXED_WING,FIXED_WING,FIXED_WING,1.0,0.92,VTOL:0.8; HEXACOPTER:0.45; OCTOCOPTER:0.25; QUADCOPTER:0.1,High aerodynamic lift-to-drag efficiency | Exceptional range (> 30 km) | High cruise endurance | Ideal candidate for long-range mapping and survey (> 30 km). | Excellent wing-borne flight endurance.,,VALID,PASS,,,,
CASE_FW_072,DETERMINISTIC,MAPPING,1.0,80.0,90.0,111.0,False,False,False,False,RURAL,MAXIMUM_RANGE,FIXED_WING,FIXED_WING,FIXED_WING,1.0,0.92,VTOL:0.8; HEXACOPTER:0.45; OCTOCOPTER:0.25; QUADCOPTER:0.1,High aerodynamic lift-to-drag efficiency | Exceptional range (> 30 km) | High cruise endurance | Ideal candidate for long-range mapping and survey (> 30 km). | Excellent wing-borne flight endurance.,,VALID,PASS,,,,
CASE_FW_073,DETERMINISTIC,AGRICULTURE,2.0,100.0,120.0,112.0,False,False,True,False,RURAL,MAXIMUM_RANGE,FIXED_WING,FIXED_WING,FIXED_WING,1.0,0.92,VTOL:0.8; HEXACOPTER:0.55; OCTOCOPTER:0.25; QUADCOPTER:0.1,High aerodynamic lift-to-drag efficiency | Exceptional range (> 30 km) | High cruise endurance | Ideal candidate for long-range mapping and survey (> 30 km). | Excellent wing-borne flight endurance.,,VALID,PASS,,,,
CASE_FW_074,DETERMINISTIC,MILITARY,3.0,100.0,120.0,113.0,False,False,False,False,RURAL,MAXIMUM_RANGE,FIXED_WING,FIXED_WING,FIXED_WING,1.0,0.92,VTOL:0.8; HEXACOPTER:0.55; OCTOCOPTER:0.25; QUADCOPTER:0.1,High aerodynamic lift-to-drag efficiency | Exceptional range (> 30 km) | High cruise endurance | Ideal candidate for long-range mapping and survey (> 30 km). | Excellent wing-borne flight endurance.,,VALID,PASS,,,,
CASE_FW_075,DETERMINISTIC,RESEARCH,5.0,120.0,120.0,114.0,False,False,False,False,RURAL,MAXIMUM_RANGE,FIXED_WING,FIXED_WING,FIXED_WING,1.0,0.92,VTOL:0.8; HEXACOPTER:0.55; OCTOCOPTER:0.25; QUADCOPTER:0.1,High aerodynamic lift-to-drag efficiency | Exceptional range (> 30 km) | High cruise endurance | Ideal candidate for long-range mapping and survey (> 30 km). | Excellent wing-borne flight endurance.,,VALID,PASS,,,,
CASE_FW_076,DETERMINISTIC,SURVEY,7.5,120.0,150.0,115.0,False,False,True,False,RURAL,MAXIMUM_RANGE,FIXED_WING,FIXED_WING,FIXED_WING,1.0,0.92,VTOL:0.8; HEXACOPTER:0.55; OCTOCOPTER:0.25; QUADCOPTER:0.0,High aerodynamic lift-to-drag efficiency | Exceptional range (> 30 km) | High cruise endurance | Ideal candidate for long-range mapping and survey (> 30 km). | Excellent wing-borne flight endurance.,,VALID,PASS,,,,
CASE_FW_077,DETERMINISTIC,MAPPING,10.0,150.0,150.0,116.0,False,False,False,False,RURAL,MAXIMUM_RANGE,FIXED_WING,FIXED_WING,FIXED_WING,1.0,0.92,VTOL:0.8; HEXACOPTER:0.55; OCTOCOPTER:0.25; QUADCOPTER:0.0,High aerodynamic lift-to-drag efficiency | Exceptional range (> 30 km) | High cruise endurance | Ideal candidate for long-range mapping and survey (> 30 km). | Excellent wing-borne flight endurance.,,VALID,PASS,,,,
CASE_FW_078,DETERMINISTIC,AGRICULTURE,0.5,150.0,150.0,117.0,False,False,False,False,RURAL,MAXIMUM_RANGE,FIXED_WING,FIXED_WING,FIXED_WING,1.0,0.92,VTOL:0.8; HEXACOPTER:0.45; OCTOCOPTER:0.25; QUADCOPTER:0.1,High aerodynamic lift-to-drag efficiency | Exceptional range (> 30 km) | High cruise endurance | Ideal candidate for long-range mapping and survey (> 30 km). | Excellent wing-borne flight endurance.,,VALID,PASS,,,,
CASE_FW_079,DETERMINISTIC,MILITARY,1.0,200.0,180.0,118.0,False,False,True,False,RURAL,MAXIMUM_RANGE,FIXED_WING,FIXED_WING,FIXED_WING,1.0,0.92,VTOL:0.8; HEXACOPTER:0.45; OCTOCOPTER:0.25; QUADCOPTER:0.1,High aerodynamic lift-to-drag efficiency | Exceptional range (> 30 km) | High cruise endurance | Ideal candidate for long-range mapping and survey (> 30 km). | Excellent wing-borne flight endurance.,,VALID,PASS,,,,
CASE_FW_080,DETERMINISTIC,RESEARCH,2.0,200.0,180.0,119.0,False,False,False,False,RURAL,MAXIMUM_RANGE,FIXED_WING,FIXED_WING,FIXED_WING,1.0,0.92,VTOL:0.8; HEXACOPTER:0.55; OCTOCOPTER:0.25; QUADCOPTER:0.1,High aerodynamic lift-to-drag efficiency | Exceptional range (> 30 km) | High cruise endurance | Ideal candidate for long-range mapping and survey (> 30 km). | Excellent wing-borne flight endurance.,,VALID,PASS,,,,
CASE_FW_081,DETERMINISTIC,SURVEY,3.0,30.0,180.0,80.0,False,False,False,False,RURAL,MAXIMUM_RANGE,FIXED_WING,FIXED_WING,FIXED_WING,1.0,0.92,HEXACOPTER:0.9; VTOL:0.8; OCTOCOPTER:0.6; QUADCOPTER:0.3,High aerodynamic lift-to-drag efficiency | Exceptional range (> 30 km) | High cruise endurance | Ideal candidate for long-range mapping and survey (> 30 km). | Excellent wing-borne flight endurance.,,VALID,PASS,,,,
CASE_FW_082,DETERMINISTIC,MAPPING,5.0,30.0,240.0,81.0,False,False,True,False,RURAL,MAXIMUM_RANGE,FIXED_WING,FIXED_WING,FIXED_WING,1.0,0.92,HEXACOPTER:0.9; VTOL:0.8; OCTOCOPTER:0.6; QUADCOPTER:0.3,High aerodynamic lift-to-drag efficiency | Exceptional range (> 30 km) | High cruise endurance | Ideal candidate for long-range mapping and survey (> 30 km). | Excellent wing-borne flight endurance.,,VALID,PASS,,,,
CASE_FW_083,DETERMINISTIC,AGRICULTURE,7.5,45.0,240.0,82.0,False,False,False,False,RURAL,MAXIMUM_RANGE,FIXED_WING,FIXED_WING,FIXED_WING,1.0,0.92,VTOL:0.8; HEXACOPTER:0.55; OCTOCOPTER:0.25; QUADCOPTER:0.0,High aerodynamic lift-to-drag efficiency | Exceptional range (> 30 km) | High cruise endurance | Ideal candidate for long-range mapping and survey (> 30 km). | Excellent wing-borne flight endurance.,,VALID,PASS,,,,
CASE_FW_084,DETERMINISTIC,MILITARY,10.0,45.0,240.0,83.0,False,False,False,False,RURAL,MAXIMUM_RANGE,FIXED_WING,FIXED_WING,FIXED_WING,1.0,0.92,VTOL:0.8; HEXACOPTER:0.55; OCTOCOPTER:0.25; QUADCOPTER:0.0,High aerodynamic lift-to-drag efficiency | Exceptional range (> 30 km) | High cruise endurance | Ideal candidate for long-range mapping and survey (> 30 km). | Excellent wing-borne flight endurance.,,VALID,PASS,,,,
CASE_FW_085,DETERMINISTIC,RESEARCH,0.5,60.0,45.0,84.0,False,False,True,False,RURAL,MAXIMUM_RANGE,FIXED_WING,FIXED_WING,FIXED_WING,0.9,0.92,VTOL:0.8; HEXACOPTER:0.45; QUADCOPTER:0.4; OCTOCOPTER:0.25,High aerodynamic lift-to-drag efficiency | Exceptional range (> 30 km) | High cruise endurance | Ideal candidate for long-range mapping and survey (> 30 km).,,VALID,PASS,,,,
CASE_FW_086,DETERMINISTIC,SURVEY,1.0,60.0,45.0,85.0,False,False,False,False,RURAL,MAXIMUM_RANGE,FIXED_WING,FIXED_WING,FIXED_WING,0.9,0.92,VTOL:0.8; HEXACOPTER:0.45; QUADCOPTER:0.4; OCTOCOPTER:0.25,High aerodynamic lift-to-drag efficiency | Exceptional range (> 30 km) | High cruise endurance | Ideal candidate for long-range mapping and survey (> 30 km).,,VALID,PASS,,,,
CASE_FW_087,DETERMINISTIC,MAPPING,2.0,80.0,45.0,86.0,False,False,False,False,RURAL,MAXIMUM_RANGE,FIXED_WING,FIXED_WING,FIXED_WING,0.9,0.92,VTOL:0.8; HEXACOPTER:0.55; QUADCOPTER:0.4; OCTOCOPTER:0.25,High aerodynamic lift-to-drag efficiency | Exceptional range (> 30 km) | High cruise endurance | Ideal candidate for long-range mapping and survey (> 30 km).,,VALID,PASS,,,,
CASE_FW_088,DETERMINISTIC,AGRICULTURE,3.0,80.0,60.0,87.0,False,False,True,False,RURAL,MAXIMUM_RANGE,FIXED_WING,FIXED_WING,FIXED_WING,1.0,0.92,VTOL:0.8; HEXACOPTER:0.55; OCTOCOPTER:0.25; QUADCOPTER:0.1,High aerodynamic lift-to-drag efficiency | Exceptional range (> 30 km) | High cruise endurance | Ideal candidate for long-range mapping and survey (> 30 km). | Excellent wing-borne flight endurance.,,VALID,PASS,,,,
CASE_FW_089,DETERMINISTIC,MILITARY,5.0,100.0,60.0,88.0,False,False,False,False,RURAL,MAXIMUM_RANGE,FIXED_WING,FIXED_WING,FIXED_WING,1.0,0.92,VTOL:0.8; HEXACOPTER:0.55; OCTOCOPTER:0.25; QUADCOPTER:0.1,High aerodynamic lift-to-drag efficiency | Exceptional range (> 30 km) | High cruise endurance | Ideal candidate for long-range mapping and survey (> 30 km). | Excellent wing-borne flight endurance.,,VALID,PASS,,,,
CASE_FW_090,DETERMINISTIC,RESEARCH,7.5,100.0,60.0,89.0,False,False,False,False,RURAL,MAXIMUM_RANGE,FIXED_WING,FIXED_WING,FIXED_WING,1.0,0.92,VTOL:0.8; HEXACOPTER:0.55; OCTOCOPTER:0.25; QUADCOPTER:0.0,High aerodynamic lift-to-drag efficiency | Exceptional range (> 30 km) | High cruise endurance | Ideal candidate for long-range mapping and survey (> 30 km). | Excellent wing-borne flight endurance.,,VALID,PASS,,,,
CASE_FW_091,DETERMINISTIC,SURVEY,10.0,120.0,90.0,90.0,False,False,True,False,RURAL,MAXIMUM_RANGE,FIXED_WING,FIXED_WING,FIXED_WING,1.0,0.92,VTOL:0.8; HEXACOPTER:0.55; OCTOCOPTER:0.25; QUADCOPTER:0.0,High aerodynamic lift-to-drag efficiency | Exceptional range (> 30 km) | High cruise endurance | Ideal candidate for long-range mapping and survey (> 30 km). | Excellent wing-borne flight endurance.,,VALID,PASS,,,,
CASE_FW_092,DETERMINISTIC,MAPPING,0.5,120.0,90.0,91.0,False,False,False,False,RURAL,MAXIMUM_RANGE,FIXED_WING,FIXED_WING,FIXED_WING,1.0,0.92,VTOL:0.8; HEXACOPTER:0.45; OCTOCOPTER:0.25; QUADCOPTER:0.1,High aerodynamic lift-to-drag efficiency | Exceptional range (> 30 km) | High cruise endurance | Ideal candidate for long-range mapping and survey (> 30 km). | Excellent wing-borne flight endurance.,,VALID,PASS,,,,
CASE_FW_093,DETERMINISTIC,AGRICULTURE,1.0,150.0,90.0,92.0,False,False,False,False,RURAL,MAXIMUM_RANGE,FIXED_WING,FIXED_WING,FIXED_WING,1.0,0.92,VTOL:0.8; HEXACOPTER:0.45; OCTOCOPTER:0.25; QUADCOPTER:0.1,High aerodynamic lift-to-drag efficiency | Exceptional range (> 30 km) | High cruise endurance | Ideal candidate for long-range mapping and survey (> 30 km). | Excellent wing-borne flight endurance.,,VALID,PASS,,,,
CASE_FW_094,DETERMINISTIC,MILITARY,2.0,150.0,120.0,93.0,False,False,True,False,RURAL,MAXIMUM_RANGE,FIXED_WING,FIXED_WING,FIXED_WING,1.0,0.92,VTOL:0.8; HEXACOPTER:0.55; OCTOCOPTER:0.25; QUADCOPTER:0.1,High aerodynamic lift-to-drag efficiency | Exceptional range (> 30 km) | High cruise endurance | Ideal candidate for long-range mapping and survey (> 30 km). | Excellent wing-borne flight endurance.,,VALID,PASS,,,,
CASE_FW_095,DETERMINISTIC,RESEARCH,3.0,200.0,120.0,94.0,False,False,False,False,RURAL,MAXIMUM_RANGE,FIXED_WING,FIXED_WING,FIXED_WING,1.0,0.92,VTOL:0.8; HEXACOPTER:0.55; OCTOCOPTER:0.25; QUADCOPTER:0.1,High aerodynamic lift-to-drag efficiency | Exceptional range (> 30 km) | High cruise endurance | Ideal candidate for long-range mapping and survey (> 30 km). | Excellent wing-borne flight endurance.,,VALID,PASS,,,,
CASE_FW_096,DETERMINISTIC,SURVEY,5.0,200.0,120.0,95.0,False,False,False,False,RURAL,MAXIMUM_RANGE,FIXED_WING,FIXED_WING,FIXED_WING,1.0,0.92,VTOL:0.8; HEXACOPTER:0.55; OCTOCOPTER:0.25; QUADCOPTER:0.1,High aerodynamic lift-to-drag efficiency | Exceptional range (> 30 km) | High cruise endurance | Ideal candidate for long-range mapping and survey (> 30 km). | Excellent wing-borne flight endurance.,,VALID,PASS,,,,
CASE_FW_097,DETERMINISTIC,MAPPING,7.5,30.0,150.0,96.0,False,False,True,False,RURAL,MAXIMUM_RANGE,FIXED_WING,FIXED_WING,FIXED_WING,1.0,0.92,HEXACOPTER:0.9; VTOL:0.8; OCTOCOPTER:0.6; QUADCOPTER:0.05,High aerodynamic lift-to-drag efficiency | Exceptional range (> 30 km) | High cruise endurance | Ideal candidate for long-range mapping and survey (> 30 km). | Excellent wing-borne flight endurance.,,VALID,PASS,,,,
CASE_FW_098,DETERMINISTIC,AGRICULTURE,10.0,30.0,150.0,97.0,False,False,False,False,RURAL,MAXIMUM_RANGE,FIXED_WING,FIXED_WING,FIXED_WING,1.0,0.92,HEXACOPTER:0.9; VTOL:0.8; OCTOCOPTER:0.6; QUADCOPTER:0.05,High aerodynamic lift-to-drag efficiency | Exceptional range (> 30 km) | High cruise endurance | Ideal candidate for long-range mapping and survey (> 30 km). | Excellent wing-borne flight endurance.,,VALID,PASS,,,,
CASE_FW_099,DETERMINISTIC,MILITARY,0.5,45.0,150.0,98.0,False,False,False,False,RURAL,MAXIMUM_RANGE,FIXED_WING,FIXED_WING,FIXED_WING,1.0,0.92,VTOL:0.8; HEXACOPTER:0.45; OCTOCOPTER:0.25; QUADCOPTER:0.1,High aerodynamic lift-to-drag efficiency | Exceptional range (> 30 km) | High cruise endurance | Ideal candidate for long-range mapping and survey (> 30 km). | Excellent wing-borne flight endurance.,,VALID,PASS,,,,
CASE_FW_100,DETERMINISTIC,RESEARCH,1.0,45.0,180.0,99.0,False,False,True,False,RURAL,MAXIMUM_RANGE,FIXED_WING,FIXED_WING,FIXED_WING,1.0,0.92,VTOL:0.8; HEXACOPTER:0.45; OCTOCOPTER:0.25; QUADCOPTER:0.1,High aerodynamic lift-to-drag efficiency | Exceptional range (> 30 km) | High cruise endurance | Ideal candidate for long-range mapping and survey (> 30 km). | Excellent wing-borne flight endurance.,,VALID,PASS,,,,
CASE_FW_101,DETERMINISTIC,SURVEY,2.0,60.0,180.0,100.0,False,False,False,False,RURAL,MAXIMUM_RANGE,FIXED_WING,FIXED_WING,FIXED_WING,1.0,0.92,VTOL:0.8; HEXACOPTER:0.55; OCTOCOPTER:0.25; QUADCOPTER:0.1,High aerodynamic lift-to-drag efficiency | Exceptional range (> 30 km) | High cruise endurance | Ideal candidate for long-range mapping and survey (> 30 km). | Excellent wing-borne flight endurance.,,VALID,PASS,,,,
CASE_FW_102,DETERMINISTIC,MAPPING,3.0,60.0,180.0,101.0,False,False,False,False,RURAL,MAXIMUM_RANGE,FIXED_WING,FIXED_WING,FIXED_WING,1.0,0.92,VTOL:0.8; HEXACOPTER:0.55; OCTOCOPTER:0.25; QUADCOPTER:0.1,High aerodynamic lift-to-drag efficiency | Exceptional range (> 30 km) | High cruise endurance | Ideal candidate for long-range mapping and survey (> 30 km). | Excellent wing-borne flight endurance.,,VALID,PASS,,,,
CASE_FW_103,DETERMINISTIC,AGRICULTURE,5.0,80.0,240.0,102.0,False,False,True,False,RURAL,MAXIMUM_RANGE,FIXED_WING,FIXED_WING,FIXED_WING,1.0,0.92,VTOL:0.8; HEXACOPTER:0.55; OCTOCOPTER:0.25; QUADCOPTER:0.1,High aerodynamic lift-to-drag efficiency | Exceptional range (> 30 km) | High cruise endurance | Ideal candidate for long-range mapping and survey (> 30 km). | Excellent wing-borne flight endurance.,,VALID,PASS,,,,
CASE_FW_104,DETERMINISTIC,MILITARY,7.5,80.0,240.0,103.0,False,False,False,False,RURAL,MAXIMUM_RANGE,FIXED_WING,FIXED_WING,FIXED_WING,1.0,0.92,VTOL:0.8; HEXACOPTER:0.55; OCTOCOPTER:0.25; QUADCOPTER:0.0,High aerodynamic lift-to-drag efficiency | Exceptional range (> 30 km) | High cruise endurance | Ideal candidate for long-range mapping and survey (> 30 km). | Excellent wing-borne flight endurance.,,VALID,PASS,,,,
CASE_FW_105,DETERMINISTIC,RESEARCH,10.0,100.0,240.0,104.0,False,False,False,False,RURAL,MAXIMUM_RANGE,FIXED_WING,FIXED_WING,FIXED_WING,1.0,0.92,VTOL:0.8; HEXACOPTER:0.55; OCTOCOPTER:0.25; QUADCOPTER:0.0,High aerodynamic lift-to-drag efficiency | Exceptional range (> 30 km) | High cruise endurance | Ideal candidate for long-range mapping and survey (> 30 km). | Excellent wing-borne flight endurance.,,VALID,PASS,,,,
CASE_FW_106,DETERMINISTIC,SURVEY,0.5,100.0,45.0,105.0,False,False,True,False,RURAL,MAXIMUM_RANGE,FIXED_WING,FIXED_WING,FIXED_WING,0.9,0.92,VTOL:0.8; HEXACOPTER:0.45; QUADCOPTER:0.4; OCTOCOPTER:0.25,High aerodynamic lift-to-drag efficiency | Exceptional range (> 30 km) | High cruise endurance | Ideal candidate for long-range mapping and survey (> 30 km).,,VALID,PASS,,,,
CASE_FW_107,DETERMINISTIC,MAPPING,1.0,120.0,45.0,106.0,False,False,False,False,RURAL,MAXIMUM_RANGE,FIXED_WING,FIXED_WING,FIXED_WING,0.9,0.92,VTOL:0.8; HEXACOPTER:0.45; QUADCOPTER:0.4; OCTOCOPTER:0.25,High aerodynamic lift-to-drag efficiency | Exceptional range (> 30 km) | High cruise endurance | Ideal candidate for long-range mapping and survey (> 30 km).,,VALID,PASS,,,,
CASE_FW_108,DETERMINISTIC,AGRICULTURE,2.0,120.0,45.0,107.0,False,False,False,False,RURAL,MAXIMUM_RANGE,FIXED_WING,FIXED_WING,FIXED_WING,0.9,0.92,VTOL:0.8; HEXACOPTER:0.55; QUADCOPTER:0.4; OCTOCOPTER:0.25,High aerodynamic lift-to-drag efficiency | Exceptional range (> 30 km) | High cruise endurance | Ideal candidate for long-range mapping and survey (> 30 km).,,VALID,PASS,,,,
CASE_FW_109,DETERMINISTIC,MILITARY,3.0,150.0,60.0,108.0,False,False,True,False,RURAL,MAXIMUM_RANGE,FIXED_WING,FIXED_WING,FIXED_WING,1.0,0.92,VTOL:0.8; HEXACOPTER:0.55; OCTOCOPTER:0.25; QUADCOPTER:0.1,High aerodynamic lift-to-drag efficiency | Exceptional range (> 30 km) | High cruise endurance | Ideal candidate for long-range mapping and survey (> 30 km). | Excellent wing-borne flight endurance.,,VALID,PASS,,,,
CASE_FW_110,DETERMINISTIC,RESEARCH,5.0,150.0,60.0,109.0,False,False,False,False,RURAL,MAXIMUM_RANGE,FIXED_WING,FIXED_WING,FIXED_WING,1.0,0.92,VTOL:0.8; HEXACOPTER:0.55; OCTOCOPTER:0.25; QUADCOPTER:0.1,High aerodynamic lift-to-drag efficiency | Exceptional range (> 30 km) | High cruise endurance | Ideal candidate for long-range mapping and survey (> 30 km). | Excellent wing-borne flight endurance.,,VALID,PASS,,,,
CASE_FW_111,DETERMINISTIC,SURVEY,7.5,200.0,60.0,110.0,False,False,False,False,RURAL,MAXIMUM_RANGE,FIXED_WING,FIXED_WING,FIXED_WING,1.0,0.92,VTOL:0.8; HEXACOPTER:0.55; OCTOCOPTER:0.25; QUADCOPTER:0.0,High aerodynamic lift-to-drag efficiency | Exceptional range (> 30 km) | High cruise endurance | Ideal candidate for long-range mapping and survey (> 30 km). | Excellent wing-borne flight endurance.,,VALID,PASS,,,,
CASE_FW_112,DETERMINISTIC,MAPPING,10.0,200.0,90.0,111.0,False,False,True,False,RURAL,MAXIMUM_RANGE,FIXED_WING,FIXED_WING,FIXED_WING,1.0,0.92,VTOL:0.8; HEXACOPTER:0.55; OCTOCOPTER:0.25; QUADCOPTER:0.0,High aerodynamic lift-to-drag efficiency | Exceptional range (> 30 km) | High cruise endurance | Ideal candidate for long-range mapping and survey (> 30 km). | Excellent wing-borne flight endurance.,,VALID,PASS,,,,
CASE_FW_113,DETERMINISTIC,AGRICULTURE,0.5,30.0,90.0,112.0,False,False,False,False,RURAL,MAXIMUM_RANGE,FIXED_WING,FIXED_WING,FIXED_WING,1.0,0.92,HEXACOPTER:0.8; VTOL:0.8; OCTOCOPTER:0.6; QUADCOPTER:0.3,High aerodynamic lift-to-drag efficiency | Exceptional range (> 30 km) | High cruise endurance | Ideal candidate for long-range mapping and survey (> 30 km). | Excellent wing-borne flight endurance.,,VALID,PASS,,,,
CASE_FW_114,DETERMINISTIC,MILITARY,1.0,30.0,90.0,113.0,False,False,False,False,RURAL,MAXIMUM_RANGE,FIXED_WING,FIXED_WING,FIXED_WING,1.0,0.92,HEXACOPTER:0.8; VTOL:0.8; OCTOCOPTER:0.6; QUADCOPTER:0.3,High aerodynamic lift-to-drag efficiency | Exceptional range (> 30 km) | High cruise endurance | Ideal candidate for long-range mapping and survey (> 30 km). | Excellent wing-borne flight endurance.,,VALID,PASS,,,,
CASE_FW_115,DETERMINISTIC,RESEARCH,2.0,45.0,120.0,114.0,False,False,True,False,RURAL,MAXIMUM_RANGE,FIXED_WING,FIXED_WING,FIXED_WING,1.0,0.92,VTOL:0.8; HEXACOPTER:0.55; OCTOCOPTER:0.25; QUADCOPTER:0.1,High aerodynamic lift-to-drag efficiency | Exceptional range (> 30 km) | High cruise endurance | Ideal candidate for long-range mapping and survey (> 30 km). | Excellent wing-borne flight endurance.,,VALID,PASS,,,,
CASE_FW_116,DETERMINISTIC,SURVEY,3.0,45.0,120.0,115.0,False,False,False,False,RURAL,MAXIMUM_RANGE,FIXED_WING,FIXED_WING,FIXED_WING,1.0,0.92,VTOL:0.8; HEXACOPTER:0.55; OCTOCOPTER:0.25; QUADCOPTER:0.1,High aerodynamic lift-to-drag efficiency | Exceptional range (> 30 km) | High cruise endurance | Ideal candidate for long-range mapping and survey (> 30 km). | Excellent wing-borne flight endurance.,,VALID,PASS,,,,
CASE_FW_117,DETERMINISTIC,MAPPING,5.0,60.0,120.0,116.0,False,False,False,False,RURAL,MAXIMUM_RANGE,FIXED_WING,FIXED_WING,FIXED_WING,1.0,0.92,VTOL:0.8; HEXACOPTER:0.55; OCTOCOPTER:0.25; QUADCOPTER:0.1,High aerodynamic lift-to-drag efficiency | Exceptional range (> 30 km) | High cruise endurance | Ideal candidate for long-range mapping and survey (> 30 km). | Excellent wing-borne flight endurance.,,VALID,PASS,,,,
CASE_FW_118,DETERMINISTIC,AGRICULTURE,7.5,60.0,150.0,117.0,False,False,True,False,RURAL,MAXIMUM_RANGE,FIXED_WING,FIXED_WING,FIXED_WING,1.0,0.92,VTOL:0.8; HEXACOPTER:0.55; OCTOCOPTER:0.25; QUADCOPTER:0.0,High aerodynamic lift-to-drag efficiency | Exceptional range (> 30 km) | High cruise endurance | Ideal candidate for long-range mapping and survey (> 30 km). | Excellent wing-borne flight endurance.,,VALID,PASS,,,,
CASE_FW_119,DETERMINISTIC,MILITARY,10.0,80.0,150.0,118.0,False,False,False,False,RURAL,MAXIMUM_RANGE,FIXED_WING,FIXED_WING,FIXED_WING,1.0,0.92,VTOL:0.8; HEXACOPTER:0.55; OCTOCOPTER:0.25; QUADCOPTER:0.0,High aerodynamic lift-to-drag efficiency | Exceptional range (> 30 km) | High cruise endurance | Ideal candidate for long-range mapping and survey (> 30 km). | Excellent wing-borne flight endurance.,,VALID,PASS,,,,
CASE_FW_120,DETERMINISTIC,RESEARCH,0.5,80.0,150.0,119.0,False,False,False,False,RURAL,MAXIMUM_RANGE,FIXED_WING,FIXED_WING,FIXED_WING,1.0,0.92,VTOL:0.8; HEXACOPTER:0.45; OCTOCOPTER:0.25; QUADCOPTER:0.1,High aerodynamic lift-to-drag efficiency | Exceptional range (> 30 km) | High cruise endurance | Ideal candidate for long-range mapping and survey (> 30 km). | Excellent wing-borne flight endurance.,,VALID,PASS,,,,
CASE_FW_121,DETERMINISTIC,SURVEY,1.0,100.0,180.0,80.0,False,False,True,False,RURAL,MAXIMUM_RANGE,FIXED_WING,FIXED_WING,FIXED_WING,1.0,0.92,VTOL:0.8; HEXACOPTER:0.45; OCTOCOPTER:0.25; QUADCOPTER:0.1,High aerodynamic lift-to-drag efficiency | Exceptional range (> 30 km) | High cruise endurance | Ideal candidate for long-range mapping and survey (> 30 km). | Excellent wing-borne flight endurance.,,VALID,PASS,,,,
CASE_FW_122,DETERMINISTIC,MAPPING,2.0,100.0,180.0,81.0,False,False,False,False,RURAL,MAXIMUM_RANGE,FIXED_WING,FIXED_WING,FIXED_WING,1.0,0.92,VTOL:0.8; HEXACOPTER:0.55; OCTOCOPTER:0.25; QUADCOPTER:0.1,High aerodynamic lift-to-drag efficiency | Exceptional range (> 30 km) | High cruise endurance | Ideal candidate for long-range mapping and survey (> 30 km). | Excellent wing-borne flight endurance.,,VALID,PASS,,,,
CASE_FW_123,DETERMINISTIC,AGRICULTURE,3.0,120.0,180.0,82.0,False,False,False,False,RURAL,MAXIMUM_RANGE,FIXED_WING,FIXED_WING,FIXED_WING,1.0,0.92,VTOL:0.8; HEXACOPTER:0.55; OCTOCOPTER:0.25; QUADCOPTER:0.1,High aerodynamic lift-to-drag efficiency | Exceptional range (> 30 km) | High cruise endurance | Ideal candidate for long-range mapping and survey (> 30 km). | Excellent wing-borne flight endurance.,,VALID,PASS,,,,
CASE_FW_124,DETERMINISTIC,MILITARY,5.0,120.0,240.0,83.0,False,False,True,False,RURAL,MAXIMUM_RANGE,FIXED_WING,FIXED_WING,FIXED_WING,1.0,0.92,VTOL:0.8; HEXACOPTER:0.55; OCTOCOPTER:0.25; QUADCOPTER:0.1,High aerodynamic lift-to-drag efficiency | Exceptional range (> 30 km) | High cruise endurance | Ideal candidate for long-range mapping and survey (> 30 km). | Excellent wing-borne flight endurance.,,VALID,PASS,,,,
CASE_FW_125,DETERMINISTIC,RESEARCH,7.5,150.0,240.0,84.0,False,False,False,False,RURAL,MAXIMUM_RANGE,FIXED_WING,FIXED_WING,FIXED_WING,1.0,0.92,VTOL:0.8; HEXACOPTER:0.55; OCTOCOPTER:0.25; QUADCOPTER:0.0,High aerodynamic lift-to-drag efficiency | Exceptional range (> 30 km) | High cruise endurance | Ideal candidate for long-range mapping and survey (> 30 km). | Excellent wing-borne flight endurance.,,VALID,PASS,,,,
CASE_FW_126,DETERMINISTIC,SURVEY,10.0,150.0,240.0,85.0,False,False,False,False,RURAL,MAXIMUM_RANGE,FIXED_WING,FIXED_WING,FIXED_WING,1.0,0.92,VTOL:0.8; HEXACOPTER:0.55; OCTOCOPTER:0.25; QUADCOPTER:0.0,High aerodynamic lift-to-drag efficiency | Exceptional range (> 30 km) | High cruise endurance | Ideal candidate for long-range mapping and survey (> 30 km). | Excellent wing-borne flight endurance.,,VALID,PASS,,,,
CASE_FW_127,DETERMINISTIC,MAPPING,0.5,200.0,45.0,86.0,False,False,True,False,RURAL,MAXIMUM_RANGE,FIXED_WING,FIXED_WING,FIXED_WING,0.9,0.92,VTOL:0.8; HEXACOPTER:0.45; QUADCOPTER:0.4; OCTOCOPTER:0.25,High aerodynamic lift-to-drag efficiency | Exceptional range (> 30 km) | High cruise endurance | Ideal candidate for long-range mapping and survey (> 30 km).,,VALID,PASS,,,,
CASE_FW_128,DETERMINISTIC,AGRICULTURE,1.0,200.0,45.0,87.0,False,False,False,False,RURAL,MAXIMUM_RANGE,FIXED_WING,FIXED_WING,FIXED_WING,0.9,0.92,VTOL:0.8; HEXACOPTER:0.45; QUADCOPTER:0.4; OCTOCOPTER:0.25,High aerodynamic lift-to-drag efficiency | Exceptional range (> 30 km) | High cruise endurance | Ideal candidate for long-range mapping and survey (> 30 km).,,VALID,PASS,,,,
CASE_FW_129,DETERMINISTIC,MILITARY,2.0,30.0,45.0,88.0,False,False,False,False,RURAL,MAXIMUM_RANGE,FIXED_WING,FIXED_WING,FIXED_WING,0.9,0.92,HEXACOPTER:0.9; VTOL:0.8; QUADCOPTER:0.6; OCTOCOPTER:0.6,High aerodynamic lift-to-drag efficiency | Exceptional range (> 30 km) | High cruise endurance | Ideal candidate for long-range mapping and survey (> 30 km).,,VALID,PASS,,,,
CASE_FW_130,DETERMINISTIC,RESEARCH,3.0,30.0,60.0,89.0,False,False,True,False,RURAL,MAXIMUM_RANGE,FIXED_WING,FIXED_WING,FIXED_WING,1.0,0.92,HEXACOPTER:0.9; VTOL:0.8; OCTOCOPTER:0.6; QUADCOPTER:0.3,High aerodynamic lift-to-drag efficiency | Exceptional range (> 30 km) | High cruise endurance | Ideal candidate for long-range mapping and survey (> 30 km). | Excellent wing-borne flight endurance.,,VALID,PASS,,,,
CASE_FW_131,DETERMINISTIC,SURVEY,5.0,45.0,60.0,90.0,False,False,False,False,RURAL,MAXIMUM_RANGE,FIXED_WING,FIXED_WING,FIXED_WING,1.0,0.92,VTOL:0.8; HEXACOPTER:0.55; OCTOCOPTER:0.25; QUADCOPTER:0.1,High aerodynamic lift-to-drag efficiency | Exceptional range (> 30 km) | High cruise endurance | Ideal candidate for long-range mapping and survey (> 30 km). | Excellent wing-borne flight endurance.,,VALID,PASS,,,,
CASE_FW_132,DETERMINISTIC,MAPPING,7.5,45.0,60.0,91.0,False,False,False,False,RURAL,MAXIMUM_RANGE,FIXED_WING,FIXED_WING,FIXED_WING,1.0,0.92,VTOL:0.8; HEXACOPTER:0.55; OCTOCOPTER:0.25; QUADCOPTER:0.0,High aerodynamic lift-to-drag efficiency | Exceptional range (> 30 km) | High cruise endurance | Ideal candidate for long-range mapping and survey (> 30 km). | Excellent wing-borne flight endurance.,,VALID,PASS,,,,
CASE_FW_133,DETERMINISTIC,AGRICULTURE,10.0,60.0,90.0,92.0,False,False,True,False,RURAL,MAXIMUM_RANGE,FIXED_WING,FIXED_WING,FIXED_WING,1.0,0.92,VTOL:0.8; HEXACOPTER:0.55; OCTOCOPTER:0.25; QUADCOPTER:0.0,High aerodynamic lift-to-drag efficiency | Exceptional range (> 30 km) | High cruise endurance | Ideal candidate for long-range mapping and survey (> 30 km). | Excellent wing-borne flight endurance.,,VALID,PASS,,,,
CASE_FW_134,DETERMINISTIC,MILITARY,0.5,60.0,90.0,93.0,False,False,False,False,RURAL,MAXIMUM_RANGE,FIXED_WING,FIXED_WING,FIXED_WING,1.0,0.92,VTOL:0.8; HEXACOPTER:0.45; OCTOCOPTER:0.25; QUADCOPTER:0.1,High aerodynamic lift-to-drag efficiency | Exceptional range (> 30 km) | High cruise endurance | Ideal candidate for long-range mapping and survey (> 30 km). | Excellent wing-borne flight endurance.,,VALID,PASS,,,,
CASE_FW_135,DETERMINISTIC,RESEARCH,1.0,80.0,90.0,94.0,False,False,False,False,RURAL,MAXIMUM_RANGE,FIXED_WING,FIXED_WING,FIXED_WING,1.0,0.92,VTOL:0.8; HEXACOPTER:0.45; OCTOCOPTER:0.25; QUADCOPTER:0.1,High aerodynamic lift-to-drag efficiency | Exceptional range (> 30 km) | High cruise endurance | Ideal candidate for long-range mapping and survey (> 30 km). | Excellent wing-borne flight endurance.,,VALID,PASS,,,,
CASE_FW_136,DETERMINISTIC,SURVEY,2.0,80.0,120.0,95.0,False,False,True,False,RURAL,MAXIMUM_RANGE,FIXED_WING,FIXED_WING,FIXED_WING,1.0,0.92,VTOL:0.8; HEXACOPTER:0.55; OCTOCOPTER:0.25; QUADCOPTER:0.1,High aerodynamic lift-to-drag efficiency | Exceptional range (> 30 km) | High cruise endurance | Ideal candidate for long-range mapping and survey (> 30 km). | Excellent wing-borne flight endurance.,,VALID,PASS,,,,
CASE_FW_137,DETERMINISTIC,MAPPING,3.0,100.0,120.0,96.0,False,False,False,False,RURAL,MAXIMUM_RANGE,FIXED_WING,FIXED_WING,FIXED_WING,1.0,0.92,VTOL:0.8; HEXACOPTER:0.55; OCTOCOPTER:0.25; QUADCOPTER:0.1,High aerodynamic lift-to-drag efficiency | Exceptional range (> 30 km) | High cruise endurance | Ideal candidate for long-range mapping and survey (> 30 km). | Excellent wing-borne flight endurance.,,VALID,PASS,,,,
CASE_FW_138,DETERMINISTIC,AGRICULTURE,5.0,100.0,120.0,97.0,False,False,False,False,RURAL,MAXIMUM_RANGE,FIXED_WING,FIXED_WING,FIXED_WING,1.0,0.92,VTOL:0.8; HEXACOPTER:0.55; OCTOCOPTER:0.25; QUADCOPTER:0.1,High aerodynamic lift-to-drag efficiency | Exceptional range (> 30 km) | High cruise endurance | Ideal candidate for long-range mapping and survey (> 30 km). | Excellent wing-borne flight endurance.,,VALID,PASS,,,,
CASE_FW_139,DETERMINISTIC,MILITARY,7.5,120.0,150.0,98.0,False,False,True,False,RURAL,MAXIMUM_RANGE,FIXED_WING,FIXED_WING,FIXED_WING,1.0,0.92,VTOL:0.8; HEXACOPTER:0.55; OCTOCOPTER:0.25; QUADCOPTER:0.0,High aerodynamic lift-to-drag efficiency | Exceptional range (> 30 km) | High cruise endurance | Ideal candidate for long-range mapping and survey (> 30 km). | Excellent wing-borne flight endurance.,,VALID,PASS,,,,
CASE_FW_140,DETERMINISTIC,RESEARCH,10.0,120.0,150.0,99.0,False,False,False,False,RURAL,MAXIMUM_RANGE,FIXED_WING,FIXED_WING,FIXED_WING,1.0,0.92,VTOL:0.8; HEXACOPTER:0.55; OCTOCOPTER:0.25; QUADCOPTER:0.0,High aerodynamic lift-to-drag efficiency | Exceptional range (> 30 km) | High cruise endurance | Ideal candidate for long-range mapping and survey (> 30 km). | Excellent wing-borne flight endurance.,,VALID,PASS,,,,
CASE_FW_141,DETERMINISTIC,SURVEY,0.5,150.0,150.0,100.0,False,False,False,False,RURAL,MAXIMUM_RANGE,FIXED_WING,FIXED_WING,FIXED_WING,1.0,0.92,VTOL:0.8; HEXACOPTER:0.45; OCTOCOPTER:0.25; QUADCOPTER:0.1,High aerodynamic lift-to-drag efficiency | Exceptional range (> 30 km) | High cruise endurance | Ideal candidate for long-range mapping and survey (> 30 km). | Excellent wing-borne flight endurance.,,VALID,PASS,,,,
CASE_FW_142,DETERMINISTIC,MAPPING,1.0,150.0,180.0,101.0,False,False,True,False,RURAL,MAXIMUM_RANGE,FIXED_WING,FIXED_WING,FIXED_WING,1.0,0.92,VTOL:0.8; HEXACOPTER:0.45; OCTOCOPTER:0.25; QUADCOPTER:0.1,High aerodynamic lift-to-drag efficiency | Exceptional range (> 30 km) | High cruise endurance | Ideal candidate for long-range mapping and survey (> 30 km). | Excellent wing-borne flight endurance.,,VALID,PASS,,,,
CASE_FW_143,DETERMINISTIC,AGRICULTURE,2.0,200.0,180.0,102.0,False,False,False,False,RURAL,MAXIMUM_RANGE,FIXED_WING,FIXED_WING,FIXED_WING,1.0,0.92,VTOL:0.8; HEXACOPTER:0.55; OCTOCOPTER:0.25; QUADCOPTER:0.1,High aerodynamic lift-to-drag efficiency | Exceptional range (> 30 km) | High cruise endurance | Ideal candidate for long-range mapping and survey (> 30 km). | Excellent wing-borne flight endurance.,,VALID,PASS,,,,
CASE_FW_144,DETERMINISTIC,MILITARY,3.0,200.0,180.0,103.0,False,False,False,False,RURAL,MAXIMUM_RANGE,FIXED_WING,FIXED_WING,FIXED_WING,1.0,0.92,VTOL:0.8; HEXACOPTER:0.55; OCTOCOPTER:0.25; QUADCOPTER:0.1,High aerodynamic lift-to-drag efficiency | Exceptional range (> 30 km) | High cruise endurance | Ideal candidate for long-range mapping and survey (> 30 km). | Excellent wing-borne flight endurance.,,VALID,PASS,,,,
CASE_FW_145,DETERMINISTIC,RESEARCH,5.0,30.0,240.0,104.0,False,False,True,False,RURAL,MAXIMUM_RANGE,FIXED_WING,FIXED_WING,FIXED_WING,1.0,0.92,HEXACOPTER:0.9; VTOL:0.8; OCTOCOPTER:0.6; QUADCOPTER:0.3,High aerodynamic lift-to-drag efficiency | Exceptional range (> 30 km) | High cruise endurance | Ideal candidate for long-range mapping and survey (> 30 km). | Excellent wing-borne flight endurance.,,VALID,PASS,,,,
CASE_FW_146,DETERMINISTIC,SURVEY,7.5,30.0,240.0,105.0,False,False,False,False,RURAL,MAXIMUM_RANGE,FIXED_WING,FIXED_WING,FIXED_WING,1.0,0.92,HEXACOPTER:0.9; VTOL:0.8; OCTOCOPTER:0.6; QUADCOPTER:0.05,High aerodynamic lift-to-drag efficiency | Exceptional range (> 30 km) | High cruise endurance | Ideal candidate for long-range mapping and survey (> 30 km). | Excellent wing-borne flight endurance.,,VALID,PASS,,,,
CASE_FW_147,DETERMINISTIC,MAPPING,10.0,45.0,240.0,106.0,False,False,False,False,RURAL,MAXIMUM_RANGE,FIXED_WING,FIXED_WING,FIXED_WING,1.0,0.92,VTOL:0.8; HEXACOPTER:0.55; OCTOCOPTER:0.25; QUADCOPTER:0.0,High aerodynamic lift-to-drag efficiency | Exceptional range (> 30 km) | High cruise endurance | Ideal candidate for long-range mapping and survey (> 30 km). | Excellent wing-borne flight endurance.,,VALID,PASS,,,,
CASE_FW_148,DETERMINISTIC,AGRICULTURE,0.5,45.0,45.0,107.0,False,False,True,False,RURAL,MAXIMUM_RANGE,FIXED_WING,FIXED_WING,FIXED_WING,0.9,0.92,VTOL:0.8; HEXACOPTER:0.45; QUADCOPTER:0.4; OCTOCOPTER:0.25,High aerodynamic lift-to-drag efficiency | Exceptional range (> 30 km) | High cruise endurance | Ideal candidate for long-range mapping and survey (> 30 km).,,VALID,PASS,,,,
CASE_FW_149,DETERMINISTIC,MILITARY,1.0,60.0,45.0,108.0,False,False,False,False,RURAL,MAXIMUM_RANGE,FIXED_WING,FIXED_WING,FIXED_WING,0.9,0.92,VTOL:0.8; HEXACOPTER:0.45; QUADCOPTER:0.4; OCTOCOPTER:0.25,High aerodynamic lift-to-drag efficiency | Exceptional range (> 30 km) | High cruise endurance | Ideal candidate for long-range mapping and survey (> 30 km).,,VALID,PASS,,,,
CASE_FW_150,DETERMINISTIC,RESEARCH,2.0,60.0,45.0,109.0,False,False,False,False,RURAL,MAXIMUM_RANGE,FIXED_WING,FIXED_WING,FIXED_WING,0.9,0.92,VTOL:0.8; HEXACOPTER:0.55; QUADCOPTER:0.4; OCTOCOPTER:0.25,High aerodynamic lift-to-drag efficiency | Exceptional range (> 30 km) | High cruise endurance | Ideal candidate for long-range mapping and survey (> 30 km).,,VALID,PASS,,,,
CASE_VTOL_001,DETERMINISTIC,DISASTER_RESPONSE,0.5,30.0,45.0,85.0,False,True,False,True,FOREST,BALANCED,VTOL,VTOL,VTOL,0.95,0.9,HEXACOPTER:0.8; QUADCOPTER:0.6; OCTOCOPTER:0.6; FIXED_WING:0.15,Combines vertical takeoff with long-range fixed-wing cruise | No runway required | High range and endurance | Optimal choice for vertical takeoff combined with long range (> 30 km).,,VALID,PASS,,,,
CASE_VTOL_002,DETERMINISTIC,DELIVERY,1.0,30.0,45.0,86.0,False,True,False,True,MOUNTAIN,BALANCED,VTOL,VTOL,VTOL,0.95,0.9,HEXACOPTER:0.8; QUADCOPTER:0.6; OCTOCOPTER:0.6; FIXED_WING:0.15,Combines vertical takeoff with long-range fixed-wing cruise | No runway required | High range and endurance | Optimal choice for vertical takeoff combined with long range (> 30 km).,,VALID,PASS,,,,
CASE_VTOL_003,DETERMINISTIC,SECURITY,2.0,45.0,45.0,87.0,False,True,False,True,FOREST,BALANCED,VTOL,VTOL,VTOL,0.95,0.9,HEXACOPTER:0.55; QUADCOPTER:0.4; OCTOCOPTER:0.25; FIXED_WING:0.15,Combines vertical takeoff with long-range fixed-wing cruise | No runway required | High range and endurance | Optimal choice for vertical takeoff combined with long range (> 30 km).,,VALID,PASS,,,,
CASE_VTOL_004,DETERMINISTIC,MAPPING,3.0,45.0,60.0,88.0,False,True,False,True,MOUNTAIN,BALANCED,VTOL,VTOL,VTOL,0.95,0.9,HEXACOPTER:0.55; FIXED_WING:0.3; OCTOCOPTER:0.25; QUADCOPTER:0.1,Combines vertical takeoff with long-range fixed-wing cruise | No runway required | High range and endurance | Optimal choice for vertical takeoff combined with long range (> 30 km).,,VALID,PASS,,,,
CASE_VTOL_005,DETERMINISTIC,SURVEY,5.0,60.0,60.0,89.0,False,True,False,True,FOREST,BALANCED,VTOL,VTOL,VTOL,0.95,0.9,HEXACOPTER:0.55; FIXED_WING:0.3; OCTOCOPTER:0.25; QUADCOPTER:0.1,Combines vertical takeoff with long-range fixed-wing cruise | No runway required | High range and endurance | Optimal choice for vertical takeoff combined with long range (> 30 km).,,VALID,PASS,,,,
CASE_VTOL_006,DETERMINISTIC,DISASTER_RESPONSE,8.0,60.0,60.0,90.0,False,True,False,True,MOUNTAIN,BALANCED,VTOL,VTOL,VTOL,0.95,0.9,HEXACOPTER:0.55; FIXED_WING:0.3; OCTOCOPTER:0.25; QUADCOPTER:0.0,Combines vertical takeoff with long-range fixed-wing cruise | No runway required | High range and endurance | Optimal choice for vertical takeoff combined with long range (> 30 km).,,VALID,PASS,,,,
CASE_VTOL_007,DETERMINISTIC,DELIVERY,10.0,80.0,90.0,91.0,False,True,False,True,FOREST,BALANCED,VTOL,VTOL,VTOL,0.95,0.9,HEXACOPTER:0.55; FIXED_WING:0.3; OCTOCOPTER:0.25; QUADCOPTER:0.0,Combines vertical takeoff with long-range fixed-wing cruise | No runway required | High range and endurance | Optimal choice for vertical takeoff combined with long range (> 30 km).,,VALID,PASS,,,,
CASE_VTOL_008,DETERMINISTIC,SECURITY,0.5,80.0,90.0,92.0,False,True,False,True,MOUNTAIN,BALANCED,VTOL,VTOL,VTOL,0.95,0.9,HEXACOPTER:0.45; FIXED_WING:0.3; OCTOCOPTER:0.25; QUADCOPTER:0.1,Combines vertical takeoff with long-range fixed-wing cruise | No runway required | High range and endurance | Optimal choice for vertical takeoff combined with long range (> 30 km).,,VALID,PASS,,,,
CASE_VTOL_009,DETERMINISTIC,MAPPING,1.0,100.0,90.0,93.0,False,True,False,True,FOREST,BALANCED,VTOL,VTOL,VTOL,0.95,0.9,HEXACOPTER:0.45; FIXED_WING:0.3; OCTOCOPTER:0.25; QUADCOPTER:0.1,Combines vertical takeoff with long-range fixed-wing cruise | No runway required | High range and endurance | Optimal choice for vertical takeoff combined with long range (> 30 km).,,VALID,PASS,,,,
CASE_VTOL_010,DETERMINISTIC,SURVEY,2.0,100.0,120.0,94.0,False,True,False,True,MOUNTAIN,BALANCED,VTOL,VTOL,VTOL,0.95,0.9,HEXACOPTER:0.55; FIXED_WING:0.3; OCTOCOPTER:0.25; QUADCOPTER:0.1,Combines vertical takeoff with long-range fixed-wing cruise | No runway required | High range and endurance | Optimal choice for vertical takeoff combined with long range (> 30 km).,,VALID,PASS,,,,
CASE_VTOL_011,DETERMINISTIC,DISASTER_RESPONSE,3.0,120.0,120.0,95.0,False,True,False,True,FOREST,BALANCED,VTOL,VTOL,VTOL,0.95,0.9,HEXACOPTER:0.55; FIXED_WING:0.3; OCTOCOPTER:0.25; QUADCOPTER:0.1,Combines vertical takeoff with long-range fixed-wing cruise | No runway required | High range and endurance | Optimal choice for vertical takeoff combined with long range (> 30 km).,,VALID,PASS,,,,
CASE_VTOL_012,DETERMINISTIC,DELIVERY,5.0,120.0,120.0,96.0,False,True,False,True,MOUNTAIN,BALANCED,VTOL,VTOL,VTOL,0.95,0.9,HEXACOPTER:0.55; FIXED_WING:0.3; OCTOCOPTER:0.25; QUADCOPTER:0.1,Combines vertical takeoff with long-range fixed-wing cruise | No runway required | High range and endurance | Optimal choice for vertical takeoff combined with long range (> 30 km).,,VALID,PASS,,,,
CASE_VTOL_013,DETERMINISTIC,SECURITY,8.0,150.0,150.0,97.0,False,True,False,True,FOREST,BALANCED,VTOL,VTOL,VTOL,0.95,0.9,HEXACOPTER:0.55; FIXED_WING:0.3; OCTOCOPTER:0.25; QUADCOPTER:0.0,Combines vertical takeoff with long-range fixed-wing cruise | No runway required | High range and endurance | Optimal choice for vertical takeoff combined with long range (> 30 km).,,VALID,PASS,,,,
CASE_VTOL_014,DETERMINISTIC,MAPPING,10.0,150.0,150.0,98.0,False,True,False,True,MOUNTAIN,BALANCED,VTOL,VTOL,VTOL,0.95,0.9,HEXACOPTER:0.55; FIXED_WING:0.3; OCTOCOPTER:0.25; QUADCOPTER:0.0,Combines vertical takeoff with long-range fixed-wing cruise | No runway required | High range and endurance | Optimal choice for vertical takeoff combined with long range (> 30 km).,,VALID,PASS,,,,
CASE_VTOL_015,DETERMINISTIC,SURVEY,0.5,30.0,150.0,99.0,False,True,False,True,FOREST,BALANCED,VTOL,VTOL,VTOL,0.95,0.9,HEXACOPTER:0.8; OCTOCOPTER:0.6; FIXED_WING:0.3; QUADCOPTER:0.3,Combines vertical takeoff with long-range fixed-wing cruise | No runway required | High range and endurance | Optimal choice for vertical takeoff combined with long range (> 30 km).,,VALID,PASS,,,,
CASE_VTOL_016,DETERMINISTIC,DISASTER_RESPONSE,1.0,30.0,180.0,100.0,False,True,False,True,MOUNTAIN,BALANCED,VTOL,VTOL,VTOL,0.95,0.9,HEXACOPTER:0.8; OCTOCOPTER:0.6; FIXED_WING:0.3; QUADCOPTER:0.3,Combines vertical takeoff with long-range fixed-wing cruise | No runway required | High range and endurance | Optimal choice for vertical takeoff combined with long range (> 30 km).,,VALID,PASS,,,,
CASE_VTOL_017,DETERMINISTIC,DELIVERY,2.0,45.0,180.0,101.0,False,True,False,True,FOREST,BALANCED,VTOL,VTOL,VTOL,0.95,0.9,HEXACOPTER:0.55; FIXED_WING:0.3; OCTOCOPTER:0.25; QUADCOPTER:0.1,Combines vertical takeoff with long-range fixed-wing cruise | No runway required | High range and endurance | Optimal choice for vertical takeoff combined with long range (> 30 km).,,VALID,PASS,,,,
CASE_VTOL_018,DETERMINISTIC,SECURITY,3.0,45.0,180.0,102.0,False,True,False,True,MOUNTAIN,BALANCED,VTOL,VTOL,VTOL,0.95,0.9,HEXACOPTER:0.55; FIXED_WING:0.3; OCTOCOPTER:0.25; QUADCOPTER:0.1,Combines vertical takeoff with long-range fixed-wing cruise | No runway required | High range and endurance | Optimal choice for vertical takeoff combined with long range (> 30 km).,,VALID,PASS,,,,
CASE_VTOL_019,DETERMINISTIC,MAPPING,5.0,60.0,45.0,103.0,False,True,False,True,FOREST,BALANCED,VTOL,VTOL,VTOL,0.95,0.9,HEXACOPTER:0.55; QUADCOPTER:0.4; OCTOCOPTER:0.25; FIXED_WING:0.15,Combines vertical takeoff with long-range fixed-wing cruise | No runway required | High range and endurance | Optimal choice for vertical takeoff combined with long range (> 30 km).,,VALID,PASS,,,,
CASE_VTOL_020,DETERMINISTIC,SURVEY,8.0,60.0,45.0,104.0,False,True,False,True,MOUNTAIN,BALANCED,VTOL,VTOL,VTOL,0.95,0.9,HEXACOPTER:0.55; OCTOCOPTER:0.25; FIXED_WING:0.15; QUADCOPTER:0.15,Combines vertical takeoff with long-range fixed-wing cruise | No runway required | High range and endurance | Optimal choice for vertical takeoff combined with long range (> 30 km).,,VALID,PASS,,,,
CASE_VTOL_021,DETERMINISTIC,DISASTER_RESPONSE,10.0,80.0,45.0,105.0,False,True,False,True,FOREST,BALANCED,VTOL,VTOL,VTOL,0.95,0.9,HEXACOPTER:0.55; OCTOCOPTER:0.25; FIXED_WING:0.15; QUADCOPTER:0.15,Combines vertical takeoff with long-range fixed-wing cruise | No runway required | High range and endurance | Optimal choice for vertical takeoff combined with long range (> 30 km).,,VALID,PASS,,,,
CASE_VTOL_022,DETERMINISTIC,DELIVERY,0.5,80.0,60.0,106.0,False,True,False,True,MOUNTAIN,BALANCED,VTOL,VTOL,VTOL,0.95,0.9,HEXACOPTER:0.45; FIXED_WING:0.3; OCTOCOPTER:0.25; QUADCOPTER:0.1,Combines vertical takeoff with long-range fixed-wing cruise | No runway required | High range and endurance | Optimal choice for vertical takeoff combined with long range (> 30 km).,,VALID,PASS,,,,
CASE_VTOL_023,DETERMINISTIC,SECURITY,1.0,100.0,60.0,107.0,False,True,False,True,FOREST,BALANCED,VTOL,VTOL,VTOL,0.95,0.9,HEXACOPTER:0.45; FIXED_WING:0.3; OCTOCOPTER:0.25; QUADCOPTER:0.1,Combines vertical takeoff with long-range fixed-wing cruise | No runway required | High range and endurance | Optimal choice for vertical takeoff combined with long range (> 30 km).,,VALID,PASS,,,,
CASE_VTOL_024,DETERMINISTIC,MAPPING,2.0,100.0,60.0,108.0,False,True,False,True,MOUNTAIN,BALANCED,VTOL,VTOL,VTOL,0.95,0.9,HEXACOPTER:0.55; FIXED_WING:0.3; OCTOCOPTER:0.25; QUADCOPTER:0.1,Combines vertical takeoff with long-range fixed-wing cruise | No runway required | High range and endurance | Optimal choice for vertical takeoff combined with long range (> 30 km).,,VALID,PASS,,,,
CASE_VTOL_025,DETERMINISTIC,SURVEY,3.0,120.0,90.0,109.0,False,True,False,True,FOREST,BALANCED,VTOL,VTOL,VTOL,0.95,0.9,HEXACOPTER:0.55; FIXED_WING:0.3; OCTOCOPTER:0.25; QUADCOPTER:0.1,Combines vertical takeoff with long-range fixed-wing cruise | No runway required | High range and endurance | Optimal choice for vertical takeoff combined with long range (> 30 km).,,VALID,PASS,,,,
CASE_VTOL_026,DETERMINISTIC,DISASTER_RESPONSE,5.0,120.0,90.0,110.0,False,True,False,True,MOUNTAIN,BALANCED,VTOL,VTOL,VTOL,0.95,0.9,HEXACOPTER:0.55; FIXED_WING:0.3; OCTOCOPTER:0.25; QUADCOPTER:0.1,Combines vertical takeoff with long-range fixed-wing cruise | No runway required | High range and endurance | Optimal choice for vertical takeoff combined with long range (> 30 km).,,VALID,PASS,,,,
CASE_VTOL_027,DETERMINISTIC,DELIVERY,8.0,150.0,90.0,111.0,False,True,False,True,FOREST,BALANCED,VTOL,VTOL,VTOL,0.95,0.9,HEXACOPTER:0.55; FIXED_WING:0.3; OCTOCOPTER:0.25; QUADCOPTER:0.0,Combines vertical takeoff with long-range fixed-wing cruise | No runway required | High range and endurance | Optimal choice for vertical takeoff combined with long range (> 30 km).,,VALID,PASS,,,,
CASE_VTOL_028,DETERMINISTIC,SECURITY,10.0,150.0,120.0,112.0,False,True,False,True,MOUNTAIN,BALANCED,VTOL,VTOL,VTOL,0.95,0.9,HEXACOPTER:0.55; FIXED_WING:0.3; OCTOCOPTER:0.25; QUADCOPTER:0.0,Combines vertical takeoff with long-range fixed-wing cruise | No runway required | High range and endurance | Optimal choice for vertical takeoff combined with long range (> 30 km).,,VALID,PASS,,,,
CASE_VTOL_029,DETERMINISTIC,MAPPING,0.5,30.0,120.0,113.0,False,True,False,True,FOREST,BALANCED,VTOL,VTOL,VTOL,0.95,0.9,HEXACOPTER:0.8; OCTOCOPTER:0.6; FIXED_WING:0.3; QUADCOPTER:0.3,Combines vertical takeoff with long-range fixed-wing cruise | No runway required | High range and endurance | Optimal choice for vertical takeoff combined with long range (> 30 km).,,VALID,PASS,,,,
CASE_VTOL_030,DETERMINISTIC,SURVEY,1.0,30.0,120.0,114.0,False,True,False,True,MOUNTAIN,BALANCED,VTOL,VTOL,VTOL,0.95,0.9,HEXACOPTER:0.8; OCTOCOPTER:0.6; FIXED_WING:0.3; QUADCOPTER:0.3,Combines vertical takeoff with long-range fixed-wing cruise | No runway required | High range and endurance | Optimal choice for vertical takeoff combined with long range (> 30 km).,,VALID,PASS,,,,
CASE_VTOL_031,DETERMINISTIC,DISASTER_RESPONSE,2.0,45.0,150.0,115.0,False,True,False,True,FOREST,BALANCED,VTOL,VTOL,VTOL,0.95,0.9,HEXACOPTER:0.55; FIXED_WING:0.3; OCTOCOPTER:0.25; QUADCOPTER:0.1,Combines vertical takeoff with long-range fixed-wing cruise | No runway required | High range and endurance | Optimal choice for vertical takeoff combined with long range (> 30 km).,,VALID,PASS,,,,
CASE_VTOL_032,DETERMINISTIC,DELIVERY,3.0,45.0,150.0,116.0,False,True,False,True,MOUNTAIN,BALANCED,VTOL,VTOL,VTOL,0.95,0.9,HEXACOPTER:0.55; FIXED_WING:0.3; OCTOCOPTER:0.25; QUADCOPTER:0.1,Combines vertical takeoff with long-range fixed-wing cruise | No runway required | High range and endurance | Optimal choice for vertical takeoff combined with long range (> 30 km).,,VALID,PASS,,,,
CASE_VTOL_033,DETERMINISTIC,SECURITY,5.0,60.0,150.0,117.0,False,True,False,True,FOREST,BALANCED,VTOL,VTOL,VTOL,0.95,0.9,HEXACOPTER:0.55; FIXED_WING:0.3; OCTOCOPTER:0.25; QUADCOPTER:0.1,Combines vertical takeoff with long-range fixed-wing cruise | No runway required | High range and endurance | Optimal choice for vertical takeoff combined with long range (> 30 km).,,VALID,PASS,,,,
CASE_VTOL_034,DETERMINISTIC,MAPPING,8.0,60.0,180.0,118.0,False,True,False,True,MOUNTAIN,BALANCED,VTOL,VTOL,VTOL,0.95,0.9,HEXACOPTER:0.55; FIXED_WING:0.3; OCTOCOPTER:0.25; QUADCOPTER:0.0,Combines vertical takeoff with long-range fixed-wing cruise | No runway required | High range and endurance | Optimal choice for vertical takeoff combined with long range (> 30 km).,,VALID,PASS,,,,
CASE_VTOL_035,DETERMINISTIC,SURVEY,10.0,80.0,180.0,119.0,False,True,False,True,FOREST,BALANCED,VTOL,VTOL,VTOL,0.95,0.9,HEXACOPTER:0.55; FIXED_WING:0.3; OCTOCOPTER:0.25; QUADCOPTER:0.0,Combines vertical takeoff with long-range fixed-wing cruise | No runway required | High range and endurance | Optimal choice for vertical takeoff combined with long range (> 30 km).,,VALID,PASS,,,,
CASE_VTOL_036,DETERMINISTIC,DISASTER_RESPONSE,0.5,80.0,180.0,85.0,False,True,False,True,MOUNTAIN,BALANCED,VTOL,VTOL,VTOL,0.95,0.9,HEXACOPTER:0.45; FIXED_WING:0.3; OCTOCOPTER:0.25; QUADCOPTER:0.1,Combines vertical takeoff with long-range fixed-wing cruise | No runway required | High range and endurance | Optimal choice for vertical takeoff combined with long range (> 30 km).,,VALID,PASS,,,,
CASE_VTOL_037,DETERMINISTIC,DELIVERY,1.0,100.0,45.0,86.0,False,True,False,True,FOREST,BALANCED,VTOL,VTOL,VTOL,0.95,0.9,HEXACOPTER:0.45; QUADCOPTER:0.4; OCTOCOPTER:0.25; FIXED_WING:0.15,Combines vertical takeoff with long-range fixed-wing cruise | No runway required | High range and endurance | Optimal choice for vertical takeoff combined with long range (> 30 km).,,VALID,PASS,,,,
CASE_VTOL_038,DETERMINISTIC,SECURITY,2.0,100.0,45.0,87.0,False,True,False,True,MOUNTAIN,BALANCED,VTOL,VTOL,VTOL,0.95,0.9,HEXACOPTER:0.55; QUADCOPTER:0.4; OCTOCOPTER:0.25; FIXED_WING:0.15,Combines vertical takeoff with long-range fixed-wing cruise | No runway required | High range and endurance | Optimal choice for vertical takeoff combined with long range (> 30 km).,,VALID,PASS,,,,
CASE_VTOL_039,DETERMINISTIC,MAPPING,3.0,120.0,45.0,88.0,False,True,False,True,FOREST,BALANCED,VTOL,VTOL,VTOL,0.95,0.9,HEXACOPTER:0.55; QUADCOPTER:0.4; OCTOCOPTER:0.25; FIXED_WING:0.15,Combines vertical takeoff with long-range fixed-wing cruise | No runway required | High range and endurance | Optimal choice for vertical takeoff combined with long range (> 30 km).,,VALID,PASS,,,,
CASE_VTOL_040,DETERMINISTIC,SURVEY,5.0,120.0,60.0,89.0,False,True,False,True,MOUNTAIN,BALANCED,VTOL,VTOL,VTOL,0.95,0.9,HEXACOPTER:0.55; FIXED_WING:0.3; OCTOCOPTER:0.25; QUADCOPTER:0.1,Combines vertical takeoff with long-range fixed-wing cruise | No runway required | High range and endurance | Optimal choice for vertical takeoff combined with long range (> 30 km).,,VALID,PASS,,,,
CASE_VTOL_041,DETERMINISTIC,DISASTER_RESPONSE,8.0,150.0,60.0,90.0,False,True,False,True,FOREST,BALANCED,VTOL,VTOL,VTOL,0.95,0.9,HEXACOPTER:0.55; FIXED_WING:0.3; OCTOCOPTER:0.25; QUADCOPTER:0.0,Combines vertical takeoff with long-range fixed-wing cruise | No runway required | High range and endurance | Optimal choice for vertical takeoff combined with long range (> 30 km).,,VALID,PASS,,,,
CASE_VTOL_042,DETERMINISTIC,DELIVERY,10.0,150.0,60.0,91.0,False,True,False,True,MOUNTAIN,BALANCED,VTOL,VTOL,VTOL,0.95,0.9,HEXACOPTER:0.55; FIXED_WING:0.3; OCTOCOPTER:0.25; QUADCOPTER:0.0,Combines vertical takeoff with long-range fixed-wing cruise | No runway required | High range and endurance | Optimal choice for vertical takeoff combined with long range (> 30 km).,,VALID,PASS,,,,
CASE_VTOL_043,DETERMINISTIC,SECURITY,0.5,30.0,90.0,92.0,False,True,False,True,FOREST,BALANCED,VTOL,VTOL,VTOL,0.95,0.9,HEXACOPTER:0.8; OCTOCOPTER:0.6; FIXED_WING:0.3; QUADCOPTER:0.3,Combines vertical takeoff with long-range fixed-wing cruise | No runway required | High range and endurance | Optimal choice for vertical takeoff combined with long range (> 30 km).,,VALID,PASS,,,,
CASE_VTOL_044,DETERMINISTIC,MAPPING,1.0,30.0,90.0,93.0,False,True,False,True,MOUNTAIN,BALANCED,VTOL,VTOL,VTOL,0.95,0.9,HEXACOPTER:0.8; OCTOCOPTER:0.6; FIXED_WING:0.3; QUADCOPTER:0.3,Combines vertical takeoff with long-range fixed-wing cruise | No runway required | High range and endurance | Optimal choice for vertical takeoff combined with long range (> 30 km).,,VALID,PASS,,,,
CASE_VTOL_045,DETERMINISTIC,SURVEY,2.0,45.0,90.0,94.0,False,True,False,True,FOREST,BALANCED,VTOL,VTOL,VTOL,0.95,0.9,HEXACOPTER:0.55; FIXED_WING:0.3; OCTOCOPTER:0.25; QUADCOPTER:0.1,Combines vertical takeoff with long-range fixed-wing cruise | No runway required | High range and endurance | Optimal choice for vertical takeoff combined with long range (> 30 km).,,VALID,PASS,,,,
CASE_VTOL_046,DETERMINISTIC,DISASTER_RESPONSE,3.0,45.0,120.0,95.0,False,True,False,True,MOUNTAIN,BALANCED,VTOL,VTOL,VTOL,0.95,0.9,HEXACOPTER:0.55; FIXED_WING:0.3; OCTOCOPTER:0.25; QUADCOPTER:0.1,Combines vertical takeoff with long-range fixed-wing cruise | No runway required | High range and endurance | Optimal choice for vertical takeoff combined with long range (> 30 km).,,VALID,PASS,,,,
CASE_VTOL_047,DETERMINISTIC,DELIVERY,5.0,60.0,120.0,96.0,False,True,False,True,FOREST,BALANCED,VTOL,VTOL,VTOL,0.95,0.9,HEXACOPTER:0.55; FIXED_WING:0.3; OCTOCOPTER:0.25; QUADCOPTER:0.1,Combines vertical takeoff with long-range fixed-wing cruise | No runway required | High range and endurance | Optimal choice for vertical takeoff combined with long range (> 30 km).,,VALID,PASS,,,,
CASE_VTOL_048,DETERMINISTIC,SECURITY,8.0,60.0,120.0,97.0,False,True,False,True,MOUNTAIN,BALANCED,VTOL,VTOL,VTOL,0.95,0.9,HEXACOPTER:0.55; FIXED_WING:0.3; OCTOCOPTER:0.25; QUADCOPTER:0.0,Combines vertical takeoff with long-range fixed-wing cruise | No runway required | High range and endurance | Optimal choice for vertical takeoff combined with long range (> 30 km).,,VALID,PASS,,,,
CASE_VTOL_049,DETERMINISTIC,MAPPING,10.0,80.0,150.0,98.0,False,True,False,True,FOREST,BALANCED,VTOL,VTOL,VTOL,0.95,0.9,HEXACOPTER:0.55; FIXED_WING:0.3; OCTOCOPTER:0.25; QUADCOPTER:0.0,Combines vertical takeoff with long-range fixed-wing cruise | No runway required | High range and endurance | Optimal choice for vertical takeoff combined with long range (> 30 km).,,VALID,PASS,,,,
CASE_VTOL_050,DETERMINISTIC,SURVEY,0.5,80.0,150.0,99.0,False,True,False,True,MOUNTAIN,BALANCED,VTOL,VTOL,VTOL,0.95,0.9,HEXACOPTER:0.45; FIXED_WING:0.3; OCTOCOPTER:0.25; QUADCOPTER:0.1,Combines vertical takeoff with long-range fixed-wing cruise | No runway required | High range and endurance | Optimal choice for vertical takeoff combined with long range (> 30 km).,,VALID,PASS,,,,
CASE_VTOL_051,DETERMINISTIC,DISASTER_RESPONSE,1.0,100.0,150.0,100.0,False,True,False,True,FOREST,BALANCED,VTOL,VTOL,VTOL,0.95,0.9,HEXACOPTER:0.45; FIXED_WING:0.3; OCTOCOPTER:0.25; QUADCOPTER:0.1,Combines vertical takeoff with long-range fixed-wing cruise | No runway required | High range and endurance | Optimal choice for vertical takeoff combined with long range (> 30 km).,,VALID,PASS,,,,
CASE_VTOL_052,DETERMINISTIC,DELIVERY,2.0,100.0,180.0,101.0,False,True,False,True,MOUNTAIN,BALANCED,VTOL,VTOL,VTOL,0.95,0.9,HEXACOPTER:0.55; FIXED_WING:0.3; OCTOCOPTER:0.25; QUADCOPTER:0.1,Combines vertical takeoff with long-range fixed-wing cruise | No runway required | High range and endurance | Optimal choice for vertical takeoff combined with long range (> 30 km).,,VALID,PASS,,,,
CASE_VTOL_053,DETERMINISTIC,SECURITY,3.0,120.0,180.0,102.0,False,True,False,True,FOREST,BALANCED,VTOL,VTOL,VTOL,0.95,0.9,HEXACOPTER:0.55; FIXED_WING:0.3; OCTOCOPTER:0.25; QUADCOPTER:0.1,Combines vertical takeoff with long-range fixed-wing cruise | No runway required | High range and endurance | Optimal choice for vertical takeoff combined with long range (> 30 km).,,VALID,PASS,,,,
CASE_VTOL_054,DETERMINISTIC,MAPPING,5.0,120.0,180.0,103.0,False,True,False,True,MOUNTAIN,BALANCED,VTOL,VTOL,VTOL,0.95,0.9,HEXACOPTER:0.55; FIXED_WING:0.3; OCTOCOPTER:0.25; QUADCOPTER:0.1,Combines vertical takeoff with long-range fixed-wing cruise | No runway required | High range and endurance | Optimal choice for vertical takeoff combined with long range (> 30 km).,,VALID,PASS,,,,
CASE_VTOL_055,DETERMINISTIC,SURVEY,8.0,150.0,45.0,104.0,False,True,False,True,FOREST,BALANCED,VTOL,VTOL,VTOL,0.95,0.9,HEXACOPTER:0.55; OCTOCOPTER:0.25; FIXED_WING:0.15; QUADCOPTER:0.15,Combines vertical takeoff with long-range fixed-wing cruise | No runway required | High range and endurance | Optimal choice for vertical takeoff combined with long range (> 30 km).,,VALID,PASS,,,,
CASE_VTOL_056,DETERMINISTIC,DISASTER_RESPONSE,10.0,150.0,45.0,105.0,False,True,False,True,MOUNTAIN,BALANCED,VTOL,VTOL,VTOL,0.95,0.9,HEXACOPTER:0.55; OCTOCOPTER:0.25; FIXED_WING:0.15; QUADCOPTER:0.15,Combines vertical takeoff with long-range fixed-wing cruise | No runway required | High range and endurance | Optimal choice for vertical takeoff combined with long range (> 30 km).,,VALID,PASS,,,,
CASE_VTOL_057,DETERMINISTIC,DELIVERY,0.5,30.0,45.0,106.0,False,True,False,True,FOREST,BALANCED,VTOL,VTOL,VTOL,0.95,0.9,HEXACOPTER:0.8; QUADCOPTER:0.6; OCTOCOPTER:0.6; FIXED_WING:0.15,Combines vertical takeoff with long-range fixed-wing cruise | No runway required | High range and endurance | Optimal choice for vertical takeoff combined with long range (> 30 km).,,VALID,PASS,,,,
CASE_VTOL_058,DETERMINISTIC,SECURITY,1.0,30.0,60.0,107.0,False,True,False,True,MOUNTAIN,BALANCED,VTOL,VTOL,VTOL,0.95,0.9,HEXACOPTER:0.8; OCTOCOPTER:0.6; FIXED_WING:0.3; QUADCOPTER:0.3,Combines vertical takeoff with long-range fixed-wing cruise | No runway required | High range and endurance | Optimal choice for vertical takeoff combined with long range (> 30 km).,,VALID,PASS,,,,
CASE_VTOL_059,DETERMINISTIC,MAPPING,2.0,45.0,60.0,108.0,False,True,False,True,FOREST,BALANCED,VTOL,VTOL,VTOL,0.95,0.9,HEXACOPTER:0.55; FIXED_WING:0.3; OCTOCOPTER:0.25; QUADCOPTER:0.1,Combines vertical takeoff with long-range fixed-wing cruise | No runway required | High range and endurance | Optimal choice for vertical takeoff combined with long range (> 30 km).,,VALID,PASS,,,,
CASE_VTOL_060,DETERMINISTIC,SURVEY,3.0,45.0,60.0,109.0,False,True,False,True,MOUNTAIN,BALANCED,VTOL,VTOL,VTOL,0.95,0.9,HEXACOPTER:0.55; FIXED_WING:0.3; OCTOCOPTER:0.25; QUADCOPTER:0.1,Combines vertical takeoff with long-range fixed-wing cruise | No runway required | High range and endurance | Optimal choice for vertical takeoff combined with long range (> 30 km).,,VALID,PASS,,,,
CASE_VTOL_061,DETERMINISTIC,DISASTER_RESPONSE,5.0,60.0,90.0,110.0,False,True,False,True,FOREST,BALANCED,VTOL,VTOL,VTOL,0.95,0.9,HEXACOPTER:0.55; FIXED_WING:0.3; OCTOCOPTER:0.25; QUADCOPTER:0.1,Combines vertical takeoff with long-range fixed-wing cruise | No runway required | High range and endurance | Optimal choice for vertical takeoff combined with long range (> 30 km).,,VALID,PASS,,,,
CASE_VTOL_062,DETERMINISTIC,DELIVERY,8.0,60.0,90.0,111.0,False,True,False,True,MOUNTAIN,BALANCED,VTOL,VTOL,VTOL,0.95,0.9,HEXACOPTER:0.55; FIXED_WING:0.3; OCTOCOPTER:0.25; QUADCOPTER:0.0,Combines vertical takeoff with long-range fixed-wing cruise | No runway required | High range and endurance | Optimal choice for vertical takeoff combined with long range (> 30 km).,,VALID,PASS,,,,
CASE_VTOL_063,DETERMINISTIC,SECURITY,10.0,80.0,90.0,112.0,False,True,False,True,FOREST,BALANCED,VTOL,VTOL,VTOL,0.95,0.9,HEXACOPTER:0.55; FIXED_WING:0.3; OCTOCOPTER:0.25; QUADCOPTER:0.0,Combines vertical takeoff with long-range fixed-wing cruise | No runway required | High range and endurance | Optimal choice for vertical takeoff combined with long range (> 30 km).,,VALID,PASS,,,,
CASE_VTOL_064,DETERMINISTIC,MAPPING,0.5,80.0,120.0,113.0,False,True,False,True,MOUNTAIN,BALANCED,VTOL,VTOL,VTOL,0.95,0.9,HEXACOPTER:0.45; FIXED_WING:0.3; OCTOCOPTER:0.25; QUADCOPTER:0.1,Combines vertical takeoff with long-range fixed-wing cruise | No runway required | High range and endurance | Optimal choice for vertical takeoff combined with long range (> 30 km).,,VALID,PASS,,,,
CASE_VTOL_065,DETERMINISTIC,SURVEY,1.0,100.0,120.0,114.0,False,True,False,True,FOREST,BALANCED,VTOL,VTOL,VTOL,0.95,0.9,HEXACOPTER:0.45; FIXED_WING:0.3; OCTOCOPTER:0.25; QUADCOPTER:0.1,Combines vertical takeoff with long-range fixed-wing cruise | No runway required | High range and endurance | Optimal choice for vertical takeoff combined with long range (> 30 km).,,VALID,PASS,,,,
CASE_VTOL_066,DETERMINISTIC,DISASTER_RESPONSE,2.0,100.0,120.0,115.0,False,True,False,True,MOUNTAIN,BALANCED,VTOL,VTOL,VTOL,0.95,0.9,HEXACOPTER:0.55; FIXED_WING:0.3; OCTOCOPTER:0.25; QUADCOPTER:0.1,Combines vertical takeoff with long-range fixed-wing cruise | No runway required | High range and endurance | Optimal choice for vertical takeoff combined with long range (> 30 km).,,VALID,PASS,,,,
CASE_VTOL_067,DETERMINISTIC,DELIVERY,3.0,120.0,150.0,116.0,False,True,False,True,FOREST,BALANCED,VTOL,VTOL,VTOL,0.95,0.9,HEXACOPTER:0.55; FIXED_WING:0.3; OCTOCOPTER:0.25; QUADCOPTER:0.1,Combines vertical takeoff with long-range fixed-wing cruise | No runway required | High range and endurance | Optimal choice for vertical takeoff combined with long range (> 30 km).,,VALID,PASS,,,,
CASE_VTOL_068,DETERMINISTIC,SECURITY,5.0,120.0,150.0,117.0,False,True,False,True,MOUNTAIN,BALANCED,VTOL,VTOL,VTOL,0.95,0.9,HEXACOPTER:0.55; FIXED_WING:0.3; OCTOCOPTER:0.25; QUADCOPTER:0.1,Combines vertical takeoff with long-range fixed-wing cruise | No runway required | High range and endurance | Optimal choice for vertical takeoff combined with long range (> 30 km).,,VALID,PASS,,,,
CASE_VTOL_069,DETERMINISTIC,MAPPING,8.0,150.0,150.0,118.0,False,True,False,True,FOREST,BALANCED,VTOL,VTOL,VTOL,0.95,0.9,HEXACOPTER:0.55; FIXED_WING:0.3; OCTOCOPTER:0.25; QUADCOPTER:0.0,Combines vertical takeoff with long-range fixed-wing cruise | No runway required | High range and endurance | Optimal choice for vertical takeoff combined with long range (> 30 km).,,VALID,PASS,,,,
CASE_VTOL_070,DETERMINISTIC,SURVEY,10.0,150.0,180.0,119.0,False,True,False,True,MOUNTAIN,BALANCED,VTOL,VTOL,VTOL,0.95,0.9,HEXACOPTER:0.55; FIXED_WING:0.3; OCTOCOPTER:0.25; QUADCOPTER:0.0,Combines vertical takeoff with long-range fixed-wing cruise | No runway required | High range and endurance | Optimal choice for vertical takeoff combined with long range (> 30 km).,,VALID,PASS,,,,
CASE_VTOL_071,DETERMINISTIC,DISASTER_RESPONSE,0.5,30.0,180.0,85.0,False,True,False,True,FOREST,BALANCED,VTOL,VTOL,VTOL,0.95,0.9,HEXACOPTER:0.8; OCTOCOPTER:0.6; FIXED_WING:0.3; QUADCOPTER:0.3,Combines vertical takeoff with long-range fixed-wing cruise | No runway required | High range and endurance | Optimal choice for vertical takeoff combined with long range (> 30 km).,,VALID,PASS,,,,
CASE_VTOL_072,DETERMINISTIC,DELIVERY,1.0,30.0,180.0,86.0,False,True,False,True,MOUNTAIN,BALANCED,VTOL,VTOL,VTOL,0.95,0.9,HEXACOPTER:0.8; OCTOCOPTER:0.6; FIXED_WING:0.3; QUADCOPTER:0.3,Combines vertical takeoff with long-range fixed-wing cruise | No runway required | High range and endurance | Optimal choice for vertical takeoff combined with long range (> 30 km).,,VALID,PASS,,,,
CASE_VTOL_073,DETERMINISTIC,SECURITY,2.0,45.0,45.0,87.0,False,True,False,True,FOREST,BALANCED,VTOL,VTOL,VTOL,0.95,0.9,HEXACOPTER:0.55; QUADCOPTER:0.4; OCTOCOPTER:0.25; FIXED_WING:0.15,Combines vertical takeoff with long-range fixed-wing cruise | No runway required | High range and endurance | Optimal choice for vertical takeoff combined with long range (> 30 km).,,VALID,PASS,,,,
CASE_VTOL_074,DETERMINISTIC,MAPPING,3.0,45.0,45.0,88.0,False,True,False,True,MOUNTAIN,BALANCED,VTOL,VTOL,VTOL,0.95,0.9,HEXACOPTER:0.55; QUADCOPTER:0.4; OCTOCOPTER:0.25; FIXED_WING:0.15,Combines vertical takeoff with long-range fixed-wing cruise | No runway required | High range and endurance | Optimal choice for vertical takeoff combined with long range (> 30 km).,,VALID,PASS,,,,
CASE_VTOL_075,DETERMINISTIC,SURVEY,5.0,60.0,45.0,89.0,False,True,False,True,FOREST,BALANCED,VTOL,VTOL,VTOL,0.95,0.9,HEXACOPTER:0.55; QUADCOPTER:0.4; OCTOCOPTER:0.25; FIXED_WING:0.15,Combines vertical takeoff with long-range fixed-wing cruise | No runway required | High range and endurance | Optimal choice for vertical takeoff combined with long range (> 30 km).,,VALID,PASS,,,,
CASE_VTOL_076,DETERMINISTIC,DISASTER_RESPONSE,8.0,60.0,60.0,90.0,False,True,False,True,MOUNTAIN,BALANCED,VTOL,VTOL,VTOL,0.95,0.9,HEXACOPTER:0.55; FIXED_WING:0.3; OCTOCOPTER:0.25; QUADCOPTER:0.0,Combines vertical takeoff with long-range fixed-wing cruise | No runway required | High range and endurance | Optimal choice for vertical takeoff combined with long range (> 30 km).,,VALID,PASS,,,,
CASE_VTOL_077,DETERMINISTIC,DELIVERY,10.0,80.0,60.0,91.0,False,True,False,True,FOREST,BALANCED,VTOL,VTOL,VTOL,0.95,0.9,HEXACOPTER:0.55; FIXED_WING:0.3; OCTOCOPTER:0.25; QUADCOPTER:0.0,Combines vertical takeoff with long-range fixed-wing cruise | No runway required | High range and endurance | Optimal choice for vertical takeoff combined with long range (> 30 km).,,VALID,PASS,,,,
CASE_VTOL_078,DETERMINISTIC,SECURITY,0.5,80.0,60.0,92.0,False,True,False,True,MOUNTAIN,BALANCED,VTOL,VTOL,VTOL,0.95,0.9,HEXACOPTER:0.45; FIXED_WING:0.3; OCTOCOPTER:0.25; QUADCOPTER:0.1,Combines vertical takeoff with long-range fixed-wing cruise | No runway required | High range and endurance | Optimal choice for vertical takeoff combined with long range (> 30 km).,,VALID,PASS,,,,
CASE_VTOL_079,DETERMINISTIC,MAPPING,1.0,100.0,90.0,93.0,False,True,False,True,FOREST,BALANCED,VTOL,VTOL,VTOL,0.95,0.9,HEXACOPTER:0.45; FIXED_WING:0.3; OCTOCOPTER:0.25; QUADCOPTER:0.1,Combines vertical takeoff with long-range fixed-wing cruise | No runway required | High range and endurance | Optimal choice for vertical takeoff combined with long range (> 30 km).,,VALID,PASS,,,,
CASE_VTOL_080,DETERMINISTIC,SURVEY,2.0,100.0,90.0,94.0,False,True,False,True,MOUNTAIN,BALANCED,VTOL,VTOL,VTOL,0.95,0.9,HEXACOPTER:0.55; FIXED_WING:0.3; OCTOCOPTER:0.25; QUADCOPTER:0.1,Combines vertical takeoff with long-range fixed-wing cruise | No runway required | High range and endurance | Optimal choice for vertical takeoff combined with long range (> 30 km).,,VALID,PASS,,,,
CASE_VTOL_081,DETERMINISTIC,DISASTER_RESPONSE,3.0,120.0,90.0,95.0,False,True,False,True,FOREST,BALANCED,VTOL,VTOL,VTOL,0.95,0.9,HEXACOPTER:0.55; FIXED_WING:0.3; OCTOCOPTER:0.25; QUADCOPTER:0.1,Combines vertical takeoff with long-range fixed-wing cruise | No runway required | High range and endurance | Optimal choice for vertical takeoff combined with long range (> 30 km).,,VALID,PASS,,,,
CASE_VTOL_082,DETERMINISTIC,DELIVERY,5.0,120.0,120.0,96.0,False,True,False,True,MOUNTAIN,BALANCED,VTOL,VTOL,VTOL,0.95,0.9,HEXACOPTER:0.55; FIXED_WING:0.3; OCTOCOPTER:0.25; QUADCOPTER:0.1,Combines vertical takeoff with long-range fixed-wing cruise | No runway required | High range and endurance | Optimal choice for vertical takeoff combined with long range (> 30 km).,,VALID,PASS,,,,
CASE_VTOL_083,DETERMINISTIC,SECURITY,8.0,150.0,120.0,97.0,False,True,False,True,FOREST,BALANCED,VTOL,VTOL,VTOL,0.95,0.9,HEXACOPTER:0.55; FIXED_WING:0.3; OCTOCOPTER:0.25; QUADCOPTER:0.0,Combines vertical takeoff with long-range fixed-wing cruise | No runway required | High range and endurance | Optimal choice for vertical takeoff combined with long range (> 30 km).,,VALID,PASS,,,,
CASE_VTOL_084,DETERMINISTIC,MAPPING,10.0,150.0,120.0,98.0,False,True,False,True,MOUNTAIN,BALANCED,VTOL,VTOL,VTOL,0.95,0.9,HEXACOPTER:0.55; FIXED_WING:0.3; OCTOCOPTER:0.25; QUADCOPTER:0.0,Combines vertical takeoff with long-range fixed-wing cruise | No runway required | High range and endurance | Optimal choice for vertical takeoff combined with long range (> 30 km).,,VALID,PASS,,,,
CASE_VTOL_085,DETERMINISTIC,SURVEY,0.5,30.0,150.0,99.0,False,True,False,True,FOREST,BALANCED,VTOL,VTOL,VTOL,0.95,0.9,HEXACOPTER:0.8; OCTOCOPTER:0.6; FIXED_WING:0.3; QUADCOPTER:0.3,Combines vertical takeoff with long-range fixed-wing cruise | No runway required | High range and endurance | Optimal choice for vertical takeoff combined with long range (> 30 km).,,VALID,PASS,,,,
CASE_VTOL_086,DETERMINISTIC,DISASTER_RESPONSE,1.0,30.0,150.0,100.0,False,True,False,True,MOUNTAIN,BALANCED,VTOL,VTOL,VTOL,0.95,0.9,HEXACOPTER:0.8; OCTOCOPTER:0.6; FIXED_WING:0.3; QUADCOPTER:0.3,Combines vertical takeoff with long-range fixed-wing cruise | No runway required | High range and endurance | Optimal choice for vertical takeoff combined with long range (> 30 km).,,VALID,PASS,,,,
CASE_VTOL_087,DETERMINISTIC,DELIVERY,2.0,45.0,150.0,101.0,False,True,False,True,FOREST,BALANCED,VTOL,VTOL,VTOL,0.95,0.9,HEXACOPTER:0.55; FIXED_WING:0.3; OCTOCOPTER:0.25; QUADCOPTER:0.1,Combines vertical takeoff with long-range fixed-wing cruise | No runway required | High range and endurance | Optimal choice for vertical takeoff combined with long range (> 30 km).,,VALID,PASS,,,,
CASE_VTOL_088,DETERMINISTIC,SECURITY,3.0,45.0,180.0,102.0,False,True,False,True,MOUNTAIN,BALANCED,VTOL,VTOL,VTOL,0.95,0.9,HEXACOPTER:0.55; FIXED_WING:0.3; OCTOCOPTER:0.25; QUADCOPTER:0.1,Combines vertical takeoff with long-range fixed-wing cruise | No runway required | High range and endurance | Optimal choice for vertical takeoff combined with long range (> 30 km).,,VALID,PASS,,,,
CASE_VTOL_089,DETERMINISTIC,MAPPING,5.0,60.0,180.0,103.0,False,True,False,True,FOREST,BALANCED,VTOL,VTOL,VTOL,0.95,0.9,HEXACOPTER:0.55; FIXED_WING:0.3; OCTOCOPTER:0.25; QUADCOPTER:0.1,Combines vertical takeoff with long-range fixed-wing cruise | No runway required | High range and endurance | Optimal choice for vertical takeoff combined with long range (> 30 km).,,VALID,PASS,,,,
CASE_VTOL_090,DETERMINISTIC,SURVEY,8.0,60.0,180.0,104.0,False,True,False,True,MOUNTAIN,BALANCED,VTOL,VTOL,VTOL,0.95,0.9,HEXACOPTER:0.55; FIXED_WING:0.3; OCTOCOPTER:0.25; QUADCOPTER:0.0,Combines vertical takeoff with long-range fixed-wing cruise | No runway required | High range and endurance | Optimal choice for vertical takeoff combined with long range (> 30 km).,,VALID,PASS,,,,
CASE_VTOL_091,DETERMINISTIC,DISASTER_RESPONSE,10.0,80.0,45.0,105.0,False,True,False,True,FOREST,BALANCED,VTOL,VTOL,VTOL,0.95,0.9,HEXACOPTER:0.55; OCTOCOPTER:0.25; FIXED_WING:0.15; QUADCOPTER:0.15,Combines vertical takeoff with long-range fixed-wing cruise | No runway required | High range and endurance | Optimal choice for vertical takeoff combined with long range (> 30 km).,,VALID,PASS,,,,
CASE_VTOL_092,DETERMINISTIC,DELIVERY,0.5,80.0,45.0,106.0,False,True,False,True,MOUNTAIN,BALANCED,VTOL,VTOL,VTOL,0.95,0.9,HEXACOPTER:0.45; QUADCOPTER:0.4; OCTOCOPTER:0.25; FIXED_WING:0.15,Combines vertical takeoff with long-range fixed-wing cruise | No runway required | High range and endurance | Optimal choice for vertical takeoff combined with long range (> 30 km).,,VALID,PASS,,,,
CASE_VTOL_093,DETERMINISTIC,SECURITY,1.0,100.0,45.0,107.0,False,True,False,True,FOREST,BALANCED,VTOL,VTOL,VTOL,0.95,0.9,HEXACOPTER:0.45; QUADCOPTER:0.4; OCTOCOPTER:0.25; FIXED_WING:0.15,Combines vertical takeoff with long-range fixed-wing cruise | No runway required | High range and endurance | Optimal choice for vertical takeoff combined with long range (> 30 km).,,VALID,PASS,,,,
CASE_VTOL_094,DETERMINISTIC,MAPPING,2.0,100.0,60.0,108.0,False,True,False,True,MOUNTAIN,BALANCED,VTOL,VTOL,VTOL,0.95,0.9,HEXACOPTER:0.55; FIXED_WING:0.3; OCTOCOPTER:0.25; QUADCOPTER:0.1,Combines vertical takeoff with long-range fixed-wing cruise | No runway required | High range and endurance | Optimal choice for vertical takeoff combined with long range (> 30 km).,,VALID,PASS,,,,
CASE_VTOL_095,DETERMINISTIC,SURVEY,3.0,120.0,60.0,109.0,False,True,False,True,FOREST,BALANCED,VTOL,VTOL,VTOL,0.95,0.9,HEXACOPTER:0.55; FIXED_WING:0.3; OCTOCOPTER:0.25; QUADCOPTER:0.1,Combines vertical takeoff with long-range fixed-wing cruise | No runway required | High range and endurance | Optimal choice for vertical takeoff combined with long range (> 30 km).,,VALID,PASS,,,,
CASE_VTOL_096,DETERMINISTIC,DISASTER_RESPONSE,5.0,120.0,60.0,110.0,False,True,False,True,MOUNTAIN,BALANCED,VTOL,VTOL,VTOL,0.95,0.9,HEXACOPTER:0.55; FIXED_WING:0.3; OCTOCOPTER:0.25; QUADCOPTER:0.1,Combines vertical takeoff with long-range fixed-wing cruise | No runway required | High range and endurance | Optimal choice for vertical takeoff combined with long range (> 30 km).,,VALID,PASS,,,,
CASE_VTOL_097,DETERMINISTIC,DELIVERY,8.0,150.0,90.0,111.0,False,True,False,True,FOREST,BALANCED,VTOL,VTOL,VTOL,0.95,0.9,HEXACOPTER:0.55; FIXED_WING:0.3; OCTOCOPTER:0.25; QUADCOPTER:0.0,Combines vertical takeoff with long-range fixed-wing cruise | No runway required | High range and endurance | Optimal choice for vertical takeoff combined with long range (> 30 km).,,VALID,PASS,,,,
CASE_VTOL_098,DETERMINISTIC,SECURITY,10.0,150.0,90.0,112.0,False,True,False,True,MOUNTAIN,BALANCED,VTOL,VTOL,VTOL,0.95,0.9,HEXACOPTER:0.55; FIXED_WING:0.3; OCTOCOPTER:0.25; QUADCOPTER:0.0,Combines vertical takeoff with long-range fixed-wing cruise | No runway required | High range and endurance | Optimal choice for vertical takeoff combined with long range (> 30 km).,,VALID,PASS,,,,
CASE_VTOL_099,DETERMINISTIC,MAPPING,0.5,30.0,90.0,113.0,False,True,False,True,FOREST,BALANCED,VTOL,VTOL,VTOL,0.95,0.9,HEXACOPTER:0.8; OCTOCOPTER:0.6; FIXED_WING:0.3; QUADCOPTER:0.3,Combines vertical takeoff with long-range fixed-wing cruise | No runway required | High range and endurance | Optimal choice for vertical takeoff combined with long range (> 30 km).,,VALID,PASS,,,,
CASE_VTOL_100,DETERMINISTIC,SURVEY,1.0,30.0,120.0,114.0,False,True,False,True,MOUNTAIN,BALANCED,VTOL,VTOL,VTOL,0.95,0.9,HEXACOPTER:0.8; OCTOCOPTER:0.6; FIXED_WING:0.3; QUADCOPTER:0.3,Combines vertical takeoff with long-range fixed-wing cruise | No runway required | High range and endurance | Optimal choice for vertical takeoff combined with long range (> 30 km).,,VALID,PASS,,,,
CASE_VTOL_101,DETERMINISTIC,DISASTER_RESPONSE,2.0,45.0,120.0,115.0,False,True,False,True,FOREST,BALANCED,VTOL,VTOL,VTOL,0.95,0.9,HEXACOPTER:0.55; FIXED_WING:0.3; OCTOCOPTER:0.25; QUADCOPTER:0.1,Combines vertical takeoff with long-range fixed-wing cruise | No runway required | High range and endurance | Optimal choice for vertical takeoff combined with long range (> 30 km).,,VALID,PASS,,,,
CASE_VTOL_102,DETERMINISTIC,DELIVERY,3.0,45.0,120.0,116.0,False,True,False,True,MOUNTAIN,BALANCED,VTOL,VTOL,VTOL,0.95,0.9,HEXACOPTER:0.55; FIXED_WING:0.3; OCTOCOPTER:0.25; QUADCOPTER:0.1,Combines vertical takeoff with long-range fixed-wing cruise | No runway required | High range and endurance | Optimal choice for vertical takeoff combined with long range (> 30 km).,,VALID,PASS,,,,
CASE_VTOL_103,DETERMINISTIC,SECURITY,5.0,60.0,150.0,117.0,False,True,False,True,FOREST,BALANCED,VTOL,VTOL,VTOL,0.95,0.9,HEXACOPTER:0.55; FIXED_WING:0.3; OCTOCOPTER:0.25; QUADCOPTER:0.1,Combines vertical takeoff with long-range fixed-wing cruise | No runway required | High range and endurance | Optimal choice for vertical takeoff combined with long range (> 30 km).,,VALID,PASS,,,,
CASE_VTOL_104,DETERMINISTIC,MAPPING,8.0,60.0,150.0,118.0,False,True,False,True,MOUNTAIN,BALANCED,VTOL,VTOL,VTOL,0.95,0.9,HEXACOPTER:0.55; FIXED_WING:0.3; OCTOCOPTER:0.25; QUADCOPTER:0.0,Combines vertical takeoff with long-range fixed-wing cruise | No runway required | High range and endurance | Optimal choice for vertical takeoff combined with long range (> 30 km).,,VALID,PASS,,,,
CASE_VTOL_105,DETERMINISTIC,SURVEY,10.0,80.0,150.0,119.0,False,True,False,True,FOREST,BALANCED,VTOL,VTOL,VTOL,0.95,0.9,HEXACOPTER:0.55; FIXED_WING:0.3; OCTOCOPTER:0.25; QUADCOPTER:0.0,Combines vertical takeoff with long-range fixed-wing cruise | No runway required | High range and endurance | Optimal choice for vertical takeoff combined with long range (> 30 km).,,VALID,PASS,,,,
CASE_VTOL_106,DETERMINISTIC,DISASTER_RESPONSE,0.5,80.0,180.0,85.0,False,True,False,True,MOUNTAIN,BALANCED,VTOL,VTOL,VTOL,0.95,0.9,HEXACOPTER:0.45; FIXED_WING:0.3; OCTOCOPTER:0.25; QUADCOPTER:0.1,Combines vertical takeoff with long-range fixed-wing cruise | No runway required | High range and endurance | Optimal choice for vertical takeoff combined with long range (> 30 km).,,VALID,PASS,,,,
CASE_VTOL_107,DETERMINISTIC,DELIVERY,1.0,100.0,180.0,86.0,False,True,False,True,FOREST,BALANCED,VTOL,VTOL,VTOL,0.95,0.9,HEXACOPTER:0.45; FIXED_WING:0.3; OCTOCOPTER:0.25; QUADCOPTER:0.1,Combines vertical takeoff with long-range fixed-wing cruise | No runway required | High range and endurance | Optimal choice for vertical takeoff combined with long range (> 30 km).,,VALID,PASS,,,,
CASE_VTOL_108,DETERMINISTIC,SECURITY,2.0,100.0,180.0,87.0,False,True,False,True,MOUNTAIN,BALANCED,VTOL,VTOL,VTOL,0.95,0.9,HEXACOPTER:0.55; FIXED_WING:0.3; OCTOCOPTER:0.25; QUADCOPTER:0.1,Combines vertical takeoff with long-range fixed-wing cruise | No runway required | High range and endurance | Optimal choice for vertical takeoff combined with long range (> 30 km).,,VALID,PASS,,,,
CASE_VTOL_109,DETERMINISTIC,MAPPING,3.0,120.0,45.0,88.0,False,True,False,True,FOREST,BALANCED,VTOL,VTOL,VTOL,0.95,0.9,HEXACOPTER:0.55; QUADCOPTER:0.4; OCTOCOPTER:0.25; FIXED_WING:0.15,Combines vertical takeoff with long-range fixed-wing cruise | No runway required | High range and endurance | Optimal choice for vertical takeoff combined with long range (> 30 km).,,VALID,PASS,,,,
CASE_VTOL_110,DETERMINISTIC,SURVEY,5.0,120.0,45.0,89.0,False,True,False,True,MOUNTAIN,BALANCED,VTOL,VTOL,VTOL,0.95,0.9,HEXACOPTER:0.55; QUADCOPTER:0.4; OCTOCOPTER:0.25; FIXED_WING:0.15,Combines vertical takeoff with long-range fixed-wing cruise | No runway required | High range and endurance | Optimal choice for vertical takeoff combined with long range (> 30 km).,,VALID,PASS,,,,
CASE_VTOL_111,DETERMINISTIC,DISASTER_RESPONSE,8.0,150.0,45.0,90.0,False,True,False,True,FOREST,BALANCED,VTOL,VTOL,VTOL,0.95,0.9,HEXACOPTER:0.55; OCTOCOPTER:0.25; FIXED_WING:0.15; QUADCOPTER:0.15,Combines vertical takeoff with long-range fixed-wing cruise | No runway required | High range and endurance | Optimal choice for vertical takeoff combined with long range (> 30 km).,,VALID,PASS,,,,
CASE_VTOL_112,DETERMINISTIC,DELIVERY,10.0,150.0,60.0,91.0,False,True,False,True,MOUNTAIN,BALANCED,VTOL,VTOL,VTOL,0.95,0.9,HEXACOPTER:0.55; FIXED_WING:0.3; OCTOCOPTER:0.25; QUADCOPTER:0.0,Combines vertical takeoff with long-range fixed-wing cruise | No runway required | High range and endurance | Optimal choice for vertical takeoff combined with long range (> 30 km).,,VALID,PASS,,,,
CASE_VTOL_113,DETERMINISTIC,SECURITY,0.5,30.0,60.0,92.0,False,True,False,True,FOREST,BALANCED,VTOL,VTOL,VTOL,0.95,0.9,HEXACOPTER:0.8; OCTOCOPTER:0.6; FIXED_WING:0.3; QUADCOPTER:0.3,Combines vertical takeoff with long-range fixed-wing cruise | No runway required | High range and endurance | Optimal choice for vertical takeoff combined with long range (> 30 km).,,VALID,PASS,,,,
CASE_VTOL_114,DETERMINISTIC,MAPPING,1.0,30.0,60.0,93.0,False,True,False,True,MOUNTAIN,BALANCED,VTOL,VTOL,VTOL,0.95,0.9,HEXACOPTER:0.8; OCTOCOPTER:0.6; FIXED_WING:0.3; QUADCOPTER:0.3,Combines vertical takeoff with long-range fixed-wing cruise | No runway required | High range and endurance | Optimal choice for vertical takeoff combined with long range (> 30 km).,,VALID,PASS,,,,
CASE_VTOL_115,DETERMINISTIC,SURVEY,2.0,45.0,90.0,94.0,False,True,False,True,FOREST,BALANCED,VTOL,VTOL,VTOL,0.95,0.9,HEXACOPTER:0.55; FIXED_WING:0.3; OCTOCOPTER:0.25; QUADCOPTER:0.1,Combines vertical takeoff with long-range fixed-wing cruise | No runway required | High range and endurance | Optimal choice for vertical takeoff combined with long range (> 30 km).,,VALID,PASS,,,,
CASE_VTOL_116,DETERMINISTIC,DISASTER_RESPONSE,3.0,45.0,90.0,95.0,False,True,False,True,MOUNTAIN,BALANCED,VTOL,VTOL,VTOL,0.95,0.9,HEXACOPTER:0.55; FIXED_WING:0.3; OCTOCOPTER:0.25; QUADCOPTER:0.1,Combines vertical takeoff with long-range fixed-wing cruise | No runway required | High range and endurance | Optimal choice for vertical takeoff combined with long range (> 30 km).,,VALID,PASS,,,,
CASE_VTOL_117,DETERMINISTIC,DELIVERY,5.0,60.0,90.0,96.0,False,True,False,True,FOREST,BALANCED,VTOL,VTOL,VTOL,0.95,0.9,HEXACOPTER:0.55; FIXED_WING:0.3; OCTOCOPTER:0.25; QUADCOPTER:0.1,Combines vertical takeoff with long-range fixed-wing cruise | No runway required | High range and endurance | Optimal choice for vertical takeoff combined with long range (> 30 km).,,VALID,PASS,,,,
CASE_VTOL_118,DETERMINISTIC,SECURITY,8.0,60.0,120.0,97.0,False,True,False,True,MOUNTAIN,BALANCED,VTOL,VTOL,VTOL,0.95,0.9,HEXACOPTER:0.55; FIXED_WING:0.3; OCTOCOPTER:0.25; QUADCOPTER:0.0,Combines vertical takeoff with long-range fixed-wing cruise | No runway required | High range and endurance | Optimal choice for vertical takeoff combined with long range (> 30 km).,,VALID,PASS,,,,
CASE_VTOL_119,DETERMINISTIC,MAPPING,10.0,80.0,120.0,98.0,False,True,False,True,FOREST,BALANCED,VTOL,VTOL,VTOL,0.95,0.9,HEXACOPTER:0.55; FIXED_WING:0.3; OCTOCOPTER:0.25; QUADCOPTER:0.0,Combines vertical takeoff with long-range fixed-wing cruise | No runway required | High range and endurance | Optimal choice for vertical takeoff combined with long range (> 30 km).,,VALID,PASS,,,,
CASE_VTOL_120,DETERMINISTIC,SURVEY,0.5,80.0,120.0,99.0,False,True,False,True,MOUNTAIN,BALANCED,VTOL,VTOL,VTOL,0.95,0.9,HEXACOPTER:0.45; FIXED_WING:0.3; OCTOCOPTER:0.25; QUADCOPTER:0.1,Combines vertical takeoff with long-range fixed-wing cruise | No runway required | High range and endurance | Optimal choice for vertical takeoff combined with long range (> 30 km).,,VALID,PASS,,,,
CASE_VTOL_121,DETERMINISTIC,DISASTER_RESPONSE,1.0,100.0,150.0,100.0,False,True,False,True,FOREST,BALANCED,VTOL,VTOL,VTOL,0.95,0.9,HEXACOPTER:0.45; FIXED_WING:0.3; OCTOCOPTER:0.25; QUADCOPTER:0.1,Combines vertical takeoff with long-range fixed-wing cruise | No runway required | High range and endurance | Optimal choice for vertical takeoff combined with long range (> 30 km).,,VALID,PASS,,,,
CASE_VTOL_122,DETERMINISTIC,DELIVERY,2.0,100.0,150.0,101.0,False,True,False,True,MOUNTAIN,BALANCED,VTOL,VTOL,VTOL,0.95,0.9,HEXACOPTER:0.55; FIXED_WING:0.3; OCTOCOPTER:0.25; QUADCOPTER:0.1,Combines vertical takeoff with long-range fixed-wing cruise | No runway required | High range and endurance | Optimal choice for vertical takeoff combined with long range (> 30 km).,,VALID,PASS,,,,
CASE_VTOL_123,DETERMINISTIC,SECURITY,3.0,120.0,150.0,102.0,False,True,False,True,FOREST,BALANCED,VTOL,VTOL,VTOL,0.95,0.9,HEXACOPTER:0.55; FIXED_WING:0.3; OCTOCOPTER:0.25; QUADCOPTER:0.1,Combines vertical takeoff with long-range fixed-wing cruise | No runway required | High range and endurance | Optimal choice for vertical takeoff combined with long range (> 30 km).,,VALID,PASS,,,,
CASE_VTOL_124,DETERMINISTIC,MAPPING,5.0,120.0,180.0,103.0,False,True,False,True,MOUNTAIN,BALANCED,VTOL,VTOL,VTOL,0.95,0.9,HEXACOPTER:0.55; FIXED_WING:0.3; OCTOCOPTER:0.25; QUADCOPTER:0.1,Combines vertical takeoff with long-range fixed-wing cruise | No runway required | High range and endurance | Optimal choice for vertical takeoff combined with long range (> 30 km).,,VALID,PASS,,,,
CASE_VTOL_125,DETERMINISTIC,SURVEY,8.0,150.0,180.0,104.0,False,True,False,True,FOREST,BALANCED,VTOL,VTOL,VTOL,0.95,0.9,HEXACOPTER:0.55; FIXED_WING:0.3; OCTOCOPTER:0.25; QUADCOPTER:0.0,Combines vertical takeoff with long-range fixed-wing cruise | No runway required | High range and endurance | Optimal choice for vertical takeoff combined with long range (> 30 km).,,VALID,PASS,,,,
CASE_VTOL_126,DETERMINISTIC,DISASTER_RESPONSE,10.0,150.0,180.0,105.0,False,True,False,True,MOUNTAIN,BALANCED,VTOL,VTOL,VTOL,0.95,0.9,HEXACOPTER:0.55; FIXED_WING:0.3; OCTOCOPTER:0.25; QUADCOPTER:0.0,Combines vertical takeoff with long-range fixed-wing cruise | No runway required | High range and endurance | Optimal choice for vertical takeoff combined with long range (> 30 km).,,VALID,PASS,,,,
CASE_VTOL_127,DETERMINISTIC,DELIVERY,0.5,30.0,45.0,106.0,False,True,False,True,FOREST,BALANCED,VTOL,VTOL,VTOL,0.95,0.9,HEXACOPTER:0.8; QUADCOPTER:0.6; OCTOCOPTER:0.6; FIXED_WING:0.15,Combines vertical takeoff with long-range fixed-wing cruise | No runway required | High range and endurance | Optimal choice for vertical takeoff combined with long range (> 30 km).,,VALID,PASS,,,,
CASE_VTOL_128,DETERMINISTIC,SECURITY,1.0,30.0,45.0,107.0,False,True,False,True,MOUNTAIN,BALANCED,VTOL,VTOL,VTOL,0.95,0.9,HEXACOPTER:0.8; QUADCOPTER:0.6; OCTOCOPTER:0.6; FIXED_WING:0.15,Combines vertical takeoff with long-range fixed-wing cruise | No runway required | High range and endurance | Optimal choice for vertical takeoff combined with long range (> 30 km).,,VALID,PASS,,,,
CASE_VTOL_129,DETERMINISTIC,MAPPING,2.0,45.0,45.0,108.0,False,True,False,True,FOREST,BALANCED,VTOL,VTOL,VTOL,0.95,0.9,HEXACOPTER:0.55; QUADCOPTER:0.4; OCTOCOPTER:0.25; FIXED_WING:0.15,Combines vertical takeoff with long-range fixed-wing cruise | No runway required | High range and endurance | Optimal choice for vertical takeoff combined with long range (> 30 km).,,VALID,PASS,,,,
CASE_VTOL_130,DETERMINISTIC,SURVEY,3.0,45.0,60.0,109.0,False,True,False,True,MOUNTAIN,BALANCED,VTOL,VTOL,VTOL,0.95,0.9,HEXACOPTER:0.55; FIXED_WING:0.3; OCTOCOPTER:0.25; QUADCOPTER:0.1,Combines vertical takeoff with long-range fixed-wing cruise | No runway required | High range and endurance | Optimal choice for vertical takeoff combined with long range (> 30 km).,,VALID,PASS,,,,
CASE_VTOL_131,DETERMINISTIC,DISASTER_RESPONSE,5.0,60.0,60.0,110.0,False,True,False,True,FOREST,BALANCED,VTOL,VTOL,VTOL,0.95,0.9,HEXACOPTER:0.55; FIXED_WING:0.3; OCTOCOPTER:0.25; QUADCOPTER:0.1,Combines vertical takeoff with long-range fixed-wing cruise | No runway required | High range and endurance | Optimal choice for vertical takeoff combined with long range (> 30 km).,,VALID,PASS,,,,
CASE_VTOL_132,DETERMINISTIC,DELIVERY,8.0,60.0,60.0,111.0,False,True,False,True,MOUNTAIN,BALANCED,VTOL,VTOL,VTOL,0.95,0.9,HEXACOPTER:0.55; FIXED_WING:0.3; OCTOCOPTER:0.25; QUADCOPTER:0.0,Combines vertical takeoff with long-range fixed-wing cruise | No runway required | High range and endurance | Optimal choice for vertical takeoff combined with long range (> 30 km).,,VALID,PASS,,,,
CASE_VTOL_133,DETERMINISTIC,SECURITY,10.0,80.0,90.0,112.0,False,True,False,True,FOREST,BALANCED,VTOL,VTOL,VTOL,0.95,0.9,HEXACOPTER:0.55; FIXED_WING:0.3; OCTOCOPTER:0.25; QUADCOPTER:0.0,Combines vertical takeoff with long-range fixed-wing cruise | No runway required | High range and endurance | Optimal choice for vertical takeoff combined with long range (> 30 km).,,VALID,PASS,,,,
CASE_VTOL_134,DETERMINISTIC,MAPPING,0.5,80.0,90.0,113.0,False,True,False,True,MOUNTAIN,BALANCED,VTOL,VTOL,VTOL,0.95,0.9,HEXACOPTER:0.45; FIXED_WING:0.3; OCTOCOPTER:0.25; QUADCOPTER:0.1,Combines vertical takeoff with long-range fixed-wing cruise | No runway required | High range and endurance | Optimal choice for vertical takeoff combined with long range (> 30 km).,,VALID,PASS,,,,
CASE_VTOL_135,DETERMINISTIC,SURVEY,1.0,100.0,90.0,114.0,False,True,False,True,FOREST,BALANCED,VTOL,VTOL,VTOL,0.95,0.9,HEXACOPTER:0.45; FIXED_WING:0.3; OCTOCOPTER:0.25; QUADCOPTER:0.1,Combines vertical takeoff with long-range fixed-wing cruise | No runway required | High range and endurance | Optimal choice for vertical takeoff combined with long range (> 30 km).,,VALID,PASS,,,,
CASE_VTOL_136,DETERMINISTIC,DISASTER_RESPONSE,2.0,100.0,120.0,115.0,False,True,False,True,MOUNTAIN,BALANCED,VTOL,VTOL,VTOL,0.95,0.9,HEXACOPTER:0.55; FIXED_WING:0.3; OCTOCOPTER:0.25; QUADCOPTER:0.1,Combines vertical takeoff with long-range fixed-wing cruise | No runway required | High range and endurance | Optimal choice for vertical takeoff combined with long range (> 30 km).,,VALID,PASS,,,,
CASE_VTOL_137,DETERMINISTIC,DELIVERY,3.0,120.0,120.0,116.0,False,True,False,True,FOREST,BALANCED,VTOL,VTOL,VTOL,0.95,0.9,HEXACOPTER:0.55; FIXED_WING:0.3; OCTOCOPTER:0.25; QUADCOPTER:0.1,Combines vertical takeoff with long-range fixed-wing cruise | No runway required | High range and endurance | Optimal choice for vertical takeoff combined with long range (> 30 km).,,VALID,PASS,,,,
CASE_VTOL_138,DETERMINISTIC,SECURITY,5.0,120.0,120.0,117.0,False,True,False,True,MOUNTAIN,BALANCED,VTOL,VTOL,VTOL,0.95,0.9,HEXACOPTER:0.55; FIXED_WING:0.3; OCTOCOPTER:0.25; QUADCOPTER:0.1,Combines vertical takeoff with long-range fixed-wing cruise | No runway required | High range and endurance | Optimal choice for vertical takeoff combined with long range (> 30 km).,,VALID,PASS,,,,
CASE_VTOL_139,DETERMINISTIC,MAPPING,8.0,150.0,150.0,118.0,False,True,False,True,FOREST,BALANCED,VTOL,VTOL,VTOL,0.95,0.9,HEXACOPTER:0.55; FIXED_WING:0.3; OCTOCOPTER:0.25; QUADCOPTER:0.0,Combines vertical takeoff with long-range fixed-wing cruise | No runway required | High range and endurance | Optimal choice for vertical takeoff combined with long range (> 30 km).,,VALID,PASS,,,,
CASE_VTOL_140,DETERMINISTIC,SURVEY,10.0,150.0,150.0,119.0,False,True,False,True,MOUNTAIN,BALANCED,VTOL,VTOL,VTOL,0.95,0.9,HEXACOPTER:0.55; FIXED_WING:0.3; OCTOCOPTER:0.25; QUADCOPTER:0.0,Combines vertical takeoff with long-range fixed-wing cruise | No runway required | High range and endurance | Optimal choice for vertical takeoff combined with long range (> 30 km).,,VALID,PASS,,,,
CASE_VTOL_141,DETERMINISTIC,DISASTER_RESPONSE,0.5,30.0,150.0,85.0,False,True,False,True,FOREST,BALANCED,VTOL,VTOL,VTOL,0.95,0.9,HEXACOPTER:0.8; OCTOCOPTER:0.6; FIXED_WING:0.3; QUADCOPTER:0.3,Combines vertical takeoff with long-range fixed-wing cruise | No runway required | High range and endurance | Optimal choice for vertical takeoff combined with long range (> 30 km).,,VALID,PASS,,,,
CASE_VTOL_142,DETERMINISTIC,DELIVERY,1.0,30.0,180.0,86.0,False,True,False,True,MOUNTAIN,BALANCED,VTOL,VTOL,VTOL,0.95,0.9,HEXACOPTER:0.8; OCTOCOPTER:0.6; FIXED_WING:0.3; QUADCOPTER:0.3,Combines vertical takeoff with long-range fixed-wing cruise | No runway required | High range and endurance | Optimal choice for vertical takeoff combined with long range (> 30 km).,,VALID,PASS,,,,
CASE_VTOL_143,DETERMINISTIC,SECURITY,2.0,45.0,180.0,87.0,False,True,False,True,FOREST,BALANCED,VTOL,VTOL,VTOL,0.95,0.9,HEXACOPTER:0.55; FIXED_WING:0.3; OCTOCOPTER:0.25; QUADCOPTER:0.1,Combines vertical takeoff with long-range fixed-wing cruise | No runway required | High range and endurance | Optimal choice for vertical takeoff combined with long range (> 30 km).,,VALID,PASS,,,,
CASE_VTOL_144,DETERMINISTIC,MAPPING,3.0,45.0,180.0,88.0,False,True,False,True,MOUNTAIN,BALANCED,VTOL,VTOL,VTOL,0.95,0.9,HEXACOPTER:0.55; FIXED_WING:0.3; OCTOCOPTER:0.25; QUADCOPTER:0.1,Combines vertical takeoff with long-range fixed-wing cruise | No runway required | High range and endurance | Optimal choice for vertical takeoff combined with long range (> 30 km).,,VALID,PASS,,,,
CASE_VTOL_145,DETERMINISTIC,SURVEY,5.0,60.0,45.0,89.0,False,True,False,True,FOREST,BALANCED,VTOL,VTOL,VTOL,0.95,0.9,HEXACOPTER:0.55; QUADCOPTER:0.4; OCTOCOPTER:0.25; FIXED_WING:0.15,Combines vertical takeoff with long-range fixed-wing cruise | No runway required | High range and endurance | Optimal choice for vertical takeoff combined with long range (> 30 km).,,VALID,PASS,,,,
CASE_VTOL_146,DETERMINISTIC,DISASTER_RESPONSE,8.0,60.0,45.0,90.0,False,True,False,True,MOUNTAIN,BALANCED,VTOL,VTOL,VTOL,0.95,0.9,HEXACOPTER:0.55; OCTOCOPTER:0.25; FIXED_WING:0.15; QUADCOPTER:0.15,Combines vertical takeoff with long-range fixed-wing cruise | No runway required | High range and endurance | Optimal choice for vertical takeoff combined with long range (> 30 km).,,VALID,PASS,,,,
CASE_VTOL_147,DETERMINISTIC,DELIVERY,10.0,80.0,45.0,91.0,False,True,False,True,FOREST,BALANCED,VTOL,VTOL,VTOL,0.95,0.9,HEXACOPTER:0.55; OCTOCOPTER:0.25; FIXED_WING:0.15; QUADCOPTER:0.15,Combines vertical takeoff with long-range fixed-wing cruise | No runway required | High range and endurance | Optimal choice for vertical takeoff combined with long range (> 30 km).,,VALID,PASS,,,,
CASE_VTOL_148,DETERMINISTIC,SECURITY,0.5,80.0,60.0,92.0,False,True,False,True,MOUNTAIN,BALANCED,VTOL,VTOL,VTOL,0.95,0.9,HEXACOPTER:0.45; FIXED_WING:0.3; OCTOCOPTER:0.25; QUADCOPTER:0.1,Combines vertical takeoff with long-range fixed-wing cruise | No runway required | High range and endurance | Optimal choice for vertical takeoff combined with long range (> 30 km).,,VALID,PASS,,,,
CASE_VTOL_149,DETERMINISTIC,MAPPING,1.0,100.0,60.0,93.0,False,True,False,True,FOREST,BALANCED,VTOL,VTOL,VTOL,0.95,0.9,HEXACOPTER:0.45; FIXED_WING:0.3; OCTOCOPTER:0.25; QUADCOPTER:0.1,Combines vertical takeoff with long-range fixed-wing cruise | No runway required | High range and endurance | Optimal choice for vertical takeoff combined with long range (> 30 km).,,VALID,PASS,,,,
CASE_VTOL_150,DETERMINISTIC,SURVEY,2.0,100.0,60.0,94.0,False,True,False,True,MOUNTAIN,BALANCED,VTOL,VTOL,VTOL,0.95,0.9,HEXACOPTER:0.55; FIXED_WING:0.3; OCTOCOPTER:0.25; QUADCOPTER:0.1,Combines vertical takeoff with long-range fixed-wing cruise | No runway required | High range and endurance | Optimal choice for vertical takeoff combined with long range (> 30 km).,,VALID,PASS,,,,
CASE_BND_RNG_01,DETERMINISTIC,SURVEY,2.0,5.0,45.0,75.0,False,True,False,False,RURAL,BALANCED,MULTIROTOR,HEXACOPTER,MULTIROTOR,0.9,0.9,QUADCOPTER:0.8; OCTOCOPTER:0.6; VTOL:0.55; FIXED_WING:0.0,Single motor failure redundancy | Good payload capacity (2-10 kg) | Precision vertical hover | Optimal payload mass match (2-10 kg).,,VALID,PASS,,,,
CASE_BND_RNG_02,DETERMINISTIC,SURVEY,2.0,10.0,45.0,75.0,False,True,False,False,RURAL,BALANCED,MULTIROTOR,HEXACOPTER,MULTIROTOR,0.9,0.9,QUADCOPTER:0.8; VTOL:0.8; OCTOCOPTER:0.6; FIXED_WING:0.0,Single motor failure redundancy | Good payload capacity (2-10 kg) | Precision vertical hover | Optimal payload mass match (2-10 kg).,,VALID,PASS,,,,
CASE_BND_RNG_03,BOUNDARY,SURVEY,2.0,15.0,45.0,75.0,False,True,False,False,RURAL,BALANCED,BOUNDARY,HEXACOPTER,MULTIROTOR,0.9,0.9,QUADCOPTER:0.8; VTOL:0.8; OCTOCOPTER:0.6; FIXED_WING:0.0,Single motor failure redundancy | Good payload capacity (2-10 kg) | Precision vertical hover | Optimal payload mass match (2-10 kg).,,VALID,QUESTIONABLE,,,,
CASE_BND_RNG_04,BOUNDARY,SURVEY,2.0,20.0,45.0,75.0,False,True,False,False,RURAL,BALANCED,BOUNDARY,HEXACOPTER,MULTIROTOR,0.9,0.9,VTOL:0.8; QUADCOPTER:0.6; OCTOCOPTER:0.6; FIXED_WING:0.0,Single motor failure redundancy | Good payload capacity (2-10 kg) | Precision vertical hover | Optimal payload mass match (2-10 kg).,,VALID,QUESTIONABLE,,,,
CASE_BND_RNG_05,BOUNDARY,SURVEY,2.0,25.0,45.0,75.0,False,True,False,False,RURAL,BALANCED,BOUNDARY,HEXACOPTER,MULTIROTOR,0.9,0.9,VTOL:0.8; QUADCOPTER:0.6; OCTOCOPTER:0.6; FIXED_WING:0.0,Single motor failure redundancy | Good payload capacity (2-10 kg) | Precision vertical hover | Optimal payload mass match (2-10 kg).,,VALID,QUESTIONABLE,,,,
CASE_BND_RNG_06,BOUNDARY,SURVEY,2.0,28.0,45.0,75.0,False,True,False,False,RURAL,BALANCED,BOUNDARY,HEXACOPTER,MULTIROTOR,0.9,0.9,VTOL:0.8; QUADCOPTER:0.6; OCTOCOPTER:0.6; FIXED_WING:0.0,Single motor failure redundancy | Good payload capacity (2-10 kg) | Precision vertical hover | Optimal payload mass match (2-10 kg).,,VALID,QUESTIONABLE,,,,
CASE_BND_RNG_07,DETERMINISTIC,SURVEY,2.0,30.0,45.0,75.0,False,True,False,False,RURAL,BALANCED,VTOL,VTOL,VTOL,0.95,0.9,HEXACOPTER:0.9; QUADCOPTER:0.6; OCTOCOPTER:0.6; FIXED_WING:0.15,Combines vertical takeoff with long-range fixed-wing cruise | No runway required | High range and endurance | Optimal choice for vertical takeoff combined with long range (> 30 km).,,VALID,PASS,,,,
CASE_BND_RNG_08,DETERMINISTIC,SURVEY,2.0,32.0,45.0,75.0,False,True,False,False,RURAL,BALANCED,VTOL,VTOL,VTOL,0.95,0.9,HEXACOPTER:0.9; QUADCOPTER:0.4; OCTOCOPTER:0.25; FIXED_WING:0.15,Combines vertical takeoff with long-range fixed-wing cruise | No runway required | High range and endurance | Optimal choice for vertical takeoff combined with long range (> 30 km).,,VALID,PASS,,,,
CASE_BND_RNG_09,DETERMINISTIC,SURVEY,2.0,35.0,45.0,75.0,False,True,False,False,RURAL,BALANCED,VTOL,VTOL,VTOL,0.95,0.9,HEXACOPTER:0.9; QUADCOPTER:0.4; OCTOCOPTER:0.25; FIXED_WING:0.15,Combines vertical takeoff with long-range fixed-wing cruise | No runway required | High range and endurance | Optimal choice for vertical takeoff combined with long range (> 30 km).,,VALID,PASS,,,,
CASE_BND_RNG_10,DETERMINISTIC,SURVEY,2.0,40.0,45.0,75.0,False,True,False,False,RURAL,BALANCED,VTOL,VTOL,VTOL,0.95,0.9,HEXACOPTER:0.9; QUADCOPTER:0.4; OCTOCOPTER:0.25; FIXED_WING:0.15,Combines vertical takeoff with long-range fixed-wing cruise | No runway required | High range and endurance | Optimal choice for vertical takeoff combined with long range (> 30 km).,,VALID,PASS,,,,
CASE_BND_RNG_11,DETERMINISTIC,SURVEY,2.0,45.0,45.0,75.0,False,True,False,False,RURAL,BALANCED,VTOL,VTOL,VTOL,0.95,0.9,HEXACOPTER:0.55; QUADCOPTER:0.4; OCTOCOPTER:0.25; FIXED_WING:0.15,Combines vertical takeoff with long-range fixed-wing cruise | No runway required | High range and endurance | Optimal choice for vertical takeoff combined with long range (> 30 km).,,VALID,PASS,,,,
CASE_BND_PAY_01,BOUNDARY,DELIVERY,1.0,8.0,25.0,50.0,False,True,False,False,URBAN,BALANCED,MULTIROTOR,QUADCOPTER,MULTIROTOR,0.8,0.9,HEXACOPTER:0.8; OCTOCOPTER:0.6; VTOL:0.55; FIXED_WING:0.0,Vertical takeoff and precision hover capability | Low mechanical and electronic complexity | Low baseline system cost,,VALID,QUESTIONABLE,,,,
CASE_BND_PAY_02,BOUNDARY,DELIVERY,3.0,8.0,25.0,50.0,False,True,False,False,URBAN,BALANCED,MULTIROTOR,HEXACOPTER,MULTIROTOR,0.9,0.9,QUADCOPTER:0.8; OCTOCOPTER:0.6; VTOL:0.55; FIXED_WING:0.0,Single motor failure redundancy | Good payload capacity (2-10 kg) | Precision vertical hover | Optimal payload mass match (2-10 kg).,,VALID,QUESTIONABLE,,,,
CASE_BND_PAY_03,BOUNDARY,DELIVERY,5.0,8.0,25.0,50.0,False,True,False,False,URBAN,BALANCED,MULTIROTOR,HEXACOPTER,MULTIROTOR,0.9,0.9,QUADCOPTER:0.8; OCTOCOPTER:0.6; VTOL:0.55; FIXED_WING:0.0,Single motor failure redundancy | Good payload capacity (2-10 kg) | Precision vertical hover | Optimal payload mass match (2-10 kg).,,VALID,QUESTIONABLE,,,,
CASE_BND_PAY_04,BOUNDARY,DELIVERY,7.0,8.0,25.0,50.0,False,True,False,False,URBAN,BALANCED,MULTIROTOR,HEXACOPTER,MULTIROTOR,0.9,0.9,OCTOCOPTER:0.6; QUADCOPTER:0.55; VTOL:0.55; FIXED_WING:0.0,Single motor failure redundancy | Good payload capacity (2-10 kg) | Precision vertical hover | Optimal payload mass match (2-10 kg).,,VALID,QUESTIONABLE,,,,
CASE_BND_PAY_05,BOUNDARY,DELIVERY,9.0,8.0,25.0,50.0,False,True,False,False,URBAN,BALANCED,MULTIROTOR,HEXACOPTER,MULTIROTOR,0.9,0.9,OCTOCOPTER:0.6; QUADCOPTER:0.55; VTOL:0.55; FIXED_WING:0.0,Single motor failure redundancy | Good payload capacity (2-10 kg) | Precision vertical hover | Optimal payload mass match (2-10 kg).,,VALID,QUESTIONABLE,,,,
CASE_BND_PAY_06,BOUNDARY,DELIVERY,10.0,8.0,25.0,50.0,False,True,False,False,URBAN,BALANCED,MULTIROTOR,HEXACOPTER,MULTIROTOR,0.9,0.9,OCTOCOPTER:0.6; QUADCOPTER:0.55; VTOL:0.55; FIXED_WING:0.0,Single motor failure redundancy | Good payload capacity (2-10 kg) | Precision vertical hover | Optimal payload mass match (2-10 kg).,,VALID,QUESTIONABLE,,,,
CASE_BND_PAY_07,BOUNDARY,DELIVERY,11.0,8.0,25.0,50.0,False,True,False,False,URBAN,BALANCED,MULTIROTOR,OCTOCOPTER,MULTIROTOR,0.9,0.88,HEXACOPTER:0.8; QUADCOPTER:0.55; VTOL:0.55; FIXED_WING:0.0,High payload capacity (> 10 kg) | Dual motor failure redundancy | High structural stability | Excellent heavy payload handling.,,VALID,QUESTIONABLE,,,,
CASE_BND_PAY_08,BOUNDARY,DELIVERY,13.0,8.0,25.0,50.0,False,True,False,False,URBAN,BALANCED,MULTIROTOR,OCTOCOPTER,MULTIROTOR,0.9,0.88,HEXACOPTER:0.8; QUADCOPTER:0.55; VTOL:0.55; FIXED_WING:0.0,High payload capacity (> 10 kg) | Dual motor failure redundancy | High structural stability | Excellent heavy payload handling.,,VALID,QUESTIONABLE,,,,
CASE_BND_PAY_09,BOUNDARY,DELIVERY,15.0,8.0,25.0,50.0,False,True,False,False,URBAN,BALANCED,MULTIROTOR,OCTOCOPTER,MULTIROTOR,0.9,0.88,HEXACOPTER:0.8; QUADCOPTER:0.55; VTOL:0.55; FIXED_WING:0.0,High payload capacity (> 10 kg) | Dual motor failure redundancy | High structural stability | Excellent heavy payload handling.,,VALID,QUESTIONABLE,,,,
CASE_BND_AMB_01,AMBIGUOUS,INSPECTION,1.5,18.0,30.0,60.0,False,True,False,False,URBAN,BALANCED,AMBIGUOUS,HEXACOPTER,MULTIROTOR,0.8,0.9,VTOL:0.8; QUADCOPTER:0.6; OCTOCOPTER:0.6; FIXED_WING:0.0,Single motor failure redundancy | Good payload capacity (2-10 kg) | Precision vertical hover,,VALID,QUESTIONABLE,,,,
CASE_BND_AMB_02,AMBIGUOUS,INSPECTION,1.5,18.5,31.0,60.0,False,True,False,False,URBAN,BALANCED,AMBIGUOUS,HEXACOPTER,MULTIROTOR,0.8,0.9,VTOL:0.8; QUADCOPTER:0.6; OCTOCOPTER:0.6; FIXED_WING:0.0,Single motor failure redundancy | Good payload capacity (2-10 kg) | Precision vertical hover,,VALID,QUESTIONABLE,,,,
CASE_BND_AMB_03,AMBIGUOUS,INSPECTION,1.5,19.0,32.0,60.0,False,True,False,False,URBAN,BALANCED,AMBIGUOUS,HEXACOPTER,MULTIROTOR,0.8,0.9,VTOL:0.8; QUADCOPTER:0.6; OCTOCOPTER:0.6; FIXED_WING:0.0,Single motor failure redundancy | Good payload capacity (2-10 kg) | Precision vertical hover,,VALID,QUESTIONABLE,,,,
CASE_BND_AMB_04,AMBIGUOUS,INSPECTION,1.5,19.5,33.0,60.0,False,True,False,False,URBAN,BALANCED,AMBIGUOUS,HEXACOPTER,MULTIROTOR,0.8,0.9,VTOL:0.8; QUADCOPTER:0.6; OCTOCOPTER:0.6; FIXED_WING:0.0,Single motor failure redundancy | Good payload capacity (2-10 kg) | Precision vertical hover,,VALID,QUESTIONABLE,,,,
CASE_BND_AMB_05,AMBIGUOUS,INSPECTION,1.5,20.0,34.0,60.0,False,True,False,False,URBAN,BALANCED,AMBIGUOUS,HEXACOPTER,MULTIROTOR,0.8,0.9,VTOL:0.8; QUADCOPTER:0.6; OCTOCOPTER:0.6; FIXED_WING:0.0,Single motor failure redundancy | Good payload capacity (2-10 kg) | Precision vertical hover,,VALID,QUESTIONABLE,,,,
CASE_BND_AMB_06,AMBIGUOUS,INSPECTION,1.5,20.5,35.0,60.0,False,True,False,False,URBAN,BALANCED,AMBIGUOUS,HEXACOPTER,MULTIROTOR,0.8,0.9,VTOL:0.8; QUADCOPTER:0.6; OCTOCOPTER:0.6; FIXED_WING:0.0,Single motor failure redundancy | Good payload capacity (2-10 kg) | Precision vertical hover,,VALID,QUESTIONABLE,,,,
CASE_BND_AMB_07,AMBIGUOUS,INSPECTION,1.5,21.0,36.0,60.0,False,True,False,False,URBAN,BALANCED,AMBIGUOUS,HEXACOPTER,MULTIROTOR,0.8,0.9,VTOL:0.8; QUADCOPTER:0.6; OCTOCOPTER:0.6; FIXED_WING:0.0,Single motor failure redundancy | Good payload capacity (2-10 kg) | Precision vertical hover,,VALID,QUESTIONABLE,,,,
CASE_BND_AMB_08,AMBIGUOUS,INSPECTION,1.5,21.5,37.0,60.0,False,True,False,False,URBAN,BALANCED,AMBIGUOUS,HEXACOPTER,MULTIROTOR,0.8,0.9,VTOL:0.8; QUADCOPTER:0.6; OCTOCOPTER:0.6; FIXED_WING:0.0,Single motor failure redundancy | Good payload capacity (2-10 kg) | Precision vertical hover,,VALID,QUESTIONABLE,,,,
CASE_BND_AMB_09,AMBIGUOUS,INSPECTION,1.5,22.0,38.0,60.0,False,True,False,False,URBAN,BALANCED,AMBIGUOUS,HEXACOPTER,MULTIROTOR,0.8,0.9,VTOL:0.8; QUADCOPTER:0.6; OCTOCOPTER:0.6; FIXED_WING:0.0,Single motor failure redundancy | Good payload capacity (2-10 kg) | Precision vertical hover,,VALID,QUESTIONABLE,,,,
CASE_BND_AMB_10,AMBIGUOUS,INSPECTION,1.5,22.5,39.0,60.0,False,True,False,False,URBAN,BALANCED,AMBIGUOUS,HEXACOPTER,MULTIROTOR,0.8,0.9,VTOL:0.8; QUADCOPTER:0.6; OCTOCOPTER:0.6; FIXED_WING:0.0,Single motor failure redundancy | Good payload capacity (2-10 kg) | Precision vertical hover,,VALID,QUESTIONABLE,,,,
CASE_BND_AMB_11,AMBIGUOUS,INSPECTION,1.5,23.0,40.0,60.0,False,True,False,False,URBAN,BALANCED,AMBIGUOUS,HEXACOPTER,MULTIROTOR,0.8,0.9,VTOL:0.8; QUADCOPTER:0.6; OCTOCOPTER:0.6; FIXED_WING:0.0,Single motor failure redundancy | Good payload capacity (2-10 kg) | Precision vertical hover,,VALID,QUESTIONABLE,,,,
CASE_BND_AMB_12,AMBIGUOUS,INSPECTION,1.5,23.5,41.0,60.0,False,True,False,False,URBAN,BALANCED,AMBIGUOUS,HEXACOPTER,MULTIROTOR,0.8,0.9,VTOL:0.8; QUADCOPTER:0.6; OCTOCOPTER:0.6; FIXED_WING:0.0,Single motor failure redundancy | Good payload capacity (2-10 kg) | Precision vertical hover,,VALID,QUESTIONABLE,,,,
CASE_BND_AMB_13,AMBIGUOUS,INSPECTION,1.5,24.0,42.0,60.0,False,True,False,False,URBAN,BALANCED,AMBIGUOUS,HEXACOPTER,MULTIROTOR,0.8,0.9,VTOL:0.8; QUADCOPTER:0.6; OCTOCOPTER:0.6; FIXED_WING:0.0,Single motor failure redundancy | Good payload capacity (2-10 kg) | Precision vertical hover,,VALID,QUESTIONABLE,,,,
CASE_BND_AMB_14,AMBIGUOUS,INSPECTION,1.5,24.5,43.0,60.0,False,True,False,False,URBAN,BALANCED,AMBIGUOUS,HEXACOPTER,MULTIROTOR,0.8,0.9,VTOL:0.8; QUADCOPTER:0.6; OCTOCOPTER:0.6; FIXED_WING:0.0,Single motor failure redundancy | Good payload capacity (2-10 kg) | Precision vertical hover,,VALID,QUESTIONABLE,,,,
CASE_BND_AMB_15,AMBIGUOUS,INSPECTION,1.5,25.0,44.0,60.0,False,True,False,False,URBAN,BALANCED,AMBIGUOUS,HEXACOPTER,MULTIROTOR,0.8,0.9,VTOL:0.8; QUADCOPTER:0.6; OCTOCOPTER:0.6; FIXED_WING:0.0,Single motor failure redundancy | Good payload capacity (2-10 kg) | Precision vertical hover,,VALID,QUESTIONABLE,,,,
CASE_BND_AMB_16,AMBIGUOUS,INSPECTION,1.5,25.5,45.0,60.0,False,True,False,False,URBAN,BALANCED,AMBIGUOUS,HEXACOPTER,MULTIROTOR,0.8,0.9,VTOL:0.8; QUADCOPTER:0.6; OCTOCOPTER:0.6; FIXED_WING:0.0,Single motor failure redundancy | Good payload capacity (2-10 kg) | Precision vertical hover,,VALID,QUESTIONABLE,,,,
CASE_BND_AMB_17,AMBIGUOUS,INSPECTION,1.5,26.0,46.0,60.0,False,True,False,False,URBAN,BALANCED,AMBIGUOUS,HEXACOPTER,MULTIROTOR,0.8,0.9,VTOL:0.8; OCTOCOPTER:0.6; QUADCOPTER:0.3; FIXED_WING:0.0,Single motor failure redundancy | Good payload capacity (2-10 kg) | Precision vertical hover,,VALID,QUESTIONABLE,,,,
CASE_BND_AMB_18,AMBIGUOUS,INSPECTION,1.5,26.5,47.0,60.0,False,True,False,False,URBAN,BALANCED,AMBIGUOUS,HEXACOPTER,MULTIROTOR,0.8,0.9,VTOL:0.8; OCTOCOPTER:0.6; QUADCOPTER:0.3; FIXED_WING:0.0,Single motor failure redundancy | Good payload capacity (2-10 kg) | Precision vertical hover,,VALID,QUESTIONABLE,,,,
CASE_BND_AMB_19,AMBIGUOUS,INSPECTION,1.5,27.0,48.0,60.0,False,True,False,False,URBAN,BALANCED,AMBIGUOUS,HEXACOPTER,MULTIROTOR,0.8,0.9,VTOL:0.8; OCTOCOPTER:0.6; QUADCOPTER:0.3; FIXED_WING:0.0,Single motor failure redundancy | Good payload capacity (2-10 kg) | Precision vertical hover,,VALID,QUESTIONABLE,,,,
CASE_BND_AMB_20,AMBIGUOUS,INSPECTION,1.5,27.5,49.0,60.0,False,True,False,False,URBAN,BALANCED,AMBIGUOUS,HEXACOPTER,MULTIROTOR,0.8,0.9,VTOL:0.8; OCTOCOPTER:0.6; QUADCOPTER:0.3; FIXED_WING:0.0,Single motor failure redundancy | Good payload capacity (2-10 kg) | Precision vertical hover,,VALID,QUESTIONABLE,,,,
CASE_BND_AMB_21,AMBIGUOUS,INSPECTION,1.5,28.0,50.0,60.0,False,True,False,False,URBAN,BALANCED,AMBIGUOUS,HEXACOPTER,MULTIROTOR,0.8,0.9,VTOL:0.8; OCTOCOPTER:0.6; QUADCOPTER:0.3; FIXED_WING:0.0,Single motor failure redundancy | Good payload capacity (2-10 kg) | Precision vertical hover,,VALID,QUESTIONABLE,,,,
CASE_BND_AMB_22,AMBIGUOUS,INSPECTION,1.5,28.5,51.0,60.0,False,True,False,False,URBAN,BALANCED,AMBIGUOUS,HEXACOPTER,MULTIROTOR,0.8,0.9,VTOL:0.8; OCTOCOPTER:0.6; QUADCOPTER:0.3; FIXED_WING:0.0,Single motor failure redundancy | Good payload capacity (2-10 kg) | Precision vertical hover,,VALID,QUESTIONABLE,,,,
CASE_BND_AMB_23,AMBIGUOUS,INSPECTION,1.5,29.0,52.0,60.0,False,True,False,False,URBAN,BALANCED,AMBIGUOUS,HEXACOPTER,MULTIROTOR,0.8,0.9,VTOL:0.8; OCTOCOPTER:0.6; QUADCOPTER:0.3; FIXED_WING:0.0,Single motor failure redundancy | Good payload capacity (2-10 kg) | Precision vertical hover,,VALID,QUESTIONABLE,,,,
CASE_BND_AMB_24,AMBIGUOUS,INSPECTION,1.5,29.5,53.0,60.0,False,True,False,False,URBAN,BALANCED,AMBIGUOUS,HEXACOPTER,MULTIROTOR,0.8,0.9,VTOL:0.8; OCTOCOPTER:0.6; QUADCOPTER:0.3; FIXED_WING:0.0,Single motor failure redundancy | Good payload capacity (2-10 kg) | Precision vertical hover,,VALID,QUESTIONABLE,,,,
CASE_BND_AMB_25,AMBIGUOUS,INSPECTION,1.5,30.0,54.0,60.0,False,True,False,False,URBAN,BALANCED,AMBIGUOUS,VTOL,VTOL,0.95,0.9,HEXACOPTER:0.8; OCTOCOPTER:0.6; QUADCOPTER:0.3; FIXED_WING:0.15,Combines vertical takeoff with long-range fixed-wing cruise | No runway required | High range and endurance | Optimal choice for vertical takeoff combined with long range (> 30 km).,,VALID,QUESTIONABLE,,,,
CASE_BND_AMB_26,AMBIGUOUS,INSPECTION,1.5,30.5,55.0,60.0,False,True,False,False,URBAN,BALANCED,AMBIGUOUS,VTOL,VTOL,0.95,0.9,HEXACOPTER:0.8; OCTOCOPTER:0.25; FIXED_WING:0.15; QUADCOPTER:0.1,Combines vertical takeoff with long-range fixed-wing cruise | No runway required | High range and endurance | Optimal choice for vertical takeoff combined with long range (> 30 km).,,VALID,QUESTIONABLE,,,,
CASE_BND_AMB_27,AMBIGUOUS,INSPECTION,1.5,31.0,56.0,60.0,False,True,False,False,URBAN,BALANCED,AMBIGUOUS,VTOL,VTOL,0.95,0.9,HEXACOPTER:0.8; OCTOCOPTER:0.25; FIXED_WING:0.15; QUADCOPTER:0.1,Combines vertical takeoff with long-range fixed-wing cruise | No runway required | High range and endurance | Optimal choice for vertical takeoff combined with long range (> 30 km).,,VALID,QUESTIONABLE,,,,
CASE_BND_AMB_28,AMBIGUOUS,INSPECTION,1.5,31.5,57.0,60.0,False,True,False,False,URBAN,BALANCED,AMBIGUOUS,VTOL,VTOL,0.95,0.9,HEXACOPTER:0.8; OCTOCOPTER:0.25; FIXED_WING:0.15; QUADCOPTER:0.1,Combines vertical takeoff with long-range fixed-wing cruise | No runway required | High range and endurance | Optimal choice for vertical takeoff combined with long range (> 30 km).,,VALID,QUESTIONABLE,,,,
CASE_BND_AMB_29,AMBIGUOUS,INSPECTION,1.5,32.0,58.0,60.0,False,True,False,False,URBAN,BALANCED,AMBIGUOUS,VTOL,VTOL,0.95,0.9,HEXACOPTER:0.8; OCTOCOPTER:0.25; FIXED_WING:0.15; QUADCOPTER:0.1,Combines vertical takeoff with long-range fixed-wing cruise | No runway required | High range and endurance | Optimal choice for vertical takeoff combined with long range (> 30 km).,,VALID,QUESTIONABLE,,,,
CASE_BND_AMB_30,AMBIGUOUS,INSPECTION,1.5,32.5,59.0,60.0,False,True,False,False,URBAN,BALANCED,AMBIGUOUS,VTOL,VTOL,0.95,0.9,HEXACOPTER:0.8; OCTOCOPTER:0.25; FIXED_WING:0.15; QUADCOPTER:0.1,Combines vertical takeoff with long-range fixed-wing cruise | No runway required | High range and endurance | Optimal choice for vertical takeoff combined with long range (> 30 km).,,VALID,QUESTIONABLE,,,,
CASE_CNF_001,CONFLICTING,SECURITY,2.0,100.0,90.0,90.0,True,True,False,False,URBAN,BALANCED,AMBIGUOUS,VTOL,VTOL,0.95,0.9,HEXACOPTER:0.55; FIXED_WING:0.3; OCTOCOPTER:0.25; QUADCOPTER:0.1,Combines vertical takeoff with long-range fixed-wing cruise | No runway required | High range and endurance | Optimal choice for vertical takeoff combined with long range (> 30 km).,,VALID,QUESTIONABLE,,,,
CASE_CNF_002,CONFLICTING,SECURITY,15.0,30.0,180.0,90.0,True,True,False,False,URBAN,BALANCED,AMBIGUOUS,VTOL,VTOL,0.95,0.9,OCTOCOPTER:0.9; HEXACOPTER:0.8; FIXED_WING:0.3; QUADCOPTER:0.05,Combines vertical takeoff with long-range fixed-wing cruise | No runway required | High range and endurance | Optimal choice for vertical takeoff combined with long range (> 30 km).,,VALID,QUESTIONABLE,,,,
CASE_CNF_003,CONFLICTING,SECURITY,1.0,20.0,30.0,90.0,True,True,False,False,URBAN,BALANCED,AMBIGUOUS,HEXACOPTER,MULTIROTOR,0.8,0.9,VTOL:0.8; QUADCOPTER:0.6; OCTOCOPTER:0.6; FIXED_WING:0.0,Single motor failure redundancy | Good payload capacity (2-10 kg) | Precision vertical hover,,VALID,QUESTIONABLE,,,,
CASE_CNF_004,CONFLICTING,SECURITY,3.0,120.0,120.0,90.0,False,False,False,False,RURAL,BALANCED,AMBIGUOUS,FIXED_WING,FIXED_WING,1.0,0.92,VTOL:0.8; HEXACOPTER:0.55; OCTOCOPTER:0.25; QUADCOPTER:0.1,High aerodynamic lift-to-drag efficiency | Exceptional range (> 30 km) | High cruise endurance | Ideal candidate for long-range mapping and survey (> 30 km). | Excellent wing-borne flight endurance.,,VALID,QUESTIONABLE,,,,
CASE_CNF_005,CONFLICTING,SECURITY,0.1,2.0,15.0,90.0,False,False,False,False,RURAL,BALANCED,AMBIGUOUS,QUADCOPTER,MULTIROTOR,0.8,0.9,HEXACOPTER:0.8; FIXED_WING:0.7; OCTOCOPTER:0.6; VTOL:0.55,Vertical takeoff and precision hover capability | Low mechanical and electronic complexity | Low baseline system cost,,VALID,QUESTIONABLE,,,,
CASE_CNF_006,CONFLICTING,SECURITY,2.0,100.0,90.0,90.0,True,True,False,False,URBAN,BALANCED,AMBIGUOUS,VTOL,VTOL,0.95,0.9,HEXACOPTER:0.55; FIXED_WING:0.3; OCTOCOPTER:0.25; QUADCOPTER:0.1,Combines vertical takeoff with long-range fixed-wing cruise | No runway required | High range and endurance | Optimal choice for vertical takeoff combined with long range (> 30 km).,,VALID,QUESTIONABLE,,,,
CASE_CNF_007,CONFLICTING,SECURITY,15.0,30.0,180.0,90.0,True,True,False,False,URBAN,BALANCED,AMBIGUOUS,VTOL,VTOL,0.95,0.9,OCTOCOPTER:0.9; HEXACOPTER:0.8; FIXED_WING:0.3; QUADCOPTER:0.05,Combines vertical takeoff with long-range fixed-wing cruise | No runway required | High range and endurance | Optimal choice for vertical takeoff combined with long range (> 30 km).,,VALID,QUESTIONABLE,,,,
CASE_CNF_008,CONFLICTING,SECURITY,1.0,20.0,30.0,90.0,True,True,False,False,URBAN,BALANCED,AMBIGUOUS,HEXACOPTER,MULTIROTOR,0.8,0.9,VTOL:0.8; QUADCOPTER:0.6; OCTOCOPTER:0.6; FIXED_WING:0.0,Single motor failure redundancy | Good payload capacity (2-10 kg) | Precision vertical hover,,VALID,QUESTIONABLE,,,,
CASE_CNF_009,CONFLICTING,SECURITY,3.0,120.0,120.0,90.0,False,False,False,False,RURAL,BALANCED,AMBIGUOUS,FIXED_WING,FIXED_WING,1.0,0.92,VTOL:0.8; HEXACOPTER:0.55; OCTOCOPTER:0.25; QUADCOPTER:0.1,High aerodynamic lift-to-drag efficiency | Exceptional range (> 30 km) | High cruise endurance | Ideal candidate for long-range mapping and survey (> 30 km). | Excellent wing-borne flight endurance.,,VALID,QUESTIONABLE,,,,
CASE_CNF_010,CONFLICTING,SECURITY,0.1,2.0,15.0,90.0,False,False,False,False,RURAL,BALANCED,AMBIGUOUS,QUADCOPTER,MULTIROTOR,0.8,0.9,HEXACOPTER:0.8; FIXED_WING:0.7; OCTOCOPTER:0.6; VTOL:0.55,Vertical takeoff and precision hover capability | Low mechanical and electronic complexity | Low baseline system cost,,VALID,QUESTIONABLE,,,,
CASE_CNF_011,CONFLICTING,SECURITY,2.0,100.0,90.0,90.0,True,True,False,False,URBAN,BALANCED,AMBIGUOUS,VTOL,VTOL,0.95,0.9,HEXACOPTER:0.55; FIXED_WING:0.3; OCTOCOPTER:0.25; QUADCOPTER:0.1,Combines vertical takeoff with long-range fixed-wing cruise | No runway required | High range and endurance | Optimal choice for vertical takeoff combined with long range (> 30 km).,,VALID,QUESTIONABLE,,,,
CASE_CNF_012,CONFLICTING,SECURITY,15.0,30.0,180.0,90.0,True,True,False,False,URBAN,BALANCED,AMBIGUOUS,VTOL,VTOL,0.95,0.9,OCTOCOPTER:0.9; HEXACOPTER:0.8; FIXED_WING:0.3; QUADCOPTER:0.05,Combines vertical takeoff with long-range fixed-wing cruise | No runway required | High range and endurance | Optimal choice for vertical takeoff combined with long range (> 30 km).,,VALID,QUESTIONABLE,,,,
CASE_CNF_013,CONFLICTING,SECURITY,1.0,20.0,30.0,90.0,True,True,False,False,URBAN,BALANCED,AMBIGUOUS,HEXACOPTER,MULTIROTOR,0.8,0.9,VTOL:0.8; QUADCOPTER:0.6; OCTOCOPTER:0.6; FIXED_WING:0.0,Single motor failure redundancy | Good payload capacity (2-10 kg) | Precision vertical hover,,VALID,QUESTIONABLE,,,,
CASE_CNF_014,CONFLICTING,SECURITY,3.0,120.0,120.0,90.0,False,False,False,False,RURAL,BALANCED,AMBIGUOUS,FIXED_WING,FIXED_WING,1.0,0.92,VTOL:0.8; HEXACOPTER:0.55; OCTOCOPTER:0.25; QUADCOPTER:0.1,High aerodynamic lift-to-drag efficiency | Exceptional range (> 30 km) | High cruise endurance | Ideal candidate for long-range mapping and survey (> 30 km). | Excellent wing-borne flight endurance.,,VALID,QUESTIONABLE,,,,
CASE_CNF_015,CONFLICTING,SECURITY,0.1,2.0,15.0,90.0,False,False,False,False,RURAL,BALANCED,AMBIGUOUS,QUADCOPTER,MULTIROTOR,0.8,0.9,HEXACOPTER:0.8; FIXED_WING:0.7; OCTOCOPTER:0.6; VTOL:0.55,Vertical takeoff and precision hover capability | Low mechanical and electronic complexity | Low baseline system cost,,VALID,QUESTIONABLE,,,,
CASE_CNF_016,CONFLICTING,SECURITY,2.0,100.0,90.0,90.0,True,True,False,False,URBAN,BALANCED,AMBIGUOUS,VTOL,VTOL,0.95,0.9,HEXACOPTER:0.55; FIXED_WING:0.3; OCTOCOPTER:0.25; QUADCOPTER:0.1,Combines vertical takeoff with long-range fixed-wing cruise | No runway required | High range and endurance | Optimal choice for vertical takeoff combined with long range (> 30 km).,,VALID,QUESTIONABLE,,,,
CASE_CNF_017,CONFLICTING,SECURITY,15.0,30.0,180.0,90.0,True,True,False,False,URBAN,BALANCED,AMBIGUOUS,VTOL,VTOL,0.95,0.9,OCTOCOPTER:0.9; HEXACOPTER:0.8; FIXED_WING:0.3; QUADCOPTER:0.05,Combines vertical takeoff with long-range fixed-wing cruise | No runway required | High range and endurance | Optimal choice for vertical takeoff combined with long range (> 30 km).,,VALID,QUESTIONABLE,,,,
CASE_CNF_018,CONFLICTING,SECURITY,1.0,20.0,30.0,90.0,True,True,False,False,URBAN,BALANCED,AMBIGUOUS,HEXACOPTER,MULTIROTOR,0.8,0.9,VTOL:0.8; QUADCOPTER:0.6; OCTOCOPTER:0.6; FIXED_WING:0.0,Single motor failure redundancy | Good payload capacity (2-10 kg) | Precision vertical hover,,VALID,QUESTIONABLE,,,,
CASE_CNF_019,CONFLICTING,SECURITY,3.0,120.0,120.0,90.0,False,False,False,False,RURAL,BALANCED,AMBIGUOUS,FIXED_WING,FIXED_WING,1.0,0.92,VTOL:0.8; HEXACOPTER:0.55; OCTOCOPTER:0.25; QUADCOPTER:0.1,High aerodynamic lift-to-drag efficiency | Exceptional range (> 30 km) | High cruise endurance | Ideal candidate for long-range mapping and survey (> 30 km). | Excellent wing-borne flight endurance.,,VALID,QUESTIONABLE,,,,
CASE_CNF_020,CONFLICTING,SECURITY,0.1,2.0,15.0,90.0,False,False,False,False,RURAL,BALANCED,AMBIGUOUS,QUADCOPTER,MULTIROTOR,0.8,0.9,HEXACOPTER:0.8; FIXED_WING:0.7; OCTOCOPTER:0.6; VTOL:0.55,Vertical takeoff and precision hover capability | Low mechanical and electronic complexity | Low baseline system cost,,VALID,QUESTIONABLE,,,,
CASE_CNF_021,CONFLICTING,SECURITY,2.0,100.0,90.0,90.0,True,True,False,False,URBAN,BALANCED,AMBIGUOUS,VTOL,VTOL,0.95,0.9,HEXACOPTER:0.55; FIXED_WING:0.3; OCTOCOPTER:0.25; QUADCOPTER:0.1,Combines vertical takeoff with long-range fixed-wing cruise | No runway required | High range and endurance | Optimal choice for vertical takeoff combined with long range (> 30 km).,,VALID,QUESTIONABLE,,,,
CASE_CNF_022,CONFLICTING,SECURITY,15.0,30.0,180.0,90.0,True,True,False,False,URBAN,BALANCED,AMBIGUOUS,VTOL,VTOL,0.95,0.9,OCTOCOPTER:0.9; HEXACOPTER:0.8; FIXED_WING:0.3; QUADCOPTER:0.05,Combines vertical takeoff with long-range fixed-wing cruise | No runway required | High range and endurance | Optimal choice for vertical takeoff combined with long range (> 30 km).,,VALID,QUESTIONABLE,,,,
CASE_CNF_023,CONFLICTING,SECURITY,1.0,20.0,30.0,90.0,True,True,False,False,URBAN,BALANCED,AMBIGUOUS,HEXACOPTER,MULTIROTOR,0.8,0.9,VTOL:0.8; QUADCOPTER:0.6; OCTOCOPTER:0.6; FIXED_WING:0.0,Single motor failure redundancy | Good payload capacity (2-10 kg) | Precision vertical hover,,VALID,QUESTIONABLE,,,,
CASE_CNF_024,CONFLICTING,SECURITY,3.0,120.0,120.0,90.0,False,False,False,False,RURAL,BALANCED,AMBIGUOUS,FIXED_WING,FIXED_WING,1.0,0.92,VTOL:0.8; HEXACOPTER:0.55; OCTOCOPTER:0.25; QUADCOPTER:0.1,High aerodynamic lift-to-drag efficiency | Exceptional range (> 30 km) | High cruise endurance | Ideal candidate for long-range mapping and survey (> 30 km). | Excellent wing-borne flight endurance.,,VALID,QUESTIONABLE,,,,
CASE_CNF_025,CONFLICTING,SECURITY,0.1,2.0,15.0,90.0,False,False,False,False,RURAL,BALANCED,AMBIGUOUS,QUADCOPTER,MULTIROTOR,0.8,0.9,HEXACOPTER:0.8; FIXED_WING:0.7; OCTOCOPTER:0.6; VTOL:0.55,Vertical takeoff and precision hover capability | Low mechanical and electronic complexity | Low baseline system cost,,VALID,QUESTIONABLE,,,,
CASE_CNF_026,CONFLICTING,SECURITY,2.0,100.0,90.0,90.0,True,True,False,False,URBAN,BALANCED,AMBIGUOUS,VTOL,VTOL,0.95,0.9,HEXACOPTER:0.55; FIXED_WING:0.3; OCTOCOPTER:0.25; QUADCOPTER:0.1,Combines vertical takeoff with long-range fixed-wing cruise | No runway required | High range and endurance | Optimal choice for vertical takeoff combined with long range (> 30 km).,,VALID,QUESTIONABLE,,,,
CASE_CNF_027,CONFLICTING,SECURITY,15.0,30.0,180.0,90.0,True,True,False,False,URBAN,BALANCED,AMBIGUOUS,VTOL,VTOL,0.95,0.9,OCTOCOPTER:0.9; HEXACOPTER:0.8; FIXED_WING:0.3; QUADCOPTER:0.05,Combines vertical takeoff with long-range fixed-wing cruise | No runway required | High range and endurance | Optimal choice for vertical takeoff combined with long range (> 30 km).,,VALID,QUESTIONABLE,,,,
CASE_CNF_028,CONFLICTING,SECURITY,1.0,20.0,30.0,90.0,True,True,False,False,URBAN,BALANCED,AMBIGUOUS,HEXACOPTER,MULTIROTOR,0.8,0.9,VTOL:0.8; QUADCOPTER:0.6; OCTOCOPTER:0.6; FIXED_WING:0.0,Single motor failure redundancy | Good payload capacity (2-10 kg) | Precision vertical hover,,VALID,QUESTIONABLE,,,,
CASE_CNF_029,CONFLICTING,SECURITY,3.0,120.0,120.0,90.0,False,False,False,False,RURAL,BALANCED,AMBIGUOUS,FIXED_WING,FIXED_WING,1.0,0.92,VTOL:0.8; HEXACOPTER:0.55; OCTOCOPTER:0.25; QUADCOPTER:0.1,High aerodynamic lift-to-drag efficiency | Exceptional range (> 30 km) | High cruise endurance | Ideal candidate for long-range mapping and survey (> 30 km). | Excellent wing-borne flight endurance.,,VALID,QUESTIONABLE,,,,
CASE_CNF_030,CONFLICTING,SECURITY,0.1,2.0,15.0,90.0,False,False,False,False,RURAL,BALANCED,AMBIGUOUS,QUADCOPTER,MULTIROTOR,0.8,0.9,HEXACOPTER:0.8; FIXED_WING:0.7; OCTOCOPTER:0.6; VTOL:0.55,Vertical takeoff and precision hover capability | Low mechanical and electronic complexity | Low baseline system cost,,VALID,QUESTIONABLE,,,,
CASE_INF_001,INFEASIBLE,DELIVERY,100.0,10.0,60.0,100.0,False,True,False,False,RURAL,BALANCED,INFEASIBLE,OCTOCOPTER,MULTIROTOR,0.9,0.88,HEXACOPTER:0.8; VTOL:0.8; QUADCOPTER:0.25; FIXED_WING:0.1,High payload capacity (> 10 kg) | Dual motor failure redundancy | High structural stability | Excellent heavy payload handling.,,VALID,FAIL,,,,
CASE_INF_002,INFEASIBLE,DELIVERY,2.0,2000.0,300.0,150.0,False,True,False,False,RURAL,BALANCED,INFEASIBLE,VTOL,VTOL,0.95,0.9,HEXACOPTER:0.55; FIXED_WING:0.3; OCTOCOPTER:0.25; QUADCOPTER:0.1,Combines vertical takeoff with long-range fixed-wing cruise | No runway required | High range and endurance | Optimal choice for vertical takeoff combined with long range (> 30 km).,,VALID,FAIL,,,,
CASE_INF_003,INFEASIBLE,DELIVERY,1.0,50.0,1000.0,80.0,False,True,False,False,RURAL,BALANCED,INFEASIBLE,VTOL,VTOL,0.95,0.9,HEXACOPTER:0.45; FIXED_WING:0.3; OCTOCOPTER:0.25; QUADCOPTER:0.1,Combines vertical takeoff with long-range fixed-wing cruise | No runway required | High range and endurance | Optimal choice for vertical takeoff combined with long range (> 30 km).,,VALID,FAIL,,,,
CASE_INF_004,INFEASIBLE,DELIVERY,50.0,500.0,240.0,200.0,False,True,False,False,RURAL,BALANCED,INFEASIBLE,VTOL,VTOL,0.95,0.9,OCTOCOPTER:0.55; HEXACOPTER:0.45; FIXED_WING:0.3; QUADCOPTER:0.0,Combines vertical takeoff with long-range fixed-wing cruise | No runway required | High range and endurance | Optimal choice for vertical takeoff combined with long range (> 30 km).,,VALID,FAIL,,,,
CASE_INF_005,INFEASIBLE,DELIVERY,100.0,10.0,60.0,100.0,False,True,False,False,RURAL,BALANCED,INFEASIBLE,OCTOCOPTER,MULTIROTOR,0.9,0.88,HEXACOPTER:0.8; VTOL:0.8; QUADCOPTER:0.25; FIXED_WING:0.1,High payload capacity (> 10 kg) | Dual motor failure redundancy | High structural stability | Excellent heavy payload handling.,,VALID,FAIL,,,,
CASE_INF_006,INFEASIBLE,DELIVERY,2.0,2000.0,300.0,150.0,False,True,False,False,RURAL,BALANCED,INFEASIBLE,VTOL,VTOL,0.95,0.9,HEXACOPTER:0.55; FIXED_WING:0.3; OCTOCOPTER:0.25; QUADCOPTER:0.1,Combines vertical takeoff with long-range fixed-wing cruise | No runway required | High range and endurance | Optimal choice for vertical takeoff combined with long range (> 30 km).,,VALID,FAIL,,,,
CASE_INF_007,INFEASIBLE,DELIVERY,1.0,50.0,1000.0,80.0,False,True,False,False,RURAL,BALANCED,INFEASIBLE,VTOL,VTOL,0.95,0.9,HEXACOPTER:0.45; FIXED_WING:0.3; OCTOCOPTER:0.25; QUADCOPTER:0.1,Combines vertical takeoff with long-range fixed-wing cruise | No runway required | High range and endurance | Optimal choice for vertical takeoff combined with long range (> 30 km).,,VALID,FAIL,,,,
CASE_INF_008,INFEASIBLE,DELIVERY,50.0,500.0,240.0,200.0,False,True,False,False,RURAL,BALANCED,INFEASIBLE,VTOL,VTOL,0.95,0.9,OCTOCOPTER:0.55; HEXACOPTER:0.45; FIXED_WING:0.3; QUADCOPTER:0.0,Combines vertical takeoff with long-range fixed-wing cruise | No runway required | High range and endurance | Optimal choice for vertical takeoff combined with long range (> 30 km).,,VALID,FAIL,,,,
CASE_INF_009,INFEASIBLE,DELIVERY,100.0,10.0,60.0,100.0,False,True,False,False,RURAL,BALANCED,INFEASIBLE,OCTOCOPTER,MULTIROTOR,0.9,0.88,HEXACOPTER:0.8; VTOL:0.8; QUADCOPTER:0.25; FIXED_WING:0.1,High payload capacity (> 10 kg) | Dual motor failure redundancy | High structural stability | Excellent heavy payload handling.,,VALID,FAIL,,,,
CASE_INF_010,INFEASIBLE,DELIVERY,2.0,2000.0,300.0,150.0,False,True,False,False,RURAL,BALANCED,INFEASIBLE,VTOL,VTOL,0.95,0.9,HEXACOPTER:0.55; FIXED_WING:0.3; OCTOCOPTER:0.25; QUADCOPTER:0.1,Combines vertical takeoff with long-range fixed-wing cruise | No runway required | High range and endurance | Optimal choice for vertical takeoff combined with long range (> 30 km).,,VALID,FAIL,,,,
CASE_INF_011,INFEASIBLE,DELIVERY,1.0,50.0,1000.0,80.0,False,True,False,False,RURAL,BALANCED,INFEASIBLE,VTOL,VTOL,0.95,0.9,HEXACOPTER:0.45; FIXED_WING:0.3; OCTOCOPTER:0.25; QUADCOPTER:0.1,Combines vertical takeoff with long-range fixed-wing cruise | No runway required | High range and endurance | Optimal choice for vertical takeoff combined with long range (> 30 km).,,VALID,FAIL,,,,
CASE_INF_012,INFEASIBLE,DELIVERY,50.0,500.0,240.0,200.0,False,True,False,False,RURAL,BALANCED,INFEASIBLE,VTOL,VTOL,0.95,0.9,OCTOCOPTER:0.55; HEXACOPTER:0.45; FIXED_WING:0.3; QUADCOPTER:0.0,Combines vertical takeoff with long-range fixed-wing cruise | No runway required | High range and endurance | Optimal choice for vertical takeoff combined with long range (> 30 km).,,VALID,FAIL,,,,
CASE_INF_013,INFEASIBLE,DELIVERY,100.0,10.0,60.0,100.0,False,True,False,False,RURAL,BALANCED,INFEASIBLE,OCTOCOPTER,MULTIROTOR,0.9,0.88,HEXACOPTER:0.8; VTOL:0.8; QUADCOPTER:0.25; FIXED_WING:0.1,High payload capacity (> 10 kg) | Dual motor failure redundancy | High structural stability | Excellent heavy payload handling.,,VALID,FAIL,,,,
CASE_INF_014,INFEASIBLE,DELIVERY,2.0,2000.0,300.0,150.0,False,True,False,False,RURAL,BALANCED,INFEASIBLE,VTOL,VTOL,0.95,0.9,HEXACOPTER:0.55; FIXED_WING:0.3; OCTOCOPTER:0.25; QUADCOPTER:0.1,Combines vertical takeoff with long-range fixed-wing cruise | No runway required | High range and endurance | Optimal choice for vertical takeoff combined with long range (> 30 km).,,VALID,FAIL,,,,
CASE_INF_015,INFEASIBLE,DELIVERY,1.0,50.0,1000.0,80.0,False,True,False,False,RURAL,BALANCED,INFEASIBLE,VTOL,VTOL,0.95,0.9,HEXACOPTER:0.45; FIXED_WING:0.3; OCTOCOPTER:0.25; QUADCOPTER:0.1,Combines vertical takeoff with long-range fixed-wing cruise | No runway required | High range and endurance | Optimal choice for vertical takeoff combined with long range (> 30 km).,,VALID,FAIL,,,,
CASE_INF_016,INFEASIBLE,DELIVERY,50.0,500.0,240.0,200.0,False,True,False,False,RURAL,BALANCED,INFEASIBLE,VTOL,VTOL,0.95,0.9,OCTOCOPTER:0.55; HEXACOPTER:0.45; FIXED_WING:0.3; QUADCOPTER:0.0,Combines vertical takeoff with long-range fixed-wing cruise | No runway required | High range and endurance | Optimal choice for vertical takeoff combined with long range (> 30 km).,,VALID,FAIL,,,,
CASE_INF_017,INFEASIBLE,DELIVERY,100.0,10.0,60.0,100.0,False,True,False,False,RURAL,BALANCED,INFEASIBLE,OCTOCOPTER,MULTIROTOR,0.9,0.88,HEXACOPTER:0.8; VTOL:0.8; QUADCOPTER:0.25; FIXED_WING:0.1,High payload capacity (> 10 kg) | Dual motor failure redundancy | High structural stability | Excellent heavy payload handling.,,VALID,FAIL,,,,
CASE_INF_018,INFEASIBLE,DELIVERY,2.0,2000.0,300.0,150.0,False,True,False,False,RURAL,BALANCED,INFEASIBLE,VTOL,VTOL,0.95,0.9,HEXACOPTER:0.55; FIXED_WING:0.3; OCTOCOPTER:0.25; QUADCOPTER:0.1,Combines vertical takeoff with long-range fixed-wing cruise | No runway required | High range and endurance | Optimal choice for vertical takeoff combined with long range (> 30 km).,,VALID,FAIL,,,,
CASE_INF_019,INFEASIBLE,DELIVERY,1.0,50.0,1000.0,80.0,False,True,False,False,RURAL,BALANCED,INFEASIBLE,VTOL,VTOL,0.95,0.9,HEXACOPTER:0.45; FIXED_WING:0.3; OCTOCOPTER:0.25; QUADCOPTER:0.1,Combines vertical takeoff with long-range fixed-wing cruise | No runway required | High range and endurance | Optimal choice for vertical takeoff combined with long range (> 30 km).,,VALID,FAIL,,,,
CASE_INF_020,INFEASIBLE,DELIVERY,50.0,500.0,240.0,200.0,False,True,False,False,RURAL,BALANCED,INFEASIBLE,VTOL,VTOL,0.95,0.9,OCTOCOPTER:0.55; HEXACOPTER:0.45; FIXED_WING:0.3; QUADCOPTER:0.0,Combines vertical takeoff with long-range fixed-wing cruise | No runway required | High range and endurance | Optimal choice for vertical takeoff combined with long range (> 30 km).,,VALID,FAIL,,,,
CASE_INV_001,INVALID,SURVEY,-5.0,10.0,30.0,60.0,False,True,False,False,RURAL,BALANCED,INVALID,REJECTED,NONE,0.0,0.0,,,,INVALID,INVALID_CORRECTLY_REJECTED,,,,
CASE_INV_002,INVALID,SURVEY,0.0,10.0,30.0,60.0,False,True,False,False,RURAL,BALANCED,INVALID,REJECTED,NONE,0.0,0.0,,,,INVALID,INVALID_CORRECTLY_REJECTED,,,,
CASE_INV_003,INVALID,SURVEY,2.0,-10.0,30.0,60.0,False,True,False,False,RURAL,BALANCED,INVALID,REJECTED,NONE,0.0,0.0,,,,INVALID,INVALID_CORRECTLY_REJECTED,,,,
CASE_INV_004,INVALID,SURVEY,2.0,10.0,0.0,60.0,False,True,False,False,RURAL,BALANCED,INVALID,REJECTED,NONE,0.0,0.0,,,,INVALID,INVALID_CORRECTLY_REJECTED,,,,
CASE_INV_005,INVALID,SURVEY,2.0,10.0,30.0,-40.0,False,True,False,False,RURAL,BALANCED,INVALID,REJECTED,NONE,0.0,0.0,,,,INVALID,INVALID_CORRECTLY_REJECTED,,,,
CASE_INV_006,INVALID,SURVEY,2.0,10.0,30.0,60.0,False,True,False,False,RURAL,BALANCED,INVALID,REJECTED,NONE,0.0,0.0,,,,INVALID,INVALID_CORRECTLY_REJECTED,,,,
CASE_INV_007,INVALID,SURVEY,2.0,10.0,30.0,60.0,False,True,False,False,RURAL,BALANCED,INVALID,REJECTED,NONE,0.0,0.0,,,,INVALID,INVALID_CORRECTLY_REJECTED,,,,
CASE_INV_008,INVALID,SURVEY,-5.0,10.0,30.0,60.0,False,True,False,False,RURAL,BALANCED,INVALID,REJECTED,NONE,0.0,0.0,,,,INVALID,INVALID_CORRECTLY_REJECTED,,,,
CASE_INV_009,INVALID,SURVEY,0.0,10.0,30.0,60.0,False,True,False,False,RURAL,BALANCED,INVALID,REJECTED,NONE,0.0,0.0,,,,INVALID,INVALID_CORRECTLY_REJECTED,,,,
CASE_INV_010,INVALID,SURVEY,2.0,-10.0,30.0,60.0,False,True,False,False,RURAL,BALANCED,INVALID,REJECTED,NONE,0.0,0.0,,,,INVALID,INVALID_CORRECTLY_REJECTED,,,,
CASE_INV_011,INVALID,SURVEY,2.0,10.0,0.0,60.0,False,True,False,False,RURAL,BALANCED,INVALID,REJECTED,NONE,0.0,0.0,,,,INVALID,INVALID_CORRECTLY_REJECTED,,,,
CASE_INV_012,INVALID,SURVEY,2.0,10.0,30.0,-40.0,False,True,False,False,RURAL,BALANCED,INVALID,REJECTED,NONE,0.0,0.0,,,,INVALID,INVALID_CORRECTLY_REJECTED,,,,
CASE_INV_013,INVALID,SURVEY,2.0,10.0,30.0,60.0,False,True,False,False,RURAL,BALANCED,INVALID,REJECTED,NONE,0.0,0.0,,,,INVALID,INVALID_CORRECTLY_REJECTED,,,,
CASE_INV_014,INVALID,SURVEY,2.0,10.0,30.0,60.0,False,True,False,False,RURAL,BALANCED,INVALID,REJECTED,NONE,0.0,0.0,,,,INVALID,INVALID_CORRECTLY_REJECTED,,,,
CASE_INV_015,INVALID,SURVEY,-5.0,10.0,30.0,60.0,False,True,False,False,RURAL,BALANCED,INVALID,REJECTED,NONE,0.0,0.0,,,,INVALID,INVALID_CORRECTLY_REJECTED,,,,
CASE_INV_016,INVALID,SURVEY,0.0,10.0,30.0,60.0,False,True,False,False,RURAL,BALANCED,INVALID,REJECTED,NONE,0.0,0.0,,,,INVALID,INVALID_CORRECTLY_REJECTED,,,,
CASE_INV_017,INVALID,SURVEY,2.0,-10.0,30.0,60.0,False,True,False,False,RURAL,BALANCED,INVALID,REJECTED,NONE,0.0,0.0,,,,INVALID,INVALID_CORRECTLY_REJECTED,,,,
CASE_INV_018,INVALID,SURVEY,2.0,10.0,0.0,60.0,False,True,False,False,RURAL,BALANCED,INVALID,REJECTED,NONE,0.0,0.0,,,,INVALID,INVALID_CORRECTLY_REJECTED,,,,
CASE_INV_019,INVALID,SURVEY,2.0,10.0,30.0,-40.0,False,True,False,False,RURAL,BALANCED,INVALID,REJECTED,NONE,0.0,0.0,,,,INVALID,INVALID_CORRECTLY_REJECTED,,,,
CASE_INV_020,INVALID,SURVEY,2.0,10.0,30.0,60.0,False,True,False,False,RURAL,BALANCED,INVALID,REJECTED,NONE,0.0,0.0,,,,INVALID,INVALID_CORRECTLY_REJECTED,,,,
CASE_INV_021,INVALID,SURVEY,2.0,10.0,30.0,60.0,False,True,False,False,RURAL,BALANCED,INVALID,REJECTED,NONE,0.0,0.0,,,,INVALID,INVALID_CORRECTLY_REJECTED,,,,
CASE_INV_022,INVALID,SURVEY,-5.0,10.0,30.0,60.0,False,True,False,False,RURAL,BALANCED,INVALID,REJECTED,NONE,0.0,0.0,,,,INVALID,INVALID_CORRECTLY_REJECTED,,,,
CASE_INV_023,INVALID,SURVEY,0.0,10.0,30.0,60.0,False,True,False,False,RURAL,BALANCED,INVALID,REJECTED,NONE,0.0,0.0,,,,INVALID,INVALID_CORRECTLY_REJECTED,,,,
CASE_INV_024,INVALID,SURVEY,2.0,-10.0,30.0,60.0,False,True,False,False,RURAL,BALANCED,INVALID,REJECTED,NONE,0.0,0.0,,,,INVALID,INVALID_CORRECTLY_REJECTED,,,,
CASE_INV_025,INVALID,SURVEY,2.0,10.0,0.0,60.0,False,True,False,False,RURAL,BALANCED,INVALID,REJECTED,NONE,0.0,0.0,,,,INVALID,INVALID_CORRECTLY_REJECTED,,,,
CASE_INV_026,INVALID,SURVEY,2.0,10.0,30.0,-40.0,False,True,False,False,RURAL,BALANCED,INVALID,REJECTED,NONE,0.0,0.0,,,,INVALID,INVALID_CORRECTLY_REJECTED,,,,
CASE_INV_027,INVALID,SURVEY,2.0,10.0,30.0,60.0,False,True,False,False,RURAL,BALANCED,INVALID,REJECTED,NONE,0.0,0.0,,,,INVALID,INVALID_CORRECTLY_REJECTED,,,,
CASE_INV_028,INVALID,SURVEY,2.0,10.0,30.0,60.0,False,True,False,False,RURAL,BALANCED,INVALID,REJECTED,NONE,0.0,0.0,,,,INVALID,INVALID_CORRECTLY_REJECTED,,,,
CASE_INV_029,INVALID,SURVEY,-5.0,10.0,30.0,60.0,False,True,False,False,RURAL,BALANCED,INVALID,REJECTED,NONE,0.0,0.0,,,,INVALID,INVALID_CORRECTLY_REJECTED,,,,
CASE_INV_030,INVALID,SURVEY,0.0,10.0,30.0,60.0,False,True,False,False,RURAL,BALANCED,INVALID,REJECTED,NONE,0.0,0.0,,,,INVALID,INVALID_CORRECTLY_REJECTED,,,,
CASE_INV_031,INVALID,SURVEY,2.0,-10.0,30.0,60.0,False,True,False,False,RURAL,BALANCED,INVALID,REJECTED,NONE,0.0,0.0,,,,INVALID,INVALID_CORRECTLY_REJECTED,,,,
CASE_INV_032,INVALID,SURVEY,2.0,10.0,0.0,60.0,False,True,False,False,RURAL,BALANCED,INVALID,REJECTED,NONE,0.0,0.0,,,,INVALID,INVALID_CORRECTLY_REJECTED,,,,
CASE_INV_033,INVALID,SURVEY,2.0,10.0,30.0,-40.0,False,True,False,False,RURAL,BALANCED,INVALID,REJECTED,NONE,0.0,0.0,,,,INVALID,INVALID_CORRECTLY_REJECTED,,,,
CASE_INV_034,INVALID,SURVEY,2.0,10.0,30.0,60.0,False,True,False,False,RURAL,BALANCED,INVALID,REJECTED,NONE,0.0,0.0,,,,INVALID,INVALID_CORRECTLY_REJECTED,,,,
CASE_INV_035,INVALID,SURVEY,2.0,10.0,30.0,60.0,False,True,False,False,RURAL,BALANCED,INVALID,REJECTED,NONE,0.0,0.0,,,,INVALID,INVALID_CORRECTLY_REJECTED,,,,
CASE_INV_036,INVALID,SURVEY,-5.0,10.0,30.0,60.0,False,True,False,False,RURAL,BALANCED,INVALID,REJECTED,NONE,0.0,0.0,,,,INVALID,INVALID_CORRECTLY_REJECTED,,,,
CASE_INV_037,INVALID,SURVEY,0.0,10.0,30.0,60.0,False,True,False,False,RURAL,BALANCED,INVALID,REJECTED,NONE,0.0,0.0,,,,INVALID,INVALID_CORRECTLY_REJECTED,,,,
CASE_INV_038,INVALID,SURVEY,2.0,-10.0,30.0,60.0,False,True,False,False,RURAL,BALANCED,INVALID,REJECTED,NONE,0.0,0.0,,,,INVALID,INVALID_CORRECTLY_REJECTED,,,,
CASE_INV_039,INVALID,SURVEY,2.0,10.0,0.0,60.0,False,True,False,False,RURAL,BALANCED,INVALID,REJECTED,NONE,0.0,0.0,,,,INVALID,INVALID_CORRECTLY_REJECTED,,,,
CASE_INV_040,INVALID,SURVEY,2.0,10.0,30.0,-40.0,False,True,False,False,RURAL,BALANCED,INVALID,REJECTED,NONE,0.0,0.0,,,,INVALID,INVALID_CORRECTLY_REJECTED,,,,
CASE_INV_041,INVALID,SURVEY,2.0,10.0,30.0,60.0,False,True,False,False,RURAL,BALANCED,INVALID,REJECTED,NONE,0.0,0.0,,,,INVALID,INVALID_CORRECTLY_REJECTED,,,,
CASE_INV_042,INVALID,SURVEY,2.0,10.0,30.0,60.0,False,True,False,False,RURAL,BALANCED,INVALID,REJECTED,NONE,0.0,0.0,,,,INVALID,INVALID_CORRECTLY_REJECTED,,,,
CASE_INV_043,INVALID,SURVEY,-5.0,10.0,30.0,60.0,False,True,False,False,RURAL,BALANCED,INVALID,REJECTED,NONE,0.0,0.0,,,,INVALID,INVALID_CORRECTLY_REJECTED,,,,
CASE_INV_044,INVALID,SURVEY,0.0,10.0,30.0,60.0,False,True,False,False,RURAL,BALANCED,INVALID,REJECTED,NONE,0.0,0.0,,,,INVALID,INVALID_CORRECTLY_REJECTED,,,,
CASE_INV_045,INVALID,SURVEY,2.0,-10.0,30.0,60.0,False,True,False,False,RURAL,BALANCED,INVALID,REJECTED,NONE,0.0,0.0,,,,INVALID,INVALID_CORRECTLY_REJECTED,,,,
CASE_INV_046,INVALID,SURVEY,2.0,10.0,0.0,60.0,False,True,False,False,RURAL,BALANCED,INVALID,REJECTED,NONE,0.0,0.0,,,,INVALID,INVALID_CORRECTLY_REJECTED,,,,
CASE_INV_047,INVALID,SURVEY,2.0,10.0,30.0,-40.0,False,True,False,False,RURAL,BALANCED,INVALID,REJECTED,NONE,0.0,0.0,,,,INVALID,INVALID_CORRECTLY_REJECTED,,,,
CASE_INV_048,INVALID,SURVEY,2.0,10.0,30.0,60.0,False,True,False,False,RURAL,BALANCED,INVALID,REJECTED,NONE,0.0,0.0,,,,INVALID,INVALID_CORRECTLY_REJECTED,,,,
CASE_INV_049,INVALID,SURVEY,2.0,10.0,30.0,60.0,False,True,False,False,RURAL,BALANCED,INVALID,REJECTED,NONE,0.0,0.0,,,,INVALID,INVALID_CORRECTLY_REJECTED,,,,
CASE_INV_050,INVALID,SURVEY,-5.0,10.0,30.0,60.0,False,True,False,False,RURAL,BALANCED,INVALID,REJECTED,NONE,0.0,0.0,,,,INVALID,INVALID_CORRECTLY_REJECTED,,,,
