case_id,case_category,mission_type,payload_kg,range_km,endurance_min,cruise_speed_kmh,hover_required,vtol_required,runway_available,confined_operation,environment,expected_family,old_raw_output,old_normalized_family,new_status,new_selected_family,MULTIROTOR_score,FIXED_WING_score,VTOL_score,eligible_families,eliminated_families,confidence,reasoning,automatic_result,MANUAL_REVIEW,MANUAL_EXPECTED_FAMILY,MANUAL_PASS_FAIL,REVIEWER_COMMENT
CASE_MR_001,DETERMINISTIC,INSPECTION,0.1,1.0,10.0,40.0,True,True,False,True,URBAN,MULTIROTOR,QUADCOPTER,MULTIROTOR,SELECTED,MULTIROTOR,0.8,0.0,0.5,MULTIROTOR; VTOL,"FIXED_WING:Conventional fixed-wing aircraft cannot perform vertical takeoff, vertical landing, or sustained hover.",0.8,Vertical takeoff and precision hover capability | High station-keeping flight control precision | No runway required,PASS,,,,
CASE_MR_002,DETERMINISTIC,SECURITY,0.25,1.0,10.0,41.0,True,True,False,False,RURAL,MULTIROTOR,QUADCOPTER,MULTIROTOR,SELECTED,MULTIROTOR,0.8,0.0,0.5,MULTIROTOR; VTOL,"FIXED_WING:Conventional fixed-wing aircraft cannot perform vertical takeoff, vertical landing, or sustained hover.",0.8,Vertical takeoff and precision hover capability | High station-keeping flight control precision | No runway required,PASS,,,,
CASE_MR_003,DETERMINISTIC,DISASTER_RESPONSE,0.5,2.0,10.0,42.0,True,True,False,False,MOUNTAIN,MULTIROTOR,QUADCOPTER,MULTIROTOR,SELECTED,MULTIROTOR,0.8,0.0,0.5,MULTIROTOR; VTOL,"FIXED_WING:Conventional fixed-wing aircraft cannot perform vertical takeoff, vertical landing, or sustained hover.",0.8,Vertical takeoff and precision hover capability | High station-keeping flight control precision | No runway required,PASS,,,,
CASE_MR_004,DETERMINISTIC,DELIVERY,1.0,2.0,15.0,43.0,True,True,False,False,FOREST,MULTIROTOR,QUADCOPTER,MULTIROTOR,SELECTED,MULTIROTOR,0.8,0.0,0.5,MULTIROTOR; VTOL,"FIXED_WING:Conventional fixed-wing aircraft cannot perform vertical takeoff, vertical landing, or sustained hover.",0.8,Vertical takeoff and precision hover capability | High station-keeping flight control precision | No runway required,PASS,,,,
CASE_MR_005,DETERMINISTIC,RESEARCH,2.0,3.0,15.0,44.0,True,True,False,False,DESERT,MULTIROTOR,QUADCOPTER,MULTIROTOR,SELECTED,MULTIROTOR,0.8,0.0,0.5,MULTIROTOR; VTOL,"FIXED_WING:Conventional fixed-wing aircraft cannot perform vertical takeoff, vertical landing, or sustained hover.",0.8,Vertical takeoff and precision hover capability | High station-keeping flight control precision | No runway required,PASS,,,,
CASE_MR_006,DETERMINISTIC,INSPECTION,3.0,3.0,15.0,45.0,True,True,False,False,COASTAL,MULTIROTOR,QUADCOPTER,MULTIROTOR,SELECTED,MULTIROTOR,0.8,0.0,0.5,MULTIROTOR; VTOL,"FIXED_WING:Conventional fixed-wing aircraft cannot perform vertical takeoff, vertical landing, or sustained hover.",0.8,Vertical takeoff and precision hover capability | High station-keeping flight control precision | No runway required,PASS,,,,
CASE_MR_007,DETERMINISTIC,SECURITY,5.0,5.0,20.0,46.0,True,True,False,False,MARINE,MULTIROTOR,QUADCOPTER,MULTIROTOR,SELECTED,MULTIROTOR,0.8,0.0,0.5,MULTIROTOR; VTOL,"FIXED_WING:Conventional fixed-wing aircraft cannot perform vertical takeoff, vertical landing, or sustained hover.",0.8,Vertical takeoff and precision hover capability | High station-keeping flight control precision | No runway required,PASS,,,,
CASE_MR_008,DETERMINISTIC,DISASTER_RESPONSE,8.0,5.0,20.0,47.0,True,True,False,False,INDOOR,MULTIROTOR,QUADCOPTER,MULTIROTOR,SELECTED,MULTIROTOR,0.8,0.0,0.0,MULTIROTOR,FIXED_WING:Indoor operating environment prohibits wing-borne forward cruise flight.; VTOL:Indoor operating environment prohibits wing-borne forward cruise flight.,0.8,Vertical takeoff and precision hover capability | High station-keeping flight control precision | No runway required,PASS,,,,
CASE_MR_009,DETERMINISTIC,DELIVERY,12.0,8.0,20.0,48.0,True,True,False,True,URBAN,MULTIROTOR,QUADCOPTER,MULTIROTOR,SELECTED,MULTIROTOR,0.7,0.0,0.5,MULTIROTOR; VTOL,"FIXED_WING:Conventional fixed-wing aircraft cannot perform vertical takeoff, vertical landing, or sustained hover.",0.9,Vertical takeoff and precision hover capability | High station-keeping flight control precision | No runway required ; CONS: Heavy payload mass requires high multi-rotor motor power draw.,PASS,,,,
CASE_MR_010,DETERMINISTIC,RESEARCH,15.0,8.0,25.0,49.0,True,True,False,False,RURAL,MULTIROTOR,QUADCOPTER,MULTIROTOR,SELECTED,MULTIROTOR,0.7,0.0,0.5,MULTIROTOR; VTOL,"FIXED_WING:Conventional fixed-wing aircraft cannot perform vertical takeoff, vertical landing, or sustained hover.",0.9,Vertical takeoff and precision hover capability | High station-keeping flight control precision | No runway required ; CONS: Heavy payload mass requires high multi-rotor motor power draw.,PASS,,,,
CASE_MR_011,DETERMINISTIC,INSPECTION,0.1,10.0,25.0,50.0,True,True,False,False,MOUNTAIN,MULTIROTOR,QUADCOPTER,MULTIROTOR,SELECTED,MULTIROTOR,0.8,0.0,0.5,MULTIROTOR; VTOL,"FIXED_WING:Conventional fixed-wing aircraft cannot perform vertical takeoff, vertical landing, or sustained hover.",0.8,Vertical takeoff and precision hover capability | High station-keeping flight control precision | No runway required,PASS,,,,
CASE_MR_012,DETERMINISTIC,SECURITY,0.25,10.0,25.0,51.0,True,True,False,False,FOREST,MULTIROTOR,QUADCOPTER,MULTIROTOR,SELECTED,MULTIROTOR,0.8,0.0,0.5,MULTIROTOR; VTOL,"FIXED_WING:Conventional fixed-wing aircraft cannot perform vertical takeoff, vertical landing, or sustained hover.",0.8,Vertical takeoff and precision hover capability | High station-keeping flight control precision | No runway required,PASS,,,,
CASE_MR_013,DETERMINISTIC,DISASTER_RESPONSE,0.5,12.0,30.0,52.0,True,True,False,False,DESERT,MULTIROTOR,QUADCOPTER,MULTIROTOR,SELECTED,MULTIROTOR,0.8,0.0,0.5,MULTIROTOR; VTOL,"FIXED_WING:Conventional fixed-wing aircraft cannot perform vertical takeoff, vertical landing, or sustained hover.",0.8,Vertical takeoff and precision hover capability | High station-keeping flight control precision | No runway required,PASS,,,,
CASE_MR_014,DETERMINISTIC,DELIVERY,1.0,12.0,30.0,53.0,True,True,False,False,COASTAL,MULTIROTOR,QUADCOPTER,MULTIROTOR,SELECTED,MULTIROTOR,0.8,0.0,0.5,MULTIROTOR; VTOL,"FIXED_WING:Conventional fixed-wing aircraft cannot perform vertical takeoff, vertical landing, or sustained hover.",0.8,Vertical takeoff and precision hover capability | High station-keeping flight control precision | No runway required,PASS,,,,
CASE_MR_015,DETERMINISTIC,RESEARCH,2.0,14.0,30.0,54.0,True,True,False,False,MARINE,MULTIROTOR,QUADCOPTER,MULTIROTOR,SELECTED,MULTIROTOR,0.8,0.0,0.5,MULTIROTOR; VTOL,"FIXED_WING:Conventional fixed-wing aircraft cannot perform vertical takeoff, vertical landing, or sustained hover.",0.8,Vertical takeoff and precision hover capability | High station-keeping flight control precision | No runway required,PASS,,,,
CASE_MR_016,DETERMINISTIC,INSPECTION,3.0,14.0,35.0,55.0,True,True,False,False,INDOOR,MULTIROTOR,QUADCOPTER,MULTIROTOR,SELECTED,MULTIROTOR,0.8,0.0,0.0,MULTIROTOR,FIXED_WING:Indoor operating environment prohibits wing-borne forward cruise flight.; VTOL:Indoor operating environment prohibits wing-borne forward cruise flight.,0.8,Vertical takeoff and precision hover capability | High station-keeping flight control precision | No runway required,PASS,,,,
CASE_MR_017,DETERMINISTIC,SECURITY,5.0,1.0,35.0,56.0,True,True,False,True,URBAN,MULTIROTOR,QUADCOPTER,MULTIROTOR,SELECTED,MULTIROTOR,0.8,0.0,0.5,MULTIROTOR; VTOL,"FIXED_WING:Conventional fixed-wing aircraft cannot perform vertical takeoff, vertical landing, or sustained hover.",0.8,Vertical takeoff and precision hover capability | High station-keeping flight control precision | No runway required,PASS,,,,
CASE_MR_018,DETERMINISTIC,DISASTER_RESPONSE,8.0,1.0,35.0,57.0,True,True,False,False,RURAL,MULTIROTOR,QUADCOPTER,MULTIROTOR,SELECTED,MULTIROTOR,0.8,0.0,0.5,MULTIROTOR; VTOL,"FIXED_WING:Conventional fixed-wing aircraft cannot perform vertical takeoff, vertical landing, or sustained hover.",0.8,Vertical takeoff and precision hover capability | High station-keeping flight control precision | No runway required,PASS,,,,
CASE_MR_019,DETERMINISTIC,DELIVERY,12.0,2.0,40.0,58.0,True,True,False,False,MOUNTAIN,MULTIROTOR,QUADCOPTER,MULTIROTOR,SELECTED,MULTIROTOR,0.7,0.0,0.5,MULTIROTOR; VTOL,"FIXED_WING:Conventional fixed-wing aircraft cannot perform vertical takeoff, vertical landing, or sustained hover.",0.9,Vertical takeoff and precision hover capability | High station-keeping flight control precision | No runway required ; CONS: Heavy payload mass requires high multi-rotor motor power draw.,PASS,,,,
CASE_MR_020,DETERMINISTIC,RESEARCH,15.0,2.0,40.0,59.0,True,True,False,False,FOREST,MULTIROTOR,QUADCOPTER,MULTIROTOR,SELECTED,MULTIROTOR,0.7,0.0,0.5,MULTIROTOR; VTOL,"FIXED_WING:Conventional fixed-wing aircraft cannot perform vertical takeoff, vertical landing, or sustained hover.",0.9,Vertical takeoff and precision hover capability | High station-keeping flight control precision | No runway required ; CONS: Heavy payload mass requires high multi-rotor motor power draw.,PASS,,,,
CASE_MR_021,DETERMINISTIC,INSPECTION,0.1,3.0,40.0,40.0,True,True,False,False,DESERT,MULTIROTOR,QUADCOPTER,MULTIROTOR,SELECTED,MULTIROTOR,0.8,0.0,0.5,MULTIROTOR; VTOL,"FIXED_WING:Conventional fixed-wing aircraft cannot perform vertical takeoff, vertical landing, or sustained hover.",0.8,Vertical takeoff and precision hover capability | High station-keeping flight control precision | No runway required,PASS,,,,
CASE_MR_022,DETERMINISTIC,SECURITY,0.25,3.0,10.0,41.0,True,True,False,False,COASTAL,MULTIROTOR,QUADCOPTER,MULTIROTOR,SELECTED,MULTIROTOR,0.8,0.0,0.5,MULTIROTOR; VTOL,"FIXED_WING:Conventional fixed-wing aircraft cannot perform vertical takeoff, vertical landing, or sustained hover.",0.8,Vertical takeoff and precision hover capability | High station-keeping flight control precision | No runway required,PASS,,,,
CASE_MR_023,DETERMINISTIC,DISASTER_RESPONSE,0.5,5.0,10.0,42.0,True,True,False,False,MARINE,MULTIROTOR,QUADCOPTER,MULTIROTOR,SELECTED,MULTIROTOR,0.8,0.0,0.5,MULTIROTOR; VTOL,"FIXED_WING:Conventional fixed-wing aircraft cannot perform vertical takeoff, vertical landing, or sustained hover.",0.8,Vertical takeoff and precision hover capability | High station-keeping flight control precision | No runway required,PASS,,,,
CASE_MR_024,DETERMINISTIC,DELIVERY,1.0,5.0,10.0,43.0,True,True,False,False,INDOOR,MULTIROTOR,QUADCOPTER,MULTIROTOR,SELECTED,MULTIROTOR,0.8,0.0,0.0,MULTIROTOR,FIXED_WING:Indoor operating environment prohibits wing-borne forward cruise flight.; VTOL:Indoor operating environment prohibits wing-borne forward cruise flight.,0.8,Vertical takeoff and precision hover capability | High station-keeping flight control precision | No runway required,PASS,,,,
CASE_MR_025,DETERMINISTIC,RESEARCH,2.0,8.0,15.0,44.0,True,True,False,True,URBAN,MULTIROTOR,QUADCOPTER,MULTIROTOR,SELECTED,MULTIROTOR,0.8,0.0,0.5,MULTIROTOR; VTOL,"FIXED_WING:Conventional fixed-wing aircraft cannot perform vertical takeoff, vertical landing, or sustained hover.",0.8,Vertical takeoff and precision hover capability | High station-keeping flight control precision | No runway required,PASS,,,,
CASE_MR_026,DETERMINISTIC,INSPECTION,3.0,8.0,15.0,45.0,True,True,False,False,RURAL,MULTIROTOR,QUADCOPTER,MULTIROTOR,SELECTED,MULTIROTOR,0.8,0.0,0.5,MULTIROTOR; VTOL,"FIXED_WING:Conventional fixed-wing aircraft cannot perform vertical takeoff, vertical landing, or sustained hover.",0.8,Vertical takeoff and precision hover capability | High station-keeping flight control precision | No runway required,PASS,,,,
CASE_MR_027,DETERMINISTIC,SECURITY,5.0,10.0,15.0,46.0,True,True,False,False,MOUNTAIN,MULTIROTOR,QUADCOPTER,MULTIROTOR,SELECTED,MULTIROTOR,0.8,0.0,0.5,MULTIROTOR; VTOL,"FIXED_WING:Conventional fixed-wing aircraft cannot perform vertical takeoff, vertical landing, or sustained hover.",0.8,Vertical takeoff and precision hover capability | High station-keeping flight control precision | No runway required,PASS,,,,
CASE_MR_028,DETERMINISTIC,DISASTER_RESPONSE,8.0,10.0,20.0,47.0,True,True,False,False,FOREST,MULTIROTOR,QUADCOPTER,MULTIROTOR,SELECTED,MULTIROTOR,0.8,0.0,0.5,MULTIROTOR; VTOL,"FIXED_WING:Conventional fixed-wing aircraft cannot perform vertical takeoff, vertical landing, or sustained hover.",0.8,Vertical takeoff and precision hover capability | High station-keeping flight control precision | No runway required,PASS,,,,
CASE_MR_029,DETERMINISTIC,DELIVERY,12.0,12.0,20.0,48.0,True,True,False,False,DESERT,MULTIROTOR,QUADCOPTER,MULTIROTOR,SELECTED,MULTIROTOR,0.7,0.0,0.5,MULTIROTOR; VTOL,"FIXED_WING:Conventional fixed-wing aircraft cannot perform vertical takeoff, vertical landing, or sustained hover.",0.9,Vertical takeoff and precision hover capability | High station-keeping flight control precision | No runway required ; CONS: Heavy payload mass requires high multi-rotor motor power draw.,PASS,,,,
CASE_MR_030,DETERMINISTIC,RESEARCH,15.0,12.0,20.0,49.0,True,True,False,False,COASTAL,MULTIROTOR,QUADCOPTER,MULTIROTOR,SELECTED,MULTIROTOR,0.7,0.0,0.5,MULTIROTOR; VTOL,"FIXED_WING:Conventional fixed-wing aircraft cannot perform vertical takeoff, vertical landing, or sustained hover.",0.9,Vertical takeoff and precision hover capability | High station-keeping flight control precision | No runway required ; CONS: Heavy payload mass requires high multi-rotor motor power draw.,PASS,,,,
CASE_MR_031,DETERMINISTIC,INSPECTION,0.1,14.0,25.0,50.0,True,True,False,False,MARINE,MULTIROTOR,QUADCOPTER,MULTIROTOR,SELECTED,MULTIROTOR,0.8,0.0,0.5,MULTIROTOR; VTOL,"FIXED_WING:Conventional fixed-wing aircraft cannot perform vertical takeoff, vertical landing, or sustained hover.",0.8,Vertical takeoff and precision hover capability | High station-keeping flight control precision | No runway required,PASS,,,,
CASE_MR_032,DETERMINISTIC,SECURITY,0.25,14.0,25.0,51.0,True,True,False,False,INDOOR,MULTIROTOR,QUADCOPTER,MULTIROTOR,SELECTED,MULTIROTOR,0.8,0.0,0.0,MULTIROTOR,FIXED_WING:Indoor operating environment prohibits wing-borne forward cruise flight.; VTOL:Indoor operating environment prohibits wing-borne forward cruise flight.,0.8,Vertical takeoff and precision hover capability | High station-keeping flight control precision | No runway required,PASS,,,,
CASE_MR_033,DETERMINISTIC,DISASTER_RESPONSE,0.5,1.0,25.0,52.0,True,True,False,True,URBAN,MULTIROTOR,QUADCOPTER,MULTIROTOR,SELECTED,MULTIROTOR,0.8,0.0,0.5,MULTIROTOR; VTOL,"FIXED_WING:Conventional fixed-wing aircraft cannot perform vertical takeoff, vertical landing, or sustained hover.",0.8,Vertical takeoff and precision hover capability | High station-keeping flight control precision | No runway required,PASS,,,,
CASE_MR_034,DETERMINISTIC,DELIVERY,1.0,1.0,30.0,53.0,True,True,False,False,RURAL,MULTIROTOR,QUADCOPTER,MULTIROTOR,SELECTED,MULTIROTOR,0.8,0.0,0.5,MULTIROTOR; VTOL,"FIXED_WING:Conventional fixed-wing aircraft cannot perform vertical takeoff, vertical landing, or sustained hover.",0.8,Vertical takeoff and precision hover capability | High station-keeping flight control precision | No runway required,PASS,,,,
CASE_MR_035,DETERMINISTIC,RESEARCH,2.0,2.0,30.0,54.0,True,True,False,False,MOUNTAIN,MULTIROTOR,QUADCOPTER,MULTIROTOR,SELECTED,MULTIROTOR,0.8,0.0,0.5,MULTIROTOR; VTOL,"FIXED_WING:Conventional fixed-wing aircraft cannot perform vertical takeoff, vertical landing, or sustained hover.",0.8,Vertical takeoff and precision hover capability | High station-keeping flight control precision | No runway required,PASS,,,,
CASE_MR_036,DETERMINISTIC,INSPECTION,3.0,2.0,30.0,55.0,True,True,False,False,FOREST,MULTIROTOR,QUADCOPTER,MULTIROTOR,SELECTED,MULTIROTOR,0.8,0.0,0.5,MULTIROTOR; VTOL,"FIXED_WING:Conventional fixed-wing aircraft cannot perform vertical takeoff, vertical landing, or sustained hover.",0.8,Vertical takeoff and precision hover capability | High station-keeping flight control precision | No runway required,PASS,,,,
CASE_MR_037,DETERMINISTIC,SECURITY,5.0,3.0,35.0,56.0,True,True,False,False,DESERT,MULTIROTOR,QUADCOPTER,MULTIROTOR,SELECTED,MULTIROTOR,0.8,0.0,0.5,MULTIROTOR; VTOL,"FIXED_WING:Conventional fixed-wing aircraft cannot perform vertical takeoff, vertical landing, or sustained hover.",0.8,Vertical takeoff and precision hover capability | High station-keeping flight control precision | No runway required,PASS,,,,
CASE_MR_038,DETERMINISTIC,DISASTER_RESPONSE,8.0,3.0,35.0,57.0,True,True,False,False,COASTAL,MULTIROTOR,QUADCOPTER,MULTIROTOR,SELECTED,MULTIROTOR,0.8,0.0,0.5,MULTIROTOR; VTOL,"FIXED_WING:Conventional fixed-wing aircraft cannot perform vertical takeoff, vertical landing, or sustained hover.",0.8,Vertical takeoff and precision hover capability | High station-keeping flight control precision | No runway required,PASS,,,,
CASE_MR_039,DETERMINISTIC,DELIVERY,12.0,5.0,35.0,58.0,True,True,False,False,MARINE,MULTIROTOR,QUADCOPTER,MULTIROTOR,SELECTED,MULTIROTOR,0.7,0.0,0.5,MULTIROTOR; VTOL,"FIXED_WING:Conventional fixed-wing aircraft cannot perform vertical takeoff, vertical landing, or sustained hover.",0.9,Vertical takeoff and precision hover capability | High station-keeping flight control precision | No runway required ; CONS: Heavy payload mass requires high multi-rotor motor power draw.,PASS,,,,
CASE_MR_040,DETERMINISTIC,RESEARCH,15.0,5.0,40.0,59.0,True,True,False,False,INDOOR,MULTIROTOR,QUADCOPTER,MULTIROTOR,SELECTED,MULTIROTOR,0.7,0.0,0.0,MULTIROTOR,FIXED_WING:Indoor operating environment prohibits wing-borne forward cruise flight.; VTOL:Indoor operating environment prohibits wing-borne forward cruise flight.,0.7,Vertical takeoff and precision hover capability | High station-keeping flight control precision | No runway required ; CONS: Heavy payload mass requires high multi-rotor motor power draw.,PASS,,,,
CASE_MR_041,DETERMINISTIC,INSPECTION,0.1,8.0,40.0,40.0,True,True,False,True,URBAN,MULTIROTOR,QUADCOPTER,MULTIROTOR,SELECTED,MULTIROTOR,0.8,0.0,0.5,MULTIROTOR; VTOL,"FIXED_WING:Conventional fixed-wing aircraft cannot perform vertical takeoff, vertical landing, or sustained hover.",0.8,Vertical takeoff and precision hover capability | High station-keeping flight control precision | No runway required,PASS,,,,
CASE_MR_042,DETERMINISTIC,SECURITY,0.25,8.0,40.0,41.0,True,True,False,False,RURAL,MULTIROTOR,QUADCOPTER,MULTIROTOR,SELECTED,MULTIROTOR,0.8,0.0,0.5,MULTIROTOR; VTOL,"FIXED_WING:Conventional fixed-wing aircraft cannot perform vertical takeoff, vertical landing, or sustained hover.",0.8,Vertical takeoff and precision hover capability | High station-keeping flight control precision | No runway required,PASS,,,,
CASE_MR_043,DETERMINISTIC,DISASTER_RESPONSE,0.5,10.0,10.0,42.0,True,True,False,False,MOUNTAIN,MULTIROTOR,QUADCOPTER,MULTIROTOR,SELECTED,MULTIROTOR,0.8,0.0,0.5,MULTIROTOR; VTOL,"FIXED_WING:Conventional fixed-wing aircraft cannot perform vertical takeoff, vertical landing, or sustained hover.",0.8,Vertical takeoff and precision hover capability | High station-keeping flight control precision | No runway required,PASS,,,,
CASE_MR_044,DETERMINISTIC,DELIVERY,1.0,10.0,10.0,43.0,True,True,False,False,FOREST,MULTIROTOR,QUADCOPTER,MULTIROTOR,SELECTED,MULTIROTOR,0.8,0.0,0.5,MULTIROTOR; VTOL,"FIXED_WING:Conventional fixed-wing aircraft cannot perform vertical takeoff, vertical landing, or sustained hover.",0.8,Vertical takeoff and precision hover capability | High station-keeping flight control precision | No runway required,PASS,,,,
CASE_MR_045,DETERMINISTIC,RESEARCH,2.0,12.0,10.0,44.0,True,True,False,False,DESERT,MULTIROTOR,QUADCOPTER,MULTIROTOR,SELECTED,MULTIROTOR,0.8,0.0,0.5,MULTIROTOR; VTOL,"FIXED_WING:Conventional fixed-wing aircraft cannot perform vertical takeoff, vertical landing, or sustained hover.",0.8,Vertical takeoff and precision hover capability | High station-keeping flight control precision | No runway required,PASS,,,,
CASE_MR_046,DETERMINISTIC,INSPECTION,3.0,12.0,15.0,45.0,True,True,False,False,COASTAL,MULTIROTOR,QUADCOPTER,MULTIROTOR,SELECTED,MULTIROTOR,0.8,0.0,0.5,MULTIROTOR; VTOL,"FIXED_WING:Conventional fixed-wing aircraft cannot perform vertical takeoff, vertical landing, or sustained hover.",0.8,Vertical takeoff and precision hover capability | High station-keeping flight control precision | No runway required,PASS,,,,
CASE_MR_047,DETERMINISTIC,SECURITY,5.0,14.0,15.0,46.0,True,True,False,False,MARINE,MULTIROTOR,QUADCOPTER,MULTIROTOR,SELECTED,MULTIROTOR,0.8,0.0,0.5,MULTIROTOR; VTOL,"FIXED_WING:Conventional fixed-wing aircraft cannot perform vertical takeoff, vertical landing, or sustained hover.",0.8,Vertical takeoff and precision hover capability | High station-keeping flight control precision | No runway required,PASS,,,,
CASE_MR_048,DETERMINISTIC,DISASTER_RESPONSE,8.0,14.0,15.0,47.0,True,True,False,False,INDOOR,MULTIROTOR,QUADCOPTER,MULTIROTOR,SELECTED,MULTIROTOR,0.8,0.0,0.0,MULTIROTOR,FIXED_WING:Indoor operating environment prohibits wing-borne forward cruise flight.; VTOL:Indoor operating environment prohibits wing-borne forward cruise flight.,0.8,Vertical takeoff and precision hover capability | High station-keeping flight control precision | No runway required,PASS,,,,
CASE_MR_049,DETERMINISTIC,DELIVERY,12.0,1.0,20.0,48.0,True,True,False,True,URBAN,MULTIROTOR,QUADCOPTER,MULTIROTOR,SELECTED,MULTIROTOR,0.7,0.0,0.5,MULTIROTOR; VTOL,"FIXED_WING:Conventional fixed-wing aircraft cannot perform vertical takeoff, vertical landing, or sustained hover.",0.9,Vertical takeoff and precision hover capability | High station-keeping flight control precision | No runway required ; CONS: Heavy payload mass requires high multi-rotor motor power draw.,PASS,,,,
CASE_MR_050,DETERMINISTIC,RESEARCH,15.0,1.0,20.0,49.0,True,True,False,False,RURAL,MULTIROTOR,QUADCOPTER,MULTIROTOR,SELECTED,MULTIROTOR,0.7,0.0,0.5,MULTIROTOR; VTOL,"FIXED_WING:Conventional fixed-wing aircraft cannot perform vertical takeoff, vertical landing, or sustained hover.",0.9,Vertical takeoff and precision hover capability | High station-keeping flight control precision | No runway required ; CONS: Heavy payload mass requires high multi-rotor motor power draw.,PASS,,,,
CASE_MR_051,DETERMINISTIC,INSPECTION,0.1,2.0,20.0,50.0,True,True,False,False,MOUNTAIN,MULTIROTOR,QUADCOPTER,MULTIROTOR,SELECTED,MULTIROTOR,0.8,0.0,0.5,MULTIROTOR; VTOL,"FIXED_WING:Conventional fixed-wing aircraft cannot perform vertical takeoff, vertical landing, or sustained hover.",0.8,Vertical takeoff and precision hover capability | High station-keeping flight control precision | No runway required,PASS,,,,
CASE_MR_052,DETERMINISTIC,SECURITY,0.25,2.0,25.0,51.0,True,True,False,False,FOREST,MULTIROTOR,QUADCOPTER,MULTIROTOR,SELECTED,MULTIROTOR,0.8,0.0,0.5,MULTIROTOR; VTOL,"FIXED_WING:Conventional fixed-wing aircraft cannot perform vertical takeoff, vertical landing, or sustained hover.",0.8,Vertical takeoff and precision hover capability | High station-keeping flight control precision | No runway required,PASS,,,,
CASE_MR_053,DETERMINISTIC,DISASTER_RESPONSE,0.5,3.0,25.0,52.0,True,True,False,False,DESERT,MULTIROTOR,QUADCOPTER,MULTIROTOR,SELECTED,MULTIROTOR,0.8,0.0,0.5,MULTIROTOR; VTOL,"FIXED_WING:Conventional fixed-wing aircraft cannot perform vertical takeoff, vertical landing, or sustained hover.",0.8,Vertical takeoff and precision hover capability | High station-keeping flight control precision | No runway required,PASS,,,,
CASE_MR_054,DETERMINISTIC,DELIVERY,1.0,3.0,25.0,53.0,True,True,False,False,COASTAL,MULTIROTOR,QUADCOPTER,MULTIROTOR,SELECTED,MULTIROTOR,0.8,0.0,0.5,MULTIROTOR; VTOL,"FIXED_WING:Conventional fixed-wing aircraft cannot perform vertical takeoff, vertical landing, or sustained hover.",0.8,Vertical takeoff and precision hover capability | High station-keeping flight control precision | No runway required,PASS,,,,
CASE_MR_055,DETERMINISTIC,RESEARCH,2.0,5.0,30.0,54.0,True,True,False,False,MARINE,MULTIROTOR,QUADCOPTER,MULTIROTOR,SELECTED,MULTIROTOR,0.8,0.0,0.5,MULTIROTOR; VTOL,"FIXED_WING:Conventional fixed-wing aircraft cannot perform vertical takeoff, vertical landing, or sustained hover.",0.8,Vertical takeoff and precision hover capability | High station-keeping flight control precision | No runway required,PASS,,,,
CASE_MR_056,DETERMINISTIC,INSPECTION,3.0,5.0,30.0,55.0,True,True,False,False,INDOOR,MULTIROTOR,QUADCOPTER,MULTIROTOR,SELECTED,MULTIROTOR,0.8,0.0,0.0,MULTIROTOR,FIXED_WING:Indoor operating environment prohibits wing-borne forward cruise flight.; VTOL:Indoor operating environment prohibits wing-borne forward cruise flight.,0.8,Vertical takeoff and precision hover capability | High station-keeping flight control precision | No runway required,PASS,,,,
CASE_MR_057,DETERMINISTIC,SECURITY,5.0,8.0,30.0,56.0,True,True,False,True,URBAN,MULTIROTOR,QUADCOPTER,MULTIROTOR,SELECTED,MULTIROTOR,0.8,0.0,0.5,MULTIROTOR; VTOL,"FIXED_WING:Conventional fixed-wing aircraft cannot perform vertical takeoff, vertical landing, or sustained hover.",0.8,Vertical takeoff and precision hover capability | High station-keeping flight control precision | No runway required,PASS,,,,
CASE_MR_058,DETERMINISTIC,DISASTER_RESPONSE,8.0,8.0,35.0,57.0,True,True,False,False,RURAL,MULTIROTOR,QUADCOPTER,MULTIROTOR,SELECTED,MULTIROTOR,0.8,0.0,0.5,MULTIROTOR; VTOL,"FIXED_WING:Conventional fixed-wing aircraft cannot perform vertical takeoff, vertical landing, or sustained hover.",0.8,Vertical takeoff and precision hover capability | High station-keeping flight control precision | No runway required,PASS,,,,
CASE_MR_059,DETERMINISTIC,DELIVERY,12.0,10.0,35.0,58.0,True,True,False,False,MOUNTAIN,MULTIROTOR,QUADCOPTER,MULTIROTOR,SELECTED,MULTIROTOR,0.7,0.0,0.5,MULTIROTOR; VTOL,"FIXED_WING:Conventional fixed-wing aircraft cannot perform vertical takeoff, vertical landing, or sustained hover.",0.9,Vertical takeoff and precision hover capability | High station-keeping flight control precision | No runway required ; CONS: Heavy payload mass requires high multi-rotor motor power draw.,PASS,,,,
CASE_MR_060,DETERMINISTIC,RESEARCH,15.0,10.0,35.0,59.0,True,True,False,False,FOREST,MULTIROTOR,QUADCOPTER,MULTIROTOR,SELECTED,MULTIROTOR,0.7,0.0,0.5,MULTIROTOR; VTOL,"FIXED_WING:Conventional fixed-wing aircraft cannot perform vertical takeoff, vertical landing, or sustained hover.",0.9,Vertical takeoff and precision hover capability | High station-keeping flight control precision | No runway required ; CONS: Heavy payload mass requires high multi-rotor motor power draw.,PASS,,,,
CASE_MR_061,DETERMINISTIC,INSPECTION,0.1,12.0,40.0,40.0,True,True,False,False,DESERT,MULTIROTOR,QUADCOPTER,MULTIROTOR,SELECTED,MULTIROTOR,0.8,0.0,0.5,MULTIROTOR; VTOL,"FIXED_WING:Conventional fixed-wing aircraft cannot perform vertical takeoff, vertical landing, or sustained hover.",0.8,Vertical takeoff and precision hover capability | High station-keeping flight control precision | No runway required,PASS,,,,
CASE_MR_062,DETERMINISTIC,SECURITY,0.25,12.0,40.0,41.0,True,True,False,False,COASTAL,MULTIROTOR,QUADCOPTER,MULTIROTOR,SELECTED,MULTIROTOR,0.8,0.0,0.5,MULTIROTOR; VTOL,"FIXED_WING:Conventional fixed-wing aircraft cannot perform vertical takeoff, vertical landing, or sustained hover.",0.8,Vertical takeoff and precision hover capability | High station-keeping flight control precision | No runway required,PASS,,,,
CASE_MR_063,DETERMINISTIC,DISASTER_RESPONSE,0.5,14.0,40.0,42.0,True,True,False,False,MARINE,MULTIROTOR,QUADCOPTER,MULTIROTOR,SELECTED,MULTIROTOR,0.8,0.0,0.5,MULTIROTOR; VTOL,"FIXED_WING:Conventional fixed-wing aircraft cannot perform vertical takeoff, vertical landing, or sustained hover.",0.8,Vertical takeoff and precision hover capability | High station-keeping flight control precision | No runway required,PASS,,,,
CASE_MR_064,DETERMINISTIC,DELIVERY,1.0,14.0,10.0,43.0,True,True,False,False,INDOOR,MULTIROTOR,QUADCOPTER,MULTIROTOR,SELECTED,MULTIROTOR,0.8,0.0,0.0,MULTIROTOR,FIXED_WING:Indoor operating environment prohibits wing-borne forward cruise flight.; VTOL:Indoor operating environment prohibits wing-borne forward cruise flight.,0.8,Vertical takeoff and precision hover capability | High station-keeping flight control precision | No runway required,PASS,,,,
CASE_MR_065,DETERMINISTIC,RESEARCH,2.0,1.0,10.0,44.0,True,True,False,True,URBAN,MULTIROTOR,QUADCOPTER,MULTIROTOR,SELECTED,MULTIROTOR,0.8,0.0,0.5,MULTIROTOR; VTOL,"FIXED_WING:Conventional fixed-wing aircraft cannot perform vertical takeoff, vertical landing, or sustained hover.",0.8,Vertical takeoff and precision hover capability | High station-keeping flight control precision | No runway required,PASS,,,,
CASE_MR_066,DETERMINISTIC,INSPECTION,3.0,1.0,10.0,45.0,True,True,False,False,RURAL,MULTIROTOR,QUADCOPTER,MULTIROTOR,SELECTED,MULTIROTOR,0.8,0.0,0.5,MULTIROTOR; VTOL,"FIXED_WING:Conventional fixed-wing aircraft cannot perform vertical takeoff, vertical landing, or sustained hover.",0.8,Vertical takeoff and precision hover capability | High station-keeping flight control precision | No runway required,PASS,,,,
CASE_MR_067,DETERMINISTIC,SECURITY,5.0,2.0,15.0,46.0,True,True,False,False,MOUNTAIN,MULTIROTOR,QUADCOPTER,MULTIROTOR,SELECTED,MULTIROTOR,0.8,0.0,0.5,MULTIROTOR; VTOL,"FIXED_WING:Conventional fixed-wing aircraft cannot perform vertical takeoff, vertical landing, or sustained hover.",0.8,Vertical takeoff and precision hover capability | High station-keeping flight control precision | No runway required,PASS,,,,
CASE_MR_068,DETERMINISTIC,DISASTER_RESPONSE,8.0,2.0,15.0,47.0,True,True,False,False,FOREST,MULTIROTOR,QUADCOPTER,MULTIROTOR,SELECTED,MULTIROTOR,0.8,0.0,0.5,MULTIROTOR; VTOL,"FIXED_WING:Conventional fixed-wing aircraft cannot perform vertical takeoff, vertical landing, or sustained hover.",0.8,Vertical takeoff and precision hover capability | High station-keeping flight control precision | No runway required,PASS,,,,
CASE_MR_069,DETERMINISTIC,DELIVERY,12.0,3.0,15.0,48.0,True,True,False,False,DESERT,MULTIROTOR,QUADCOPTER,MULTIROTOR,SELECTED,MULTIROTOR,0.7,0.0,0.5,MULTIROTOR; VTOL,"FIXED_WING:Conventional fixed-wing aircraft cannot perform vertical takeoff, vertical landing, or sustained hover.",0.9,Vertical takeoff and precision hover capability | High station-keeping flight control precision | No runway required ; CONS: Heavy payload mass requires high multi-rotor motor power draw.,PASS,,,,
CASE_MR_070,DETERMINISTIC,RESEARCH,15.0,3.0,20.0,49.0,True,True,False,False,COASTAL,MULTIROTOR,QUADCOPTER,MULTIROTOR,SELECTED,MULTIROTOR,0.7,0.0,0.5,MULTIROTOR; VTOL,"FIXED_WING:Conventional fixed-wing aircraft cannot perform vertical takeoff, vertical landing, or sustained hover.",0.9,Vertical takeoff and precision hover capability | High station-keeping flight control precision | No runway required ; CONS: Heavy payload mass requires high multi-rotor motor power draw.,PASS,,,,
CASE_MR_071,DETERMINISTIC,INSPECTION,0.1,5.0,20.0,50.0,True,True,False,False,MARINE,MULTIROTOR,QUADCOPTER,MULTIROTOR,SELECTED,MULTIROTOR,0.8,0.0,0.5,MULTIROTOR; VTOL,"FIXED_WING:Conventional fixed-wing aircraft cannot perform vertical takeoff, vertical landing, or sustained hover.",0.8,Vertical takeoff and precision hover capability | High station-keeping flight control precision | No runway required,PASS,,,,
CASE_MR_072,DETERMINISTIC,SECURITY,0.25,5.0,20.0,51.0,True,True,False,False,INDOOR,MULTIROTOR,QUADCOPTER,MULTIROTOR,SELECTED,MULTIROTOR,0.8,0.0,0.0,MULTIROTOR,FIXED_WING:Indoor operating environment prohibits wing-borne forward cruise flight.; VTOL:Indoor operating environment prohibits wing-borne forward cruise flight.,0.8,Vertical takeoff and precision hover capability | High station-keeping flight control precision | No runway required,PASS,,,,
CASE_MR_073,DETERMINISTIC,DISASTER_RESPONSE,0.5,8.0,25.0,52.0,True,True,False,True,URBAN,MULTIROTOR,QUADCOPTER,MULTIROTOR,SELECTED,MULTIROTOR,0.8,0.0,0.5,MULTIROTOR; VTOL,"FIXED_WING:Conventional fixed-wing aircraft cannot perform vertical takeoff, vertical landing, or sustained hover.",0.8,Vertical takeoff and precision hover capability | High station-keeping flight control precision | No runway required,PASS,,,,
CASE_MR_074,DETERMINISTIC,DELIVERY,1.0,8.0,25.0,53.0,True,True,False,False,RURAL,MULTIROTOR,QUADCOPTER,MULTIROTOR,SELECTED,MULTIROTOR,0.8,0.0,0.5,MULTIROTOR; VTOL,"FIXED_WING:Conventional fixed-wing aircraft cannot perform vertical takeoff, vertical landing, or sustained hover.",0.8,Vertical takeoff and precision hover capability | High station-keeping flight control precision | No runway required,PASS,,,,
CASE_MR_075,DETERMINISTIC,RESEARCH,2.0,10.0,25.0,54.0,True,True,False,False,MOUNTAIN,MULTIROTOR,QUADCOPTER,MULTIROTOR,SELECTED,MULTIROTOR,0.8,0.0,0.5,MULTIROTOR; VTOL,"FIXED_WING:Conventional fixed-wing aircraft cannot perform vertical takeoff, vertical landing, or sustained hover.",0.8,Vertical takeoff and precision hover capability | High station-keeping flight control precision | No runway required,PASS,,,,
CASE_MR_076,DETERMINISTIC,INSPECTION,3.0,10.0,30.0,55.0,True,True,False,False,FOREST,MULTIROTOR,QUADCOPTER,MULTIROTOR,SELECTED,MULTIROTOR,0.8,0.0,0.5,MULTIROTOR; VTOL,"FIXED_WING:Conventional fixed-wing aircraft cannot perform vertical takeoff, vertical landing, or sustained hover.",0.8,Vertical takeoff and precision hover capability | High station-keeping flight control precision | No runway required,PASS,,,,
CASE_MR_077,DETERMINISTIC,SECURITY,5.0,12.0,30.0,56.0,True,True,False,False,DESERT,MULTIROTOR,QUADCOPTER,MULTIROTOR,SELECTED,MULTIROTOR,0.8,0.0,0.5,MULTIROTOR; VTOL,"FIXED_WING:Conventional fixed-wing aircraft cannot perform vertical takeoff, vertical landing, or sustained hover.",0.8,Vertical takeoff and precision hover capability | High station-keeping flight control precision | No runway required,PASS,,,,
CASE_MR_078,DETERMINISTIC,DISASTER_RESPONSE,8.0,12.0,30.0,57.0,True,True,False,False,COASTAL,MULTIROTOR,QUADCOPTER,MULTIROTOR,SELECTED,MULTIROTOR,0.8,0.0,0.5,MULTIROTOR; VTOL,"FIXED_WING:Conventional fixed-wing aircraft cannot perform vertical takeoff, vertical landing, or sustained hover.",0.8,Vertical takeoff and precision hover capability | High station-keeping flight control precision | No runway required,PASS,,,,
CASE_MR_079,DETERMINISTIC,DELIVERY,12.0,14.0,35.0,58.0,True,True,False,False,MARINE,MULTIROTOR,QUADCOPTER,MULTIROTOR,SELECTED,MULTIROTOR,0.7,0.0,0.5,MULTIROTOR; VTOL,"FIXED_WING:Conventional fixed-wing aircraft cannot perform vertical takeoff, vertical landing, or sustained hover.",0.9,Vertical takeoff and precision hover capability | High station-keeping flight control precision | No runway required ; CONS: Heavy payload mass requires high multi-rotor motor power draw.,PASS,,,,
CASE_MR_080,DETERMINISTIC,RESEARCH,15.0,14.0,35.0,59.0,True,True,False,False,INDOOR,MULTIROTOR,QUADCOPTER,MULTIROTOR,SELECTED,MULTIROTOR,0.7,0.0,0.0,MULTIROTOR,FIXED_WING:Indoor operating environment prohibits wing-borne forward cruise flight.; VTOL:Indoor operating environment prohibits wing-borne forward cruise flight.,0.7,Vertical takeoff and precision hover capability | High station-keeping flight control precision | No runway required ; CONS: Heavy payload mass requires high multi-rotor motor power draw.,PASS,,,,
CASE_MR_081,DETERMINISTIC,INSPECTION,0.1,1.0,35.0,40.0,True,True,False,True,URBAN,MULTIROTOR,QUADCOPTER,MULTIROTOR,SELECTED,MULTIROTOR,0.8,0.0,0.5,MULTIROTOR; VTOL,"FIXED_WING:Conventional fixed-wing aircraft cannot perform vertical takeoff, vertical landing, or sustained hover.",0.8,Vertical takeoff and precision hover capability | High station-keeping flight control precision | No runway required,PASS,,,,
CASE_MR_082,DETERMINISTIC,SECURITY,0.25,1.0,40.0,41.0,True,True,False,False,RURAL,MULTIROTOR,QUADCOPTER,MULTIROTOR,SELECTED,MULTIROTOR,0.8,0.0,0.5,MULTIROTOR; VTOL,"FIXED_WING:Conventional fixed-wing aircraft cannot perform vertical takeoff, vertical landing, or sustained hover.",0.8,Vertical takeoff and precision hover capability | High station-keeping flight control precision | No runway required,PASS,,,,
CASE_MR_083,DETERMINISTIC,DISASTER_RESPONSE,0.5,2.0,40.0,42.0,True,True,False,False,MOUNTAIN,MULTIROTOR,QUADCOPTER,MULTIROTOR,SELECTED,MULTIROTOR,0.8,0.0,0.5,MULTIROTOR; VTOL,"FIXED_WING:Conventional fixed-wing aircraft cannot perform vertical takeoff, vertical landing, or sustained hover.",0.8,Vertical takeoff and precision hover capability | High station-keeping flight control precision | No runway required,PASS,,,,
CASE_MR_084,DETERMINISTIC,DELIVERY,1.0,2.0,40.0,43.0,True,True,False,False,FOREST,MULTIROTOR,QUADCOPTER,MULTIROTOR,SELECTED,MULTIROTOR,0.8,0.0,0.5,MULTIROTOR; VTOL,"FIXED_WING:Conventional fixed-wing aircraft cannot perform vertical takeoff, vertical landing, or sustained hover.",0.8,Vertical takeoff and precision hover capability | High station-keeping flight control precision | No runway required,PASS,,,,
CASE_MR_085,DETERMINISTIC,RESEARCH,2.0,3.0,10.0,44.0,True,True,False,False,DESERT,MULTIROTOR,QUADCOPTER,MULTIROTOR,SELECTED,MULTIROTOR,0.8,0.0,0.5,MULTIROTOR; VTOL,"FIXED_WING:Conventional fixed-wing aircraft cannot perform vertical takeoff, vertical landing, or sustained hover.",0.8,Vertical takeoff and precision hover capability | High station-keeping flight control precision | No runway required,PASS,,,,
CASE_MR_086,DETERMINISTIC,INSPECTION,3.0,3.0,10.0,45.0,True,True,False,False,COASTAL,MULTIROTOR,QUADCOPTER,MULTIROTOR,SELECTED,MULTIROTOR,0.8,0.0,0.5,MULTIROTOR; VTOL,"FIXED_WING:Conventional fixed-wing aircraft cannot perform vertical takeoff, vertical landing, or sustained hover.",0.8,Vertical takeoff and precision hover capability | High station-keeping flight control precision | No runway required,PASS,,,,
CASE_MR_087,DETERMINISTIC,SECURITY,5.0,5.0,10.0,46.0,True,True,False,False,MARINE,MULTIROTOR,QUADCOPTER,MULTIROTOR,SELECTED,MULTIROTOR,0.8,0.0,0.5,MULTIROTOR; VTOL,"FIXED_WING:Conventional fixed-wing aircraft cannot perform vertical takeoff, vertical landing, or sustained hover.",0.8,Vertical takeoff and precision hover capability | High station-keeping flight control precision | No runway required,PASS,,,,
CASE_MR_088,DETERMINISTIC,DISASTER_RESPONSE,8.0,5.0,15.0,47.0,True,True,False,False,INDOOR,MULTIROTOR,QUADCOPTER,MULTIROTOR,SELECTED,MULTIROTOR,0.8,0.0,0.0,MULTIROTOR,FIXED_WING:Indoor operating environment prohibits wing-borne forward cruise flight.; VTOL:Indoor operating environment prohibits wing-borne forward cruise flight.,0.8,Vertical takeoff and precision hover capability | High station-keeping flight control precision | No runway required,PASS,,,,
CASE_MR_089,DETERMINISTIC,DELIVERY,12.0,8.0,15.0,48.0,True,True,False,True,URBAN,MULTIROTOR,QUADCOPTER,MULTIROTOR,SELECTED,MULTIROTOR,0.7,0.0,0.5,MULTIROTOR; VTOL,"FIXED_WING:Conventional fixed-wing aircraft cannot perform vertical takeoff, vertical landing, or sustained hover.",0.9,Vertical takeoff and precision hover capability | High station-keeping flight control precision | No runway required ; CONS: Heavy payload mass requires high multi-rotor motor power draw.,PASS,,,,
CASE_MR_090,DETERMINISTIC,RESEARCH,15.0,8.0,15.0,49.0,True,True,False,False,RURAL,MULTIROTOR,QUADCOPTER,MULTIROTOR,SELECTED,MULTIROTOR,0.7,0.0,0.5,MULTIROTOR; VTOL,"FIXED_WING:Conventional fixed-wing aircraft cannot perform vertical takeoff, vertical landing, or sustained hover.",0.9,Vertical takeoff and precision hover capability | High station-keeping flight control precision | No runway required ; CONS: Heavy payload mass requires high multi-rotor motor power draw.,PASS,,,,
CASE_MR_091,DETERMINISTIC,INSPECTION,0.1,10.0,20.0,50.0,True,True,False,False,MOUNTAIN,MULTIROTOR,QUADCOPTER,MULTIROTOR,SELECTED,MULTIROTOR,0.8,0.0,0.5,MULTIROTOR; VTOL,"FIXED_WING:Conventional fixed-wing aircraft cannot perform vertical takeoff, vertical landing, or sustained hover.",0.8,Vertical takeoff and precision hover capability | High station-keeping flight control precision | No runway required,PASS,,,,
CASE_MR_092,DETERMINISTIC,SECURITY,0.25,10.0,20.0,51.0,True,True,False,False,FOREST,MULTIROTOR,QUADCOPTER,MULTIROTOR,SELECTED,MULTIROTOR,0.8,0.0,0.5,MULTIROTOR; VTOL,"FIXED_WING:Conventional fixed-wing aircraft cannot perform vertical takeoff, vertical landing, or sustained hover.",0.8,Vertical takeoff and precision hover capability | High station-keeping flight control precision | No runway required,PASS,,,,
CASE_MR_093,DETERMINISTIC,DISASTER_RESPONSE,0.5,12.0,20.0,52.0,True,True,False,False,DESERT,MULTIROTOR,QUADCOPTER,MULTIROTOR,SELECTED,MULTIROTOR,0.8,0.0,0.5,MULTIROTOR; VTOL,"FIXED_WING:Conventional fixed-wing aircraft cannot perform vertical takeoff, vertical landing, or sustained hover.",0.8,Vertical takeoff and precision hover capability | High station-keeping flight control precision | No runway required,PASS,,,,
CASE_MR_094,DETERMINISTIC,DELIVERY,1.0,12.0,25.0,53.0,True,True,False,False,COASTAL,MULTIROTOR,QUADCOPTER,MULTIROTOR,SELECTED,MULTIROTOR,0.8,0.0,0.5,MULTIROTOR; VTOL,"FIXED_WING:Conventional fixed-wing aircraft cannot perform vertical takeoff, vertical landing, or sustained hover.",0.8,Vertical takeoff and precision hover capability | High station-keeping flight control precision | No runway required,PASS,,,,
CASE_MR_095,DETERMINISTIC,RESEARCH,2.0,14.0,25.0,54.0,True,True,False,False,MARINE,MULTIROTOR,QUADCOPTER,MULTIROTOR,SELECTED,MULTIROTOR,0.8,0.0,0.5,MULTIROTOR; VTOL,"FIXED_WING:Conventional fixed-wing aircraft cannot perform vertical takeoff, vertical landing, or sustained hover.",0.8,Vertical takeoff and precision hover capability | High station-keeping flight control precision | No runway required,PASS,,,,
CASE_MR_096,DETERMINISTIC,INSPECTION,3.0,14.0,25.0,55.0,True,True,False,False,INDOOR,MULTIROTOR,QUADCOPTER,MULTIROTOR,SELECTED,MULTIROTOR,0.8,0.0,0.0,MULTIROTOR,FIXED_WING:Indoor operating environment prohibits wing-borne forward cruise flight.; VTOL:Indoor operating environment prohibits wing-borne forward cruise flight.,0.8,Vertical takeoff and precision hover capability | High station-keeping flight control precision | No runway required,PASS,,,,
CASE_MR_097,DETERMINISTIC,SECURITY,5.0,1.0,30.0,56.0,True,True,False,True,URBAN,MULTIROTOR,QUADCOPTER,MULTIROTOR,SELECTED,MULTIROTOR,0.8,0.0,0.5,MULTIROTOR; VTOL,"FIXED_WING:Conventional fixed-wing aircraft cannot perform vertical takeoff, vertical landing, or sustained hover.",0.8,Vertical takeoff and precision hover capability | High station-keeping flight control precision | No runway required,PASS,,,,
CASE_MR_098,DETERMINISTIC,DISASTER_RESPONSE,8.0,1.0,30.0,57.0,True,True,False,False,RURAL,MULTIROTOR,QUADCOPTER,MULTIROTOR,SELECTED,MULTIROTOR,0.8,0.0,0.5,MULTIROTOR; VTOL,"FIXED_WING:Conventional fixed-wing aircraft cannot perform vertical takeoff, vertical landing, or sustained hover.",0.8,Vertical takeoff and precision hover capability | High station-keeping flight control precision | No runway required,PASS,,,,
CASE_MR_099,DETERMINISTIC,DELIVERY,12.0,2.0,30.0,58.0,True,True,False,False,MOUNTAIN,MULTIROTOR,QUADCOPTER,MULTIROTOR,SELECTED,MULTIROTOR,0.7,0.0,0.5,MULTIROTOR; VTOL,"FIXED_WING:Conventional fixed-wing aircraft cannot perform vertical takeoff, vertical landing, or sustained hover.",0.9,Vertical takeoff and precision hover capability | High station-keeping flight control precision | No runway required ; CONS: Heavy payload mass requires high multi-rotor motor power draw.,PASS,,,,
CASE_MR_100,DETERMINISTIC,RESEARCH,15.0,2.0,35.0,59.0,True,True,False,False,FOREST,MULTIROTOR,QUADCOPTER,MULTIROTOR,SELECTED,MULTIROTOR,0.7,0.0,0.5,MULTIROTOR; VTOL,"FIXED_WING:Conventional fixed-wing aircraft cannot perform vertical takeoff, vertical landing, or sustained hover.",0.9,Vertical takeoff and precision hover capability | High station-keeping flight control precision | No runway required ; CONS: Heavy payload mass requires high multi-rotor motor power draw.,PASS,,,,
CASE_MR_101,DETERMINISTIC,INSPECTION,0.1,3.0,35.0,40.0,True,True,False,False,DESERT,MULTIROTOR,QUADCOPTER,MULTIROTOR,SELECTED,MULTIROTOR,0.8,0.0,0.5,MULTIROTOR; VTOL,"FIXED_WING:Conventional fixed-wing aircraft cannot perform vertical takeoff, vertical landing, or sustained hover.",0.8,Vertical takeoff and precision hover capability | High station-keeping flight control precision | No runway required,PASS,,,,
CASE_MR_102,DETERMINISTIC,SECURITY,0.25,3.0,35.0,41.0,True,True,False,False,COASTAL,MULTIROTOR,QUADCOPTER,MULTIROTOR,SELECTED,MULTIROTOR,0.8,0.0,0.5,MULTIROTOR; VTOL,"FIXED_WING:Conventional fixed-wing aircraft cannot perform vertical takeoff, vertical landing, or sustained hover.",0.8,Vertical takeoff and precision hover capability | High station-keeping flight control precision | No runway required,PASS,,,,
CASE_MR_103,DETERMINISTIC,DISASTER_RESPONSE,0.5,5.0,40.0,42.0,True,True,False,False,MARINE,MULTIROTOR,QUADCOPTER,MULTIROTOR,SELECTED,MULTIROTOR,0.8,0.0,0.5,MULTIROTOR; VTOL,"FIXED_WING:Conventional fixed-wing aircraft cannot perform vertical takeoff, vertical landing, or sustained hover.",0.8,Vertical takeoff and precision hover capability | High station-keeping flight control precision | No runway required,PASS,,,,
CASE_MR_104,DETERMINISTIC,DELIVERY,1.0,5.0,40.0,43.0,True,True,False,False,INDOOR,MULTIROTOR,QUADCOPTER,MULTIROTOR,SELECTED,MULTIROTOR,0.8,0.0,0.0,MULTIROTOR,FIXED_WING:Indoor operating environment prohibits wing-borne forward cruise flight.; VTOL:Indoor operating environment prohibits wing-borne forward cruise flight.,0.8,Vertical takeoff and precision hover capability | High station-keeping flight control precision | No runway required,PASS,,,,
CASE_MR_105,DETERMINISTIC,RESEARCH,2.0,8.0,40.0,44.0,True,True,False,True,URBAN,MULTIROTOR,QUADCOPTER,MULTIROTOR,SELECTED,MULTIROTOR,0.8,0.0,0.5,MULTIROTOR; VTOL,"FIXED_WING:Conventional fixed-wing aircraft cannot perform vertical takeoff, vertical landing, or sustained hover.",0.8,Vertical takeoff and precision hover capability | High station-keeping flight control precision | No runway required,PASS,,,,
CASE_MR_106,DETERMINISTIC,INSPECTION,3.0,8.0,10.0,45.0,True,True,False,False,RURAL,MULTIROTOR,QUADCOPTER,MULTIROTOR,SELECTED,MULTIROTOR,0.8,0.0,0.5,MULTIROTOR; VTOL,"FIXED_WING:Conventional fixed-wing aircraft cannot perform vertical takeoff, vertical landing, or sustained hover.",0.8,Vertical takeoff and precision hover capability | High station-keeping flight control precision | No runway required,PASS,,,,
CASE_MR_107,DETERMINISTIC,SECURITY,5.0,10.0,10.0,46.0,True,True,False,False,MOUNTAIN,MULTIROTOR,QUADCOPTER,MULTIROTOR,SELECTED,MULTIROTOR,0.8,0.0,0.5,MULTIROTOR; VTOL,"FIXED_WING:Conventional fixed-wing aircraft cannot perform vertical takeoff, vertical landing, or sustained hover.",0.8,Vertical takeoff and precision hover capability | High station-keeping flight control precision | No runway required,PASS,,,,
CASE_MR_108,DETERMINISTIC,DISASTER_RESPONSE,8.0,10.0,10.0,47.0,True,True,False,False,FOREST,MULTIROTOR,QUADCOPTER,MULTIROTOR,SELECTED,MULTIROTOR,0.8,0.0,0.5,MULTIROTOR; VTOL,"FIXED_WING:Conventional fixed-wing aircraft cannot perform vertical takeoff, vertical landing, or sustained hover.",0.8,Vertical takeoff and precision hover capability | High station-keeping flight control precision | No runway required,PASS,,,,
CASE_MR_109,DETERMINISTIC,DELIVERY,12.0,12.0,15.0,48.0,True,True,False,False,DESERT,MULTIROTOR,QUADCOPTER,MULTIROTOR,SELECTED,MULTIROTOR,0.7,0.0,0.5,MULTIROTOR; VTOL,"FIXED_WING:Conventional fixed-wing aircraft cannot perform vertical takeoff, vertical landing, or sustained hover.",0.9,Vertical takeoff and precision hover capability | High station-keeping flight control precision | No runway required ; CONS: Heavy payload mass requires high multi-rotor motor power draw.,PASS,,,,
CASE_MR_110,DETERMINISTIC,RESEARCH,15.0,12.0,15.0,49.0,True,True,False,False,COASTAL,MULTIROTOR,QUADCOPTER,MULTIROTOR,SELECTED,MULTIROTOR,0.7,0.0,0.5,MULTIROTOR; VTOL,"FIXED_WING:Conventional fixed-wing aircraft cannot perform vertical takeoff, vertical landing, or sustained hover.",0.9,Vertical takeoff and precision hover capability | High station-keeping flight control precision | No runway required ; CONS: Heavy payload mass requires high multi-rotor motor power draw.,PASS,,,,
CASE_MR_111,DETERMINISTIC,INSPECTION,0.1,14.0,15.0,50.0,True,True,False,False,MARINE,MULTIROTOR,QUADCOPTER,MULTIROTOR,SELECTED,MULTIROTOR,0.8,0.0,0.5,MULTIROTOR; VTOL,"FIXED_WING:Conventional fixed-wing aircraft cannot perform vertical takeoff, vertical landing, or sustained hover.",0.8,Vertical takeoff and precision hover capability | High station-keeping flight control precision | No runway required,PASS,,,,
CASE_MR_112,DETERMINISTIC,SECURITY,0.25,14.0,20.0,51.0,True,True,False,False,INDOOR,MULTIROTOR,QUADCOPTER,MULTIROTOR,SELECTED,MULTIROTOR,0.8,0.0,0.0,MULTIROTOR,FIXED_WING:Indoor operating environment prohibits wing-borne forward cruise flight.; VTOL:Indoor operating environment prohibits wing-borne forward cruise flight.,0.8,Vertical takeoff and precision hover capability | High station-keeping flight control precision | No runway required,PASS,,,,
CASE_MR_113,DETERMINISTIC,DISASTER_RESPONSE,0.5,1.0,20.0,52.0,True,True,False,True,URBAN,MULTIROTOR,QUADCOPTER,MULTIROTOR,SELECTED,MULTIROTOR,0.8,0.0,0.5,MULTIROTOR; VTOL,"FIXED_WING:Conventional fixed-wing aircraft cannot perform vertical takeoff, vertical landing, or sustained hover.",0.8,Vertical takeoff and precision hover capability | High station-keeping flight control precision | No runway required,PASS,,,,
CASE_MR_114,DETERMINISTIC,DELIVERY,1.0,1.0,20.0,53.0,True,True,False,False,RURAL,MULTIROTOR,QUADCOPTER,MULTIROTOR,SELECTED,MULTIROTOR,0.8,0.0,0.5,MULTIROTOR; VTOL,"FIXED_WING:Conventional fixed-wing aircraft cannot perform vertical takeoff, vertical landing, or sustained hover.",0.8,Vertical takeoff and precision hover capability | High station-keeping flight control precision | No runway required,PASS,,,,
CASE_MR_115,DETERMINISTIC,RESEARCH,2.0,2.0,25.0,54.0,True,True,False,False,MOUNTAIN,MULTIROTOR,QUADCOPTER,MULTIROTOR,SELECTED,MULTIROTOR,0.8,0.0,0.5,MULTIROTOR; VTOL,"FIXED_WING:Conventional fixed-wing aircraft cannot perform vertical takeoff, vertical landing, or sustained hover.",0.8,Vertical takeoff and precision hover capability | High station-keeping flight control precision | No runway required,PASS,,,,
CASE_MR_116,DETERMINISTIC,INSPECTION,3.0,2.0,25.0,55.0,True,True,False,False,FOREST,MULTIROTOR,QUADCOPTER,MULTIROTOR,SELECTED,MULTIROTOR,0.8,0.0,0.5,MULTIROTOR; VTOL,"FIXED_WING:Conventional fixed-wing aircraft cannot perform vertical takeoff, vertical landing, or sustained hover.",0.8,Vertical takeoff and precision hover capability | High station-keeping flight control precision | No runway required,PASS,,,,
CASE_MR_117,DETERMINISTIC,SECURITY,5.0,3.0,25.0,56.0,True,True,False,False,DESERT,MULTIROTOR,QUADCOPTER,MULTIROTOR,SELECTED,MULTIROTOR,0.8,0.0,0.5,MULTIROTOR; VTOL,"FIXED_WING:Conventional fixed-wing aircraft cannot perform vertical takeoff, vertical landing, or sustained hover.",0.8,Vertical takeoff and precision hover capability | High station-keeping flight control precision | No runway required,PASS,,,,
CASE_MR_118,DETERMINISTIC,DISASTER_RESPONSE,8.0,3.0,30.0,57.0,True,True,False,False,COASTAL,MULTIROTOR,QUADCOPTER,MULTIROTOR,SELECTED,MULTIROTOR,0.8,0.0,0.5,MULTIROTOR; VTOL,"FIXED_WING:Conventional fixed-wing aircraft cannot perform vertical takeoff, vertical landing, or sustained hover.",0.8,Vertical takeoff and precision hover capability | High station-keeping flight control precision | No runway required,PASS,,,,
CASE_MR_119,DETERMINISTIC,DELIVERY,12.0,5.0,30.0,58.0,True,True,False,False,MARINE,MULTIROTOR,QUADCOPTER,MULTIROTOR,SELECTED,MULTIROTOR,0.7,0.0,0.5,MULTIROTOR; VTOL,"FIXED_WING:Conventional fixed-wing aircraft cannot perform vertical takeoff, vertical landing, or sustained hover.",0.9,Vertical takeoff and precision hover capability | High station-keeping flight control precision | No runway required ; CONS: Heavy payload mass requires high multi-rotor motor power draw.,PASS,,,,
CASE_MR_120,DETERMINISTIC,RESEARCH,15.0,5.0,30.0,59.0,True,True,False,False,INDOOR,MULTIROTOR,QUADCOPTER,MULTIROTOR,SELECTED,MULTIROTOR,0.7,0.0,0.0,MULTIROTOR,FIXED_WING:Indoor operating environment prohibits wing-borne forward cruise flight.; VTOL:Indoor operating environment prohibits wing-borne forward cruise flight.,0.7,Vertical takeoff and precision hover capability | High station-keeping flight control precision | No runway required ; CONS: Heavy payload mass requires high multi-rotor motor power draw.,PASS,,,,
CASE_MR_121,DETERMINISTIC,INSPECTION,0.1,8.0,35.0,40.0,True,True,False,True,URBAN,MULTIROTOR,QUADCOPTER,MULTIROTOR,SELECTED,MULTIROTOR,0.8,0.0,0.5,MULTIROTOR; VTOL,"FIXED_WING:Conventional fixed-wing aircraft cannot perform vertical takeoff, vertical landing, or sustained hover.",0.8,Vertical takeoff and precision hover capability | High station-keeping flight control precision | No runway required,PASS,,,,
CASE_MR_122,DETERMINISTIC,SECURITY,0.25,8.0,35.0,41.0,True,True,False,False,RURAL,MULTIROTOR,QUADCOPTER,MULTIROTOR,SELECTED,MULTIROTOR,0.8,0.0,0.5,MULTIROTOR; VTOL,"FIXED_WING:Conventional fixed-wing aircraft cannot perform vertical takeoff, vertical landing, or sustained hover.",0.8,Vertical takeoff and precision hover capability | High station-keeping flight control precision | No runway required,PASS,,,,
CASE_MR_123,DETERMINISTIC,DISASTER_RESPONSE,0.5,10.0,35.0,42.0,True,True,False,False,MOUNTAIN,MULTIROTOR,QUADCOPTER,MULTIROTOR,SELECTED,MULTIROTOR,0.8,0.0,0.5,MULTIROTOR; VTOL,"FIXED_WING:Conventional fixed-wing aircraft cannot perform vertical takeoff, vertical landing, or sustained hover.",0.8,Vertical takeoff and precision hover capability | High station-keeping flight control precision | No runway required,PASS,,,,
CASE_MR_124,DETERMINISTIC,DELIVERY,1.0,10.0,40.0,43.0,True,True,False,False,FOREST,MULTIROTOR,QUADCOPTER,MULTIROTOR,SELECTED,MULTIROTOR,0.8,0.0,0.5,MULTIROTOR; VTOL,"FIXED_WING:Conventional fixed-wing aircraft cannot perform vertical takeoff, vertical landing, or sustained hover.",0.8,Vertical takeoff and precision hover capability | High station-keeping flight control precision | No runway required,PASS,,,,
CASE_MR_125,DETERMINISTIC,RESEARCH,2.0,12.0,40.0,44.0,True,True,False,False,DESERT,MULTIROTOR,QUADCOPTER,MULTIROTOR,SELECTED,MULTIROTOR,0.8,0.0,0.5,MULTIROTOR; VTOL,"FIXED_WING:Conventional fixed-wing aircraft cannot perform vertical takeoff, vertical landing, or sustained hover.",0.8,Vertical takeoff and precision hover capability | High station-keeping flight control precision | No runway required,PASS,,,,
CASE_MR_126,DETERMINISTIC,INSPECTION,3.0,12.0,40.0,45.0,True,True,False,False,COASTAL,MULTIROTOR,QUADCOPTER,MULTIROTOR,SELECTED,MULTIROTOR,0.8,0.0,0.5,MULTIROTOR; VTOL,"FIXED_WING:Conventional fixed-wing aircraft cannot perform vertical takeoff, vertical landing, or sustained hover.",0.8,Vertical takeoff and precision hover capability | High station-keeping flight control precision | No runway required,PASS,,,,
CASE_MR_127,DETERMINISTIC,SECURITY,5.0,14.0,10.0,46.0,True,True,False,False,MARINE,MULTIROTOR,QUADCOPTER,MULTIROTOR,SELECTED,MULTIROTOR,0.8,0.0,0.5,MULTIROTOR; VTOL,"FIXED_WING:Conventional fixed-wing aircraft cannot perform vertical takeoff, vertical landing, or sustained hover.",0.8,Vertical takeoff and precision hover capability | High station-keeping flight control precision | No runway required,PASS,,,,
CASE_MR_128,DETERMINISTIC,DISASTER_RESPONSE,8.0,14.0,10.0,47.0,True,True,False,False,INDOOR,MULTIROTOR,QUADCOPTER,MULTIROTOR,SELECTED,MULTIROTOR,0.8,0.0,0.0,MULTIROTOR,FIXED_WING:Indoor operating environment prohibits wing-borne forward cruise flight.; VTOL:Indoor operating environment prohibits wing-borne forward cruise flight.,0.8,Vertical takeoff and precision hover capability | High station-keeping flight control precision | No runway required,PASS,,,,
CASE_MR_129,DETERMINISTIC,DELIVERY,12.0,1.0,10.0,48.0,True,True,False,True,URBAN,MULTIROTOR,QUADCOPTER,MULTIROTOR,SELECTED,MULTIROTOR,0.7,0.0,0.5,MULTIROTOR; VTOL,"FIXED_WING:Conventional fixed-wing aircraft cannot perform vertical takeoff, vertical landing, or sustained hover.",0.9,Vertical takeoff and precision hover capability | High station-keeping flight control precision | No runway required ; CONS: Heavy payload mass requires high multi-rotor motor power draw.,PASS,,,,
CASE_MR_130,DETERMINISTIC,RESEARCH,15.0,1.0,15.0,49.0,True,True,False,False,RURAL,MULTIROTOR,QUADCOPTER,MULTIROTOR,SELECTED,MULTIROTOR,0.7,0.0,0.5,MULTIROTOR; VTOL,"FIXED_WING:Conventional fixed-wing aircraft cannot perform vertical takeoff, vertical landing, or sustained hover.",0.9,Vertical takeoff and precision hover capability | High station-keeping flight control precision | No runway required ; CONS: Heavy payload mass requires high multi-rotor motor power draw.,PASS,,,,
CASE_MR_131,DETERMINISTIC,INSPECTION,0.1,2.0,15.0,50.0,True,True,False,False,MOUNTAIN,MULTIROTOR,QUADCOPTER,MULTIROTOR,SELECTED,MULTIROTOR,0.8,0.0,0.5,MULTIROTOR; VTOL,"FIXED_WING:Conventional fixed-wing aircraft cannot perform vertical takeoff, vertical landing, or sustained hover.",0.8,Vertical takeoff and precision hover capability | High station-keeping flight control precision | No runway required,PASS,,,,
CASE_MR_132,DETERMINISTIC,SECURITY,0.25,2.0,15.0,51.0,True,True,False,False,FOREST,MULTIROTOR,QUADCOPTER,MULTIROTOR,SELECTED,MULTIROTOR,0.8,0.0,0.5,MULTIROTOR; VTOL,"FIXED_WING:Conventional fixed-wing aircraft cannot perform vertical takeoff, vertical landing, or sustained hover.",0.8,Vertical takeoff and precision hover capability | High station-keeping flight control precision | No runway required,PASS,,,,
CASE_MR_133,DETERMINISTIC,DISASTER_RESPONSE,0.5,3.0,20.0,52.0,True,True,False,False,DESERT,MULTIROTOR,QUADCOPTER,MULTIROTOR,SELECTED,MULTIROTOR,0.8,0.0,0.5,MULTIROTOR; VTOL,"FIXED_WING:Conventional fixed-wing aircraft cannot perform vertical takeoff, vertical landing, or sustained hover.",0.8,Vertical takeoff and precision hover capability | High station-keeping flight control precision | No runway required,PASS,,,,
CASE_MR_134,DETERMINISTIC,DELIVERY,1.0,3.0,20.0,53.0,True,True,False,False,COASTAL,MULTIROTOR,QUADCOPTER,MULTIROTOR,SELECTED,MULTIROTOR,0.8,0.0,0.5,MULTIROTOR; VTOL,"FIXED_WING:Conventional fixed-wing aircraft cannot perform vertical takeoff, vertical landing, or sustained hover.",0.8,Vertical takeoff and precision hover capability | High station-keeping flight control precision | No runway required,PASS,,,,
CASE_MR_135,DETERMINISTIC,RESEARCH,2.0,5.0,20.0,54.0,True,True,False,False,MARINE,MULTIROTOR,QUADCOPTER,MULTIROTOR,SELECTED,MULTIROTOR,0.8,0.0,0.5,MULTIROTOR; VTOL,"FIXED_WING:Conventional fixed-wing aircraft cannot perform vertical takeoff, vertical landing, or sustained hover.",0.8,Vertical takeoff and precision hover capability | High station-keeping flight control precision | No runway required,PASS,,,,
CASE_MR_136,DETERMINISTIC,INSPECTION,3.0,5.0,25.0,55.0,True,True,False,False,INDOOR,MULTIROTOR,QUADCOPTER,MULTIROTOR,SELECTED,MULTIROTOR,0.8,0.0,0.0,MULTIROTOR,FIXED_WING:Indoor operating environment prohibits wing-borne forward cruise flight.; VTOL:Indoor operating environment prohibits wing-borne forward cruise flight.,0.8,Vertical takeoff and precision hover capability | High station-keeping flight control precision | No runway required,PASS,,,,
CASE_MR_137,DETERMINISTIC,SECURITY,5.0,8.0,25.0,56.0,True,True,False,True,URBAN,MULTIROTOR,QUADCOPTER,MULTIROTOR,SELECTED,MULTIROTOR,0.8,0.0,0.5,MULTIROTOR; VTOL,"FIXED_WING:Conventional fixed-wing aircraft cannot perform vertical takeoff, vertical landing, or sustained hover.",0.8,Vertical takeoff and precision hover capability | High station-keeping flight control precision | No runway required,PASS,,,,
CASE_MR_138,DETERMINISTIC,DISASTER_RESPONSE,8.0,8.0,25.0,57.0,True,True,False,False,RURAL,MULTIROTOR,QUADCOPTER,MULTIROTOR,SELECTED,MULTIROTOR,0.8,0.0,0.5,MULTIROTOR; VTOL,"FIXED_WING:Conventional fixed-wing aircraft cannot perform vertical takeoff, vertical landing, or sustained hover.",0.8,Vertical takeoff and precision hover capability | High station-keeping flight control precision | No runway required,PASS,,,,
CASE_MR_139,DETERMINISTIC,DELIVERY,12.0,10.0,30.0,58.0,True,True,False,False,MOUNTAIN,MULTIROTOR,QUADCOPTER,MULTIROTOR,SELECTED,MULTIROTOR,0.7,0.0,0.5,MULTIROTOR; VTOL,"FIXED_WING:Conventional fixed-wing aircraft cannot perform vertical takeoff, vertical landing, or sustained hover.",0.9,Vertical takeoff and precision hover capability | High station-keeping flight control precision | No runway required ; CONS: Heavy payload mass requires high multi-rotor motor power draw.,PASS,,,,
CASE_MR_140,DETERMINISTIC,RESEARCH,15.0,10.0,30.0,59.0,True,True,False,False,FOREST,MULTIROTOR,QUADCOPTER,MULTIROTOR,SELECTED,MULTIROTOR,0.7,0.0,0.5,MULTIROTOR; VTOL,"FIXED_WING:Conventional fixed-wing aircraft cannot perform vertical takeoff, vertical landing, or sustained hover.",0.9,Vertical takeoff and precision hover capability | High station-keeping flight control precision | No runway required ; CONS: Heavy payload mass requires high multi-rotor motor power draw.,PASS,,,,
CASE_MR_141,DETERMINISTIC,INSPECTION,0.1,12.0,30.0,40.0,True,True,False,False,DESERT,MULTIROTOR,QUADCOPTER,MULTIROTOR,SELECTED,MULTIROTOR,0.8,0.0,0.5,MULTIROTOR; VTOL,"FIXED_WING:Conventional fixed-wing aircraft cannot perform vertical takeoff, vertical landing, or sustained hover.",0.8,Vertical takeoff and precision hover capability | High station-keeping flight control precision | No runway required,PASS,,,,
CASE_MR_142,DETERMINISTIC,SECURITY,0.25,12.0,35.0,41.0,True,True,False,False,COASTAL,MULTIROTOR,QUADCOPTER,MULTIROTOR,SELECTED,MULTIROTOR,0.8,0.0,0.5,MULTIROTOR; VTOL,"FIXED_WING:Conventional fixed-wing aircraft cannot perform vertical takeoff, vertical landing, or sustained hover.",0.8,Vertical takeoff and precision hover capability | High station-keeping flight control precision | No runway required,PASS,,,,
CASE_MR_143,DETERMINISTIC,DISASTER_RESPONSE,0.5,14.0,35.0,42.0,True,True,False,False,MARINE,MULTIROTOR,QUADCOPTER,MULTIROTOR,SELECTED,MULTIROTOR,0.8,0.0,0.5,MULTIROTOR; VTOL,"FIXED_WING:Conventional fixed-wing aircraft cannot perform vertical takeoff, vertical landing, or sustained hover.",0.8,Vertical takeoff and precision hover capability | High station-keeping flight control precision | No runway required,PASS,,,,
CASE_MR_144,DETERMINISTIC,DELIVERY,1.0,14.0,35.0,43.0,True,True,False,False,INDOOR,MULTIROTOR,QUADCOPTER,MULTIROTOR,SELECTED,MULTIROTOR,0.8,0.0,0.0,MULTIROTOR,FIXED_WING:Indoor operating environment prohibits wing-borne forward cruise flight.; VTOL:Indoor operating environment prohibits wing-borne forward cruise flight.,0.8,Vertical takeoff and precision hover capability | High station-keeping flight control precision | No runway required,PASS,,,,
CASE_MR_145,DETERMINISTIC,RESEARCH,2.0,1.0,40.0,44.0,True,True,False,True,URBAN,MULTIROTOR,QUADCOPTER,MULTIROTOR,SELECTED,MULTIROTOR,0.8,0.0,0.5,MULTIROTOR; VTOL,"FIXED_WING:Conventional fixed-wing aircraft cannot perform vertical takeoff, vertical landing, or sustained hover.",0.8,Vertical takeoff and precision hover capability | High station-keeping flight control precision | No runway required,PASS,,,,
CASE_MR_146,DETERMINISTIC,INSPECTION,3.0,1.0,40.0,45.0,True,True,False,False,RURAL,MULTIROTOR,QUADCOPTER,MULTIROTOR,SELECTED,MULTIROTOR,0.8,0.0,0.5,MULTIROTOR; VTOL,"FIXED_WING:Conventional fixed-wing aircraft cannot perform vertical takeoff, vertical landing, or sustained hover.",0.8,Vertical takeoff and precision hover capability | High station-keeping flight control precision | No runway required,PASS,,,,
CASE_MR_147,DETERMINISTIC,SECURITY,5.0,2.0,40.0,46.0,True,True,False,False,MOUNTAIN,MULTIROTOR,QUADCOPTER,MULTIROTOR,SELECTED,MULTIROTOR,0.8,0.0,0.5,MULTIROTOR; VTOL,"FIXED_WING:Conventional fixed-wing aircraft cannot perform vertical takeoff, vertical landing, or sustained hover.",0.8,Vertical takeoff and precision hover capability | High station-keeping flight control precision | No runway required,PASS,,,,
CASE_MR_148,DETERMINISTIC,DISASTER_RESPONSE,8.0,2.0,10.0,47.0,True,True,False,False,FOREST,MULTIROTOR,QUADCOPTER,MULTIROTOR,SELECTED,MULTIROTOR,0.8,0.0,0.5,MULTIROTOR; VTOL,"FIXED_WING:Conventional fixed-wing aircraft cannot perform vertical takeoff, vertical landing, or sustained hover.",0.8,Vertical takeoff and precision hover capability | High station-keeping flight control precision | No runway required,PASS,,,,
CASE_MR_149,DETERMINISTIC,DELIVERY,12.0,3.0,10.0,48.0,True,True,False,False,DESERT,MULTIROTOR,QUADCOPTER,MULTIROTOR,SELECTED,MULTIROTOR,0.7,0.0,0.5,MULTIROTOR; VTOL,"FIXED_WING:Conventional fixed-wing aircraft cannot perform vertical takeoff, vertical landing, or sustained hover.",0.9,Vertical takeoff and precision hover capability | High station-keeping flight control precision | No runway required ; CONS: Heavy payload mass requires high multi-rotor motor power draw.,PASS,,,,
CASE_MR_150,DETERMINISTIC,RESEARCH,15.0,3.0,10.0,49.0,True,True,False,False,COASTAL,MULTIROTOR,QUADCOPTER,MULTIROTOR,SELECTED,MULTIROTOR,0.7,0.0,0.5,MULTIROTOR; VTOL,"FIXED_WING:Conventional fixed-wing aircraft cannot perform vertical takeoff, vertical landing, or sustained hover.",0.9,Vertical takeoff and precision hover capability | High station-keeping flight control precision | No runway required ; CONS: Heavy payload mass requires high multi-rotor motor power draw.,PASS,,,,
CASE_FW_001,DETERMINISTIC,SURVEY,0.5,30.0,45.0,80.0,False,False,True,False,RURAL,FIXED_WING,FIXED_WING,FIXED_WING,SELECTED,FIXED_WING,0.6,1.0,0.8,FIXED_WING; MULTIROTOR; VTOL,,0.9,High aerodynamic lift-to-drag efficiency | Exceptional range capability | High cruise endurance | Wing-borne aerodynamic flight highly efficient for non-vertical launch. | Ideal candidate for long-range mapping and survey (> 30 km).,PASS,,,,
CASE_FW_002,DETERMINISTIC,MAPPING,1.0,30.0,45.0,81.0,False,False,False,False,RURAL,FIXED_WING,FIXED_WING,FIXED_WING,SELECTED,FIXED_WING,0.6,1.0,0.8,FIXED_WING; MULTIROTOR; VTOL,,0.9,High aerodynamic lift-to-drag efficiency | Exceptional range capability | High cruise endurance | Wing-borne aerodynamic flight highly efficient for non-vertical launch. | Ideal candidate for long-range mapping and survey (> 30 km).,PASS,,,,
CASE_FW_003,DETERMINISTIC,AGRICULTURE,2.0,45.0,45.0,82.0,False,False,False,False,RURAL,FIXED_WING,FIXED_WING,FIXED_WING,SELECTED,FIXED_WING,0.4,1.0,0.8,FIXED_WING; MULTIROTOR; VTOL,,0.9,High aerodynamic lift-to-drag efficiency | Exceptional range capability | High cruise endurance | Wing-borne aerodynamic flight highly efficient for non-vertical launch. | Ideal candidate for long-range mapping and survey (> 30 km).,PASS,,,,
CASE_FW_004,DETERMINISTIC,MILITARY,3.0,45.0,60.0,83.0,False,False,True,False,RURAL,FIXED_WING,FIXED_WING,FIXED_WING,SELECTED,FIXED_WING,0.1,1.0,0.8,FIXED_WING; MULTIROTOR; VTOL,,0.9,High aerodynamic lift-to-drag efficiency | Exceptional range capability | High cruise endurance | Wing-borne aerodynamic flight highly efficient for non-vertical launch. | Ideal candidate for long-range mapping and survey (> 30 km). | Excellent wing-borne flight endurance.,PASS,,,,
CASE_FW_005,DETERMINISTIC,RESEARCH,5.0,60.0,60.0,84.0,False,False,False,False,RURAL,FIXED_WING,FIXED_WING,FIXED_WING,SELECTED,FIXED_WING,0.1,1.0,0.8,FIXED_WING; MULTIROTOR; VTOL,,0.9,High aerodynamic lift-to-drag efficiency | Exceptional range capability | High cruise endurance | Wing-borne aerodynamic flight highly efficient for non-vertical launch. | Ideal candidate for long-range mapping and survey (> 30 km). | Excellent wing-borne flight endurance.,PASS,,,,
CASE_FW_006,DETERMINISTIC,SURVEY,7.5,60.0,60.0,85.0,False,False,False,False,RURAL,FIXED_WING,FIXED_WING,FIXED_WING,SELECTED,FIXED_WING,0.1,1.0,0.8,FIXED_WING; MULTIROTOR; VTOL,,0.9,High aerodynamic lift-to-drag efficiency | Exceptional range capability | High cruise endurance | Wing-borne aerodynamic flight highly efficient for non-vertical launch. | Ideal candidate for long-range mapping and survey (> 30 km). | Excellent wing-borne flight endurance.,PASS,,,,
CASE_FW_007,DETERMINISTIC,MAPPING,10.0,80.0,90.0,86.0,False,False,True,False,RURAL,FIXED_WING,FIXED_WING,FIXED_WING,SELECTED,FIXED_WING,0.1,1.0,0.8,FIXED_WING; MULTIROTOR; VTOL,,0.9,High aerodynamic lift-to-drag efficiency | Exceptional range capability | High cruise endurance | Wing-borne aerodynamic flight highly efficient for non-vertical launch. | Ideal candidate for long-range mapping and survey (> 30 km). | Excellent wing-borne flight endurance.,PASS,,,,
CASE_FW_008,DETERMINISTIC,AGRICULTURE,0.5,80.0,90.0,87.0,False,False,False,False,RURAL,FIXED_WING,FIXED_WING,FIXED_WING,SELECTED,FIXED_WING,0.1,1.0,0.8,FIXED_WING; MULTIROTOR; VTOL,,0.9,High aerodynamic lift-to-drag efficiency | Exceptional range capability | High cruise endurance | Wing-borne aerodynamic flight highly efficient for non-vertical launch. | Ideal candidate for long-range mapping and survey (> 30 km). | Excellent wing-borne flight endurance.,PASS,,,,
CASE_FW_009,DETERMINISTIC,MILITARY,1.0,100.0,90.0,88.0,False,False,False,False,RURAL,FIXED_WING,FIXED_WING,FIXED_WING,SELECTED,FIXED_WING,0.1,1.0,0.8,FIXED_WING; MULTIROTOR; VTOL,,0.9,High aerodynamic lift-to-drag efficiency | Exceptional range capability | High cruise endurance | Wing-borne aerodynamic flight highly efficient for non-vertical launch. | Ideal candidate for long-range mapping and survey (> 30 km). | Excellent wing-borne flight endurance.,PASS,,,,
CASE_FW_010,DETERMINISTIC,RESEARCH,2.0,100.0,120.0,89.0,False,False,True,False,RURAL,FIXED_WING,FIXED_WING,FIXED_WING,SELECTED,FIXED_WING,0.1,1.0,0.8,FIXED_WING; MULTIROTOR; VTOL,,0.9,High aerodynamic lift-to-drag efficiency | Exceptional range capability | High cruise endurance | Wing-borne aerodynamic flight highly efficient for non-vertical launch. | Ideal candidate for long-range mapping and survey (> 30 km). | Excellent wing-borne flight endurance.,PASS,,,,
CASE_FW_011,DETERMINISTIC,SURVEY,3.0,120.0,120.0,90.0,False,False,False,False,RURAL,FIXED_WING,FIXED_WING,FIXED_WING,SELECTED,FIXED_WING,0.0,1.0,0.8,FIXED_WING; VTOL,MULTIROTOR:Multirotor aerodynamic drag severely limits operational range beyond 100 km.,0.9,High aerodynamic lift-to-drag efficiency | Exceptional range capability | High cruise endurance | Wing-borne aerodynamic flight highly efficient for non-vertical launch. | Ideal candidate for long-range mapping and survey (> 30 km). | Excellent wing-borne flight endurance.,PASS,,,,
CASE_FW_012,DETERMINISTIC,MAPPING,5.0,120.0,120.0,91.0,False,False,False,False,RURAL,FIXED_WING,FIXED_WING,FIXED_WING,SELECTED,FIXED_WING,0.0,1.0,0.8,FIXED_WING; VTOL,MULTIROTOR:Multirotor aerodynamic drag severely limits operational range beyond 100 km.,0.9,High aerodynamic lift-to-drag efficiency | Exceptional range capability | High cruise endurance | Wing-borne aerodynamic flight highly efficient for non-vertical launch. | Ideal candidate for long-range mapping and survey (> 30 km). | Excellent wing-borne flight endurance.,PASS,,,,
CASE_FW_013,DETERMINISTIC,AGRICULTURE,7.5,150.0,150.0,92.0,False,False,True,False,RURAL,FIXED_WING,FIXED_WING,FIXED_WING,SELECTED,FIXED_WING,0.0,1.0,0.8,FIXED_WING; VTOL,MULTIROTOR:Multirotor aerodynamic drag severely limits operational range beyond 100 km.,0.9,High aerodynamic lift-to-drag efficiency | Exceptional range capability | High cruise endurance | Wing-borne aerodynamic flight highly efficient for non-vertical launch. | Ideal candidate for long-range mapping and survey (> 30 km). | Excellent wing-borne flight endurance.,PASS,,,,
CASE_FW_014,DETERMINISTIC,MILITARY,10.0,150.0,150.0,93.0,False,False,False,False,RURAL,FIXED_WING,FIXED_WING,FIXED_WING,SELECTED,FIXED_WING,0.0,1.0,0.8,FIXED_WING; VTOL,MULTIROTOR:Multirotor aerodynamic drag severely limits operational range beyond 100 km.,0.9,High aerodynamic lift-to-drag efficiency | Exceptional range capability | High cruise endurance | Wing-borne aerodynamic flight highly efficient for non-vertical launch. | Ideal candidate for long-range mapping and survey (> 30 km). | Excellent wing-borne flight endurance.,PASS,,,,
CASE_FW_015,DETERMINISTIC,RESEARCH,0.5,200.0,150.0,94.0,False,False,False,False,RURAL,FIXED_WING,FIXED_WING,FIXED_WING,SELECTED,FIXED_WING,0.0,1.0,0.8,FIXED_WING; VTOL,MULTIROTOR:Multirotor aerodynamic drag severely limits operational range beyond 100 km.,0.9,High aerodynamic lift-to-drag efficiency | Exceptional range capability | High cruise endurance | Wing-borne aerodynamic flight highly efficient for non-vertical launch. | Ideal candidate for long-range mapping and survey (> 30 km). | Excellent wing-borne flight endurance.,PASS,,,,
CASE_FW_016,DETERMINISTIC,SURVEY,1.0,200.0,180.0,95.0,False,False,True,False,RURAL,FIXED_WING,FIXED_WING,FIXED_WING,SELECTED,FIXED_WING,0.0,1.0,0.8,FIXED_WING; VTOL,MULTIROTOR:Multirotor aerodynamic drag severely limits operational range beyond 100 km.,0.9,High aerodynamic lift-to-drag efficiency | Exceptional range capability | High cruise endurance | Wing-borne aerodynamic flight highly efficient for non-vertical launch. | Ideal candidate for long-range mapping and survey (> 30 km). | Excellent wing-borne flight endurance.,PASS,,,,
CASE_FW_017,DETERMINISTIC,MAPPING,2.0,30.0,180.0,96.0,False,False,False,False,RURAL,FIXED_WING,FIXED_WING,FIXED_WING,SELECTED,FIXED_WING,0.3,1.0,0.8,FIXED_WING; MULTIROTOR; VTOL,,0.9,High aerodynamic lift-to-drag efficiency | Exceptional range capability | High cruise endurance | Wing-borne aerodynamic flight highly efficient for non-vertical launch. | Ideal candidate for long-range mapping and survey (> 30 km). | Excellent wing-borne flight endurance.,PASS,,,,
CASE_FW_018,DETERMINISTIC,AGRICULTURE,3.0,30.0,180.0,97.0,False,False,False,False,RURAL,FIXED_WING,FIXED_WING,FIXED_WING,SELECTED,FIXED_WING,0.3,1.0,0.8,FIXED_WING; MULTIROTOR; VTOL,,0.9,High aerodynamic lift-to-drag efficiency | Exceptional range capability | High cruise endurance | Wing-borne aerodynamic flight highly efficient for non-vertical launch. | Ideal candidate for long-range mapping and survey (> 30 km). | Excellent wing-borne flight endurance.,PASS,,,,
CASE_FW_019,DETERMINISTIC,MILITARY,5.0,45.0,240.0,98.0,False,False,True,False,RURAL,FIXED_WING,FIXED_WING,FIXED_WING,SELECTED,FIXED_WING,0.1,1.0,0.8,FIXED_WING; MULTIROTOR; VTOL,,0.9,High aerodynamic lift-to-drag efficiency | Exceptional range capability | High cruise endurance | Wing-borne aerodynamic flight highly efficient for non-vertical launch. | Ideal candidate for long-range mapping and survey (> 30 km). | Excellent wing-borne flight endurance.,PASS,,,,
CASE_FW_020,DETERMINISTIC,RESEARCH,7.5,45.0,240.0,99.0,False,False,False,False,RURAL,FIXED_WING,FIXED_WING,FIXED_WING,SELECTED,FIXED_WING,0.1,1.0,0.8,FIXED_WING; MULTIROTOR; VTOL,,0.9,High aerodynamic lift-to-drag efficiency | Exceptional range capability | High cruise endurance | Wing-borne aerodynamic flight highly efficient for non-vertical launch. | Ideal candidate for long-range mapping and survey (> 30 km). | Excellent wing-borne flight endurance.,PASS,,,,
CASE_FW_021,DETERMINISTIC,SURVEY,10.0,60.0,240.0,100.0,False,False,False,False,RURAL,FIXED_WING,FIXED_WING,FIXED_WING,SELECTED,FIXED_WING,0.1,1.0,0.8,FIXED_WING; MULTIROTOR; VTOL,,0.9,High aerodynamic lift-to-drag efficiency | Exceptional range capability | High cruise endurance | Wing-borne aerodynamic flight highly efficient for non-vertical launch. | Ideal candidate for long-range mapping and survey (> 30 km). | Excellent wing-borne flight endurance.,PASS,,,,
CASE_FW_022,DETERMINISTIC,MAPPING,0.5,60.0,45.0,101.0,False,False,True,False,RURAL,FIXED_WING,FIXED_WING,FIXED_WING,SELECTED,FIXED_WING,0.4,1.0,0.8,FIXED_WING; MULTIROTOR; VTOL,,0.9,High aerodynamic lift-to-drag efficiency | Exceptional range capability | High cruise endurance | Wing-borne aerodynamic flight highly efficient for non-vertical launch. | Ideal candidate for long-range mapping and survey (> 30 km).,PASS,,,,
CASE_FW_023,DETERMINISTIC,AGRICULTURE,1.0,80.0,45.0,102.0,False,False,False,False,RURAL,FIXED_WING,FIXED_WING,FIXED_WING,SELECTED,FIXED_WING,0.4,1.0,0.8,FIXED_WING; MULTIROTOR; VTOL,,0.9,High aerodynamic lift-to-drag efficiency | Exceptional range capability | High cruise endurance | Wing-borne aerodynamic flight highly efficient for non-vertical launch. | Ideal candidate for long-range mapping and survey (> 30 km).,PASS,,,,
CASE_FW_024,DETERMINISTIC,MILITARY,2.0,80.0,45.0,103.0,False,False,False,False,RURAL,FIXED_WING,FIXED_WING,FIXED_WING,SELECTED,FIXED_WING,0.4,1.0,0.8,FIXED_WING; MULTIROTOR; VTOL,,0.9,High aerodynamic lift-to-drag efficiency | Exceptional range capability | High cruise endurance | Wing-borne aerodynamic flight highly efficient for non-vertical launch. | Ideal candidate for long-range mapping and survey (> 30 km).,PASS,,,,
CASE_FW_025,DETERMINISTIC,RESEARCH,3.0,100.0,60.0,104.0,False,False,True,False,RURAL,FIXED_WING,FIXED_WING,FIXED_WING,SELECTED,FIXED_WING,0.1,1.0,0.8,FIXED_WING; MULTIROTOR; VTOL,,0.9,High aerodynamic lift-to-drag efficiency | Exceptional range capability | High cruise endurance | Wing-borne aerodynamic flight highly efficient for non-vertical launch. | Ideal candidate for long-range mapping and survey (> 30 km). | Excellent wing-borne flight endurance.,PASS,,,,
CASE_FW_026,DETERMINISTIC,SURVEY,5.0,100.0,60.0,105.0,False,False,False,False,RURAL,FIXED_WING,FIXED_WING,FIXED_WING,SELECTED,FIXED_WING,0.1,1.0,0.8,FIXED_WING; MULTIROTOR; VTOL,,0.9,High aerodynamic lift-to-drag efficiency | Exceptional range capability | High cruise endurance | Wing-borne aerodynamic flight highly efficient for non-vertical launch. | Ideal candidate for long-range mapping and survey (> 30 km). | Excellent wing-borne flight endurance.,PASS,,,,
CASE_FW_027,DETERMINISTIC,MAPPING,7.5,120.0,60.0,106.0,False,False,False,False,RURAL,FIXED_WING,FIXED_WING,FIXED_WING,SELECTED,FIXED_WING,0.0,1.0,0.8,FIXED_WING; VTOL,MULTIROTOR:Multirotor aerodynamic drag severely limits operational range beyond 100 km.,0.9,High aerodynamic lift-to-drag efficiency | Exceptional range capability | High cruise endurance | Wing-borne aerodynamic flight highly efficient for non-vertical launch. | Ideal candidate for long-range mapping and survey (> 30 km). | Excellent wing-borne flight endurance.,PASS,,,,
CASE_FW_028,DETERMINISTIC,AGRICULTURE,10.0,120.0,90.0,107.0,False,False,True,False,RURAL,FIXED_WING,FIXED_WING,FIXED_WING,SELECTED,FIXED_WING,0.0,1.0,0.8,FIXED_WING; VTOL,MULTIROTOR:Multirotor aerodynamic drag severely limits operational range beyond 100 km.,0.9,High aerodynamic lift-to-drag efficiency | Exceptional range capability | High cruise endurance | Wing-borne aerodynamic flight highly efficient for non-vertical launch. | Ideal candidate for long-range mapping and survey (> 30 km). | Excellent wing-borne flight endurance.,PASS,,,,
CASE_FW_029,DETERMINISTIC,MILITARY,0.5,150.0,90.0,108.0,False,False,False,False,RURAL,FIXED_WING,FIXED_WING,FIXED_WING,SELECTED,FIXED_WING,0.0,1.0,0.8,FIXED_WING; VTOL,MULTIROTOR:Multirotor aerodynamic drag severely limits operational range beyond 100 km.,0.9,High aerodynamic lift-to-drag efficiency | Exceptional range capability | High cruise endurance | Wing-borne aerodynamic flight highly efficient for non-vertical launch. | Ideal candidate for long-range mapping and survey (> 30 km). | Excellent wing-borne flight endurance.,PASS,,,,
CASE_FW_030,DETERMINISTIC,RESEARCH,1.0,150.0,90.0,109.0,False,False,False,False,RURAL,FIXED_WING,FIXED_WING,FIXED_WING,SELECTED,FIXED_WING,0.0,1.0,0.8,FIXED_WING; VTOL,MULTIROTOR:Multirotor aerodynamic drag severely limits operational range beyond 100 km.,0.9,High aerodynamic lift-to-drag efficiency | Exceptional range capability | High cruise endurance | Wing-borne aerodynamic flight highly efficient for non-vertical launch. | Ideal candidate for long-range mapping and survey (> 30 km). | Excellent wing-borne flight endurance.,PASS,,,,
CASE_FW_031,DETERMINISTIC,SURVEY,2.0,200.0,120.0,110.0,False,False,True,False,RURAL,FIXED_WING,FIXED_WING,FIXED_WING,SELECTED,FIXED_WING,0.0,1.0,0.8,FIXED_WING; VTOL,MULTIROTOR:Multirotor aerodynamic drag severely limits operational range beyond 100 km.,0.9,High aerodynamic lift-to-drag efficiency | Exceptional range capability | High cruise endurance | Wing-borne aerodynamic flight highly efficient for non-vertical launch. | Ideal candidate for long-range mapping and survey (> 30 km). | Excellent wing-borne flight endurance.,PASS,,,,
CASE_FW_032,DETERMINISTIC,MAPPING,3.0,200.0,120.0,111.0,False,False,False,False,RURAL,FIXED_WING,FIXED_WING,FIXED_WING,SELECTED,FIXED_WING,0.0,1.0,0.8,FIXED_WING; VTOL,MULTIROTOR:Multirotor aerodynamic drag severely limits operational range beyond 100 km.,0.9,High aerodynamic lift-to-drag efficiency | Exceptional range capability | High cruise endurance | Wing-borne aerodynamic flight highly efficient for non-vertical launch. | Ideal candidate for long-range mapping and survey (> 30 km). | Excellent wing-borne flight endurance.,PASS,,,,
CASE_FW_033,DETERMINISTIC,AGRICULTURE,5.0,30.0,120.0,112.0,False,False,False,False,RURAL,FIXED_WING,FIXED_WING,FIXED_WING,SELECTED,FIXED_WING,0.3,1.0,0.8,FIXED_WING; MULTIROTOR; VTOL,,0.9,High aerodynamic lift-to-drag efficiency | Exceptional range capability | High cruise endurance | Wing-borne aerodynamic flight highly efficient for non-vertical launch. | Ideal candidate for long-range mapping and survey (> 30 km). | Excellent wing-borne flight endurance.,PASS,,,,
CASE_FW_034,DETERMINISTIC,MILITARY,7.5,30.0,150.0,113.0,False,False,True,False,RURAL,FIXED_WING,FIXED_WING,FIXED_WING,SELECTED,FIXED_WING,0.3,1.0,0.8,FIXED_WING; MULTIROTOR; VTOL,,0.9,High aerodynamic lift-to-drag efficiency | Exceptional range capability | High cruise endurance | Wing-borne aerodynamic flight highly efficient for non-vertical launch. | Ideal candidate for long-range mapping and survey (> 30 km). | Excellent wing-borne flight endurance.,PASS,,,,
CASE_FW_035,DETERMINISTIC,RESEARCH,10.0,45.0,150.0,114.0,False,False,False,False,RURAL,FIXED_WING,FIXED_WING,FIXED_WING,SELECTED,FIXED_WING,0.1,1.0,0.8,FIXED_WING; MULTIROTOR; VTOL,,0.9,High aerodynamic lift-to-drag efficiency | Exceptional range capability | High cruise endurance | Wing-borne aerodynamic flight highly efficient for non-vertical launch. | Ideal candidate for long-range mapping and survey (> 30 km). | Excellent wing-borne flight endurance.,PASS,,,,
CASE_FW_036,DETERMINISTIC,SURVEY,0.5,45.0,150.0,115.0,False,False,False,False,RURAL,FIXED_WING,FIXED_WING,FIXED_WING,SELECTED,FIXED_WING,0.1,1.0,0.8,FIXED_WING; MULTIROTOR; VTOL,,0.9,High aerodynamic lift-to-drag efficiency | Exceptional range capability | High cruise endurance | Wing-borne aerodynamic flight highly efficient for non-vertical launch. | Ideal candidate for long-range mapping and survey (> 30 km). | Excellent wing-borne flight endurance.,PASS,,,,
CASE_FW_037,DETERMINISTIC,MAPPING,1.0,60.0,180.0,116.0,False,False,True,False,RURAL,FIXED_WING,FIXED_WING,FIXED_WING,SELECTED,FIXED_WING,0.1,1.0,0.8,FIXED_WING; MULTIROTOR; VTOL,,0.9,High aerodynamic lift-to-drag efficiency | Exceptional range capability | High cruise endurance | Wing-borne aerodynamic flight highly efficient for non-vertical launch. | Ideal candidate for long-range mapping and survey (> 30 km). | Excellent wing-borne flight endurance.,PASS,,,,
CASE_FW_038,DETERMINISTIC,AGRICULTURE,2.0,60.0,180.0,117.0,False,False,False,False,RURAL,FIXED_WING,FIXED_WING,FIXED_WING,SELECTED,FIXED_WING,0.1,1.0,0.8,FIXED_WING; MULTIROTOR; VTOL,,0.9,High aerodynamic lift-to-drag efficiency | Exceptional range capability | High cruise endurance | Wing-borne aerodynamic flight highly efficient for non-vertical launch. | Ideal candidate for long-range mapping and survey (> 30 km). | Excellent wing-borne flight endurance.,PASS,,,,
CASE_FW_039,DETERMINISTIC,MILITARY,3.0,80.0,180.0,118.0,False,False,False,False,RURAL,FIXED_WING,FIXED_WING,FIXED_WING,SELECTED,FIXED_WING,0.1,1.0,0.8,FIXED_WING; MULTIROTOR; VTOL,,0.9,High aerodynamic lift-to-drag efficiency | Exceptional range capability | High cruise endurance | Wing-borne aerodynamic flight highly efficient for non-vertical launch. | Ideal candidate for long-range mapping and survey (> 30 km). | Excellent wing-borne flight endurance.,PASS,,,,
CASE_FW_040,DETERMINISTIC,RESEARCH,5.0,80.0,240.0,119.0,False,False,True,False,RURAL,FIXED_WING,FIXED_WING,FIXED_WING,SELECTED,FIXED_WING,0.1,1.0,0.8,FIXED_WING; MULTIROTOR; VTOL,,0.9,High aerodynamic lift-to-drag efficiency | Exceptional range capability | High cruise endurance | Wing-borne aerodynamic flight highly efficient for non-vertical launch. | Ideal candidate for long-range mapping and survey (> 30 km). | Excellent wing-borne flight endurance.,PASS,,,,
CASE_FW_041,DETERMINISTIC,SURVEY,7.5,100.0,240.0,80.0,False,False,False,False,RURAL,FIXED_WING,FIXED_WING,FIXED_WING,SELECTED,FIXED_WING,0.1,1.0,0.8,FIXED_WING; MULTIROTOR; VTOL,,0.9,High aerodynamic lift-to-drag efficiency | Exceptional range capability | High cruise endurance | Wing-borne aerodynamic flight highly efficient for non-vertical launch. | Ideal candidate for long-range mapping and survey (> 30 km). | Excellent wing-borne flight endurance.,PASS,,,,
CASE_FW_042,DETERMINISTIC,MAPPING,10.0,100.0,240.0,81.0,False,False,False,False,RURAL,FIXED_WING,FIXED_WING,FIXED_WING,SELECTED,FIXED_WING,0.1,1.0,0.8,FIXED_WING; MULTIROTOR; VTOL,,0.9,High aerodynamic lift-to-drag efficiency | Exceptional range capability | High cruise endurance | Wing-borne aerodynamic flight highly efficient for non-vertical launch. | Ideal candidate for long-range mapping and survey (> 30 km). | Excellent wing-borne flight endurance.,PASS,,,,
CASE_FW_043,DETERMINISTIC,AGRICULTURE,0.5,120.0,45.0,82.0,False,False,True,False,RURAL,FIXED_WING,FIXED_WING,FIXED_WING,SELECTED,FIXED_WING,0.0,1.0,0.8,FIXED_WING; VTOL,MULTIROTOR:Multirotor aerodynamic drag severely limits operational range beyond 100 km.,0.9,High aerodynamic lift-to-drag efficiency | Exceptional range capability | High cruise endurance | Wing-borne aerodynamic flight highly efficient for non-vertical launch. | Ideal candidate for long-range mapping and survey (> 30 km).,PASS,,,,
CASE_FW_044,DETERMINISTIC,MILITARY,1.0,120.0,45.0,83.0,False,False,False,False,RURAL,FIXED_WING,FIXED_WING,FIXED_WING,SELECTED,FIXED_WING,0.0,1.0,0.8,FIXED_WING; VTOL,MULTIROTOR:Multirotor aerodynamic drag severely limits operational range beyond 100 km.,0.9,High aerodynamic lift-to-drag efficiency | Exceptional range capability | High cruise endurance | Wing-borne aerodynamic flight highly efficient for non-vertical launch. | Ideal candidate for long-range mapping and survey (> 30 km).,PASS,,,,
CASE_FW_045,DETERMINISTIC,RESEARCH,2.0,150.0,45.0,84.0,False,False,False,False,RURAL,FIXED_WING,FIXED_WING,FIXED_WING,SELECTED,FIXED_WING,0.0,1.0,0.8,FIXED_WING; VTOL,MULTIROTOR:Multirotor aerodynamic drag severely limits operational range beyond 100 km.,0.9,High aerodynamic lift-to-drag efficiency | Exceptional range capability | High cruise endurance | Wing-borne aerodynamic flight highly efficient for non-vertical launch. | Ideal candidate for long-range mapping and survey (> 30 km).,PASS,,,,
CASE_FW_046,DETERMINISTIC,SURVEY,3.0,150.0,60.0,85.0,False,False,True,False,RURAL,FIXED_WING,FIXED_WING,FIXED_WING,SELECTED,FIXED_WING,0.0,1.0,0.8,FIXED_WING; VTOL,MULTIROTOR:Multirotor aerodynamic drag severely limits operational range beyond 100 km.,0.9,High aerodynamic lift-to-drag efficiency | Exceptional range capability | High cruise endurance | Wing-borne aerodynamic flight highly efficient for non-vertical launch. | Ideal candidate for long-range mapping and survey (> 30 km). | Excellent wing-borne flight endurance.,PASS,,,,
CASE_FW_047,DETERMINISTIC,MAPPING,5.0,200.0,60.0,86.0,False,False,False,False,RURAL,FIXED_WING,FIXED_WING,FIXED_WING,SELECTED,FIXED_WING,0.0,1.0,0.8,FIXED_WING; VTOL,MULTIROTOR:Multirotor aerodynamic drag severely limits operational range beyond 100 km.,0.9,High aerodynamic lift-to-drag efficiency | Exceptional range capability | High cruise endurance | Wing-borne aerodynamic flight highly efficient for non-vertical launch. | Ideal candidate for long-range mapping and survey (> 30 km). | Excellent wing-borne flight endurance.,PASS,,,,
CASE_FW_048,DETERMINISTIC,AGRICULTURE,7.5,200.0,60.0,87.0,False,False,False,False,RURAL,FIXED_WING,FIXED_WING,FIXED_WING,SELECTED,FIXED_WING,0.0,1.0,0.8,FIXED_WING; VTOL,MULTIROTOR:Multirotor aerodynamic drag severely limits operational range beyond 100 km.,0.9,High aerodynamic lift-to-drag efficiency | Exceptional range capability | High cruise endurance | Wing-borne aerodynamic flight highly efficient for non-vertical launch. | Ideal candidate for long-range mapping and survey (> 30 km). | Excellent wing-borne flight endurance.,PASS,,,,
CASE_FW_049,DETERMINISTIC,MILITARY,10.0,30.0,90.0,88.0,False,False,True,False,RURAL,FIXED_WING,FIXED_WING,FIXED_WING,SELECTED,FIXED_WING,0.3,1.0,0.8,FIXED_WING; MULTIROTOR; VTOL,,0.9,High aerodynamic lift-to-drag efficiency | Exceptional range capability | High cruise endurance | Wing-borne aerodynamic flight highly efficient for non-vertical launch. | Ideal candidate for long-range mapping and survey (> 30 km). | Excellent wing-borne flight endurance.,PASS,,,,
CASE_FW_050,DETERMINISTIC,RESEARCH,0.5,30.0,90.0,89.0,False,False,False,False,RURAL,FIXED_WING,FIXED_WING,FIXED_WING,SELECTED,FIXED_WING,0.3,1.0,0.8,FIXED_WING; MULTIROTOR; VTOL,,0.9,High aerodynamic lift-to-drag efficiency | Exceptional range capability | High cruise endurance | Wing-borne aerodynamic flight highly efficient for non-vertical launch. | Ideal candidate for long-range mapping and survey (> 30 km). | Excellent wing-borne flight endurance.,PASS,,,,
CASE_FW_051,DETERMINISTIC,SURVEY,1.0,45.0,90.0,90.0,False,False,False,False,RURAL,FIXED_WING,FIXED_WING,FIXED_WING,SELECTED,FIXED_WING,0.1,1.0,0.8,FIXED_WING; MULTIROTOR; VTOL,,0.9,High aerodynamic lift-to-drag efficiency | Exceptional range capability | High cruise endurance | Wing-borne aerodynamic flight highly efficient for non-vertical launch. | Ideal candidate for long-range mapping and survey (> 30 km). | Excellent wing-borne flight endurance.,PASS,,,,
CASE_FW_052,DETERMINISTIC,MAPPING,2.0,45.0,120.0,91.0,False,False,True,False,RURAL,FIXED_WING,FIXED_WING,FIXED_WING,SELECTED,FIXED_WING,0.1,1.0,0.8,FIXED_WING; MULTIROTOR; VTOL,,0.9,High aerodynamic lift-to-drag efficiency | Exceptional range capability | High cruise endurance | Wing-borne aerodynamic flight highly efficient for non-vertical launch. | Ideal candidate for long-range mapping and survey (> 30 km). | Excellent wing-borne flight endurance.,PASS,,,,
CASE_FW_053,DETERMINISTIC,AGRICULTURE,3.0,60.0,120.0,92.0,False,False,False,False,RURAL,FIXED_WING,FIXED_WING,FIXED_WING,SELECTED,FIXED_WING,0.1,1.0,0.8,FIXED_WING; MULTIROTOR; VTOL,,0.9,High aerodynamic lift-to-drag efficiency | Exceptional range capability | High cruise endurance | Wing-borne aerodynamic flight highly efficient for non-vertical launch. | Ideal candidate for long-range mapping and survey (> 30 km). | Excellent wing-borne flight endurance.,PASS,,,,
CASE_FW_054,DETERMINISTIC,MILITARY,5.0,60.0,120.0,93.0,False,False,False,False,RURAL,FIXED_WING,FIXED_WING,FIXED_WING,SELECTED,FIXED_WING,0.1,1.0,0.8,FIXED_WING; MULTIROTOR; VTOL,,0.9,High aerodynamic lift-to-drag efficiency | Exceptional range capability | High cruise endurance | Wing-borne aerodynamic flight highly efficient for non-vertical launch. | Ideal candidate for long-range mapping and survey (> 30 km). | Excellent wing-borne flight endurance.,PASS,,,,
CASE_FW_055,DETERMINISTIC,RESEARCH,7.5,80.0,150.0,94.0,False,False,True,False,RURAL,FIXED_WING,FIXED_WING,FIXED_WING,SELECTED,FIXED_WING,0.1,1.0,0.8,FIXED_WING; MULTIROTOR; VTOL,,0.9,High aerodynamic lift-to-drag efficiency | Exceptional range capability | High cruise endurance | Wing-borne aerodynamic flight highly efficient for non-vertical launch. | Ideal candidate for long-range mapping and survey (> 30 km). | Excellent wing-borne flight endurance.,PASS,,,,
CASE_FW_056,DETERMINISTIC,SURVEY,10.0,80.0,150.0,95.0,False,False,False,False,RURAL,FIXED_WING,FIXED_WING,FIXED_WING,SELECTED,FIXED_WING,0.1,1.0,0.8,FIXED_WING; MULTIROTOR; VTOL,,0.9,High aerodynamic lift-to-drag efficiency | Exceptional range capability | High cruise endurance | Wing-borne aerodynamic flight highly efficient for non-vertical launch. | Ideal candidate for long-range mapping and survey (> 30 km). | Excellent wing-borne flight endurance.,PASS,,,,
CASE_FW_057,DETERMINISTIC,MAPPING,0.5,100.0,150.0,96.0,False,False,False,False,RURAL,FIXED_WING,FIXED_WING,FIXED_WING,SELECTED,FIXED_WING,0.1,1.0,0.8,FIXED_WING; MULTIROTOR; VTOL,,0.9,High aerodynamic lift-to-drag efficiency | Exceptional range capability | High cruise endurance | Wing-borne aerodynamic flight highly efficient for non-vertical launch. | Ideal candidate for long-range mapping and survey (> 30 km). | Excellent wing-borne flight endurance.,PASS,,,,
CASE_FW_058,DETERMINISTIC,AGRICULTURE,1.0,100.0,180.0,97.0,False,False,True,False,RURAL,FIXED_WING,FIXED_WING,FIXED_WING,SELECTED,FIXED_WING,0.1,1.0,0.8,FIXED_WING; MULTIROTOR; VTOL,,0.9,High aerodynamic lift-to-drag efficiency | Exceptional range capability | High cruise endurance | Wing-borne aerodynamic flight highly efficient for non-vertical launch. | Ideal candidate for long-range mapping and survey (> 30 km). | Excellent wing-borne flight endurance.,PASS,,,,
CASE_FW_059,DETERMINISTIC,MILITARY,2.0,120.0,180.0,98.0,False,False,False,False,RURAL,FIXED_WING,FIXED_WING,FIXED_WING,SELECTED,FIXED_WING,0.0,1.0,0.8,FIXED_WING; VTOL,MULTIROTOR:Multirotor aerodynamic drag severely limits operational range beyond 100 km.,0.9,High aerodynamic lift-to-drag efficiency | Exceptional range capability | High cruise endurance | Wing-borne aerodynamic flight highly efficient for non-vertical launch. | Ideal candidate for long-range mapping and survey (> 30 km). | Excellent wing-borne flight endurance.,PASS,,,,
CASE_FW_060,DETERMINISTIC,RESEARCH,3.0,120.0,180.0,99.0,False,False,False,False,RURAL,FIXED_WING,FIXED_WING,FIXED_WING,SELECTED,FIXED_WING,0.0,1.0,0.8,FIXED_WING; VTOL,MULTIROTOR:Multirotor aerodynamic drag severely limits operational range beyond 100 km.,0.9,High aerodynamic lift-to-drag efficiency | Exceptional range capability | High cruise endurance | Wing-borne aerodynamic flight highly efficient for non-vertical launch. | Ideal candidate for long-range mapping and survey (> 30 km). | Excellent wing-borne flight endurance.,PASS,,,,
CASE_FW_061,DETERMINISTIC,SURVEY,5.0,150.0,240.0,100.0,False,False,True,False,RURAL,FIXED_WING,FIXED_WING,FIXED_WING,SELECTED,FIXED_WING,0.0,1.0,0.8,FIXED_WING; VTOL,MULTIROTOR:Multirotor aerodynamic drag severely limits operational range beyond 100 km.,0.9,High aerodynamic lift-to-drag efficiency | Exceptional range capability | High cruise endurance | Wing-borne aerodynamic flight highly efficient for non-vertical launch. | Ideal candidate for long-range mapping and survey (> 30 km). | Excellent wing-borne flight endurance.,PASS,,,,
CASE_FW_062,DETERMINISTIC,MAPPING,7.5,150.0,240.0,101.0,False,False,False,False,RURAL,FIXED_WING,FIXED_WING,FIXED_WING,SELECTED,FIXED_WING,0.0,1.0,0.8,FIXED_WING; VTOL,MULTIROTOR:Multirotor aerodynamic drag severely limits operational range beyond 100 km.,0.9,High aerodynamic lift-to-drag efficiency | Exceptional range capability | High cruise endurance | Wing-borne aerodynamic flight highly efficient for non-vertical launch. | Ideal candidate for long-range mapping and survey (> 30 km). | Excellent wing-borne flight endurance.,PASS,,,,
CASE_FW_063,DETERMINISTIC,AGRICULTURE,10.0,200.0,240.0,102.0,False,False,False,False,RURAL,FIXED_WING,FIXED_WING,FIXED_WING,SELECTED,FIXED_WING,0.0,1.0,0.8,FIXED_WING; VTOL,MULTIROTOR:Multirotor aerodynamic drag severely limits operational range beyond 100 km.,0.9,High aerodynamic lift-to-drag efficiency | Exceptional range capability | High cruise endurance | Wing-borne aerodynamic flight highly efficient for non-vertical launch. | Ideal candidate for long-range mapping and survey (> 30 km). | Excellent wing-borne flight endurance.,PASS,,,,
CASE_FW_064,DETERMINISTIC,MILITARY,0.5,200.0,45.0,103.0,False,False,True,False,RURAL,FIXED_WING,FIXED_WING,FIXED_WING,SELECTED,FIXED_WING,0.0,1.0,0.8,FIXED_WING; VTOL,MULTIROTOR:Multirotor aerodynamic drag severely limits operational range beyond 100 km.,0.9,High aerodynamic lift-to-drag efficiency | Exceptional range capability | High cruise endurance | Wing-borne aerodynamic flight highly efficient for non-vertical launch. | Ideal candidate for long-range mapping and survey (> 30 km).,PASS,,,,
CASE_FW_065,DETERMINISTIC,RESEARCH,1.0,30.0,45.0,104.0,False,False,False,False,RURAL,FIXED_WING,FIXED_WING,FIXED_WING,SELECTED,FIXED_WING,0.6,1.0,0.8,FIXED_WING; MULTIROTOR; VTOL,,0.9,High aerodynamic lift-to-drag efficiency | Exceptional range capability | High cruise endurance | Wing-borne aerodynamic flight highly efficient for non-vertical launch. | Ideal candidate for long-range mapping and survey (> 30 km).,PASS,,,,
CASE_FW_066,DETERMINISTIC,SURVEY,2.0,30.0,45.0,105.0,False,False,False,False,RURAL,FIXED_WING,FIXED_WING,FIXED_WING,SELECTED,FIXED_WING,0.6,1.0,0.8,FIXED_WING; MULTIROTOR; VTOL,,0.9,High aerodynamic lift-to-drag efficiency | Exceptional range capability | High cruise endurance | Wing-borne aerodynamic flight highly efficient for non-vertical launch. | Ideal candidate for long-range mapping and survey (> 30 km).,PASS,,,,
CASE_FW_067,DETERMINISTIC,MAPPING,3.0,45.0,60.0,106.0,False,False,True,False,RURAL,FIXED_WING,FIXED_WING,FIXED_WING,SELECTED,FIXED_WING,0.1,1.0,0.8,FIXED_WING; MULTIROTOR; VTOL,,0.9,High aerodynamic lift-to-drag efficiency | Exceptional range capability | High cruise endurance | Wing-borne aerodynamic flight highly efficient for non-vertical launch. | Ideal candidate for long-range mapping and survey (> 30 km). | Excellent wing-borne flight endurance.,PASS,,,,
CASE_FW_068,DETERMINISTIC,AGRICULTURE,5.0,45.0,60.0,107.0,False,False,False,False,RURAL,FIXED_WING,FIXED_WING,FIXED_WING,SELECTED,FIXED_WING,0.1,1.0,0.8,FIXED_WING; MULTIROTOR; VTOL,,0.9,High aerodynamic lift-to-drag efficiency | Exceptional range capability | High cruise endurance | Wing-borne aerodynamic flight highly efficient for non-vertical launch. | Ideal candidate for long-range mapping and survey (> 30 km). | Excellent wing-borne flight endurance.,PASS,,,,
CASE_FW_069,DETERMINISTIC,MILITARY,7.5,60.0,60.0,108.0,False,False,False,False,RURAL,FIXED_WING,FIXED_WING,FIXED_WING,SELECTED,FIXED_WING,0.1,1.0,0.8,FIXED_WING; MULTIROTOR; VTOL,,0.9,High aerodynamic lift-to-drag efficiency | Exceptional range capability | High cruise endurance | Wing-borne aerodynamic flight highly efficient for non-vertical launch. | Ideal candidate for long-range mapping and survey (> 30 km). | Excellent wing-borne flight endurance.,PASS,,,,
CASE_FW_070,DETERMINISTIC,RESEARCH,10.0,60.0,90.0,109.0,False,False,True,False,RURAL,FIXED_WING,FIXED_WING,FIXED_WING,SELECTED,FIXED_WING,0.1,1.0,0.8,FIXED_WING; MULTIROTOR; VTOL,,0.9,High aerodynamic lift-to-drag efficiency | Exceptional range capability | High cruise endurance | Wing-borne aerodynamic flight highly efficient for non-vertical launch. | Ideal candidate for long-range mapping and survey (> 30 km). | Excellent wing-borne flight endurance.,PASS,,,,
CASE_FW_071,DETERMINISTIC,SURVEY,0.5,80.0,90.0,110.0,False,False,False,False,RURAL,FIXED_WING,FIXED_WING,FIXED_WING,SELECTED,FIXED_WING,0.1,1.0,0.8,FIXED_WING; MULTIROTOR; VTOL,,0.9,High aerodynamic lift-to-drag efficiency | Exceptional range capability | High cruise endurance | Wing-borne aerodynamic flight highly efficient for non-vertical launch. | Ideal candidate for long-range mapping and survey (> 30 km). | Excellent wing-borne flight endurance.,PASS,,,,
CASE_FW_072,DETERMINISTIC,MAPPING,1.0,80.0,90.0,111.0,False,False,False,False,RURAL,FIXED_WING,FIXED_WING,FIXED_WING,SELECTED,FIXED_WING,0.1,1.0,0.8,FIXED_WING; MULTIROTOR; VTOL,,0.9,High aerodynamic lift-to-drag efficiency | Exceptional range capability | High cruise endurance | Wing-borne aerodynamic flight highly efficient for non-vertical launch. | Ideal candidate for long-range mapping and survey (> 30 km). | Excellent wing-borne flight endurance.,PASS,,,,
CASE_FW_073,DETERMINISTIC,AGRICULTURE,2.0,100.0,120.0,112.0,False,False,True,False,RURAL,FIXED_WING,FIXED_WING,FIXED_WING,SELECTED,FIXED_WING,0.1,1.0,0.8,FIXED_WING; MULTIROTOR; VTOL,,0.9,High aerodynamic lift-to-drag efficiency | Exceptional range capability | High cruise endurance | Wing-borne aerodynamic flight highly efficient for non-vertical launch. | Ideal candidate for long-range mapping and survey (> 30 km). | Excellent wing-borne flight endurance.,PASS,,,,
CASE_FW_074,DETERMINISTIC,MILITARY,3.0,100.0,120.0,113.0,False,False,False,False,RURAL,FIXED_WING,FIXED_WING,FIXED_WING,SELECTED,FIXED_WING,0.1,1.0,0.8,FIXED_WING; MULTIROTOR; VTOL,,0.9,High aerodynamic lift-to-drag efficiency | Exceptional range capability | High cruise endurance | Wing-borne aerodynamic flight highly efficient for non-vertical launch. | Ideal candidate for long-range mapping and survey (> 30 km). | Excellent wing-borne flight endurance.,PASS,,,,
CASE_FW_075,DETERMINISTIC,RESEARCH,5.0,120.0,120.0,114.0,False,False,False,False,RURAL,FIXED_WING,FIXED_WING,FIXED_WING,SELECTED,FIXED_WING,0.0,1.0,0.8,FIXED_WING; VTOL,MULTIROTOR:Multirotor aerodynamic drag severely limits operational range beyond 100 km.,0.9,High aerodynamic lift-to-drag efficiency | Exceptional range capability | High cruise endurance | Wing-borne aerodynamic flight highly efficient for non-vertical launch. | Ideal candidate for long-range mapping and survey (> 30 km). | Excellent wing-borne flight endurance.,PASS,,,,
CASE_FW_076,DETERMINISTIC,SURVEY,7.5,120.0,150.0,115.0,False,False,True,False,RURAL,FIXED_WING,FIXED_WING,FIXED_WING,SELECTED,FIXED_WING,0.0,1.0,0.8,FIXED_WING; VTOL,MULTIROTOR:Multirotor aerodynamic drag severely limits operational range beyond 100 km.,0.9,High aerodynamic lift-to-drag efficiency | Exceptional range capability | High cruise endurance | Wing-borne aerodynamic flight highly efficient for non-vertical launch. | Ideal candidate for long-range mapping and survey (> 30 km). | Excellent wing-borne flight endurance.,PASS,,,,
CASE_FW_077,DETERMINISTIC,MAPPING,10.0,150.0,150.0,116.0,False,False,False,False,RURAL,FIXED_WING,FIXED_WING,FIXED_WING,SELECTED,FIXED_WING,0.0,1.0,0.8,FIXED_WING; VTOL,MULTIROTOR:Multirotor aerodynamic drag severely limits operational range beyond 100 km.,0.9,High aerodynamic lift-to-drag efficiency | Exceptional range capability | High cruise endurance | Wing-borne aerodynamic flight highly efficient for non-vertical launch. | Ideal candidate for long-range mapping and survey (> 30 km). | Excellent wing-borne flight endurance.,PASS,,,,
CASE_FW_078,DETERMINISTIC,AGRICULTURE,0.5,150.0,150.0,117.0,False,False,False,False,RURAL,FIXED_WING,FIXED_WING,FIXED_WING,SELECTED,FIXED_WING,0.0,1.0,0.8,FIXED_WING; VTOL,MULTIROTOR:Multirotor aerodynamic drag severely limits operational range beyond 100 km.,0.9,High aerodynamic lift-to-drag efficiency | Exceptional range capability | High cruise endurance | Wing-borne aerodynamic flight highly efficient for non-vertical launch. | Ideal candidate for long-range mapping and survey (> 30 km). | Excellent wing-borne flight endurance.,PASS,,,,
CASE_FW_079,DETERMINISTIC,MILITARY,1.0,200.0,180.0,118.0,False,False,True,False,RURAL,FIXED_WING,FIXED_WING,FIXED_WING,SELECTED,FIXED_WING,0.0,1.0,0.8,FIXED_WING; VTOL,MULTIROTOR:Multirotor aerodynamic drag severely limits operational range beyond 100 km.,0.9,High aerodynamic lift-to-drag efficiency | Exceptional range capability | High cruise endurance | Wing-borne aerodynamic flight highly efficient for non-vertical launch. | Ideal candidate for long-range mapping and survey (> 30 km). | Excellent wing-borne flight endurance.,PASS,,,,
CASE_FW_080,DETERMINISTIC,RESEARCH,2.0,200.0,180.0,119.0,False,False,False,False,RURAL,FIXED_WING,FIXED_WING,FIXED_WING,SELECTED,FIXED_WING,0.0,1.0,0.8,FIXED_WING; VTOL,MULTIROTOR:Multirotor aerodynamic drag severely limits operational range beyond 100 km.,0.9,High aerodynamic lift-to-drag efficiency | Exceptional range capability | High cruise endurance | Wing-borne aerodynamic flight highly efficient for non-vertical launch. | Ideal candidate for long-range mapping and survey (> 30 km). | Excellent wing-borne flight endurance.,PASS,,,,
CASE_FW_081,DETERMINISTIC,SURVEY,3.0,30.0,180.0,80.0,False,False,False,False,RURAL,FIXED_WING,FIXED_WING,FIXED_WING,SELECTED,FIXED_WING,0.3,1.0,0.8,FIXED_WING; MULTIROTOR; VTOL,,0.9,High aerodynamic lift-to-drag efficiency | Exceptional range capability | High cruise endurance | Wing-borne aerodynamic flight highly efficient for non-vertical launch. | Ideal candidate for long-range mapping and survey (> 30 km). | Excellent wing-borne flight endurance.,PASS,,,,
CASE_FW_082,DETERMINISTIC,MAPPING,5.0,30.0,240.0,81.0,False,False,True,False,RURAL,FIXED_WING,FIXED_WING,FIXED_WING,SELECTED,FIXED_WING,0.3,1.0,0.8,FIXED_WING; MULTIROTOR; VTOL,,0.9,High aerodynamic lift-to-drag efficiency | Exceptional range capability | High cruise endurance | Wing-borne aerodynamic flight highly efficient for non-vertical launch. | Ideal candidate for long-range mapping and survey (> 30 km). | Excellent wing-borne flight endurance.,PASS,,,,
CASE_FW_083,DETERMINISTIC,AGRICULTURE,7.5,45.0,240.0,82.0,False,False,False,False,RURAL,FIXED_WING,FIXED_WING,FIXED_WING,SELECTED,FIXED_WING,0.1,1.0,0.8,FIXED_WING; MULTIROTOR; VTOL,,0.9,High aerodynamic lift-to-drag efficiency | Exceptional range capability | High cruise endurance | Wing-borne aerodynamic flight highly efficient for non-vertical launch. | Ideal candidate for long-range mapping and survey (> 30 km). | Excellent wing-borne flight endurance.,PASS,,,,
CASE_FW_084,DETERMINISTIC,MILITARY,10.0,45.0,240.0,83.0,False,False,False,False,RURAL,FIXED_WING,FIXED_WING,FIXED_WING,SELECTED,FIXED_WING,0.1,1.0,0.8,FIXED_WING; MULTIROTOR; VTOL,,0.9,High aerodynamic lift-to-drag efficiency | Exceptional range capability | High cruise endurance | Wing-borne aerodynamic flight highly efficient for non-vertical launch. | Ideal candidate for long-range mapping and survey (> 30 km). | Excellent wing-borne flight endurance.,PASS,,,,
CASE_FW_085,DETERMINISTIC,RESEARCH,0.5,60.0,45.0,84.0,False,False,True,False,RURAL,FIXED_WING,FIXED_WING,FIXED_WING,SELECTED,FIXED_WING,0.4,1.0,0.8,FIXED_WING; MULTIROTOR; VTOL,,0.9,High aerodynamic lift-to-drag efficiency | Exceptional range capability | High cruise endurance | Wing-borne aerodynamic flight highly efficient for non-vertical launch. | Ideal candidate for long-range mapping and survey (> 30 km).,PASS,,,,
CASE_FW_086,DETERMINISTIC,SURVEY,1.0,60.0,45.0,85.0,False,False,False,False,RURAL,FIXED_WING,FIXED_WING,FIXED_WING,SELECTED,FIXED_WING,0.4,1.0,0.8,FIXED_WING; MULTIROTOR; VTOL,,0.9,High aerodynamic lift-to-drag efficiency | Exceptional range capability | High cruise endurance | Wing-borne aerodynamic flight highly efficient for non-vertical launch. | Ideal candidate for long-range mapping and survey (> 30 km).,PASS,,,,
CASE_FW_087,DETERMINISTIC,MAPPING,2.0,80.0,45.0,86.0,False,False,False,False,RURAL,FIXED_WING,FIXED_WING,FIXED_WING,SELECTED,FIXED_WING,0.4,1.0,0.8,FIXED_WING; MULTIROTOR; VTOL,,0.9,High aerodynamic lift-to-drag efficiency | Exceptional range capability | High cruise endurance | Wing-borne aerodynamic flight highly efficient for non-vertical launch. | Ideal candidate for long-range mapping and survey (> 30 km).,PASS,,,,
CASE_FW_088,DETERMINISTIC,AGRICULTURE,3.0,80.0,60.0,87.0,False,False,True,False,RURAL,FIXED_WING,FIXED_WING,FIXED_WING,SELECTED,FIXED_WING,0.1,1.0,0.8,FIXED_WING; MULTIROTOR; VTOL,,0.9,High aerodynamic lift-to-drag efficiency | Exceptional range capability | High cruise endurance | Wing-borne aerodynamic flight highly efficient for non-vertical launch. | Ideal candidate for long-range mapping and survey (> 30 km). | Excellent wing-borne flight endurance.,PASS,,,,
CASE_FW_089,DETERMINISTIC,MILITARY,5.0,100.0,60.0,88.0,False,False,False,False,RURAL,FIXED_WING,FIXED_WING,FIXED_WING,SELECTED,FIXED_WING,0.1,1.0,0.8,FIXED_WING; MULTIROTOR; VTOL,,0.9,High aerodynamic lift-to-drag efficiency | Exceptional range capability | High cruise endurance | Wing-borne aerodynamic flight highly efficient for non-vertical launch. | Ideal candidate for long-range mapping and survey (> 30 km). | Excellent wing-borne flight endurance.,PASS,,,,
CASE_FW_090,DETERMINISTIC,RESEARCH,7.5,100.0,60.0,89.0,False,False,False,False,RURAL,FIXED_WING,FIXED_WING,FIXED_WING,SELECTED,FIXED_WING,0.1,1.0,0.8,FIXED_WING; MULTIROTOR; VTOL,,0.9,High aerodynamic lift-to-drag efficiency | Exceptional range capability | High cruise endurance | Wing-borne aerodynamic flight highly efficient for non-vertical launch. | Ideal candidate for long-range mapping and survey (> 30 km). | Excellent wing-borne flight endurance.,PASS,,,,
CASE_FW_091,DETERMINISTIC,SURVEY,10.0,120.0,90.0,90.0,False,False,True,False,RURAL,FIXED_WING,FIXED_WING,FIXED_WING,SELECTED,FIXED_WING,0.0,1.0,0.8,FIXED_WING; VTOL,MULTIROTOR:Multirotor aerodynamic drag severely limits operational range beyond 100 km.,0.9,High aerodynamic lift-to-drag efficiency | Exceptional range capability | High cruise endurance | Wing-borne aerodynamic flight highly efficient for non-vertical launch. | Ideal candidate for long-range mapping and survey (> 30 km). | Excellent wing-borne flight endurance.,PASS,,,,
CASE_FW_092,DETERMINISTIC,MAPPING,0.5,120.0,90.0,91.0,False,False,False,False,RURAL,FIXED_WING,FIXED_WING,FIXED_WING,SELECTED,FIXED_WING,0.0,1.0,0.8,FIXED_WING; VTOL,MULTIROTOR:Multirotor aerodynamic drag severely limits operational range beyond 100 km.,0.9,High aerodynamic lift-to-drag efficiency | Exceptional range capability | High cruise endurance | Wing-borne aerodynamic flight highly efficient for non-vertical launch. | Ideal candidate for long-range mapping and survey (> 30 km). | Excellent wing-borne flight endurance.,PASS,,,,
CASE_FW_093,DETERMINISTIC,AGRICULTURE,1.0,150.0,90.0,92.0,False,False,False,False,RURAL,FIXED_WING,FIXED_WING,FIXED_WING,SELECTED,FIXED_WING,0.0,1.0,0.8,FIXED_WING; VTOL,MULTIROTOR:Multirotor aerodynamic drag severely limits operational range beyond 100 km.,0.9,High aerodynamic lift-to-drag efficiency | Exceptional range capability | High cruise endurance | Wing-borne aerodynamic flight highly efficient for non-vertical launch. | Ideal candidate for long-range mapping and survey (> 30 km). | Excellent wing-borne flight endurance.,PASS,,,,
CASE_FW_094,DETERMINISTIC,MILITARY,2.0,150.0,120.0,93.0,False,False,True,False,RURAL,FIXED_WING,FIXED_WING,FIXED_WING,SELECTED,FIXED_WING,0.0,1.0,0.8,FIXED_WING; VTOL,MULTIROTOR:Multirotor aerodynamic drag severely limits operational range beyond 100 km.,0.9,High aerodynamic lift-to-drag efficiency | Exceptional range capability | High cruise endurance | Wing-borne aerodynamic flight highly efficient for non-vertical launch. | Ideal candidate for long-range mapping and survey (> 30 km). | Excellent wing-borne flight endurance.,PASS,,,,
CASE_FW_095,DETERMINISTIC,RESEARCH,3.0,200.0,120.0,94.0,False,False,False,False,RURAL,FIXED_WING,FIXED_WING,FIXED_WING,SELECTED,FIXED_WING,0.0,1.0,0.8,FIXED_WING; VTOL,MULTIROTOR:Multirotor aerodynamic drag severely limits operational range beyond 100 km.,0.9,High aerodynamic lift-to-drag efficiency | Exceptional range capability | High cruise endurance | Wing-borne aerodynamic flight highly efficient for non-vertical launch. | Ideal candidate for long-range mapping and survey (> 30 km). | Excellent wing-borne flight endurance.,PASS,,,,
CASE_FW_096,DETERMINISTIC,SURVEY,5.0,200.0,120.0,95.0,False,False,False,False,RURAL,FIXED_WING,FIXED_WING,FIXED_WING,SELECTED,FIXED_WING,0.0,1.0,0.8,FIXED_WING; VTOL,MULTIROTOR:Multirotor aerodynamic drag severely limits operational range beyond 100 km.,0.9,High aerodynamic lift-to-drag efficiency | Exceptional range capability | High cruise endurance | Wing-borne aerodynamic flight highly efficient for non-vertical launch. | Ideal candidate for long-range mapping and survey (> 30 km). | Excellent wing-borne flight endurance.,PASS,,,,
CASE_FW_097,DETERMINISTIC,MAPPING,7.5,30.0,150.0,96.0,False,False,True,False,RURAL,FIXED_WING,FIXED_WING,FIXED_WING,SELECTED,FIXED_WING,0.3,1.0,0.8,FIXED_WING; MULTIROTOR; VTOL,,0.9,High aerodynamic lift-to-drag efficiency | Exceptional range capability | High cruise endurance | Wing-borne aerodynamic flight highly efficient for non-vertical launch. | Ideal candidate for long-range mapping and survey (> 30 km). | Excellent wing-borne flight endurance.,PASS,,,,
CASE_FW_098,DETERMINISTIC,AGRICULTURE,10.0,30.0,150.0,97.0,False,False,False,False,RURAL,FIXED_WING,FIXED_WING,FIXED_WING,SELECTED,FIXED_WING,0.3,1.0,0.8,FIXED_WING; MULTIROTOR; VTOL,,0.9,High aerodynamic lift-to-drag efficiency | Exceptional range capability | High cruise endurance | Wing-borne aerodynamic flight highly efficient for non-vertical launch. | Ideal candidate for long-range mapping and survey (> 30 km). | Excellent wing-borne flight endurance.,PASS,,,,
CASE_FW_099,DETERMINISTIC,MILITARY,0.5,45.0,150.0,98.0,False,False,False,False,RURAL,FIXED_WING,FIXED_WING,FIXED_WING,SELECTED,FIXED_WING,0.1,1.0,0.8,FIXED_WING; MULTIROTOR; VTOL,,0.9,High aerodynamic lift-to-drag efficiency | Exceptional range capability | High cruise endurance | Wing-borne aerodynamic flight highly efficient for non-vertical launch. | Ideal candidate for long-range mapping and survey (> 30 km). | Excellent wing-borne flight endurance.,PASS,,,,
CASE_FW_100,DETERMINISTIC,RESEARCH,1.0,45.0,180.0,99.0,False,False,True,False,RURAL,FIXED_WING,FIXED_WING,FIXED_WING,SELECTED,FIXED_WING,0.1,1.0,0.8,FIXED_WING; MULTIROTOR; VTOL,,0.9,High aerodynamic lift-to-drag efficiency | Exceptional range capability | High cruise endurance | Wing-borne aerodynamic flight highly efficient for non-vertical launch. | Ideal candidate for long-range mapping and survey (> 30 km). | Excellent wing-borne flight endurance.,PASS,,,,
CASE_FW_101,DETERMINISTIC,SURVEY,2.0,60.0,180.0,100.0,False,False,False,False,RURAL,FIXED_WING,FIXED_WING,FIXED_WING,SELECTED,FIXED_WING,0.1,1.0,0.8,FIXED_WING; MULTIROTOR; VTOL,,0.9,High aerodynamic lift-to-drag efficiency | Exceptional range capability | High cruise endurance | Wing-borne aerodynamic flight highly efficient for non-vertical launch. | Ideal candidate for long-range mapping and survey (> 30 km). | Excellent wing-borne flight endurance.,PASS,,,,
CASE_FW_102,DETERMINISTIC,MAPPING,3.0,60.0,180.0,101.0,False,False,False,False,RURAL,FIXED_WING,FIXED_WING,FIXED_WING,SELECTED,FIXED_WING,0.1,1.0,0.8,FIXED_WING; MULTIROTOR; VTOL,,0.9,High aerodynamic lift-to-drag efficiency | Exceptional range capability | High cruise endurance | Wing-borne aerodynamic flight highly efficient for non-vertical launch. | Ideal candidate for long-range mapping and survey (> 30 km). | Excellent wing-borne flight endurance.,PASS,,,,
CASE_FW_103,DETERMINISTIC,AGRICULTURE,5.0,80.0,240.0,102.0,False,False,True,False,RURAL,FIXED_WING,FIXED_WING,FIXED_WING,SELECTED,FIXED_WING,0.1,1.0,0.8,FIXED_WING; MULTIROTOR; VTOL,,0.9,High aerodynamic lift-to-drag efficiency | Exceptional range capability | High cruise endurance | Wing-borne aerodynamic flight highly efficient for non-vertical launch. | Ideal candidate for long-range mapping and survey (> 30 km). | Excellent wing-borne flight endurance.,PASS,,,,
CASE_FW_104,DETERMINISTIC,MILITARY,7.5,80.0,240.0,103.0,False,False,False,False,RURAL,FIXED_WING,FIXED_WING,FIXED_WING,SELECTED,FIXED_WING,0.1,1.0,0.8,FIXED_WING; MULTIROTOR; VTOL,,0.9,High aerodynamic lift-to-drag efficiency | Exceptional range capability | High cruise endurance | Wing-borne aerodynamic flight highly efficient for non-vertical launch. | Ideal candidate for long-range mapping and survey (> 30 km). | Excellent wing-borne flight endurance.,PASS,,,,
CASE_FW_105,DETERMINISTIC,RESEARCH,10.0,100.0,240.0,104.0,False,False,False,False,RURAL,FIXED_WING,FIXED_WING,FIXED_WING,SELECTED,FIXED_WING,0.1,1.0,0.8,FIXED_WING; MULTIROTOR; VTOL,,0.9,High aerodynamic lift-to-drag efficiency | Exceptional range capability | High cruise endurance | Wing-borne aerodynamic flight highly efficient for non-vertical launch. | Ideal candidate for long-range mapping and survey (> 30 km). | Excellent wing-borne flight endurance.,PASS,,,,
CASE_FW_106,DETERMINISTIC,SURVEY,0.5,100.0,45.0,105.0,False,False,True,False,RURAL,FIXED_WING,FIXED_WING,FIXED_WING,SELECTED,FIXED_WING,0.4,1.0,0.8,FIXED_WING; MULTIROTOR; VTOL,,0.9,High aerodynamic lift-to-drag efficiency | Exceptional range capability | High cruise endurance | Wing-borne aerodynamic flight highly efficient for non-vertical launch. | Ideal candidate for long-range mapping and survey (> 30 km).,PASS,,,,
CASE_FW_107,DETERMINISTIC,MAPPING,1.0,120.0,45.0,106.0,False,False,False,False,RURAL,FIXED_WING,FIXED_WING,FIXED_WING,SELECTED,FIXED_WING,0.0,1.0,0.8,FIXED_WING; VTOL,MULTIROTOR:Multirotor aerodynamic drag severely limits operational range beyond 100 km.,0.9,High aerodynamic lift-to-drag efficiency | Exceptional range capability | High cruise endurance | Wing-borne aerodynamic flight highly efficient for non-vertical launch. | Ideal candidate for long-range mapping and survey (> 30 km).,PASS,,,,
CASE_FW_108,DETERMINISTIC,AGRICULTURE,2.0,120.0,45.0,107.0,False,False,False,False,RURAL,FIXED_WING,FIXED_WING,FIXED_WING,SELECTED,FIXED_WING,0.0,1.0,0.8,FIXED_WING; VTOL,MULTIROTOR:Multirotor aerodynamic drag severely limits operational range beyond 100 km.,0.9,High aerodynamic lift-to-drag efficiency | Exceptional range capability | High cruise endurance | Wing-borne aerodynamic flight highly efficient for non-vertical launch. | Ideal candidate for long-range mapping and survey (> 30 km).,PASS,,,,
CASE_FW_109,DETERMINISTIC,MILITARY,3.0,150.0,60.0,108.0,False,False,True,False,RURAL,FIXED_WING,FIXED_WING,FIXED_WING,SELECTED,FIXED_WING,0.0,1.0,0.8,FIXED_WING; VTOL,MULTIROTOR:Multirotor aerodynamic drag severely limits operational range beyond 100 km.,0.9,High aerodynamic lift-to-drag efficiency | Exceptional range capability | High cruise endurance | Wing-borne aerodynamic flight highly efficient for non-vertical launch. | Ideal candidate for long-range mapping and survey (> 30 km). | Excellent wing-borne flight endurance.,PASS,,,,
CASE_FW_110,DETERMINISTIC,RESEARCH,5.0,150.0,60.0,109.0,False,False,False,False,RURAL,FIXED_WING,FIXED_WING,FIXED_WING,SELECTED,FIXED_WING,0.0,1.0,0.8,FIXED_WING; VTOL,MULTIROTOR:Multirotor aerodynamic drag severely limits operational range beyond 100 km.,0.9,High aerodynamic lift-to-drag efficiency | Exceptional range capability | High cruise endurance | Wing-borne aerodynamic flight highly efficient for non-vertical launch. | Ideal candidate for long-range mapping and survey (> 30 km). | Excellent wing-borne flight endurance.,PASS,,,,
CASE_FW_111,DETERMINISTIC,SURVEY,7.5,200.0,60.0,110.0,False,False,False,False,RURAL,FIXED_WING,FIXED_WING,FIXED_WING,SELECTED,FIXED_WING,0.0,1.0,0.8,FIXED_WING; VTOL,MULTIROTOR:Multirotor aerodynamic drag severely limits operational range beyond 100 km.,0.9,High aerodynamic lift-to-drag efficiency | Exceptional range capability | High cruise endurance | Wing-borne aerodynamic flight highly efficient for non-vertical launch. | Ideal candidate for long-range mapping and survey (> 30 km). | Excellent wing-borne flight endurance.,PASS,,,,
CASE_FW_112,DETERMINISTIC,MAPPING,10.0,200.0,90.0,111.0,False,False,True,False,RURAL,FIXED_WING,FIXED_WING,FIXED_WING,SELECTED,FIXED_WING,0.0,1.0,0.8,FIXED_WING; VTOL,MULTIROTOR:Multirotor aerodynamic drag severely limits operational range beyond 100 km.,0.9,High aerodynamic lift-to-drag efficiency | Exceptional range capability | High cruise endurance | Wing-borne aerodynamic flight highly efficient for non-vertical launch. | Ideal candidate for long-range mapping and survey (> 30 km). | Excellent wing-borne flight endurance.,PASS,,,,
CASE_FW_113,DETERMINISTIC,AGRICULTURE,0.5,30.0,90.0,112.0,False,False,False,False,RURAL,FIXED_WING,FIXED_WING,FIXED_WING,SELECTED,FIXED_WING,0.3,1.0,0.8,FIXED_WING; MULTIROTOR; VTOL,,0.9,High aerodynamic lift-to-drag efficiency | Exceptional range capability | High cruise endurance | Wing-borne aerodynamic flight highly efficient for non-vertical launch. | Ideal candidate for long-range mapping and survey (> 30 km). | Excellent wing-borne flight endurance.,PASS,,,,
CASE_FW_114,DETERMINISTIC,MILITARY,1.0,30.0,90.0,113.0,False,False,False,False,RURAL,FIXED_WING,FIXED_WING,FIXED_WING,SELECTED,FIXED_WING,0.3,1.0,0.8,FIXED_WING; MULTIROTOR; VTOL,,0.9,High aerodynamic lift-to-drag efficiency | Exceptional range capability | High cruise endurance | Wing-borne aerodynamic flight highly efficient for non-vertical launch. | Ideal candidate for long-range mapping and survey (> 30 km). | Excellent wing-borne flight endurance.,PASS,,,,
CASE_FW_115,DETERMINISTIC,RESEARCH,2.0,45.0,120.0,114.0,False,False,True,False,RURAL,FIXED_WING,FIXED_WING,FIXED_WING,SELECTED,FIXED_WING,0.1,1.0,0.8,FIXED_WING; MULTIROTOR; VTOL,,0.9,High aerodynamic lift-to-drag efficiency | Exceptional range capability | High cruise endurance | Wing-borne aerodynamic flight highly efficient for non-vertical launch. | Ideal candidate for long-range mapping and survey (> 30 km). | Excellent wing-borne flight endurance.,PASS,,,,
CASE_FW_116,DETERMINISTIC,SURVEY,3.0,45.0,120.0,115.0,False,False,False,False,RURAL,FIXED_WING,FIXED_WING,FIXED_WING,SELECTED,FIXED_WING,0.1,1.0,0.8,FIXED_WING; MULTIROTOR; VTOL,,0.9,High aerodynamic lift-to-drag efficiency | Exceptional range capability | High cruise endurance | Wing-borne aerodynamic flight highly efficient for non-vertical launch. | Ideal candidate for long-range mapping and survey (> 30 km). | Excellent wing-borne flight endurance.,PASS,,,,
CASE_FW_117,DETERMINISTIC,MAPPING,5.0,60.0,120.0,116.0,False,False,False,False,RURAL,FIXED_WING,FIXED_WING,FIXED_WING,SELECTED,FIXED_WING,0.1,1.0,0.8,FIXED_WING; MULTIROTOR; VTOL,,0.9,High aerodynamic lift-to-drag efficiency | Exceptional range capability | High cruise endurance | Wing-borne aerodynamic flight highly efficient for non-vertical launch. | Ideal candidate for long-range mapping and survey (> 30 km). | Excellent wing-borne flight endurance.,PASS,,,,
CASE_FW_118,DETERMINISTIC,AGRICULTURE,7.5,60.0,150.0,117.0,False,False,True,False,RURAL,FIXED_WING,FIXED_WING,FIXED_WING,SELECTED,FIXED_WING,0.1,1.0,0.8,FIXED_WING; MULTIROTOR; VTOL,,0.9,High aerodynamic lift-to-drag efficiency | Exceptional range capability | High cruise endurance | Wing-borne aerodynamic flight highly efficient for non-vertical launch. | Ideal candidate for long-range mapping and survey (> 30 km). | Excellent wing-borne flight endurance.,PASS,,,,
CASE_FW_119,DETERMINISTIC,MILITARY,10.0,80.0,150.0,118.0,False,False,False,False,RURAL,FIXED_WING,FIXED_WING,FIXED_WING,SELECTED,FIXED_WING,0.1,1.0,0.8,FIXED_WING; MULTIROTOR; VTOL,,0.9,High aerodynamic lift-to-drag efficiency | Exceptional range capability | High cruise endurance | Wing-borne aerodynamic flight highly efficient for non-vertical launch. | Ideal candidate for long-range mapping and survey (> 30 km). | Excellent wing-borne flight endurance.,PASS,,,,
CASE_FW_120,DETERMINISTIC,RESEARCH,0.5,80.0,150.0,119.0,False,False,False,False,RURAL,FIXED_WING,FIXED_WING,FIXED_WING,SELECTED,FIXED_WING,0.1,1.0,0.8,FIXED_WING; MULTIROTOR; VTOL,,0.9,High aerodynamic lift-to-drag efficiency | Exceptional range capability | High cruise endurance | Wing-borne aerodynamic flight highly efficient for non-vertical launch. | Ideal candidate for long-range mapping and survey (> 30 km). | Excellent wing-borne flight endurance.,PASS,,,,
CASE_FW_121,DETERMINISTIC,SURVEY,1.0,100.0,180.0,80.0,False,False,True,False,RURAL,FIXED_WING,FIXED_WING,FIXED_WING,SELECTED,FIXED_WING,0.1,1.0,0.8,FIXED_WING; MULTIROTOR; VTOL,,0.9,High aerodynamic lift-to-drag efficiency | Exceptional range capability | High cruise endurance | Wing-borne aerodynamic flight highly efficient for non-vertical launch. | Ideal candidate for long-range mapping and survey (> 30 km). | Excellent wing-borne flight endurance.,PASS,,,,
CASE_FW_122,DETERMINISTIC,MAPPING,2.0,100.0,180.0,81.0,False,False,False,False,RURAL,FIXED_WING,FIXED_WING,FIXED_WING,SELECTED,FIXED_WING,0.1,1.0,0.8,FIXED_WING; MULTIROTOR; VTOL,,0.9,High aerodynamic lift-to-drag efficiency | Exceptional range capability | High cruise endurance | Wing-borne aerodynamic flight highly efficient for non-vertical launch. | Ideal candidate for long-range mapping and survey (> 30 km). | Excellent wing-borne flight endurance.,PASS,,,,
CASE_FW_123,DETERMINISTIC,AGRICULTURE,3.0,120.0,180.0,82.0,False,False,False,False,RURAL,FIXED_WING,FIXED_WING,FIXED_WING,SELECTED,FIXED_WING,0.0,1.0,0.8,FIXED_WING; VTOL,MULTIROTOR:Multirotor aerodynamic drag severely limits operational range beyond 100 km.,0.9,High aerodynamic lift-to-drag efficiency | Exceptional range capability | High cruise endurance | Wing-borne aerodynamic flight highly efficient for non-vertical launch. | Ideal candidate for long-range mapping and survey (> 30 km). | Excellent wing-borne flight endurance.,PASS,,,,
CASE_FW_124,DETERMINISTIC,MILITARY,5.0,120.0,240.0,83.0,False,False,True,False,RURAL,FIXED_WING,FIXED_WING,FIXED_WING,SELECTED,FIXED_WING,0.0,1.0,0.8,FIXED_WING; VTOL,MULTIROTOR:Multirotor aerodynamic drag severely limits operational range beyond 100 km.,0.9,High aerodynamic lift-to-drag efficiency | Exceptional range capability | High cruise endurance | Wing-borne aerodynamic flight highly efficient for non-vertical launch. | Ideal candidate for long-range mapping and survey (> 30 km). | Excellent wing-borne flight endurance.,PASS,,,,
CASE_FW_125,DETERMINISTIC,RESEARCH,7.5,150.0,240.0,84.0,False,False,False,False,RURAL,FIXED_WING,FIXED_WING,FIXED_WING,SELECTED,FIXED_WING,0.0,1.0,0.8,FIXED_WING; VTOL,MULTIROTOR:Multirotor aerodynamic drag severely limits operational range beyond 100 km.,0.9,High aerodynamic lift-to-drag efficiency | Exceptional range capability | High cruise endurance | Wing-borne aerodynamic flight highly efficient for non-vertical launch. | Ideal candidate for long-range mapping and survey (> 30 km). | Excellent wing-borne flight endurance.,PASS,,,,
CASE_FW_126,DETERMINISTIC,SURVEY,10.0,150.0,240.0,85.0,False,False,False,False,RURAL,FIXED_WING,FIXED_WING,FIXED_WING,SELECTED,FIXED_WING,0.0,1.0,0.8,FIXED_WING; VTOL,MULTIROTOR:Multirotor aerodynamic drag severely limits operational range beyond 100 km.,0.9,High aerodynamic lift-to-drag efficiency | Exceptional range capability | High cruise endurance | Wing-borne aerodynamic flight highly efficient for non-vertical launch. | Ideal candidate for long-range mapping and survey (> 30 km). | Excellent wing-borne flight endurance.,PASS,,,,
CASE_FW_127,DETERMINISTIC,MAPPING,0.5,200.0,45.0,86.0,False,False,True,False,RURAL,FIXED_WING,FIXED_WING,FIXED_WING,SELECTED,FIXED_WING,0.0,1.0,0.8,FIXED_WING; VTOL,MULTIROTOR:Multirotor aerodynamic drag severely limits operational range beyond 100 km.,0.9,High aerodynamic lift-to-drag efficiency | Exceptional range capability | High cruise endurance | Wing-borne aerodynamic flight highly efficient for non-vertical launch. | Ideal candidate for long-range mapping and survey (> 30 km).,PASS,,,,
CASE_FW_128,DETERMINISTIC,AGRICULTURE,1.0,200.0,45.0,87.0,False,False,False,False,RURAL,FIXED_WING,FIXED_WING,FIXED_WING,SELECTED,FIXED_WING,0.0,1.0,0.8,FIXED_WING; VTOL,MULTIROTOR:Multirotor aerodynamic drag severely limits operational range beyond 100 km.,0.9,High aerodynamic lift-to-drag efficiency | Exceptional range capability | High cruise endurance | Wing-borne aerodynamic flight highly efficient for non-vertical launch. | Ideal candidate for long-range mapping and survey (> 30 km).,PASS,,,,
CASE_FW_129,DETERMINISTIC,MILITARY,2.0,30.0,45.0,88.0,False,False,False,False,RURAL,FIXED_WING,FIXED_WING,FIXED_WING,SELECTED,FIXED_WING,0.6,1.0,0.8,FIXED_WING; MULTIROTOR; VTOL,,0.9,High aerodynamic lift-to-drag efficiency | Exceptional range capability | High cruise endurance | Wing-borne aerodynamic flight highly efficient for non-vertical launch. | Ideal candidate for long-range mapping and survey (> 30 km).,PASS,,,,
CASE_FW_130,DETERMINISTIC,RESEARCH,3.0,30.0,60.0,89.0,False,False,True,False,RURAL,FIXED_WING,FIXED_WING,FIXED_WING,SELECTED,FIXED_WING,0.3,1.0,0.8,FIXED_WING; MULTIROTOR; VTOL,,0.9,High aerodynamic lift-to-drag efficiency | Exceptional range capability | High cruise endurance | Wing-borne aerodynamic flight highly efficient for non-vertical launch. | Ideal candidate for long-range mapping and survey (> 30 km). | Excellent wing-borne flight endurance.,PASS,,,,
CASE_FW_131,DETERMINISTIC,SURVEY,5.0,45.0,60.0,90.0,False,False,False,False,RURAL,FIXED_WING,FIXED_WING,FIXED_WING,SELECTED,FIXED_WING,0.1,1.0,0.8,FIXED_WING; MULTIROTOR; VTOL,,0.9,High aerodynamic lift-to-drag efficiency | Exceptional range capability | High cruise endurance | Wing-borne aerodynamic flight highly efficient for non-vertical launch. | Ideal candidate for long-range mapping and survey (> 30 km). | Excellent wing-borne flight endurance.,PASS,,,,
CASE_FW_132,DETERMINISTIC,MAPPING,7.5,45.0,60.0,91.0,False,False,False,False,RURAL,FIXED_WING,FIXED_WING,FIXED_WING,SELECTED,FIXED_WING,0.1,1.0,0.8,FIXED_WING; MULTIROTOR; VTOL,,0.9,High aerodynamic lift-to-drag efficiency | Exceptional range capability | High cruise endurance | Wing-borne aerodynamic flight highly efficient for non-vertical launch. | Ideal candidate for long-range mapping and survey (> 30 km). | Excellent wing-borne flight endurance.,PASS,,,,
CASE_FW_133,DETERMINISTIC,AGRICULTURE,10.0,60.0,90.0,92.0,False,False,True,False,RURAL,FIXED_WING,FIXED_WING,FIXED_WING,SELECTED,FIXED_WING,0.1,1.0,0.8,FIXED_WING; MULTIROTOR; VTOL,,0.9,High aerodynamic lift-to-drag efficiency | Exceptional range capability | High cruise endurance | Wing-borne aerodynamic flight highly efficient for non-vertical launch. | Ideal candidate for long-range mapping and survey (> 30 km). | Excellent wing-borne flight endurance.,PASS,,,,
CASE_FW_134,DETERMINISTIC,MILITARY,0.5,60.0,90.0,93.0,False,False,False,False,RURAL,FIXED_WING,FIXED_WING,FIXED_WING,SELECTED,FIXED_WING,0.1,1.0,0.8,FIXED_WING; MULTIROTOR; VTOL,,0.9,High aerodynamic lift-to-drag efficiency | Exceptional range capability | High cruise endurance | Wing-borne aerodynamic flight highly efficient for non-vertical launch. | Ideal candidate for long-range mapping and survey (> 30 km). | Excellent wing-borne flight endurance.,PASS,,,,
CASE_FW_135,DETERMINISTIC,RESEARCH,1.0,80.0,90.0,94.0,False,False,False,False,RURAL,FIXED_WING,FIXED_WING,FIXED_WING,SELECTED,FIXED_WING,0.1,1.0,0.8,FIXED_WING; MULTIROTOR; VTOL,,0.9,High aerodynamic lift-to-drag efficiency | Exceptional range capability | High cruise endurance | Wing-borne aerodynamic flight highly efficient for non-vertical launch. | Ideal candidate for long-range mapping and survey (> 30 km). | Excellent wing-borne flight endurance.,PASS,,,,
CASE_FW_136,DETERMINISTIC,SURVEY,2.0,80.0,120.0,95.0,False,False,True,False,RURAL,FIXED_WING,FIXED_WING,FIXED_WING,SELECTED,FIXED_WING,0.1,1.0,0.8,FIXED_WING; MULTIROTOR; VTOL,,0.9,High aerodynamic lift-to-drag efficiency | Exceptional range capability | High cruise endurance | Wing-borne aerodynamic flight highly efficient for non-vertical launch. | Ideal candidate for long-range mapping and survey (> 30 km). | Excellent wing-borne flight endurance.,PASS,,,,
CASE_FW_137,DETERMINISTIC,MAPPING,3.0,100.0,120.0,96.0,False,False,False,False,RURAL,FIXED_WING,FIXED_WING,FIXED_WING,SELECTED,FIXED_WING,0.1,1.0,0.8,FIXED_WING; MULTIROTOR; VTOL,,0.9,High aerodynamic lift-to-drag efficiency | Exceptional range capability | High cruise endurance | Wing-borne aerodynamic flight highly efficient for non-vertical launch. | Ideal candidate for long-range mapping and survey (> 30 km). | Excellent wing-borne flight endurance.,PASS,,,,
CASE_FW_138,DETERMINISTIC,AGRICULTURE,5.0,100.0,120.0,97.0,False,False,False,False,RURAL,FIXED_WING,FIXED_WING,FIXED_WING,SELECTED,FIXED_WING,0.1,1.0,0.8,FIXED_WING; MULTIROTOR; VTOL,,0.9,High aerodynamic lift-to-drag efficiency | Exceptional range capability | High cruise endurance | Wing-borne aerodynamic flight highly efficient for non-vertical launch. | Ideal candidate for long-range mapping and survey (> 30 km). | Excellent wing-borne flight endurance.,PASS,,,,
CASE_FW_139,DETERMINISTIC,MILITARY,7.5,120.0,150.0,98.0,False,False,True,False,RURAL,FIXED_WING,FIXED_WING,FIXED_WING,SELECTED,FIXED_WING,0.0,1.0,0.8,FIXED_WING; VTOL,MULTIROTOR:Multirotor aerodynamic drag severely limits operational range beyond 100 km.,0.9,High aerodynamic lift-to-drag efficiency | Exceptional range capability | High cruise endurance | Wing-borne aerodynamic flight highly efficient for non-vertical launch. | Ideal candidate for long-range mapping and survey (> 30 km). | Excellent wing-borne flight endurance.,PASS,,,,
CASE_FW_140,DETERMINISTIC,RESEARCH,10.0,120.0,150.0,99.0,False,False,False,False,RURAL,FIXED_WING,FIXED_WING,FIXED_WING,SELECTED,FIXED_WING,0.0,1.0,0.8,FIXED_WING; VTOL,MULTIROTOR:Multirotor aerodynamic drag severely limits operational range beyond 100 km.,0.9,High aerodynamic lift-to-drag efficiency | Exceptional range capability | High cruise endurance | Wing-borne aerodynamic flight highly efficient for non-vertical launch. | Ideal candidate for long-range mapping and survey (> 30 km). | Excellent wing-borne flight endurance.,PASS,,,,
CASE_FW_141,DETERMINISTIC,SURVEY,0.5,150.0,150.0,100.0,False,False,False,False,RURAL,FIXED_WING,FIXED_WING,FIXED_WING,SELECTED,FIXED_WING,0.0,1.0,0.8,FIXED_WING; VTOL,MULTIROTOR:Multirotor aerodynamic drag severely limits operational range beyond 100 km.,0.9,High aerodynamic lift-to-drag efficiency | Exceptional range capability | High cruise endurance | Wing-borne aerodynamic flight highly efficient for non-vertical launch. | Ideal candidate for long-range mapping and survey (> 30 km). | Excellent wing-borne flight endurance.,PASS,,,,
CASE_FW_142,DETERMINISTIC,MAPPING,1.0,150.0,180.0,101.0,False,False,True,False,RURAL,FIXED_WING,FIXED_WING,FIXED_WING,SELECTED,FIXED_WING,0.0,1.0,0.8,FIXED_WING; VTOL,MULTIROTOR:Multirotor aerodynamic drag severely limits operational range beyond 100 km.,0.9,High aerodynamic lift-to-drag efficiency | Exceptional range capability | High cruise endurance | Wing-borne aerodynamic flight highly efficient for non-vertical launch. | Ideal candidate for long-range mapping and survey (> 30 km). | Excellent wing-borne flight endurance.,PASS,,,,
CASE_FW_143,DETERMINISTIC,AGRICULTURE,2.0,200.0,180.0,102.0,False,False,False,False,RURAL,FIXED_WING,FIXED_WING,FIXED_WING,SELECTED,FIXED_WING,0.0,1.0,0.8,FIXED_WING; VTOL,MULTIROTOR:Multirotor aerodynamic drag severely limits operational range beyond 100 km.,0.9,High aerodynamic lift-to-drag efficiency | Exceptional range capability | High cruise endurance | Wing-borne aerodynamic flight highly efficient for non-vertical launch. | Ideal candidate for long-range mapping and survey (> 30 km). | Excellent wing-borne flight endurance.,PASS,,,,
CASE_FW_144,DETERMINISTIC,MILITARY,3.0,200.0,180.0,103.0,False,False,False,False,RURAL,FIXED_WING,FIXED_WING,FIXED_WING,SELECTED,FIXED_WING,0.0,1.0,0.8,FIXED_WING; VTOL,MULTIROTOR:Multirotor aerodynamic drag severely limits operational range beyond 100 km.,0.9,High aerodynamic lift-to-drag efficiency | Exceptional range capability | High cruise endurance | Wing-borne aerodynamic flight highly efficient for non-vertical launch. | Ideal candidate for long-range mapping and survey (> 30 km). | Excellent wing-borne flight endurance.,PASS,,,,
CASE_FW_145,DETERMINISTIC,RESEARCH,5.0,30.0,240.0,104.0,False,False,True,False,RURAL,FIXED_WING,FIXED_WING,FIXED_WING,SELECTED,FIXED_WING,0.3,1.0,0.8,FIXED_WING; MULTIROTOR; VTOL,,0.9,High aerodynamic lift-to-drag efficiency | Exceptional range capability | High cruise endurance | Wing-borne aerodynamic flight highly efficient for non-vertical launch. | Ideal candidate for long-range mapping and survey (> 30 km). | Excellent wing-borne flight endurance.,PASS,,,,
CASE_FW_146,DETERMINISTIC,SURVEY,7.5,30.0,240.0,105.0,False,False,False,False,RURAL,FIXED_WING,FIXED_WING,FIXED_WING,SELECTED,FIXED_WING,0.3,1.0,0.8,FIXED_WING; MULTIROTOR; VTOL,,0.9,High aerodynamic lift-to-drag efficiency | Exceptional range capability | High cruise endurance | Wing-borne aerodynamic flight highly efficient for non-vertical launch. | Ideal candidate for long-range mapping and survey (> 30 km). | Excellent wing-borne flight endurance.,PASS,,,,
CASE_FW_147,DETERMINISTIC,MAPPING,10.0,45.0,240.0,106.0,False,False,False,False,RURAL,FIXED_WING,FIXED_WING,FIXED_WING,SELECTED,FIXED_WING,0.1,1.0,0.8,FIXED_WING; MULTIROTOR; VTOL,,0.9,High aerodynamic lift-to-drag efficiency | Exceptional range capability | High cruise endurance | Wing-borne aerodynamic flight highly efficient for non-vertical launch. | Ideal candidate for long-range mapping and survey (> 30 km). | Excellent wing-borne flight endurance.,PASS,,,,
CASE_FW_148,DETERMINISTIC,AGRICULTURE,0.5,45.0,45.0,107.0,False,False,True,False,RURAL,FIXED_WING,FIXED_WING,FIXED_WING,SELECTED,FIXED_WING,0.4,1.0,0.8,FIXED_WING; MULTIROTOR; VTOL,,0.9,High aerodynamic lift-to-drag efficiency | Exceptional range capability | High cruise endurance | Wing-borne aerodynamic flight highly efficient for non-vertical launch. | Ideal candidate for long-range mapping and survey (> 30 km).,PASS,,,,
CASE_FW_149,DETERMINISTIC,MILITARY,1.0,60.0,45.0,108.0,False,False,False,False,RURAL,FIXED_WING,FIXED_WING,FIXED_WING,SELECTED,FIXED_WING,0.4,1.0,0.8,FIXED_WING; MULTIROTOR; VTOL,,0.9,High aerodynamic lift-to-drag efficiency | Exceptional range capability | High cruise endurance | Wing-borne aerodynamic flight highly efficient for non-vertical launch. | Ideal candidate for long-range mapping and survey (> 30 km).,PASS,,,,
CASE_FW_150,DETERMINISTIC,RESEARCH,2.0,60.0,45.0,109.0,False,False,False,False,RURAL,FIXED_WING,FIXED_WING,FIXED_WING,SELECTED,FIXED_WING,0.4,1.0,0.8,FIXED_WING; MULTIROTOR; VTOL,,0.9,High aerodynamic lift-to-drag efficiency | Exceptional range capability | High cruise endurance | Wing-borne aerodynamic flight highly efficient for non-vertical launch. | Ideal candidate for long-range mapping and survey (> 30 km).,PASS,,,,
CASE_VTOL_001,DETERMINISTIC,DISASTER_RESPONSE,0.5,30.0,45.0,85.0,False,True,False,True,FOREST,VTOL,VTOL,VTOL,SELECTED,VTOL,0.6,0.0,0.95,MULTIROTOR; VTOL,"FIXED_WING:Conventional fixed-wing aircraft cannot perform vertical takeoff, vertical landing, or sustained hover.",0.95,Combines vertical takeoff with long-range fixed-wing cruise | No runway required | High range and endurance | Optimal choice for vertical takeoff combined with long range (> 30 km).,PASS,,,,
CASE_VTOL_002,DETERMINISTIC,DELIVERY,1.0,30.0,45.0,86.0,False,True,False,True,MOUNTAIN,VTOL,VTOL,VTOL,SELECTED,VTOL,0.6,0.0,0.95,MULTIROTOR; VTOL,"FIXED_WING:Conventional fixed-wing aircraft cannot perform vertical takeoff, vertical landing, or sustained hover.",0.95,Combines vertical takeoff with long-range fixed-wing cruise | No runway required | High range and endurance | Optimal choice for vertical takeoff combined with long range (> 30 km).,PASS,,,,
CASE_VTOL_003,DETERMINISTIC,SECURITY,2.0,45.0,45.0,87.0,False,True,False,True,FOREST,VTOL,VTOL,VTOL,SELECTED,VTOL,0.4,0.0,0.95,MULTIROTOR; VTOL,"FIXED_WING:Conventional fixed-wing aircraft cannot perform vertical takeoff, vertical landing, or sustained hover.",0.95,Combines vertical takeoff with long-range fixed-wing cruise | No runway required | High range and endurance | Optimal choice for vertical takeoff combined with long range (> 30 km).,PASS,,,,
CASE_VTOL_004,DETERMINISTIC,MAPPING,3.0,45.0,60.0,88.0,False,True,False,True,MOUNTAIN,VTOL,VTOL,VTOL,SELECTED,VTOL,0.1,0.0,0.95,MULTIROTOR; VTOL,"FIXED_WING:Conventional fixed-wing aircraft cannot perform vertical takeoff, vertical landing, or sustained hover.",0.95,Combines vertical takeoff with long-range fixed-wing cruise | No runway required | High range and endurance | Optimal choice for vertical takeoff combined with long range (> 30 km).,PASS,,,,
CASE_VTOL_005,DETERMINISTIC,SURVEY,5.0,60.0,60.0,89.0,False,True,False,True,FOREST,VTOL,VTOL,VTOL,SELECTED,VTOL,0.1,0.0,0.95,MULTIROTOR; VTOL,"FIXED_WING:Conventional fixed-wing aircraft cannot perform vertical takeoff, vertical landing, or sustained hover.",0.95,Combines vertical takeoff with long-range fixed-wing cruise | No runway required | High range and endurance | Optimal choice for vertical takeoff combined with long range (> 30 km).,PASS,,,,
CASE_VTOL_006,DETERMINISTIC,DISASTER_RESPONSE,8.0,60.0,60.0,90.0,False,True,False,True,MOUNTAIN,VTOL,VTOL,VTOL,SELECTED,VTOL,0.1,0.0,0.95,MULTIROTOR; VTOL,"FIXED_WING:Conventional fixed-wing aircraft cannot perform vertical takeoff, vertical landing, or sustained hover.",0.95,Combines vertical takeoff with long-range fixed-wing cruise | No runway required | High range and endurance | Optimal choice for vertical takeoff combined with long range (> 30 km).,PASS,,,,
CASE_VTOL_007,DETERMINISTIC,DELIVERY,10.0,80.0,90.0,91.0,False,True,False,True,FOREST,VTOL,VTOL,VTOL,SELECTED,VTOL,0.1,0.0,0.95,MULTIROTOR; VTOL,"FIXED_WING:Conventional fixed-wing aircraft cannot perform vertical takeoff, vertical landing, or sustained hover.",0.95,Combines vertical takeoff with long-range fixed-wing cruise | No runway required | High range and endurance | Optimal choice for vertical takeoff combined with long range (> 30 km).,PASS,,,,
CASE_VTOL_008,DETERMINISTIC,SECURITY,0.5,80.0,90.0,92.0,False,True,False,True,MOUNTAIN,VTOL,VTOL,VTOL,SELECTED,VTOL,0.1,0.0,0.95,MULTIROTOR; VTOL,"FIXED_WING:Conventional fixed-wing aircraft cannot perform vertical takeoff, vertical landing, or sustained hover.",0.95,Combines vertical takeoff with long-range fixed-wing cruise | No runway required | High range and endurance | Optimal choice for vertical takeoff combined with long range (> 30 km).,PASS,,,,
CASE_VTOL_009,DETERMINISTIC,MAPPING,1.0,100.0,90.0,93.0,False,True,False,True,FOREST,VTOL,VTOL,VTOL,SELECTED,VTOL,0.1,0.0,0.95,MULTIROTOR; VTOL,"FIXED_WING:Conventional fixed-wing aircraft cannot perform vertical takeoff, vertical landing, or sustained hover.",0.95,Combines vertical takeoff with long-range fixed-wing cruise | No runway required | High range and endurance | Optimal choice for vertical takeoff combined with long range (> 30 km).,PASS,,,,
CASE_VTOL_010,DETERMINISTIC,SURVEY,2.0,100.0,120.0,94.0,False,True,False,True,MOUNTAIN,VTOL,VTOL,VTOL,SELECTED,VTOL,0.1,0.0,0.95,MULTIROTOR; VTOL,"FIXED_WING:Conventional fixed-wing aircraft cannot perform vertical takeoff, vertical landing, or sustained hover.",0.95,Combines vertical takeoff with long-range fixed-wing cruise | No runway required | High range and endurance | Optimal choice for vertical takeoff combined with long range (> 30 km).,PASS,,,,
CASE_VTOL_011,DETERMINISTIC,DISASTER_RESPONSE,3.0,120.0,120.0,95.0,False,True,False,True,FOREST,VTOL,VTOL,VTOL,SELECTED,VTOL,0.1,0.0,0.95,MULTIROTOR; VTOL,"FIXED_WING:Conventional fixed-wing aircraft cannot perform vertical takeoff, vertical landing, or sustained hover.",0.95,Combines vertical takeoff with long-range fixed-wing cruise | No runway required | High range and endurance | Optimal choice for vertical takeoff combined with long range (> 30 km).,PASS,,,,
CASE_VTOL_012,DETERMINISTIC,DELIVERY,5.0,120.0,120.0,96.0,False,True,False,True,MOUNTAIN,VTOL,VTOL,VTOL,SELECTED,VTOL,0.1,0.0,0.95,MULTIROTOR; VTOL,"FIXED_WING:Conventional fixed-wing aircraft cannot perform vertical takeoff, vertical landing, or sustained hover.",0.95,Combines vertical takeoff with long-range fixed-wing cruise | No runway required | High range and endurance | Optimal choice for vertical takeoff combined with long range (> 30 km).,PASS,,,,
CASE_VTOL_013,DETERMINISTIC,SECURITY,8.0,150.0,150.0,97.0,False,True,False,True,FOREST,VTOL,VTOL,VTOL,SELECTED,VTOL,0.1,0.0,0.95,MULTIROTOR; VTOL,"FIXED_WING:Conventional fixed-wing aircraft cannot perform vertical takeoff, vertical landing, or sustained hover.",0.95,Combines vertical takeoff with long-range fixed-wing cruise | No runway required | High range and endurance | Optimal choice for vertical takeoff combined with long range (> 30 km).,PASS,,,,
CASE_VTOL_014,DETERMINISTIC,MAPPING,10.0,150.0,150.0,98.0,False,True,False,True,MOUNTAIN,VTOL,VTOL,VTOL,SELECTED,VTOL,0.1,0.0,0.95,MULTIROTOR; VTOL,"FIXED_WING:Conventional fixed-wing aircraft cannot perform vertical takeoff, vertical landing, or sustained hover.",0.95,Combines vertical takeoff with long-range fixed-wing cruise | No runway required | High range and endurance | Optimal choice for vertical takeoff combined with long range (> 30 km).,PASS,,,,
CASE_VTOL_015,DETERMINISTIC,SURVEY,0.5,30.0,150.0,99.0,False,True,False,True,FOREST,VTOL,VTOL,VTOL,SELECTED,VTOL,0.3,0.0,0.95,MULTIROTOR; VTOL,"FIXED_WING:Conventional fixed-wing aircraft cannot perform vertical takeoff, vertical landing, or sustained hover.",0.95,Combines vertical takeoff with long-range fixed-wing cruise | No runway required | High range and endurance | Optimal choice for vertical takeoff combined with long range (> 30 km).,PASS,,,,
CASE_VTOL_016,DETERMINISTIC,DISASTER_RESPONSE,1.0,30.0,180.0,100.0,False,True,False,True,MOUNTAIN,VTOL,VTOL,VTOL,SELECTED,VTOL,0.3,0.0,0.95,MULTIROTOR; VTOL,"FIXED_WING:Conventional fixed-wing aircraft cannot perform vertical takeoff, vertical landing, or sustained hover.",0.95,Combines vertical takeoff with long-range fixed-wing cruise | No runway required | High range and endurance | Optimal choice for vertical takeoff combined with long range (> 30 km).,PASS,,,,
CASE_VTOL_017,DETERMINISTIC,DELIVERY,2.0,45.0,180.0,101.0,False,True,False,True,FOREST,VTOL,VTOL,VTOL,SELECTED,VTOL,0.1,0.0,0.95,MULTIROTOR; VTOL,"FIXED_WING:Conventional fixed-wing aircraft cannot perform vertical takeoff, vertical landing, or sustained hover.",0.95,Combines vertical takeoff with long-range fixed-wing cruise | No runway required | High range and endurance | Optimal choice for vertical takeoff combined with long range (> 30 km).,PASS,,,,
CASE_VTOL_018,DETERMINISTIC,SECURITY,3.0,45.0,180.0,102.0,False,True,False,True,MOUNTAIN,VTOL,VTOL,VTOL,SELECTED,VTOL,0.1,0.0,0.95,MULTIROTOR; VTOL,"FIXED_WING:Conventional fixed-wing aircraft cannot perform vertical takeoff, vertical landing, or sustained hover.",0.95,Combines vertical takeoff with long-range fixed-wing cruise | No runway required | High range and endurance | Optimal choice for vertical takeoff combined with long range (> 30 km).,PASS,,,,
CASE_VTOL_019,DETERMINISTIC,MAPPING,5.0,60.0,45.0,103.0,False,True,False,True,FOREST,VTOL,VTOL,VTOL,SELECTED,VTOL,0.4,0.0,0.95,MULTIROTOR; VTOL,"FIXED_WING:Conventional fixed-wing aircraft cannot perform vertical takeoff, vertical landing, or sustained hover.",0.95,Combines vertical takeoff with long-range fixed-wing cruise | No runway required | High range and endurance | Optimal choice for vertical takeoff combined with long range (> 30 km).,PASS,,,,
CASE_VTOL_020,DETERMINISTIC,SURVEY,8.0,60.0,45.0,104.0,False,True,False,True,MOUNTAIN,VTOL,VTOL,VTOL,SELECTED,VTOL,0.4,0.0,0.95,MULTIROTOR; VTOL,"FIXED_WING:Conventional fixed-wing aircraft cannot perform vertical takeoff, vertical landing, or sustained hover.",0.95,Combines vertical takeoff with long-range fixed-wing cruise | No runway required | High range and endurance | Optimal choice for vertical takeoff combined with long range (> 30 km).,PASS,,,,
CASE_VTOL_021,DETERMINISTIC,DISASTER_RESPONSE,10.0,80.0,45.0,105.0,False,True,False,True,FOREST,VTOL,VTOL,VTOL,SELECTED,VTOL,0.4,0.0,0.95,MULTIROTOR; VTOL,"FIXED_WING:Conventional fixed-wing aircraft cannot perform vertical takeoff, vertical landing, or sustained hover.",0.95,Combines vertical takeoff with long-range fixed-wing cruise | No runway required | High range and endurance | Optimal choice for vertical takeoff combined with long range (> 30 km).,PASS,,,,
CASE_VTOL_022,DETERMINISTIC,DELIVERY,0.5,80.0,60.0,106.0,False,True,False,True,MOUNTAIN,VTOL,VTOL,VTOL,SELECTED,VTOL,0.1,0.0,0.95,MULTIROTOR; VTOL,"FIXED_WING:Conventional fixed-wing aircraft cannot perform vertical takeoff, vertical landing, or sustained hover.",0.95,Combines vertical takeoff with long-range fixed-wing cruise | No runway required | High range and endurance | Optimal choice for vertical takeoff combined with long range (> 30 km).,PASS,,,,
CASE_VTOL_023,DETERMINISTIC,SECURITY,1.0,100.0,60.0,107.0,False,True,False,True,FOREST,VTOL,VTOL,VTOL,SELECTED,VTOL,0.1,0.0,0.95,MULTIROTOR; VTOL,"FIXED_WING:Conventional fixed-wing aircraft cannot perform vertical takeoff, vertical landing, or sustained hover.",0.95,Combines vertical takeoff with long-range fixed-wing cruise | No runway required | High range and endurance | Optimal choice for vertical takeoff combined with long range (> 30 km).,PASS,,,,
CASE_VTOL_024,DETERMINISTIC,MAPPING,2.0,100.0,60.0,108.0,False,True,False,True,MOUNTAIN,VTOL,VTOL,VTOL,SELECTED,VTOL,0.1,0.0,0.95,MULTIROTOR; VTOL,"FIXED_WING:Conventional fixed-wing aircraft cannot perform vertical takeoff, vertical landing, or sustained hover.",0.95,Combines vertical takeoff with long-range fixed-wing cruise | No runway required | High range and endurance | Optimal choice for vertical takeoff combined with long range (> 30 km).,PASS,,,,
CASE_VTOL_025,DETERMINISTIC,SURVEY,3.0,120.0,90.0,109.0,False,True,False,True,FOREST,VTOL,VTOL,VTOL,SELECTED,VTOL,0.1,0.0,0.95,MULTIROTOR; VTOL,"FIXED_WING:Conventional fixed-wing aircraft cannot perform vertical takeoff, vertical landing, or sustained hover.",0.95,Combines vertical takeoff with long-range fixed-wing cruise | No runway required | High range and endurance | Optimal choice for vertical takeoff combined with long range (> 30 km).,PASS,,,,
CASE_VTOL_026,DETERMINISTIC,DISASTER_RESPONSE,5.0,120.0,90.0,110.0,False,True,False,True,MOUNTAIN,VTOL,VTOL,VTOL,SELECTED,VTOL,0.1,0.0,0.95,MULTIROTOR; VTOL,"FIXED_WING:Conventional fixed-wing aircraft cannot perform vertical takeoff, vertical landing, or sustained hover.",0.95,Combines vertical takeoff with long-range fixed-wing cruise | No runway required | High range and endurance | Optimal choice for vertical takeoff combined with long range (> 30 km).,PASS,,,,
CASE_VTOL_027,DETERMINISTIC,DELIVERY,8.0,150.0,90.0,111.0,False,True,False,True,FOREST,VTOL,VTOL,VTOL,SELECTED,VTOL,0.1,0.0,0.95,MULTIROTOR; VTOL,"FIXED_WING:Conventional fixed-wing aircraft cannot perform vertical takeoff, vertical landing, or sustained hover.",0.95,Combines vertical takeoff with long-range fixed-wing cruise | No runway required | High range and endurance | Optimal choice for vertical takeoff combined with long range (> 30 km).,PASS,,,,
CASE_VTOL_028,DETERMINISTIC,SECURITY,10.0,150.0,120.0,112.0,False,True,False,True,MOUNTAIN,VTOL,VTOL,VTOL,SELECTED,VTOL,0.1,0.0,0.95,MULTIROTOR; VTOL,"FIXED_WING:Conventional fixed-wing aircraft cannot perform vertical takeoff, vertical landing, or sustained hover.",0.95,Combines vertical takeoff with long-range fixed-wing cruise | No runway required | High range and endurance | Optimal choice for vertical takeoff combined with long range (> 30 km).,PASS,,,,
CASE_VTOL_029,DETERMINISTIC,MAPPING,0.5,30.0,120.0,113.0,False,True,False,True,FOREST,VTOL,VTOL,VTOL,SELECTED,VTOL,0.3,0.0,0.95,MULTIROTOR; VTOL,"FIXED_WING:Conventional fixed-wing aircraft cannot perform vertical takeoff, vertical landing, or sustained hover.",0.95,Combines vertical takeoff with long-range fixed-wing cruise | No runway required | High range and endurance | Optimal choice for vertical takeoff combined with long range (> 30 km).,PASS,,,,
CASE_VTOL_030,DETERMINISTIC,SURVEY,1.0,30.0,120.0,114.0,False,True,False,True,MOUNTAIN,VTOL,VTOL,VTOL,SELECTED,VTOL,0.3,0.0,0.95,MULTIROTOR; VTOL,"FIXED_WING:Conventional fixed-wing aircraft cannot perform vertical takeoff, vertical landing, or sustained hover.",0.95,Combines vertical takeoff with long-range fixed-wing cruise | No runway required | High range and endurance | Optimal choice for vertical takeoff combined with long range (> 30 km).,PASS,,,,
CASE_VTOL_031,DETERMINISTIC,DISASTER_RESPONSE,2.0,45.0,150.0,115.0,False,True,False,True,FOREST,VTOL,VTOL,VTOL,SELECTED,VTOL,0.1,0.0,0.95,MULTIROTOR; VTOL,"FIXED_WING:Conventional fixed-wing aircraft cannot perform vertical takeoff, vertical landing, or sustained hover.",0.95,Combines vertical takeoff with long-range fixed-wing cruise | No runway required | High range and endurance | Optimal choice for vertical takeoff combined with long range (> 30 km).,PASS,,,,
CASE_VTOL_032,DETERMINISTIC,DELIVERY,3.0,45.0,150.0,116.0,False,True,False,True,MOUNTAIN,VTOL,VTOL,VTOL,SELECTED,VTOL,0.1,0.0,0.95,MULTIROTOR; VTOL,"FIXED_WING:Conventional fixed-wing aircraft cannot perform vertical takeoff, vertical landing, or sustained hover.",0.95,Combines vertical takeoff with long-range fixed-wing cruise | No runway required | High range and endurance | Optimal choice for vertical takeoff combined with long range (> 30 km).,PASS,,,,
CASE_VTOL_033,DETERMINISTIC,SECURITY,5.0,60.0,150.0,117.0,False,True,False,True,FOREST,VTOL,VTOL,VTOL,SELECTED,VTOL,0.1,0.0,0.95,MULTIROTOR; VTOL,"FIXED_WING:Conventional fixed-wing aircraft cannot perform vertical takeoff, vertical landing, or sustained hover.",0.95,Combines vertical takeoff with long-range fixed-wing cruise | No runway required | High range and endurance | Optimal choice for vertical takeoff combined with long range (> 30 km).,PASS,,,,
CASE_VTOL_034,DETERMINISTIC,MAPPING,8.0,60.0,180.0,118.0,False,True,False,True,MOUNTAIN,VTOL,VTOL,VTOL,SELECTED,VTOL,0.1,0.0,0.95,MULTIROTOR; VTOL,"FIXED_WING:Conventional fixed-wing aircraft cannot perform vertical takeoff, vertical landing, or sustained hover.",0.95,Combines vertical takeoff with long-range fixed-wing cruise | No runway required | High range and endurance | Optimal choice for vertical takeoff combined with long range (> 30 km).,PASS,,,,
CASE_VTOL_035,DETERMINISTIC,SURVEY,10.0,80.0,180.0,119.0,False,True,False,True,FOREST,VTOL,VTOL,VTOL,SELECTED,VTOL,0.1,0.0,0.95,MULTIROTOR; VTOL,"FIXED_WING:Conventional fixed-wing aircraft cannot perform vertical takeoff, vertical landing, or sustained hover.",0.95,Combines vertical takeoff with long-range fixed-wing cruise | No runway required | High range and endurance | Optimal choice for vertical takeoff combined with long range (> 30 km).,PASS,,,,
CASE_VTOL_036,DETERMINISTIC,DISASTER_RESPONSE,0.5,80.0,180.0,85.0,False,True,False,True,MOUNTAIN,VTOL,VTOL,VTOL,SELECTED,VTOL,0.1,0.0,0.95,MULTIROTOR; VTOL,"FIXED_WING:Conventional fixed-wing aircraft cannot perform vertical takeoff, vertical landing, or sustained hover.",0.95,Combines vertical takeoff with long-range fixed-wing cruise | No runway required | High range and endurance | Optimal choice for vertical takeoff combined with long range (> 30 km).,PASS,,,,
CASE_VTOL_037,DETERMINISTIC,DELIVERY,1.0,100.0,45.0,86.0,False,True,False,True,FOREST,VTOL,VTOL,VTOL,SELECTED,VTOL,0.4,0.0,0.95,MULTIROTOR; VTOL,"FIXED_WING:Conventional fixed-wing aircraft cannot perform vertical takeoff, vertical landing, or sustained hover.",0.95,Combines vertical takeoff with long-range fixed-wing cruise | No runway required | High range and endurance | Optimal choice for vertical takeoff combined with long range (> 30 km).,PASS,,,,
CASE_VTOL_038,DETERMINISTIC,SECURITY,2.0,100.0,45.0,87.0,False,True,False,True,MOUNTAIN,VTOL,VTOL,VTOL,SELECTED,VTOL,0.4,0.0,0.95,MULTIROTOR; VTOL,"FIXED_WING:Conventional fixed-wing aircraft cannot perform vertical takeoff, vertical landing, or sustained hover.",0.95,Combines vertical takeoff with long-range fixed-wing cruise | No runway required | High range and endurance | Optimal choice for vertical takeoff combined with long range (> 30 km).,PASS,,,,
CASE_VTOL_039,DETERMINISTIC,MAPPING,3.0,120.0,45.0,88.0,False,True,False,True,FOREST,VTOL,VTOL,VTOL,SELECTED,VTOL,0.4,0.0,0.95,MULTIROTOR; VTOL,"FIXED_WING:Conventional fixed-wing aircraft cannot perform vertical takeoff, vertical landing, or sustained hover.",0.95,Combines vertical takeoff with long-range fixed-wing cruise | No runway required | High range and endurance | Optimal choice for vertical takeoff combined with long range (> 30 km).,PASS,,,,
CASE_VTOL_040,DETERMINISTIC,SURVEY,5.0,120.0,60.0,89.0,False,True,False,True,MOUNTAIN,VTOL,VTOL,VTOL,SELECTED,VTOL,0.1,0.0,0.95,MULTIROTOR; VTOL,"FIXED_WING:Conventional fixed-wing aircraft cannot perform vertical takeoff, vertical landing, or sustained hover.",0.95,Combines vertical takeoff with long-range fixed-wing cruise | No runway required | High range and endurance | Optimal choice for vertical takeoff combined with long range (> 30 km).,PASS,,,,
CASE_VTOL_041,DETERMINISTIC,DISASTER_RESPONSE,8.0,150.0,60.0,90.0,False,True,False,True,FOREST,VTOL,VTOL,VTOL,SELECTED,VTOL,0.1,0.0,0.95,MULTIROTOR; VTOL,"FIXED_WING:Conventional fixed-wing aircraft cannot perform vertical takeoff, vertical landing, or sustained hover.",0.95,Combines vertical takeoff with long-range fixed-wing cruise | No runway required | High range and endurance | Optimal choice for vertical takeoff combined with long range (> 30 km).,PASS,,,,
CASE_VTOL_042,DETERMINISTIC,DELIVERY,10.0,150.0,60.0,91.0,False,True,False,True,MOUNTAIN,VTOL,VTOL,VTOL,SELECTED,VTOL,0.1,0.0,0.95,MULTIROTOR; VTOL,"FIXED_WING:Conventional fixed-wing aircraft cannot perform vertical takeoff, vertical landing, or sustained hover.",0.95,Combines vertical takeoff with long-range fixed-wing cruise | No runway required | High range and endurance | Optimal choice for vertical takeoff combined with long range (> 30 km).,PASS,,,,
CASE_VTOL_043,DETERMINISTIC,SECURITY,0.5,30.0,90.0,92.0,False,True,False,True,FOREST,VTOL,VTOL,VTOL,SELECTED,VTOL,0.3,0.0,0.95,MULTIROTOR; VTOL,"FIXED_WING:Conventional fixed-wing aircraft cannot perform vertical takeoff, vertical landing, or sustained hover.",0.95,Combines vertical takeoff with long-range fixed-wing cruise | No runway required | High range and endurance | Optimal choice for vertical takeoff combined with long range (> 30 km).,PASS,,,,
CASE_VTOL_044,DETERMINISTIC,MAPPING,1.0,30.0,90.0,93.0,False,True,False,True,MOUNTAIN,VTOL,VTOL,VTOL,SELECTED,VTOL,0.3,0.0,0.95,MULTIROTOR; VTOL,"FIXED_WING:Conventional fixed-wing aircraft cannot perform vertical takeoff, vertical landing, or sustained hover.",0.95,Combines vertical takeoff with long-range fixed-wing cruise | No runway required | High range and endurance | Optimal choice for vertical takeoff combined with long range (> 30 km).,PASS,,,,
CASE_VTOL_045,DETERMINISTIC,SURVEY,2.0,45.0,90.0,94.0,False,True,False,True,FOREST,VTOL,VTOL,VTOL,SELECTED,VTOL,0.1,0.0,0.95,MULTIROTOR; VTOL,"FIXED_WING:Conventional fixed-wing aircraft cannot perform vertical takeoff, vertical landing, or sustained hover.",0.95,Combines vertical takeoff with long-range fixed-wing cruise | No runway required | High range and endurance | Optimal choice for vertical takeoff combined with long range (> 30 km).,PASS,,,,
CASE_VTOL_046,DETERMINISTIC,DISASTER_RESPONSE,3.0,45.0,120.0,95.0,False,True,False,True,MOUNTAIN,VTOL,VTOL,VTOL,SELECTED,VTOL,0.1,0.0,0.95,MULTIROTOR; VTOL,"FIXED_WING:Conventional fixed-wing aircraft cannot perform vertical takeoff, vertical landing, or sustained hover.",0.95,Combines vertical takeoff with long-range fixed-wing cruise | No runway required | High range and endurance | Optimal choice for vertical takeoff combined with long range (> 30 km).,PASS,,,,
CASE_VTOL_047,DETERMINISTIC,DELIVERY,5.0,60.0,120.0,96.0,False,True,False,True,FOREST,VTOL,VTOL,VTOL,SELECTED,VTOL,0.1,0.0,0.95,MULTIROTOR; VTOL,"FIXED_WING:Conventional fixed-wing aircraft cannot perform vertical takeoff, vertical landing, or sustained hover.",0.95,Combines vertical takeoff with long-range fixed-wing cruise | No runway required | High range and endurance | Optimal choice for vertical takeoff combined with long range (> 30 km).,PASS,,,,
CASE_VTOL_048,DETERMINISTIC,SECURITY,8.0,60.0,120.0,97.0,False,True,False,True,MOUNTAIN,VTOL,VTOL,VTOL,SELECTED,VTOL,0.1,0.0,0.95,MULTIROTOR; VTOL,"FIXED_WING:Conventional fixed-wing aircraft cannot perform vertical takeoff, vertical landing, or sustained hover.",0.95,Combines vertical takeoff with long-range fixed-wing cruise | No runway required | High range and endurance | Optimal choice for vertical takeoff combined with long range (> 30 km).,PASS,,,,
CASE_VTOL_049,DETERMINISTIC,MAPPING,10.0,80.0,150.0,98.0,False,True,False,True,FOREST,VTOL,VTOL,VTOL,SELECTED,VTOL,0.1,0.0,0.95,MULTIROTOR; VTOL,"FIXED_WING:Conventional fixed-wing aircraft cannot perform vertical takeoff, vertical landing, or sustained hover.",0.95,Combines vertical takeoff with long-range fixed-wing cruise | No runway required | High range and endurance | Optimal choice for vertical takeoff combined with long range (> 30 km).,PASS,,,,
CASE_VTOL_050,DETERMINISTIC,SURVEY,0.5,80.0,150.0,99.0,False,True,False,True,MOUNTAIN,VTOL,VTOL,VTOL,SELECTED,VTOL,0.1,0.0,0.95,MULTIROTOR; VTOL,"FIXED_WING:Conventional fixed-wing aircraft cannot perform vertical takeoff, vertical landing, or sustained hover.",0.95,Combines vertical takeoff with long-range fixed-wing cruise | No runway required | High range and endurance | Optimal choice for vertical takeoff combined with long range (> 30 km).,PASS,,,,
CASE_VTOL_051,DETERMINISTIC,DISASTER_RESPONSE,1.0,100.0,150.0,100.0,False,True,False,True,FOREST,VTOL,VTOL,VTOL,SELECTED,VTOL,0.1,0.0,0.95,MULTIROTOR; VTOL,"FIXED_WING:Conventional fixed-wing aircraft cannot perform vertical takeoff, vertical landing, or sustained hover.",0.95,Combines vertical takeoff with long-range fixed-wing cruise | No runway required | High range and endurance | Optimal choice for vertical takeoff combined with long range (> 30 km).,PASS,,,,
CASE_VTOL_052,DETERMINISTIC,DELIVERY,2.0,100.0,180.0,101.0,False,True,False,True,MOUNTAIN,VTOL,VTOL,VTOL,SELECTED,VTOL,0.1,0.0,0.95,MULTIROTOR; VTOL,"FIXED_WING:Conventional fixed-wing aircraft cannot perform vertical takeoff, vertical landing, or sustained hover.",0.95,Combines vertical takeoff with long-range fixed-wing cruise | No runway required | High range and endurance | Optimal choice for vertical takeoff combined with long range (> 30 km).,PASS,,,,
CASE_VTOL_053,DETERMINISTIC,SECURITY,3.0,120.0,180.0,102.0,False,True,False,True,FOREST,VTOL,VTOL,VTOL,SELECTED,VTOL,0.1,0.0,0.95,MULTIROTOR; VTOL,"FIXED_WING:Conventional fixed-wing aircraft cannot perform vertical takeoff, vertical landing, or sustained hover.",0.95,Combines vertical takeoff with long-range fixed-wing cruise | No runway required | High range and endurance | Optimal choice for vertical takeoff combined with long range (> 30 km).,PASS,,,,
CASE_VTOL_054,DETERMINISTIC,MAPPING,5.0,120.0,180.0,103.0,False,True,False,True,MOUNTAIN,VTOL,VTOL,VTOL,SELECTED,VTOL,0.1,0.0,0.95,MULTIROTOR; VTOL,"FIXED_WING:Conventional fixed-wing aircraft cannot perform vertical takeoff, vertical landing, or sustained hover.",0.95,Combines vertical takeoff with long-range fixed-wing cruise | No runway required | High range and endurance | Optimal choice for vertical takeoff combined with long range (> 30 km).,PASS,,,,
CASE_VTOL_055,DETERMINISTIC,SURVEY,8.0,150.0,45.0,104.0,False,True,False,True,FOREST,VTOL,VTOL,VTOL,SELECTED,VTOL,0.4,0.0,0.95,MULTIROTOR; VTOL,"FIXED_WING:Conventional fixed-wing aircraft cannot perform vertical takeoff, vertical landing, or sustained hover.",0.95,Combines vertical takeoff with long-range fixed-wing cruise | No runway required | High range and endurance | Optimal choice for vertical takeoff combined with long range (> 30 km).,PASS,,,,
CASE_VTOL_056,DETERMINISTIC,DISASTER_RESPONSE,10.0,150.0,45.0,105.0,False,True,False,True,MOUNTAIN,VTOL,VTOL,VTOL,SELECTED,VTOL,0.4,0.0,0.95,MULTIROTOR; VTOL,"FIXED_WING:Conventional fixed-wing aircraft cannot perform vertical takeoff, vertical landing, or sustained hover.",0.95,Combines vertical takeoff with long-range fixed-wing cruise | No runway required | High range and endurance | Optimal choice for vertical takeoff combined with long range (> 30 km).,PASS,,,,
CASE_VTOL_057,DETERMINISTIC,DELIVERY,0.5,30.0,45.0,106.0,False,True,False,True,FOREST,VTOL,VTOL,VTOL,SELECTED,VTOL,0.6,0.0,0.95,MULTIROTOR; VTOL,"FIXED_WING:Conventional fixed-wing aircraft cannot perform vertical takeoff, vertical landing, or sustained hover.",0.95,Combines vertical takeoff with long-range fixed-wing cruise | No runway required | High range and endurance | Optimal choice for vertical takeoff combined with long range (> 30 km).,PASS,,,,
CASE_VTOL_058,DETERMINISTIC,SECURITY,1.0,30.0,60.0,107.0,False,True,False,True,MOUNTAIN,VTOL,VTOL,VTOL,SELECTED,VTOL,0.3,0.0,0.95,MULTIROTOR; VTOL,"FIXED_WING:Conventional fixed-wing aircraft cannot perform vertical takeoff, vertical landing, or sustained hover.",0.95,Combines vertical takeoff with long-range fixed-wing cruise | No runway required | High range and endurance | Optimal choice for vertical takeoff combined with long range (> 30 km).,PASS,,,,
CASE_VTOL_059,DETERMINISTIC,MAPPING,2.0,45.0,60.0,108.0,False,True,False,True,FOREST,VTOL,VTOL,VTOL,SELECTED,VTOL,0.1,0.0,0.95,MULTIROTOR; VTOL,"FIXED_WING:Conventional fixed-wing aircraft cannot perform vertical takeoff, vertical landing, or sustained hover.",0.95,Combines vertical takeoff with long-range fixed-wing cruise | No runway required | High range and endurance | Optimal choice for vertical takeoff combined with long range (> 30 km).,PASS,,,,
CASE_VTOL_060,DETERMINISTIC,SURVEY,3.0,45.0,60.0,109.0,False,True,False,True,MOUNTAIN,VTOL,VTOL,VTOL,SELECTED,VTOL,0.1,0.0,0.95,MULTIROTOR; VTOL,"FIXED_WING:Conventional fixed-wing aircraft cannot perform vertical takeoff, vertical landing, or sustained hover.",0.95,Combines vertical takeoff with long-range fixed-wing cruise | No runway required | High range and endurance | Optimal choice for vertical takeoff combined with long range (> 30 km).,PASS,,,,
CASE_VTOL_061,DETERMINISTIC,DISASTER_RESPONSE,5.0,60.0,90.0,110.0,False,True,False,True,FOREST,VTOL,VTOL,VTOL,SELECTED,VTOL,0.1,0.0,0.95,MULTIROTOR; VTOL,"FIXED_WING:Conventional fixed-wing aircraft cannot perform vertical takeoff, vertical landing, or sustained hover.",0.95,Combines vertical takeoff with long-range fixed-wing cruise | No runway required | High range and endurance | Optimal choice for vertical takeoff combined with long range (> 30 km).,PASS,,,,
CASE_VTOL_062,DETERMINISTIC,DELIVERY,8.0,60.0,90.0,111.0,False,True,False,True,MOUNTAIN,VTOL,VTOL,VTOL,SELECTED,VTOL,0.1,0.0,0.95,MULTIROTOR; VTOL,"FIXED_WING:Conventional fixed-wing aircraft cannot perform vertical takeoff, vertical landing, or sustained hover.",0.95,Combines vertical takeoff with long-range fixed-wing cruise | No runway required | High range and endurance | Optimal choice for vertical takeoff combined with long range (> 30 km).,PASS,,,,
CASE_VTOL_063,DETERMINISTIC,SECURITY,10.0,80.0,90.0,112.0,False,True,False,True,FOREST,VTOL,VTOL,VTOL,SELECTED,VTOL,0.1,0.0,0.95,MULTIROTOR; VTOL,"FIXED_WING:Conventional fixed-wing aircraft cannot perform vertical takeoff, vertical landing, or sustained hover.",0.95,Combines vertical takeoff with long-range fixed-wing cruise | No runway required | High range and endurance | Optimal choice for vertical takeoff combined with long range (> 30 km).,PASS,,,,
CASE_VTOL_064,DETERMINISTIC,MAPPING,0.5,80.0,120.0,113.0,False,True,False,True,MOUNTAIN,VTOL,VTOL,VTOL,SELECTED,VTOL,0.1,0.0,0.95,MULTIROTOR; VTOL,"FIXED_WING:Conventional fixed-wing aircraft cannot perform vertical takeoff, vertical landing, or sustained hover.",0.95,Combines vertical takeoff with long-range fixed-wing cruise | No runway required | High range and endurance | Optimal choice for vertical takeoff combined with long range (> 30 km).,PASS,,,,
CASE_VTOL_065,DETERMINISTIC,SURVEY,1.0,100.0,120.0,114.0,False,True,False,True,FOREST,VTOL,VTOL,VTOL,SELECTED,VTOL,0.1,0.0,0.95,MULTIROTOR; VTOL,"FIXED_WING:Conventional fixed-wing aircraft cannot perform vertical takeoff, vertical landing, or sustained hover.",0.95,Combines vertical takeoff with long-range fixed-wing cruise | No runway required | High range and endurance | Optimal choice for vertical takeoff combined with long range (> 30 km).,PASS,,,,
CASE_VTOL_066,DETERMINISTIC,DISASTER_RESPONSE,2.0,100.0,120.0,115.0,False,True,False,True,MOUNTAIN,VTOL,VTOL,VTOL,SELECTED,VTOL,0.1,0.0,0.95,MULTIROTOR; VTOL,"FIXED_WING:Conventional fixed-wing aircraft cannot perform vertical takeoff, vertical landing, or sustained hover.",0.95,Combines vertical takeoff with long-range fixed-wing cruise | No runway required | High range and endurance | Optimal choice for vertical takeoff combined with long range (> 30 km).,PASS,,,,
CASE_VTOL_067,DETERMINISTIC,DELIVERY,3.0,120.0,150.0,116.0,False,True,False,True,FOREST,VTOL,VTOL,VTOL,SELECTED,VTOL,0.1,0.0,0.95,MULTIROTOR; VTOL,"FIXED_WING:Conventional fixed-wing aircraft cannot perform vertical takeoff, vertical landing, or sustained hover.",0.95,Combines vertical takeoff with long-range fixed-wing cruise | No runway required | High range and endurance | Optimal choice for vertical takeoff combined with long range (> 30 km).,PASS,,,,
CASE_VTOL_068,DETERMINISTIC,SECURITY,5.0,120.0,150.0,117.0,False,True,False,True,MOUNTAIN,VTOL,VTOL,VTOL,SELECTED,VTOL,0.1,0.0,0.95,MULTIROTOR; VTOL,"FIXED_WING:Conventional fixed-wing aircraft cannot perform vertical takeoff, vertical landing, or sustained hover.",0.95,Combines vertical takeoff with long-range fixed-wing cruise | No runway required | High range and endurance | Optimal choice for vertical takeoff combined with long range (> 30 km).,PASS,,,,
CASE_VTOL_069,DETERMINISTIC,MAPPING,8.0,150.0,150.0,118.0,False,True,False,True,FOREST,VTOL,VTOL,VTOL,SELECTED,VTOL,0.1,0.0,0.95,MULTIROTOR; VTOL,"FIXED_WING:Conventional fixed-wing aircraft cannot perform vertical takeoff, vertical landing, or sustained hover.",0.95,Combines vertical takeoff with long-range fixed-wing cruise | No runway required | High range and endurance | Optimal choice for vertical takeoff combined with long range (> 30 km).,PASS,,,,
CASE_VTOL_070,DETERMINISTIC,SURVEY,10.0,150.0,180.0,119.0,False,True,False,True,MOUNTAIN,VTOL,VTOL,VTOL,SELECTED,VTOL,0.1,0.0,0.95,MULTIROTOR; VTOL,"FIXED_WING:Conventional fixed-wing aircraft cannot perform vertical takeoff, vertical landing, or sustained hover.",0.95,Combines vertical takeoff with long-range fixed-wing cruise | No runway required | High range and endurance | Optimal choice for vertical takeoff combined with long range (> 30 km).,PASS,,,,
CASE_VTOL_071,DETERMINISTIC,DISASTER_RESPONSE,0.5,30.0,180.0,85.0,False,True,False,True,FOREST,VTOL,VTOL,VTOL,SELECTED,VTOL,0.3,0.0,0.95,MULTIROTOR; VTOL,"FIXED_WING:Conventional fixed-wing aircraft cannot perform vertical takeoff, vertical landing, or sustained hover.",0.95,Combines vertical takeoff with long-range fixed-wing cruise | No runway required | High range and endurance | Optimal choice for vertical takeoff combined with long range (> 30 km).,PASS,,,,
CASE_VTOL_072,DETERMINISTIC,DELIVERY,1.0,30.0,180.0,86.0,False,True,False,True,MOUNTAIN,VTOL,VTOL,VTOL,SELECTED,VTOL,0.3,0.0,0.95,MULTIROTOR; VTOL,"FIXED_WING:Conventional fixed-wing aircraft cannot perform vertical takeoff, vertical landing, or sustained hover.",0.95,Combines vertical takeoff with long-range fixed-wing cruise | No runway required | High range and endurance | Optimal choice for vertical takeoff combined with long range (> 30 km).,PASS,,,,
CASE_VTOL_073,DETERMINISTIC,SECURITY,2.0,45.0,45.0,87.0,False,True,False,True,FOREST,VTOL,VTOL,VTOL,SELECTED,VTOL,0.4,0.0,0.95,MULTIROTOR; VTOL,"FIXED_WING:Conventional fixed-wing aircraft cannot perform vertical takeoff, vertical landing, or sustained hover.",0.95,Combines vertical takeoff with long-range fixed-wing cruise | No runway required | High range and endurance | Optimal choice for vertical takeoff combined with long range (> 30 km).,PASS,,,,
CASE_VTOL_074,DETERMINISTIC,MAPPING,3.0,45.0,45.0,88.0,False,True,False,True,MOUNTAIN,VTOL,VTOL,VTOL,SELECTED,VTOL,0.4,0.0,0.95,MULTIROTOR; VTOL,"FIXED_WING:Conventional fixed-wing aircraft cannot perform vertical takeoff, vertical landing, or sustained hover.",0.95,Combines vertical takeoff with long-range fixed-wing cruise | No runway required | High range and endurance | Optimal choice for vertical takeoff combined with long range (> 30 km).,PASS,,,,
CASE_VTOL_075,DETERMINISTIC,SURVEY,5.0,60.0,45.0,89.0,False,True,False,True,FOREST,VTOL,VTOL,VTOL,SELECTED,VTOL,0.4,0.0,0.95,MULTIROTOR; VTOL,"FIXED_WING:Conventional fixed-wing aircraft cannot perform vertical takeoff, vertical landing, or sustained hover.",0.95,Combines vertical takeoff with long-range fixed-wing cruise | No runway required | High range and endurance | Optimal choice for vertical takeoff combined with long range (> 30 km).,PASS,,,,
CASE_VTOL_076,DETERMINISTIC,DISASTER_RESPONSE,8.0,60.0,60.0,90.0,False,True,False,True,MOUNTAIN,VTOL,VTOL,VTOL,SELECTED,VTOL,0.1,0.0,0.95,MULTIROTOR; VTOL,"FIXED_WING:Conventional fixed-wing aircraft cannot perform vertical takeoff, vertical landing, or sustained hover.",0.95,Combines vertical takeoff with long-range fixed-wing cruise | No runway required | High range and endurance | Optimal choice for vertical takeoff combined with long range (> 30 km).,PASS,,,,
CASE_VTOL_077,DETERMINISTIC,DELIVERY,10.0,80.0,60.0,91.0,False,True,False,True,FOREST,VTOL,VTOL,VTOL,SELECTED,VTOL,0.1,0.0,0.95,MULTIROTOR; VTOL,"FIXED_WING:Conventional fixed-wing aircraft cannot perform vertical takeoff, vertical landing, or sustained hover.",0.95,Combines vertical takeoff with long-range fixed-wing cruise | No runway required | High range and endurance | Optimal choice for vertical takeoff combined with long range (> 30 km).,PASS,,,,
CASE_VTOL_078,DETERMINISTIC,SECURITY,0.5,80.0,60.0,92.0,False,True,False,True,MOUNTAIN,VTOL,VTOL,VTOL,SELECTED,VTOL,0.1,0.0,0.95,MULTIROTOR; VTOL,"FIXED_WING:Conventional fixed-wing aircraft cannot perform vertical takeoff, vertical landing, or sustained hover.",0.95,Combines vertical takeoff with long-range fixed-wing cruise | No runway required | High range and endurance | Optimal choice for vertical takeoff combined with long range (> 30 km).,PASS,,,,
CASE_VTOL_079,DETERMINISTIC,MAPPING,1.0,100.0,90.0,93.0,False,True,False,True,FOREST,VTOL,VTOL,VTOL,SELECTED,VTOL,0.1,0.0,0.95,MULTIROTOR; VTOL,"FIXED_WING:Conventional fixed-wing aircraft cannot perform vertical takeoff, vertical landing, or sustained hover.",0.95,Combines vertical takeoff with long-range fixed-wing cruise | No runway required | High range and endurance | Optimal choice for vertical takeoff combined with long range (> 30 km).,PASS,,,,
CASE_VTOL_080,DETERMINISTIC,SURVEY,2.0,100.0,90.0,94.0,False,True,False,True,MOUNTAIN,VTOL,VTOL,VTOL,SELECTED,VTOL,0.1,0.0,0.95,MULTIROTOR; VTOL,"FIXED_WING:Conventional fixed-wing aircraft cannot perform vertical takeoff, vertical landing, or sustained hover.",0.95,Combines vertical takeoff with long-range fixed-wing cruise | No runway required | High range and endurance | Optimal choice for vertical takeoff combined with long range (> 30 km).,PASS,,,,
CASE_VTOL_081,DETERMINISTIC,DISASTER_RESPONSE,3.0,120.0,90.0,95.0,False,True,False,True,FOREST,VTOL,VTOL,VTOL,SELECTED,VTOL,0.1,0.0,0.95,MULTIROTOR; VTOL,"FIXED_WING:Conventional fixed-wing aircraft cannot perform vertical takeoff, vertical landing, or sustained hover.",0.95,Combines vertical takeoff with long-range fixed-wing cruise | No runway required | High range and endurance | Optimal choice for vertical takeoff combined with long range (> 30 km).,PASS,,,,
CASE_VTOL_082,DETERMINISTIC,DELIVERY,5.0,120.0,120.0,96.0,False,True,False,True,MOUNTAIN,VTOL,VTOL,VTOL,SELECTED,VTOL,0.1,0.0,0.95,MULTIROTOR; VTOL,"FIXED_WING:Conventional fixed-wing aircraft cannot perform vertical takeoff, vertical landing, or sustained hover.",0.95,Combines vertical takeoff with long-range fixed-wing cruise | No runway required | High range and endurance | Optimal choice for vertical takeoff combined with long range (> 30 km).,PASS,,,,
CASE_VTOL_083,DETERMINISTIC,SECURITY,8.0,150.0,120.0,97.0,False,True,False,True,FOREST,VTOL,VTOL,VTOL,SELECTED,VTOL,0.1,0.0,0.95,MULTIROTOR; VTOL,"FIXED_WING:Conventional fixed-wing aircraft cannot perform vertical takeoff, vertical landing, or sustained hover.",0.95,Combines vertical takeoff with long-range fixed-wing cruise | No runway required | High range and endurance | Optimal choice for vertical takeoff combined with long range (> 30 km).,PASS,,,,
CASE_VTOL_084,DETERMINISTIC,MAPPING,10.0,150.0,120.0,98.0,False,True,False,True,MOUNTAIN,VTOL,VTOL,VTOL,SELECTED,VTOL,0.1,0.0,0.95,MULTIROTOR; VTOL,"FIXED_WING:Conventional fixed-wing aircraft cannot perform vertical takeoff, vertical landing, or sustained hover.",0.95,Combines vertical takeoff with long-range fixed-wing cruise | No runway required | High range and endurance | Optimal choice for vertical takeoff combined with long range (> 30 km).,PASS,,,,
CASE_VTOL_085,DETERMINISTIC,SURVEY,0.5,30.0,150.0,99.0,False,True,False,True,FOREST,VTOL,VTOL,VTOL,SELECTED,VTOL,0.3,0.0,0.95,MULTIROTOR; VTOL,"FIXED_WING:Conventional fixed-wing aircraft cannot perform vertical takeoff, vertical landing, or sustained hover.",0.95,Combines vertical takeoff with long-range fixed-wing cruise | No runway required | High range and endurance | Optimal choice for vertical takeoff combined with long range (> 30 km).,PASS,,,,
CASE_VTOL_086,DETERMINISTIC,DISASTER_RESPONSE,1.0,30.0,150.0,100.0,False,True,False,True,MOUNTAIN,VTOL,VTOL,VTOL,SELECTED,VTOL,0.3,0.0,0.95,MULTIROTOR; VTOL,"FIXED_WING:Conventional fixed-wing aircraft cannot perform vertical takeoff, vertical landing, or sustained hover.",0.95,Combines vertical takeoff with long-range fixed-wing cruise | No runway required | High range and endurance | Optimal choice for vertical takeoff combined with long range (> 30 km).,PASS,,,,
CASE_VTOL_087,DETERMINISTIC,DELIVERY,2.0,45.0,150.0,101.0,False,True,False,True,FOREST,VTOL,VTOL,VTOL,SELECTED,VTOL,0.1,0.0,0.95,MULTIROTOR; VTOL,"FIXED_WING:Conventional fixed-wing aircraft cannot perform vertical takeoff, vertical landing, or sustained hover.",0.95,Combines vertical takeoff with long-range fixed-wing cruise | No runway required | High range and endurance | Optimal choice for vertical takeoff combined with long range (> 30 km).,PASS,,,,
CASE_VTOL_088,DETERMINISTIC,SECURITY,3.0,45.0,180.0,102.0,False,True,False,True,MOUNTAIN,VTOL,VTOL,VTOL,SELECTED,VTOL,0.1,0.0,0.95,MULTIROTOR; VTOL,"FIXED_WING:Conventional fixed-wing aircraft cannot perform vertical takeoff, vertical landing, or sustained hover.",0.95,Combines vertical takeoff with long-range fixed-wing cruise | No runway required | High range and endurance | Optimal choice for vertical takeoff combined with long range (> 30 km).,PASS,,,,
CASE_VTOL_089,DETERMINISTIC,MAPPING,5.0,60.0,180.0,103.0,False,True,False,True,FOREST,VTOL,VTOL,VTOL,SELECTED,VTOL,0.1,0.0,0.95,MULTIROTOR; VTOL,"FIXED_WING:Conventional fixed-wing aircraft cannot perform vertical takeoff, vertical landing, or sustained hover.",0.95,Combines vertical takeoff with long-range fixed-wing cruise | No runway required | High range and endurance | Optimal choice for vertical takeoff combined with long range (> 30 km).,PASS,,,,
CASE_VTOL_090,DETERMINISTIC,SURVEY,8.0,60.0,180.0,104.0,False,True,False,True,MOUNTAIN,VTOL,VTOL,VTOL,SELECTED,VTOL,0.1,0.0,0.95,MULTIROTOR; VTOL,"FIXED_WING:Conventional fixed-wing aircraft cannot perform vertical takeoff, vertical landing, or sustained hover.",0.95,Combines vertical takeoff with long-range fixed-wing cruise | No runway required | High range and endurance | Optimal choice for vertical takeoff combined with long range (> 30 km).,PASS,,,,
CASE_VTOL_091,DETERMINISTIC,DISASTER_RESPONSE,10.0,80.0,45.0,105.0,False,True,False,True,FOREST,VTOL,VTOL,VTOL,SELECTED,VTOL,0.4,0.0,0.95,MULTIROTOR; VTOL,"FIXED_WING:Conventional fixed-wing aircraft cannot perform vertical takeoff, vertical landing, or sustained hover.",0.95,Combines vertical takeoff with long-range fixed-wing cruise | No runway required | High range and endurance | Optimal choice for vertical takeoff combined with long range (> 30 km).,PASS,,,,
CASE_VTOL_092,DETERMINISTIC,DELIVERY,0.5,80.0,45.0,106.0,False,True,False,True,MOUNTAIN,VTOL,VTOL,VTOL,SELECTED,VTOL,0.4,0.0,0.95,MULTIROTOR; VTOL,"FIXED_WING:Conventional fixed-wing aircraft cannot perform vertical takeoff, vertical landing, or sustained hover.",0.95,Combines vertical takeoff with long-range fixed-wing cruise | No runway required | High range and endurance | Optimal choice for vertical takeoff combined with long range (> 30 km).,PASS,,,,
CASE_VTOL_093,DETERMINISTIC,SECURITY,1.0,100.0,45.0,107.0,False,True,False,True,FOREST,VTOL,VTOL,VTOL,SELECTED,VTOL,0.4,0.0,0.95,MULTIROTOR; VTOL,"FIXED_WING:Conventional fixed-wing aircraft cannot perform vertical takeoff, vertical landing, or sustained hover.",0.95,Combines vertical takeoff with long-range fixed-wing cruise | No runway required | High range and endurance | Optimal choice for vertical takeoff combined with long range (> 30 km).,PASS,,,,
CASE_VTOL_094,DETERMINISTIC,MAPPING,2.0,100.0,60.0,108.0,False,True,False,True,MOUNTAIN,VTOL,VTOL,VTOL,SELECTED,VTOL,0.1,0.0,0.95,MULTIROTOR; VTOL,"FIXED_WING:Conventional fixed-wing aircraft cannot perform vertical takeoff, vertical landing, or sustained hover.",0.95,Combines vertical takeoff with long-range fixed-wing cruise | No runway required | High range and endurance | Optimal choice for vertical takeoff combined with long range (> 30 km).,PASS,,,,
CASE_VTOL_095,DETERMINISTIC,SURVEY,3.0,120.0,60.0,109.0,False,True,False,True,FOREST,VTOL,VTOL,VTOL,SELECTED,VTOL,0.1,0.0,0.95,MULTIROTOR; VTOL,"FIXED_WING:Conventional fixed-wing aircraft cannot perform vertical takeoff, vertical landing, or sustained hover.",0.95,Combines vertical takeoff with long-range fixed-wing cruise | No runway required | High range and endurance | Optimal choice for vertical takeoff combined with long range (> 30 km).,PASS,,,,
CASE_VTOL_096,DETERMINISTIC,DISASTER_RESPONSE,5.0,120.0,60.0,110.0,False,True,False,True,MOUNTAIN,VTOL,VTOL,VTOL,SELECTED,VTOL,0.1,0.0,0.95,MULTIROTOR; VTOL,"FIXED_WING:Conventional fixed-wing aircraft cannot perform vertical takeoff, vertical landing, or sustained hover.",0.95,Combines vertical takeoff with long-range fixed-wing cruise | No runway required | High range and endurance | Optimal choice for vertical takeoff combined with long range (> 30 km).,PASS,,,,
CASE_VTOL_097,DETERMINISTIC,DELIVERY,8.0,150.0,90.0,111.0,False,True,False,True,FOREST,VTOL,VTOL,VTOL,SELECTED,VTOL,0.1,0.0,0.95,MULTIROTOR; VTOL,"FIXED_WING:Conventional fixed-wing aircraft cannot perform vertical takeoff, vertical landing, or sustained hover.",0.95,Combines vertical takeoff with long-range fixed-wing cruise | No runway required | High range and endurance | Optimal choice for vertical takeoff combined with long range (> 30 km).,PASS,,,,
CASE_VTOL_098,DETERMINISTIC,SECURITY,10.0,150.0,90.0,112.0,False,True,False,True,MOUNTAIN,VTOL,VTOL,VTOL,SELECTED,VTOL,0.1,0.0,0.95,MULTIROTOR; VTOL,"FIXED_WING:Conventional fixed-wing aircraft cannot perform vertical takeoff, vertical landing, or sustained hover.",0.95,Combines vertical takeoff with long-range fixed-wing cruise | No runway required | High range and endurance | Optimal choice for vertical takeoff combined with long range (> 30 km).,PASS,,,,
CASE_VTOL_099,DETERMINISTIC,MAPPING,0.5,30.0,90.0,113.0,False,True,False,True,FOREST,VTOL,VTOL,VTOL,SELECTED,VTOL,0.3,0.0,0.95,MULTIROTOR; VTOL,"FIXED_WING:Conventional fixed-wing aircraft cannot perform vertical takeoff, vertical landing, or sustained hover.",0.95,Combines vertical takeoff with long-range fixed-wing cruise | No runway required | High range and endurance | Optimal choice for vertical takeoff combined with long range (> 30 km).,PASS,,,,
CASE_VTOL_100,DETERMINISTIC,SURVEY,1.0,30.0,120.0,114.0,False,True,False,True,MOUNTAIN,VTOL,VTOL,VTOL,SELECTED,VTOL,0.3,0.0,0.95,MULTIROTOR; VTOL,"FIXED_WING:Conventional fixed-wing aircraft cannot perform vertical takeoff, vertical landing, or sustained hover.",0.95,Combines vertical takeoff with long-range fixed-wing cruise | No runway required | High range and endurance | Optimal choice for vertical takeoff combined with long range (> 30 km).,PASS,,,,
CASE_VTOL_101,DETERMINISTIC,DISASTER_RESPONSE,2.0,45.0,120.0,115.0,False,True,False,True,FOREST,VTOL,VTOL,VTOL,SELECTED,VTOL,0.1,0.0,0.95,MULTIROTOR; VTOL,"FIXED_WING:Conventional fixed-wing aircraft cannot perform vertical takeoff, vertical landing, or sustained hover.",0.95,Combines vertical takeoff with long-range fixed-wing cruise | No runway required | High range and endurance | Optimal choice for vertical takeoff combined with long range (> 30 km).,PASS,,,,
CASE_VTOL_102,DETERMINISTIC,DELIVERY,3.0,45.0,120.0,116.0,False,True,False,True,MOUNTAIN,VTOL,VTOL,VTOL,SELECTED,VTOL,0.1,0.0,0.95,MULTIROTOR; VTOL,"FIXED_WING:Conventional fixed-wing aircraft cannot perform vertical takeoff, vertical landing, or sustained hover.",0.95,Combines vertical takeoff with long-range fixed-wing cruise | No runway required | High range and endurance | Optimal choice for vertical takeoff combined with long range (> 30 km).,PASS,,,,
CASE_VTOL_103,DETERMINISTIC,SECURITY,5.0,60.0,150.0,117.0,False,True,False,True,FOREST,VTOL,VTOL,VTOL,SELECTED,VTOL,0.1,0.0,0.95,MULTIROTOR; VTOL,"FIXED_WING:Conventional fixed-wing aircraft cannot perform vertical takeoff, vertical landing, or sustained hover.",0.95,Combines vertical takeoff with long-range fixed-wing cruise | No runway required | High range and endurance | Optimal choice for vertical takeoff combined with long range (> 30 km).,PASS,,,,
CASE_VTOL_104,DETERMINISTIC,MAPPING,8.0,60.0,150.0,118.0,False,True,False,True,MOUNTAIN,VTOL,VTOL,VTOL,SELECTED,VTOL,0.1,0.0,0.95,MULTIROTOR; VTOL,"FIXED_WING:Conventional fixed-wing aircraft cannot perform vertical takeoff, vertical landing, or sustained hover.",0.95,Combines vertical takeoff with long-range fixed-wing cruise | No runway required | High range and endurance | Optimal choice for vertical takeoff combined with long range (> 30 km).,PASS,,,,
CASE_VTOL_105,DETERMINISTIC,SURVEY,10.0,80.0,150.0,119.0,False,True,False,True,FOREST,VTOL,VTOL,VTOL,SELECTED,VTOL,0.1,0.0,0.95,MULTIROTOR; VTOL,"FIXED_WING:Conventional fixed-wing aircraft cannot perform vertical takeoff, vertical landing, or sustained hover.",0.95,Combines vertical takeoff with long-range fixed-wing cruise | No runway required | High range and endurance | Optimal choice for vertical takeoff combined with long range (> 30 km).,PASS,,,,
CASE_VTOL_106,DETERMINISTIC,DISASTER_RESPONSE,0.5,80.0,180.0,85.0,False,True,False,True,MOUNTAIN,VTOL,VTOL,VTOL,SELECTED,VTOL,0.1,0.0,0.95,MULTIROTOR; VTOL,"FIXED_WING:Conventional fixed-wing aircraft cannot perform vertical takeoff, vertical landing, or sustained hover.",0.95,Combines vertical takeoff with long-range fixed-wing cruise | No runway required | High range and endurance | Optimal choice for vertical takeoff combined with long range (> 30 km).,PASS,,,,
CASE_VTOL_107,DETERMINISTIC,DELIVERY,1.0,100.0,180.0,86.0,False,True,False,True,FOREST,VTOL,VTOL,VTOL,SELECTED,VTOL,0.1,0.0,0.95,MULTIROTOR; VTOL,"FIXED_WING:Conventional fixed-wing aircraft cannot perform vertical takeoff, vertical landing, or sustained hover.",0.95,Combines vertical takeoff with long-range fixed-wing cruise | No runway required | High range and endurance | Optimal choice for vertical takeoff combined with long range (> 30 km).,PASS,,,,
CASE_VTOL_108,DETERMINISTIC,SECURITY,2.0,100.0,180.0,87.0,False,True,False,True,MOUNTAIN,VTOL,VTOL,VTOL,SELECTED,VTOL,0.1,0.0,0.95,MULTIROTOR; VTOL,"FIXED_WING:Conventional fixed-wing aircraft cannot perform vertical takeoff, vertical landing, or sustained hover.",0.95,Combines vertical takeoff with long-range fixed-wing cruise | No runway required | High range and endurance | Optimal choice for vertical takeoff combined with long range (> 30 km).,PASS,,,,
CASE_VTOL_109,DETERMINISTIC,MAPPING,3.0,120.0,45.0,88.0,False,True,False,True,FOREST,VTOL,VTOL,VTOL,SELECTED,VTOL,0.4,0.0,0.95,MULTIROTOR; VTOL,"FIXED_WING:Conventional fixed-wing aircraft cannot perform vertical takeoff, vertical landing, or sustained hover.",0.95,Combines vertical takeoff with long-range fixed-wing cruise | No runway required | High range and endurance | Optimal choice for vertical takeoff combined with long range (> 30 km).,PASS,,,,
CASE_VTOL_110,DETERMINISTIC,SURVEY,5.0,120.0,45.0,89.0,False,True,False,True,MOUNTAIN,VTOL,VTOL,VTOL,SELECTED,VTOL,0.4,0.0,0.95,MULTIROTOR; VTOL,"FIXED_WING:Conventional fixed-wing aircraft cannot perform vertical takeoff, vertical landing, or sustained hover.",0.95,Combines vertical takeoff with long-range fixed-wing cruise | No runway required | High range and endurance | Optimal choice for vertical takeoff combined with long range (> 30 km).,PASS,,,,
CASE_VTOL_111,DETERMINISTIC,DISASTER_RESPONSE,8.0,150.0,45.0,90.0,False,True,False,True,FOREST,VTOL,VTOL,VTOL,SELECTED,VTOL,0.4,0.0,0.95,MULTIROTOR; VTOL,"FIXED_WING:Conventional fixed-wing aircraft cannot perform vertical takeoff, vertical landing, or sustained hover.",0.95,Combines vertical takeoff with long-range fixed-wing cruise | No runway required | High range and endurance | Optimal choice for vertical takeoff combined with long range (> 30 km).,PASS,,,,
CASE_VTOL_112,DETERMINISTIC,DELIVERY,10.0,150.0,60.0,91.0,False,True,False,True,MOUNTAIN,VTOL,VTOL,VTOL,SELECTED,VTOL,0.1,0.0,0.95,MULTIROTOR; VTOL,"FIXED_WING:Conventional fixed-wing aircraft cannot perform vertical takeoff, vertical landing, or sustained hover.",0.95,Combines vertical takeoff with long-range fixed-wing cruise | No runway required | High range and endurance | Optimal choice for vertical takeoff combined with long range (> 30 km).,PASS,,,,
CASE_VTOL_113,DETERMINISTIC,SECURITY,0.5,30.0,60.0,92.0,False,True,False,True,FOREST,VTOL,VTOL,VTOL,SELECTED,VTOL,0.3,0.0,0.95,MULTIROTOR; VTOL,"FIXED_WING:Conventional fixed-wing aircraft cannot perform vertical takeoff, vertical landing, or sustained hover.",0.95,Combines vertical takeoff with long-range fixed-wing cruise | No runway required | High range and endurance | Optimal choice for vertical takeoff combined with long range (> 30 km).,PASS,,,,
CASE_VTOL_114,DETERMINISTIC,MAPPING,1.0,30.0,60.0,93.0,False,True,False,True,MOUNTAIN,VTOL,VTOL,VTOL,SELECTED,VTOL,0.3,0.0,0.95,MULTIROTOR; VTOL,"FIXED_WING:Conventional fixed-wing aircraft cannot perform vertical takeoff, vertical landing, or sustained hover.",0.95,Combines vertical takeoff with long-range fixed-wing cruise | No runway required | High range and endurance | Optimal choice for vertical takeoff combined with long range (> 30 km).,PASS,,,,
CASE_VTOL_115,DETERMINISTIC,SURVEY,2.0,45.0,90.0,94.0,False,True,False,True,FOREST,VTOL,VTOL,VTOL,SELECTED,VTOL,0.1,0.0,0.95,MULTIROTOR; VTOL,"FIXED_WING:Conventional fixed-wing aircraft cannot perform vertical takeoff, vertical landing, or sustained hover.",0.95,Combines vertical takeoff with long-range fixed-wing cruise | No runway required | High range and endurance | Optimal choice for vertical takeoff combined with long range (> 30 km).,PASS,,,,
CASE_VTOL_116,DETERMINISTIC,DISASTER_RESPONSE,3.0,45.0,90.0,95.0,False,True,False,True,MOUNTAIN,VTOL,VTOL,VTOL,SELECTED,VTOL,0.1,0.0,0.95,MULTIROTOR; VTOL,"FIXED_WING:Conventional fixed-wing aircraft cannot perform vertical takeoff, vertical landing, or sustained hover.",0.95,Combines vertical takeoff with long-range fixed-wing cruise | No runway required | High range and endurance | Optimal choice for vertical takeoff combined with long range (> 30 km).,PASS,,,,
CASE_VTOL_117,DETERMINISTIC,DELIVERY,5.0,60.0,90.0,96.0,False,True,False,True,FOREST,VTOL,VTOL,VTOL,SELECTED,VTOL,0.1,0.0,0.95,MULTIROTOR; VTOL,"FIXED_WING:Conventional fixed-wing aircraft cannot perform vertical takeoff, vertical landing, or sustained hover.",0.95,Combines vertical takeoff with long-range fixed-wing cruise | No runway required | High range and endurance | Optimal choice for vertical takeoff combined with long range (> 30 km).,PASS,,,,
CASE_VTOL_118,DETERMINISTIC,SECURITY,8.0,60.0,120.0,97.0,False,True,False,True,MOUNTAIN,VTOL,VTOL,VTOL,SELECTED,VTOL,0.1,0.0,0.95,MULTIROTOR; VTOL,"FIXED_WING:Conventional fixed-wing aircraft cannot perform vertical takeoff, vertical landing, or sustained hover.",0.95,Combines vertical takeoff with long-range fixed-wing cruise | No runway required | High range and endurance | Optimal choice for vertical takeoff combined with long range (> 30 km).,PASS,,,,
CASE_VTOL_119,DETERMINISTIC,MAPPING,10.0,80.0,120.0,98.0,False,True,False,True,FOREST,VTOL,VTOL,VTOL,SELECTED,VTOL,0.1,0.0,0.95,MULTIROTOR; VTOL,"FIXED_WING:Conventional fixed-wing aircraft cannot perform vertical takeoff, vertical landing, or sustained hover.",0.95,Combines vertical takeoff with long-range fixed-wing cruise | No runway required | High range and endurance | Optimal choice for vertical takeoff combined with long range (> 30 km).,PASS,,,,
CASE_VTOL_120,DETERMINISTIC,SURVEY,0.5,80.0,120.0,99.0,False,True,False,True,MOUNTAIN,VTOL,VTOL,VTOL,SELECTED,VTOL,0.1,0.0,0.95,MULTIROTOR; VTOL,"FIXED_WING:Conventional fixed-wing aircraft cannot perform vertical takeoff, vertical landing, or sustained hover.",0.95,Combines vertical takeoff with long-range fixed-wing cruise | No runway required | High range and endurance | Optimal choice for vertical takeoff combined with long range (> 30 km).,PASS,,,,
CASE_VTOL_121,DETERMINISTIC,DISASTER_RESPONSE,1.0,100.0,150.0,100.0,False,True,False,True,FOREST,VTOL,VTOL,VTOL,SELECTED,VTOL,0.1,0.0,0.95,MULTIROTOR; VTOL,"FIXED_WING:Conventional fixed-wing aircraft cannot perform vertical takeoff, vertical landing, or sustained hover.",0.95,Combines vertical takeoff with long-range fixed-wing cruise | No runway required | High range and endurance | Optimal choice for vertical takeoff combined with long range (> 30 km).,PASS,,,,
CASE_VTOL_122,DETERMINISTIC,DELIVERY,2.0,100.0,150.0,101.0,False,True,False,True,MOUNTAIN,VTOL,VTOL,VTOL,SELECTED,VTOL,0.1,0.0,0.95,MULTIROTOR; VTOL,"FIXED_WING:Conventional fixed-wing aircraft cannot perform vertical takeoff, vertical landing, or sustained hover.",0.95,Combines vertical takeoff with long-range fixed-wing cruise | No runway required | High range and endurance | Optimal choice for vertical takeoff combined with long range (> 30 km).,PASS,,,,
CASE_VTOL_123,DETERMINISTIC,SECURITY,3.0,120.0,150.0,102.0,False,True,False,True,FOREST,VTOL,VTOL,VTOL,SELECTED,VTOL,0.1,0.0,0.95,MULTIROTOR; VTOL,"FIXED_WING:Conventional fixed-wing aircraft cannot perform vertical takeoff, vertical landing, or sustained hover.",0.95,Combines vertical takeoff with long-range fixed-wing cruise | No runway required | High range and endurance | Optimal choice for vertical takeoff combined with long range (> 30 km).,PASS,,,,
CASE_VTOL_124,DETERMINISTIC,MAPPING,5.0,120.0,180.0,103.0,False,True,False,True,MOUNTAIN,VTOL,VTOL,VTOL,SELECTED,VTOL,0.1,0.0,0.95,MULTIROTOR; VTOL,"FIXED_WING:Conventional fixed-wing aircraft cannot perform vertical takeoff, vertical landing, or sustained hover.",0.95,Combines vertical takeoff with long-range fixed-wing cruise | No runway required | High range and endurance | Optimal choice for vertical takeoff combined with long range (> 30 km).,PASS,,,,
CASE_VTOL_125,DETERMINISTIC,SURVEY,8.0,150.0,180.0,104.0,False,True,False,True,FOREST,VTOL,VTOL,VTOL,SELECTED,VTOL,0.1,0.0,0.95,MULTIROTOR; VTOL,"FIXED_WING:Conventional fixed-wing aircraft cannot perform vertical takeoff, vertical landing, or sustained hover.",0.95,Combines vertical takeoff with long-range fixed-wing cruise | No runway required | High range and endurance | Optimal choice for vertical takeoff combined with long range (> 30 km).,PASS,,,,
CASE_VTOL_126,DETERMINISTIC,DISASTER_RESPONSE,10.0,150.0,180.0,105.0,False,True,False,True,MOUNTAIN,VTOL,VTOL,VTOL,SELECTED,VTOL,0.1,0.0,0.95,MULTIROTOR; VTOL,"FIXED_WING:Conventional fixed-wing aircraft cannot perform vertical takeoff, vertical landing, or sustained hover.",0.95,Combines vertical takeoff with long-range fixed-wing cruise | No runway required | High range and endurance | Optimal choice for vertical takeoff combined with long range (> 30 km).,PASS,,,,
CASE_VTOL_127,DETERMINISTIC,DELIVERY,0.5,30.0,45.0,106.0,False,True,False,True,FOREST,VTOL,VTOL,VTOL,SELECTED,VTOL,0.6,0.0,0.95,MULTIROTOR; VTOL,"FIXED_WING:Conventional fixed-wing aircraft cannot perform vertical takeoff, vertical landing, or sustained hover.",0.95,Combines vertical takeoff with long-range fixed-wing cruise | No runway required | High range and endurance | Optimal choice for vertical takeoff combined with long range (> 30 km).,PASS,,,,
CASE_VTOL_128,DETERMINISTIC,SECURITY,1.0,30.0,45.0,107.0,False,True,False,True,MOUNTAIN,VTOL,VTOL,VTOL,SELECTED,VTOL,0.6,0.0,0.95,MULTIROTOR; VTOL,"FIXED_WING:Conventional fixed-wing aircraft cannot perform vertical takeoff, vertical landing, or sustained hover.",0.95,Combines vertical takeoff with long-range fixed-wing cruise | No runway required | High range and endurance | Optimal choice for vertical takeoff combined with long range (> 30 km).,PASS,,,,
CASE_VTOL_129,DETERMINISTIC,MAPPING,2.0,45.0,45.0,108.0,False,True,False,True,FOREST,VTOL,VTOL,VTOL,SELECTED,VTOL,0.4,0.0,0.95,MULTIROTOR; VTOL,"FIXED_WING:Conventional fixed-wing aircraft cannot perform vertical takeoff, vertical landing, or sustained hover.",0.95,Combines vertical takeoff with long-range fixed-wing cruise | No runway required | High range and endurance | Optimal choice for vertical takeoff combined with long range (> 30 km).,PASS,,,,
CASE_VTOL_130,DETERMINISTIC,SURVEY,3.0,45.0,60.0,109.0,False,True,False,True,MOUNTAIN,VTOL,VTOL,VTOL,SELECTED,VTOL,0.1,0.0,0.95,MULTIROTOR; VTOL,"FIXED_WING:Conventional fixed-wing aircraft cannot perform vertical takeoff, vertical landing, or sustained hover.",0.95,Combines vertical takeoff with long-range fixed-wing cruise | No runway required | High range and endurance | Optimal choice for vertical takeoff combined with long range (> 30 km).,PASS,,,,
CASE_VTOL_131,DETERMINISTIC,DISASTER_RESPONSE,5.0,60.0,60.0,110.0,False,True,False,True,FOREST,VTOL,VTOL,VTOL,SELECTED,VTOL,0.1,0.0,0.95,MULTIROTOR; VTOL,"FIXED_WING:Conventional fixed-wing aircraft cannot perform vertical takeoff, vertical landing, or sustained hover.",0.95,Combines vertical takeoff with long-range fixed-wing cruise | No runway required | High range and endurance | Optimal choice for vertical takeoff combined with long range (> 30 km).,PASS,,,,
CASE_VTOL_132,DETERMINISTIC,DELIVERY,8.0,60.0,60.0,111.0,False,True,False,True,MOUNTAIN,VTOL,VTOL,VTOL,SELECTED,VTOL,0.1,0.0,0.95,MULTIROTOR; VTOL,"FIXED_WING:Conventional fixed-wing aircraft cannot perform vertical takeoff, vertical landing, or sustained hover.",0.95,Combines vertical takeoff with long-range fixed-wing cruise | No runway required | High range and endurance | Optimal choice for vertical takeoff combined with long range (> 30 km).,PASS,,,,
CASE_VTOL_133,DETERMINISTIC,SECURITY,10.0,80.0,90.0,112.0,False,True,False,True,FOREST,VTOL,VTOL,VTOL,SELECTED,VTOL,0.1,0.0,0.95,MULTIROTOR; VTOL,"FIXED_WING:Conventional fixed-wing aircraft cannot perform vertical takeoff, vertical landing, or sustained hover.",0.95,Combines vertical takeoff with long-range fixed-wing cruise | No runway required | High range and endurance | Optimal choice for vertical takeoff combined with long range (> 30 km).,PASS,,,,
CASE_VTOL_134,DETERMINISTIC,MAPPING,0.5,80.0,90.0,113.0,False,True,False,True,MOUNTAIN,VTOL,VTOL,VTOL,SELECTED,VTOL,0.1,0.0,0.95,MULTIROTOR; VTOL,"FIXED_WING:Conventional fixed-wing aircraft cannot perform vertical takeoff, vertical landing, or sustained hover.",0.95,Combines vertical takeoff with long-range fixed-wing cruise | No runway required | High range and endurance | Optimal choice for vertical takeoff combined with long range (> 30 km).,PASS,,,,
CASE_VTOL_135,DETERMINISTIC,SURVEY,1.0,100.0,90.0,114.0,False,True,False,True,FOREST,VTOL,VTOL,VTOL,SELECTED,VTOL,0.1,0.0,0.95,MULTIROTOR; VTOL,"FIXED_WING:Conventional fixed-wing aircraft cannot perform vertical takeoff, vertical landing, or sustained hover.",0.95,Combines vertical takeoff with long-range fixed-wing cruise | No runway required | High range and endurance | Optimal choice for vertical takeoff combined with long range (> 30 km).,PASS,,,,
CASE_VTOL_136,DETERMINISTIC,DISASTER_RESPONSE,2.0,100.0,120.0,115.0,False,True,False,True,MOUNTAIN,VTOL,VTOL,VTOL,SELECTED,VTOL,0.1,0.0,0.95,MULTIROTOR; VTOL,"FIXED_WING:Conventional fixed-wing aircraft cannot perform vertical takeoff, vertical landing, or sustained hover.",0.95,Combines vertical takeoff with long-range fixed-wing cruise | No runway required | High range and endurance | Optimal choice for vertical takeoff combined with long range (> 30 km).,PASS,,,,
CASE_VTOL_137,DETERMINISTIC,DELIVERY,3.0,120.0,120.0,116.0,False,True,False,True,FOREST,VTOL,VTOL,VTOL,SELECTED,VTOL,0.1,0.0,0.95,MULTIROTOR; VTOL,"FIXED_WING:Conventional fixed-wing aircraft cannot perform vertical takeoff, vertical landing, or sustained hover.",0.95,Combines vertical takeoff with long-range fixed-wing cruise | No runway required | High range and endurance | Optimal choice for vertical takeoff combined with long range (> 30 km).,PASS,,,,
CASE_VTOL_138,DETERMINISTIC,SECURITY,5.0,120.0,120.0,117.0,False,True,False,True,MOUNTAIN,VTOL,VTOL,VTOL,SELECTED,VTOL,0.1,0.0,0.95,MULTIROTOR; VTOL,"FIXED_WING:Conventional fixed-wing aircraft cannot perform vertical takeoff, vertical landing, or sustained hover.",0.95,Combines vertical takeoff with long-range fixed-wing cruise | No runway required | High range and endurance | Optimal choice for vertical takeoff combined with long range (> 30 km).,PASS,,,,
CASE_VTOL_139,DETERMINISTIC,MAPPING,8.0,150.0,150.0,118.0,False,True,False,True,FOREST,VTOL,VTOL,VTOL,SELECTED,VTOL,0.1,0.0,0.95,MULTIROTOR; VTOL,"FIXED_WING:Conventional fixed-wing aircraft cannot perform vertical takeoff, vertical landing, or sustained hover.",0.95,Combines vertical takeoff with long-range fixed-wing cruise | No runway required | High range and endurance | Optimal choice for vertical takeoff combined with long range (> 30 km).,PASS,,,,
CASE_VTOL_140,DETERMINISTIC,SURVEY,10.0,150.0,150.0,119.0,False,True,False,True,MOUNTAIN,VTOL,VTOL,VTOL,SELECTED,VTOL,0.1,0.0,0.95,MULTIROTOR; VTOL,"FIXED_WING:Conventional fixed-wing aircraft cannot perform vertical takeoff, vertical landing, or sustained hover.",0.95,Combines vertical takeoff with long-range fixed-wing cruise | No runway required | High range and endurance | Optimal choice for vertical takeoff combined with long range (> 30 km).,PASS,,,,
CASE_VTOL_141,DETERMINISTIC,DISASTER_RESPONSE,0.5,30.0,150.0,85.0,False,True,False,True,FOREST,VTOL,VTOL,VTOL,SELECTED,VTOL,0.3,0.0,0.95,MULTIROTOR; VTOL,"FIXED_WING:Conventional fixed-wing aircraft cannot perform vertical takeoff, vertical landing, or sustained hover.",0.95,Combines vertical takeoff with long-range fixed-wing cruise | No runway required | High range and endurance | Optimal choice for vertical takeoff combined with long range (> 30 km).,PASS,,,,
CASE_VTOL_142,DETERMINISTIC,DELIVERY,1.0,30.0,180.0,86.0,False,True,False,True,MOUNTAIN,VTOL,VTOL,VTOL,SELECTED,VTOL,0.3,0.0,0.95,MULTIROTOR; VTOL,"FIXED_WING:Conventional fixed-wing aircraft cannot perform vertical takeoff, vertical landing, or sustained hover.",0.95,Combines vertical takeoff with long-range fixed-wing cruise | No runway required | High range and endurance | Optimal choice for vertical takeoff combined with long range (> 30 km).,PASS,,,,
CASE_VTOL_143,DETERMINISTIC,SECURITY,2.0,45.0,180.0,87.0,False,True,False,True,FOREST,VTOL,VTOL,VTOL,SELECTED,VTOL,0.1,0.0,0.95,MULTIROTOR; VTOL,"FIXED_WING:Conventional fixed-wing aircraft cannot perform vertical takeoff, vertical landing, or sustained hover.",0.95,Combines vertical takeoff with long-range fixed-wing cruise | No runway required | High range and endurance | Optimal choice for vertical takeoff combined with long range (> 30 km).,PASS,,,,
CASE_VTOL_144,DETERMINISTIC,MAPPING,3.0,45.0,180.0,88.0,False,True,False,True,MOUNTAIN,VTOL,VTOL,VTOL,SELECTED,VTOL,0.1,0.0,0.95,MULTIROTOR; VTOL,"FIXED_WING:Conventional fixed-wing aircraft cannot perform vertical takeoff, vertical landing, or sustained hover.",0.95,Combines vertical takeoff with long-range fixed-wing cruise | No runway required | High range and endurance | Optimal choice for vertical takeoff combined with long range (> 30 km).,PASS,,,,
CASE_VTOL_145,DETERMINISTIC,SURVEY,5.0,60.0,45.0,89.0,False,True,False,True,FOREST,VTOL,VTOL,VTOL,SELECTED,VTOL,0.4,0.0,0.95,MULTIROTOR; VTOL,"FIXED_WING:Conventional fixed-wing aircraft cannot perform vertical takeoff, vertical landing, or sustained hover.",0.95,Combines vertical takeoff with long-range fixed-wing cruise | No runway required | High range and endurance | Optimal choice for vertical takeoff combined with long range (> 30 km).,PASS,,,,
CASE_VTOL_146,DETERMINISTIC,DISASTER_RESPONSE,8.0,60.0,45.0,90.0,False,True,False,True,MOUNTAIN,VTOL,VTOL,VTOL,SELECTED,VTOL,0.4,0.0,0.95,MULTIROTOR; VTOL,"FIXED_WING:Conventional fixed-wing aircraft cannot perform vertical takeoff, vertical landing, or sustained hover.",0.95,Combines vertical takeoff with long-range fixed-wing cruise | No runway required | High range and endurance | Optimal choice for vertical takeoff combined with long range (> 30 km).,PASS,,,,
CASE_VTOL_147,DETERMINISTIC,DELIVERY,10.0,80.0,45.0,91.0,False,True,False,True,FOREST,VTOL,VTOL,VTOL,SELECTED,VTOL,0.4,0.0,0.95,MULTIROTOR; VTOL,"FIXED_WING:Conventional fixed-wing aircraft cannot perform vertical takeoff, vertical landing, or sustained hover.",0.95,Combines vertical takeoff with long-range fixed-wing cruise | No runway required | High range and endurance | Optimal choice for vertical takeoff combined with long range (> 30 km).,PASS,,,,
CASE_VTOL_148,DETERMINISTIC,SECURITY,0.5,80.0,60.0,92.0,False,True,False,True,MOUNTAIN,VTOL,VTOL,VTOL,SELECTED,VTOL,0.1,0.0,0.95,MULTIROTOR; VTOL,"FIXED_WING:Conventional fixed-wing aircraft cannot perform vertical takeoff, vertical landing, or sustained hover.",0.95,Combines vertical takeoff with long-range fixed-wing cruise | No runway required | High range and endurance | Optimal choice for vertical takeoff combined with long range (> 30 km).,PASS,,,,
CASE_VTOL_149,DETERMINISTIC,MAPPING,1.0,100.0,60.0,93.0,False,True,False,True,FOREST,VTOL,VTOL,VTOL,SELECTED,VTOL,0.1,0.0,0.95,MULTIROTOR; VTOL,"FIXED_WING:Conventional fixed-wing aircraft cannot perform vertical takeoff, vertical landing, or sustained hover.",0.95,Combines vertical takeoff with long-range fixed-wing cruise | No runway required | High range and endurance | Optimal choice for vertical takeoff combined with long range (> 30 km).,PASS,,,,
CASE_VTOL_150,DETERMINISTIC,SURVEY,2.0,100.0,60.0,94.0,False,True,False,True,MOUNTAIN,VTOL,VTOL,VTOL,SELECTED,VTOL,0.1,0.0,0.95,MULTIROTOR; VTOL,"FIXED_WING:Conventional fixed-wing aircraft cannot perform vertical takeoff, vertical landing, or sustained hover.",0.95,Combines vertical takeoff with long-range fixed-wing cruise | No runway required | High range and endurance | Optimal choice for vertical takeoff combined with long range (> 30 km).,PASS,,,,
CASE_BND_RNG_01,DETERMINISTIC,SURVEY,2.0,5.0,45.0,75.0,False,True,False,False,RURAL,MULTIROTOR,QUADCOPTER,MULTIROTOR,SELECTED,MULTIROTOR,0.8,0.0,0.5,MULTIROTOR; VTOL,"FIXED_WING:Conventional fixed-wing aircraft cannot perform vertical takeoff, vertical landing, or sustained hover.",0.8,Vertical takeoff and precision hover capability | High station-keeping flight control precision | No runway required,PASS,,,,
CASE_BND_RNG_02,DETERMINISTIC,SURVEY,2.0,10.0,45.0,75.0,False,True,False,False,RURAL,MULTIROTOR,QUADCOPTER,MULTIROTOR,SELECTED,MULTIROTOR,0.8,0.0,0.5,MULTIROTOR; VTOL,"FIXED_WING:Conventional fixed-wing aircraft cannot perform vertical takeoff, vertical landing, or sustained hover.",0.8,Vertical takeoff and precision hover capability | High station-keeping flight control precision | No runway required,PASS,,,,
CASE_BND_RNG_03,BOUNDARY,SURVEY,2.0,15.0,45.0,75.0,False,True,False,False,RURAL,BOUNDARY,BOUNDARY,BOUNDARY,SELECTED,MULTIROTOR,0.8,0.0,0.7,MULTIROTOR; VTOL,"FIXED_WING:Conventional fixed-wing aircraft cannot perform vertical takeoff, vertical landing, or sustained hover.",0.8,Vertical takeoff and precision hover capability | High station-keeping flight control precision | No runway required,QUESTIONABLE,,,,
CASE_BND_RNG_04,BOUNDARY,SURVEY,2.0,20.0,45.0,75.0,False,True,False,False,RURAL,BOUNDARY,BOUNDARY,BOUNDARY,SELECTED,VTOL,0.6,0.0,0.7,MULTIROTOR; VTOL,"FIXED_WING:Conventional fixed-wing aircraft cannot perform vertical takeoff, vertical landing, or sustained hover.",0.6,Combines vertical takeoff with long-range fixed-wing cruise | No runway required | High range and endurance,QUESTIONABLE,,,,
CASE_BND_RNG_05,BOUNDARY,SURVEY,2.0,25.0,45.0,75.0,False,True,False,False,RURAL,BOUNDARY,BOUNDARY,BOUNDARY,SELECTED,VTOL,0.6,0.0,0.8,MULTIROTOR; VTOL,"FIXED_WING:Conventional fixed-wing aircraft cannot perform vertical takeoff, vertical landing, or sustained hover.",0.8,Combines vertical takeoff with long-range fixed-wing cruise | No runway required | High range and endurance,QUESTIONABLE,,,,
CASE_BND_RNG_06,BOUNDARY,SURVEY,2.0,28.0,45.0,75.0,False,True,False,False,RURAL,BOUNDARY,BOUNDARY,BOUNDARY,SELECTED,VTOL,0.6,0.0,0.8,MULTIROTOR; VTOL,"FIXED_WING:Conventional fixed-wing aircraft cannot perform vertical takeoff, vertical landing, or sustained hover.",0.8,Combines vertical takeoff with long-range fixed-wing cruise | No runway required | High range and endurance,QUESTIONABLE,,,,
CASE_BND_RNG_07,DETERMINISTIC,SURVEY,2.0,30.0,45.0,75.0,False,True,False,False,RURAL,VTOL,VTOL,VTOL,SELECTED,VTOL,0.6,0.0,0.95,MULTIROTOR; VTOL,"FIXED_WING:Conventional fixed-wing aircraft cannot perform vertical takeoff, vertical landing, or sustained hover.",0.95,Combines vertical takeoff with long-range fixed-wing cruise | No runway required | High range and endurance | Optimal choice for vertical takeoff combined with long range (> 30 km).,PASS,,,,
CASE_BND_RNG_08,DETERMINISTIC,SURVEY,2.0,32.0,45.0,75.0,False,True,False,False,RURAL,VTOL,VTOL,VTOL,SELECTED,VTOL,0.4,0.0,0.95,MULTIROTOR; VTOL,"FIXED_WING:Conventional fixed-wing aircraft cannot perform vertical takeoff, vertical landing, or sustained hover.",0.95,Combines vertical takeoff with long-range fixed-wing cruise | No runway required | High range and endurance | Optimal choice for vertical takeoff combined with long range (> 30 km).,PASS,,,,
CASE_BND_RNG_09,DETERMINISTIC,SURVEY,2.0,35.0,45.0,75.0,False,True,False,False,RURAL,VTOL,VTOL,VTOL,SELECTED,VTOL,0.4,0.0,0.95,MULTIROTOR; VTOL,"FIXED_WING:Conventional fixed-wing aircraft cannot perform vertical takeoff, vertical landing, or sustained hover.",0.95,Combines vertical takeoff with long-range fixed-wing cruise | No runway required | High range and endurance | Optimal choice for vertical takeoff combined with long range (> 30 km).,PASS,,,,
CASE_BND_RNG_10,DETERMINISTIC,SURVEY,2.0,40.0,45.0,75.0,False,True,False,False,RURAL,VTOL,VTOL,VTOL,SELECTED,VTOL,0.4,0.0,0.95,MULTIROTOR; VTOL,"FIXED_WING:Conventional fixed-wing aircraft cannot perform vertical takeoff, vertical landing, or sustained hover.",0.95,Combines vertical takeoff with long-range fixed-wing cruise | No runway required | High range and endurance | Optimal choice for vertical takeoff combined with long range (> 30 km).,PASS,,,,
CASE_BND_RNG_11,DETERMINISTIC,SURVEY,2.0,45.0,45.0,75.0,False,True,False,False,RURAL,VTOL,VTOL,VTOL,SELECTED,VTOL,0.4,0.0,0.95,MULTIROTOR; VTOL,"FIXED_WING:Conventional fixed-wing aircraft cannot perform vertical takeoff, vertical landing, or sustained hover.",0.95,Combines vertical takeoff with long-range fixed-wing cruise | No runway required | High range and endurance | Optimal choice for vertical takeoff combined with long range (> 30 km).,PASS,,,,
CASE_BND_PAY_01,BOUNDARY,DELIVERY,1.0,8.0,25.0,50.0,False,True,False,False,URBAN,MULTIROTOR,QUADCOPTER,MULTIROTOR,SELECTED,MULTIROTOR,0.8,0.0,0.5,MULTIROTOR; VTOL,"FIXED_WING:Conventional fixed-wing aircraft cannot perform vertical takeoff, vertical landing, or sustained hover.",0.8,Vertical takeoff and precision hover capability | High station-keeping flight control precision | No runway required,QUESTIONABLE,,,,
CASE_BND_PAY_02,BOUNDARY,DELIVERY,3.0,8.0,25.0,50.0,False,True,False,False,URBAN,MULTIROTOR,QUADCOPTER,MULTIROTOR,SELECTED,MULTIROTOR,0.8,0.0,0.5,MULTIROTOR; VTOL,"FIXED_WING:Conventional fixed-wing aircraft cannot perform vertical takeoff, vertical landing, or sustained hover.",0.8,Vertical takeoff and precision hover capability | High station-keeping flight control precision | No runway required,QUESTIONABLE,,,,
CASE_BND_PAY_03,BOUNDARY,DELIVERY,5.0,8.0,25.0,50.0,False,True,False,False,URBAN,MULTIROTOR,QUADCOPTER,MULTIROTOR,SELECTED,MULTIROTOR,0.8,0.0,0.5,MULTIROTOR; VTOL,"FIXED_WING:Conventional fixed-wing aircraft cannot perform vertical takeoff, vertical landing, or sustained hover.",0.8,Vertical takeoff and precision hover capability | High station-keeping flight control precision | No runway required,QUESTIONABLE,,,,
CASE_BND_PAY_04,BOUNDARY,DELIVERY,7.0,8.0,25.0,50.0,False,True,False,False,URBAN,MULTIROTOR,QUADCOPTER,MULTIROTOR,SELECTED,MULTIROTOR,0.8,0.0,0.5,MULTIROTOR; VTOL,"FIXED_WING:Conventional fixed-wing aircraft cannot perform vertical takeoff, vertical landing, or sustained hover.",0.8,Vertical takeoff and precision hover capability | High station-keeping flight control precision | No runway required,QUESTIONABLE,,,,
CASE_BND_PAY_05,BOUNDARY,DELIVERY,9.0,8.0,25.0,50.0,False,True,False,False,URBAN,MULTIROTOR,QUADCOPTER,MULTIROTOR,SELECTED,MULTIROTOR,0.8,0.0,0.5,MULTIROTOR; VTOL,"FIXED_WING:Conventional fixed-wing aircraft cannot perform vertical takeoff, vertical landing, or sustained hover.",0.8,Vertical takeoff and precision hover capability | High station-keeping flight control precision | No runway required,QUESTIONABLE,,,,
CASE_BND_PAY_06,BOUNDARY,DELIVERY,10.0,8.0,25.0,50.0,False,True,False,False,URBAN,MULTIROTOR,QUADCOPTER,MULTIROTOR,SELECTED,MULTIROTOR,0.8,0.0,0.5,MULTIROTOR; VTOL,"FIXED_WING:Conventional fixed-wing aircraft cannot perform vertical takeoff, vertical landing, or sustained hover.",0.8,Vertical takeoff and precision hover capability | High station-keeping flight control precision | No runway required,QUESTIONABLE,,,,
CASE_BND_PAY_07,BOUNDARY,DELIVERY,11.0,8.0,25.0,50.0,False,True,False,False,URBAN,MULTIROTOR,QUADCOPTER,MULTIROTOR,SELECTED,MULTIROTOR,0.7,0.0,0.5,MULTIROTOR; VTOL,"FIXED_WING:Conventional fixed-wing aircraft cannot perform vertical takeoff, vertical landing, or sustained hover.",0.9,Vertical takeoff and precision hover capability | High station-keeping flight control precision | No runway required ; CONS: Heavy payload mass requires high multi-rotor motor power draw.,QUESTIONABLE,,,,
CASE_BND_PAY_08,BOUNDARY,DELIVERY,13.0,8.0,25.0,50.0,False,True,False,False,URBAN,MULTIROTOR,QUADCOPTER,MULTIROTOR,SELECTED,MULTIROTOR,0.7,0.0,0.5,MULTIROTOR; VTOL,"FIXED_WING:Conventional fixed-wing aircraft cannot perform vertical takeoff, vertical landing, or sustained hover.",0.9,Vertical takeoff and precision hover capability | High station-keeping flight control precision | No runway required ; CONS: Heavy payload mass requires high multi-rotor motor power draw.,QUESTIONABLE,,,,
CASE_BND_PAY_09,BOUNDARY,DELIVERY,15.0,8.0,25.0,50.0,False,True,False,False,URBAN,MULTIROTOR,QUADCOPTER,MULTIROTOR,SELECTED,MULTIROTOR,0.7,0.0,0.5,MULTIROTOR; VTOL,"FIXED_WING:Conventional fixed-wing aircraft cannot perform vertical takeoff, vertical landing, or sustained hover.",0.9,Vertical takeoff and precision hover capability | High station-keeping flight control precision | No runway required ; CONS: Heavy payload mass requires high multi-rotor motor power draw.,QUESTIONABLE,,,,
CASE_BND_AMB_01,AMBIGUOUS,INSPECTION,1.5,18.0,30.0,60.0,False,True,False,False,URBAN,AMBIGUOUS,AMBIGUOUS,AMBIGUOUS,SELECTED,VTOL,0.6,0.0,0.7,MULTIROTOR; VTOL,"FIXED_WING:Conventional fixed-wing aircraft cannot perform vertical takeoff, vertical landing, or sustained hover.",0.6,Combines vertical takeoff with long-range fixed-wing cruise | No runway required | High range and endurance,QUESTIONABLE,,,,
CASE_BND_AMB_02,AMBIGUOUS,INSPECTION,1.5,18.5,31.0,60.0,False,True,False,False,URBAN,AMBIGUOUS,AMBIGUOUS,AMBIGUOUS,SELECTED,VTOL,0.6,0.0,0.7,MULTIROTOR; VTOL,"FIXED_WING:Conventional fixed-wing aircraft cannot perform vertical takeoff, vertical landing, or sustained hover.",0.6,Combines vertical takeoff with long-range fixed-wing cruise | No runway required | High range and endurance,QUESTIONABLE,,,,
CASE_BND_AMB_03,AMBIGUOUS,INSPECTION,1.5,19.0,32.0,60.0,False,True,False,False,URBAN,AMBIGUOUS,AMBIGUOUS,AMBIGUOUS,SELECTED,VTOL,0.6,0.0,0.7,MULTIROTOR; VTOL,"FIXED_WING:Conventional fixed-wing aircraft cannot perform vertical takeoff, vertical landing, or sustained hover.",0.6,Combines vertical takeoff with long-range fixed-wing cruise | No runway required | High range and endurance,QUESTIONABLE,,,,
CASE_BND_AMB_04,AMBIGUOUS,INSPECTION,1.5,19.5,33.0,60.0,False,True,False,False,URBAN,AMBIGUOUS,AMBIGUOUS,AMBIGUOUS,SELECTED,VTOL,0.6,0.0,0.7,MULTIROTOR; VTOL,"FIXED_WING:Conventional fixed-wing aircraft cannot perform vertical takeoff, vertical landing, or sustained hover.",0.6,Combines vertical takeoff with long-range fixed-wing cruise | No runway required | High range and endurance,QUESTIONABLE,,,,
CASE_BND_AMB_05,AMBIGUOUS,INSPECTION,1.5,20.0,34.0,60.0,False,True,False,False,URBAN,AMBIGUOUS,AMBIGUOUS,AMBIGUOUS,SELECTED,VTOL,0.6,0.0,0.7,MULTIROTOR; VTOL,"FIXED_WING:Conventional fixed-wing aircraft cannot perform vertical takeoff, vertical landing, or sustained hover.",0.6,Combines vertical takeoff with long-range fixed-wing cruise | No runway required | High range and endurance,QUESTIONABLE,,,,
CASE_BND_AMB_06,AMBIGUOUS,INSPECTION,1.5,20.5,35.0,60.0,False,True,False,False,URBAN,AMBIGUOUS,AMBIGUOUS,AMBIGUOUS,SELECTED,VTOL,0.6,0.0,0.7,MULTIROTOR; VTOL,"FIXED_WING:Conventional fixed-wing aircraft cannot perform vertical takeoff, vertical landing, or sustained hover.",0.6,Combines vertical takeoff with long-range fixed-wing cruise | No runway required | High range and endurance,QUESTIONABLE,,,,
CASE_BND_AMB_07,AMBIGUOUS,INSPECTION,1.5,21.0,36.0,60.0,False,True,False,False,URBAN,AMBIGUOUS,AMBIGUOUS,AMBIGUOUS,SELECTED,VTOL,0.6,0.0,0.7,MULTIROTOR; VTOL,"FIXED_WING:Conventional fixed-wing aircraft cannot perform vertical takeoff, vertical landing, or sustained hover.",0.6,Combines vertical takeoff with long-range fixed-wing cruise | No runway required | High range and endurance,QUESTIONABLE,,,,
CASE_BND_AMB_08,AMBIGUOUS,INSPECTION,1.5,21.5,37.0,60.0,False,True,False,False,URBAN,AMBIGUOUS,AMBIGUOUS,AMBIGUOUS,SELECTED,VTOL,0.6,0.0,0.7,MULTIROTOR; VTOL,"FIXED_WING:Conventional fixed-wing aircraft cannot perform vertical takeoff, vertical landing, or sustained hover.",0.6,Combines vertical takeoff with long-range fixed-wing cruise | No runway required | High range and endurance,QUESTIONABLE,,,,
CASE_BND_AMB_09,AMBIGUOUS,INSPECTION,1.5,22.0,38.0,60.0,False,True,False,False,URBAN,AMBIGUOUS,AMBIGUOUS,AMBIGUOUS,SELECTED,VTOL,0.6,0.0,0.7,MULTIROTOR; VTOL,"FIXED_WING:Conventional fixed-wing aircraft cannot perform vertical takeoff, vertical landing, or sustained hover.",0.6,Combines vertical takeoff with long-range fixed-wing cruise | No runway required | High range and endurance,QUESTIONABLE,,,,
CASE_BND_AMB_10,AMBIGUOUS,INSPECTION,1.5,22.5,39.0,60.0,False,True,False,False,URBAN,AMBIGUOUS,AMBIGUOUS,AMBIGUOUS,SELECTED,VTOL,0.6,0.0,0.7,MULTIROTOR; VTOL,"FIXED_WING:Conventional fixed-wing aircraft cannot perform vertical takeoff, vertical landing, or sustained hover.",0.6,Combines vertical takeoff with long-range fixed-wing cruise | No runway required | High range and endurance,QUESTIONABLE,,,,
CASE_BND_AMB_11,AMBIGUOUS,INSPECTION,1.5,23.0,40.0,60.0,False,True,False,False,URBAN,AMBIGUOUS,AMBIGUOUS,AMBIGUOUS,SELECTED,VTOL,0.6,0.0,0.7,MULTIROTOR; VTOL,"FIXED_WING:Conventional fixed-wing aircraft cannot perform vertical takeoff, vertical landing, or sustained hover.",0.6,Combines vertical takeoff with long-range fixed-wing cruise | No runway required | High range and endurance,QUESTIONABLE,,,,
CASE_BND_AMB_12,AMBIGUOUS,INSPECTION,1.5,23.5,41.0,60.0,False,True,False,False,URBAN,AMBIGUOUS,AMBIGUOUS,AMBIGUOUS,SELECTED,VTOL,0.6,0.0,0.7,MULTIROTOR; VTOL,"FIXED_WING:Conventional fixed-wing aircraft cannot perform vertical takeoff, vertical landing, or sustained hover.",0.6,Combines vertical takeoff with long-range fixed-wing cruise | No runway required | High range and endurance,QUESTIONABLE,,,,
CASE_BND_AMB_13,AMBIGUOUS,INSPECTION,1.5,24.0,42.0,60.0,False,True,False,False,URBAN,AMBIGUOUS,AMBIGUOUS,AMBIGUOUS,SELECTED,VTOL,0.6,0.0,0.7,MULTIROTOR; VTOL,"FIXED_WING:Conventional fixed-wing aircraft cannot perform vertical takeoff, vertical landing, or sustained hover.",0.6,Combines vertical takeoff with long-range fixed-wing cruise | No runway required | High range and endurance,QUESTIONABLE,,,,
CASE_BND_AMB_14,AMBIGUOUS,INSPECTION,1.5,24.5,43.0,60.0,False,True,False,False,URBAN,AMBIGUOUS,AMBIGUOUS,AMBIGUOUS,SELECTED,VTOL,0.6,0.0,0.7,MULTIROTOR; VTOL,"FIXED_WING:Conventional fixed-wing aircraft cannot perform vertical takeoff, vertical landing, or sustained hover.",0.6,Combines vertical takeoff with long-range fixed-wing cruise | No runway required | High range and endurance,QUESTIONABLE,,,,
CASE_BND_AMB_15,AMBIGUOUS,INSPECTION,1.5,25.0,44.0,60.0,False,True,False,False,URBAN,AMBIGUOUS,AMBIGUOUS,AMBIGUOUS,SELECTED,VTOL,0.6,0.0,0.8,MULTIROTOR; VTOL,"FIXED_WING:Conventional fixed-wing aircraft cannot perform vertical takeoff, vertical landing, or sustained hover.",0.8,Combines vertical takeoff with long-range fixed-wing cruise | No runway required | High range and endurance,QUESTIONABLE,,,,
CASE_BND_AMB_16,AMBIGUOUS,INSPECTION,1.5,25.5,45.0,60.0,False,True,False,False,URBAN,AMBIGUOUS,AMBIGUOUS,AMBIGUOUS,SELECTED,VTOL,0.6,0.0,0.8,MULTIROTOR; VTOL,"FIXED_WING:Conventional fixed-wing aircraft cannot perform vertical takeoff, vertical landing, or sustained hover.",0.8,Combines vertical takeoff with long-range fixed-wing cruise | No runway required | High range and endurance,QUESTIONABLE,,,,
CASE_BND_AMB_17,AMBIGUOUS,INSPECTION,1.5,26.0,46.0,60.0,False,True,False,False,URBAN,AMBIGUOUS,AMBIGUOUS,AMBIGUOUS,SELECTED,VTOL,0.3,0.0,0.8,MULTIROTOR; VTOL,"FIXED_WING:Conventional fixed-wing aircraft cannot perform vertical takeoff, vertical landing, or sustained hover.",0.8,Combines vertical takeoff with long-range fixed-wing cruise | No runway required | High range and endurance,QUESTIONABLE,,,,
CASE_BND_AMB_18,AMBIGUOUS,INSPECTION,1.5,26.5,47.0,60.0,False,True,False,False,URBAN,AMBIGUOUS,AMBIGUOUS,AMBIGUOUS,SELECTED,VTOL,0.3,0.0,0.8,MULTIROTOR; VTOL,"FIXED_WING:Conventional fixed-wing aircraft cannot perform vertical takeoff, vertical landing, or sustained hover.",0.8,Combines vertical takeoff with long-range fixed-wing cruise | No runway required | High range and endurance,QUESTIONABLE,,,,
CASE_BND_AMB_19,AMBIGUOUS,INSPECTION,1.5,27.0,48.0,60.0,False,True,False,False,URBAN,AMBIGUOUS,AMBIGUOUS,AMBIGUOUS,SELECTED,VTOL,0.3,0.0,0.8,MULTIROTOR; VTOL,"FIXED_WING:Conventional fixed-wing aircraft cannot perform vertical takeoff, vertical landing, or sustained hover.",0.8,Combines vertical takeoff with long-range fixed-wing cruise | No runway required | High range and endurance,QUESTIONABLE,,,,
CASE_BND_AMB_20,AMBIGUOUS,INSPECTION,1.5,27.5,49.0,60.0,False,True,False,False,URBAN,AMBIGUOUS,AMBIGUOUS,AMBIGUOUS,SELECTED,VTOL,0.3,0.0,0.8,MULTIROTOR; VTOL,"FIXED_WING:Conventional fixed-wing aircraft cannot perform vertical takeoff, vertical landing, or sustained hover.",0.8,Combines vertical takeoff with long-range fixed-wing cruise | No runway required | High range and endurance,QUESTIONABLE,,,,
CASE_BND_AMB_21,AMBIGUOUS,INSPECTION,1.5,28.0,50.0,60.0,False,True,False,False,URBAN,AMBIGUOUS,AMBIGUOUS,AMBIGUOUS,SELECTED,VTOL,0.3,0.0,0.8,MULTIROTOR; VTOL,"FIXED_WING:Conventional fixed-wing aircraft cannot perform vertical takeoff, vertical landing, or sustained hover.",0.8,Combines vertical takeoff with long-range fixed-wing cruise | No runway required | High range and endurance,QUESTIONABLE,,,,
CASE_BND_AMB_22,AMBIGUOUS,INSPECTION,1.5,28.5,51.0,60.0,False,True,False,False,URBAN,AMBIGUOUS,AMBIGUOUS,AMBIGUOUS,SELECTED,VTOL,0.3,0.0,0.8,MULTIROTOR; VTOL,"FIXED_WING:Conventional fixed-wing aircraft cannot perform vertical takeoff, vertical landing, or sustained hover.",0.8,Combines vertical takeoff with long-range fixed-wing cruise | No runway required | High range and endurance,QUESTIONABLE,,,,
CASE_BND_AMB_23,AMBIGUOUS,INSPECTION,1.5,29.0,52.0,60.0,False,True,False,False,URBAN,AMBIGUOUS,AMBIGUOUS,AMBIGUOUS,SELECTED,VTOL,0.3,0.0,0.8,MULTIROTOR; VTOL,"FIXED_WING:Conventional fixed-wing aircraft cannot perform vertical takeoff, vertical landing, or sustained hover.",0.8,Combines vertical takeoff with long-range fixed-wing cruise | No runway required | High range and endurance,QUESTIONABLE,,,,
CASE_BND_AMB_24,AMBIGUOUS,INSPECTION,1.5,29.5,53.0,60.0,False,True,False,False,URBAN,AMBIGUOUS,AMBIGUOUS,AMBIGUOUS,SELECTED,VTOL,0.3,0.0,0.8,MULTIROTOR; VTOL,"FIXED_WING:Conventional fixed-wing aircraft cannot perform vertical takeoff, vertical landing, or sustained hover.",0.8,Combines vertical takeoff with long-range fixed-wing cruise | No runway required | High range and endurance,QUESTIONABLE,,,,
CASE_BND_AMB_25,AMBIGUOUS,INSPECTION,1.5,30.0,54.0,60.0,False,True,False,False,URBAN,AMBIGUOUS,AMBIGUOUS,AMBIGUOUS,SELECTED,VTOL,0.3,0.0,0.95,MULTIROTOR; VTOL,"FIXED_WING:Conventional fixed-wing aircraft cannot perform vertical takeoff, vertical landing, or sustained hover.",0.95,Combines vertical takeoff with long-range fixed-wing cruise | No runway required | High range and endurance | Optimal choice for vertical takeoff combined with long range (> 30 km).,QUESTIONABLE,,,,
CASE_BND_AMB_26,AMBIGUOUS,INSPECTION,1.5,30.5,55.0,60.0,False,True,False,False,URBAN,AMBIGUOUS,AMBIGUOUS,AMBIGUOUS,SELECTED,VTOL,0.1,0.0,0.95,MULTIROTOR; VTOL,"FIXED_WING:Conventional fixed-wing aircraft cannot perform vertical takeoff, vertical landing, or sustained hover.",0.95,Combines vertical takeoff with long-range fixed-wing cruise | No runway required | High range and endurance | Optimal choice for vertical takeoff combined with long range (> 30 km).,QUESTIONABLE,,,,
CASE_BND_AMB_27,AMBIGUOUS,INSPECTION,1.5,31.0,56.0,60.0,False,True,False,False,URBAN,AMBIGUOUS,AMBIGUOUS,AMBIGUOUS,SELECTED,VTOL,0.1,0.0,0.95,MULTIROTOR; VTOL,"FIXED_WING:Conventional fixed-wing aircraft cannot perform vertical takeoff, vertical landing, or sustained hover.",0.95,Combines vertical takeoff with long-range fixed-wing cruise | No runway required | High range and endurance | Optimal choice for vertical takeoff combined with long range (> 30 km).,QUESTIONABLE,,,,
CASE_BND_AMB_28,AMBIGUOUS,INSPECTION,1.5,31.5,57.0,60.0,False,True,False,False,URBAN,AMBIGUOUS,AMBIGUOUS,AMBIGUOUS,SELECTED,VTOL,0.1,0.0,0.95,MULTIROTOR; VTOL,"FIXED_WING:Conventional fixed-wing aircraft cannot perform vertical takeoff, vertical landing, or sustained hover.",0.95,Combines vertical takeoff with long-range fixed-wing cruise | No runway required | High range and endurance | Optimal choice for vertical takeoff combined with long range (> 30 km).,QUESTIONABLE,,,,
CASE_BND_AMB_29,AMBIGUOUS,INSPECTION,1.5,32.0,58.0,60.0,False,True,False,False,URBAN,AMBIGUOUS,AMBIGUOUS,AMBIGUOUS,SELECTED,VTOL,0.1,0.0,0.95,MULTIROTOR; VTOL,"FIXED_WING:Conventional fixed-wing aircraft cannot perform vertical takeoff, vertical landing, or sustained hover.",0.95,Combines vertical takeoff with long-range fixed-wing cruise | No runway required | High range and endurance | Optimal choice for vertical takeoff combined with long range (> 30 km).,QUESTIONABLE,,,,
CASE_BND_AMB_30,AMBIGUOUS,INSPECTION,1.5,32.5,59.0,60.0,False,True,False,False,URBAN,AMBIGUOUS,AMBIGUOUS,AMBIGUOUS,SELECTED,VTOL,0.1,0.0,0.95,MULTIROTOR; VTOL,"FIXED_WING:Conventional fixed-wing aircraft cannot perform vertical takeoff, vertical landing, or sustained hover.",0.95,Combines vertical takeoff with long-range fixed-wing cruise | No runway required | High range and endurance | Optimal choice for vertical takeoff combined with long range (> 30 km).,QUESTIONABLE,,,,
CASE_CNF_001,CONFLICTING,SECURITY,2.0,100.0,90.0,90.0,True,True,False,False,URBAN,AMBIGUOUS,AMBIGUOUS,AMBIGUOUS,SELECTED,VTOL,0.1,0.0,0.95,MULTIROTOR; VTOL,"FIXED_WING:Conventional fixed-wing aircraft cannot perform vertical takeoff, vertical landing, or sustained hover.",0.95,Combines vertical takeoff with long-range fixed-wing cruise | No runway required | High range and endurance | Optimal choice for vertical takeoff combined with long range (> 30 km).,QUESTIONABLE,,,,
CASE_CNF_002,CONFLICTING,SECURITY,15.0,30.0,180.0,90.0,True,True,False,False,URBAN,AMBIGUOUS,AMBIGUOUS,AMBIGUOUS,SELECTED,VTOL,0.05,0.0,0.95,MULTIROTOR; VTOL,"FIXED_WING:Conventional fixed-wing aircraft cannot perform vertical takeoff, vertical landing, or sustained hover.",0.95,Combines vertical takeoff with long-range fixed-wing cruise | No runway required | High range and endurance | Optimal choice for vertical takeoff combined with long range (> 30 km).,QUESTIONABLE,,,,
CASE_CNF_003,CONFLICTING,SECURITY,1.0,20.0,30.0,90.0,True,True,False,False,URBAN,AMBIGUOUS,AMBIGUOUS,AMBIGUOUS,SELECTED,VTOL,0.6,0.0,0.7,MULTIROTOR; VTOL,"FIXED_WING:Conventional fixed-wing aircraft cannot perform vertical takeoff, vertical landing, or sustained hover.",0.6,Combines vertical takeoff with long-range fixed-wing cruise | No runway required | High range and endurance,QUESTIONABLE,,,,
CASE_CNF_004,CONFLICTING,SECURITY,3.0,120.0,120.0,90.0,False,False,False,False,RURAL,AMBIGUOUS,AMBIGUOUS,AMBIGUOUS,SELECTED,FIXED_WING,0.0,1.0,0.8,FIXED_WING; VTOL,MULTIROTOR:Multirotor aerodynamic drag severely limits operational range beyond 100 km.,0.9,High aerodynamic lift-to-drag efficiency | Exceptional range capability | High cruise endurance | Wing-borne aerodynamic flight highly efficient for non-vertical launch. | Ideal candidate for long-range mapping and survey (> 30 km). | Excellent wing-borne flight endurance.,QUESTIONABLE,,,,
CASE_CNF_005,CONFLICTING,SECURITY,0.1,2.0,15.0,90.0,False,False,False,False,RURAL,AMBIGUOUS,AMBIGUOUS,AMBIGUOUS,SELECTED,FIXED_WING,0.8,0.85,0.0,FIXED_WING; MULTIROTOR,VTOL:Hybrid VTOL hardware complexity is unnecessary for non-vertical short-range missions.,0.55,High aerodynamic lift-to-drag efficiency | Exceptional range capability | High cruise endurance | Wing-borne aerodynamic flight highly efficient for non-vertical launch.,QUESTIONABLE,,,,
CASE_CNF_006,CONFLICTING,SECURITY,2.0,100.0,90.0,90.0,True,True,False,False,URBAN,AMBIGUOUS,AMBIGUOUS,AMBIGUOUS,SELECTED,VTOL,0.1,0.0,0.95,MULTIROTOR; VTOL,"FIXED_WING:Conventional fixed-wing aircraft cannot perform vertical takeoff, vertical landing, or sustained hover.",0.95,Combines vertical takeoff with long-range fixed-wing cruise | No runway required | High range and endurance | Optimal choice for vertical takeoff combined with long range (> 30 km).,QUESTIONABLE,,,,
CASE_CNF_007,CONFLICTING,SECURITY,15.0,30.0,180.0,90.0,True,True,False,False,URBAN,AMBIGUOUS,AMBIGUOUS,AMBIGUOUS,SELECTED,VTOL,0.05,0.0,0.95,MULTIROTOR; VTOL,"FIXED_WING:Conventional fixed-wing aircraft cannot perform vertical takeoff, vertical landing, or sustained hover.",0.95,Combines vertical takeoff with long-range fixed-wing cruise | No runway required | High range and endurance | Optimal choice for vertical takeoff combined with long range (> 30 km).,QUESTIONABLE,,,,
CASE_CNF_008,CONFLICTING,SECURITY,1.0,20.0,30.0,90.0,True,True,False,False,URBAN,AMBIGUOUS,AMBIGUOUS,AMBIGUOUS,SELECTED,VTOL,0.6,0.0,0.7,MULTIROTOR; VTOL,"FIXED_WING:Conventional fixed-wing aircraft cannot perform vertical takeoff, vertical landing, or sustained hover.",0.6,Combines vertical takeoff with long-range fixed-wing cruise | No runway required | High range and endurance,QUESTIONABLE,,,,
CASE_CNF_009,CONFLICTING,SECURITY,3.0,120.0,120.0,90.0,False,False,False,False,RURAL,AMBIGUOUS,AMBIGUOUS,AMBIGUOUS,SELECTED,FIXED_WING,0.0,1.0,0.8,FIXED_WING; VTOL,MULTIROTOR:Multirotor aerodynamic drag severely limits operational range beyond 100 km.,0.9,High aerodynamic lift-to-drag efficiency | Exceptional range capability | High cruise endurance | Wing-borne aerodynamic flight highly efficient for non-vertical launch. | Ideal candidate for long-range mapping and survey (> 30 km). | Excellent wing-borne flight endurance.,QUESTIONABLE,,,,
CASE_CNF_010,CONFLICTING,SECURITY,0.1,2.0,15.0,90.0,False,False,False,False,RURAL,AMBIGUOUS,AMBIGUOUS,AMBIGUOUS,SELECTED,FIXED_WING,0.8,0.85,0.0,FIXED_WING; MULTIROTOR,VTOL:Hybrid VTOL hardware complexity is unnecessary for non-vertical short-range missions.,0.55,High aerodynamic lift-to-drag efficiency | Exceptional range capability | High cruise endurance | Wing-borne aerodynamic flight highly efficient for non-vertical launch.,QUESTIONABLE,,,,
CASE_CNF_011,CONFLICTING,SECURITY,2.0,100.0,90.0,90.0,True,True,False,False,URBAN,AMBIGUOUS,AMBIGUOUS,AMBIGUOUS,SELECTED,VTOL,0.1,0.0,0.95,MULTIROTOR; VTOL,"FIXED_WING:Conventional fixed-wing aircraft cannot perform vertical takeoff, vertical landing, or sustained hover.",0.95,Combines vertical takeoff with long-range fixed-wing cruise | No runway required | High range and endurance | Optimal choice for vertical takeoff combined with long range (> 30 km).,QUESTIONABLE,,,,
CASE_CNF_012,CONFLICTING,SECURITY,15.0,30.0,180.0,90.0,True,True,False,False,URBAN,AMBIGUOUS,AMBIGUOUS,AMBIGUOUS,SELECTED,VTOL,0.05,0.0,0.95,MULTIROTOR; VTOL,"FIXED_WING:Conventional fixed-wing aircraft cannot perform vertical takeoff, vertical landing, or sustained hover.",0.95,Combines vertical takeoff with long-range fixed-wing cruise | No runway required | High range and endurance | Optimal choice for vertical takeoff combined with long range (> 30 km).,QUESTIONABLE,,,,
CASE_CNF_013,CONFLICTING,SECURITY,1.0,20.0,30.0,90.0,True,True,False,False,URBAN,AMBIGUOUS,AMBIGUOUS,AMBIGUOUS,SELECTED,VTOL,0.6,0.0,0.7,MULTIROTOR; VTOL,"FIXED_WING:Conventional fixed-wing aircraft cannot perform vertical takeoff, vertical landing, or sustained hover.",0.6,Combines vertical takeoff with long-range fixed-wing cruise | No runway required | High range and endurance,QUESTIONABLE,,,,
CASE_CNF_014,CONFLICTING,SECURITY,3.0,120.0,120.0,90.0,False,False,False,False,RURAL,AMBIGUOUS,AMBIGUOUS,AMBIGUOUS,SELECTED,FIXED_WING,0.0,1.0,0.8,FIXED_WING; VTOL,MULTIROTOR:Multirotor aerodynamic drag severely limits operational range beyond 100 km.,0.9,High aerodynamic lift-to-drag efficiency | Exceptional range capability | High cruise endurance | Wing-borne aerodynamic flight highly efficient for non-vertical launch. | Ideal candidate for long-range mapping and survey (> 30 km). | Excellent wing-borne flight endurance.,QUESTIONABLE,,,,
CASE_CNF_015,CONFLICTING,SECURITY,0.1,2.0,15.0,90.0,False,False,False,False,RURAL,AMBIGUOUS,AMBIGUOUS,AMBIGUOUS,SELECTED,FIXED_WING,0.8,0.85,0.0,FIXED_WING; MULTIROTOR,VTOL:Hybrid VTOL hardware complexity is unnecessary for non-vertical short-range missions.,0.55,High aerodynamic lift-to-drag efficiency | Exceptional range capability | High cruise endurance | Wing-borne aerodynamic flight highly efficient for non-vertical launch.,QUESTIONABLE,,,,
CASE_CNF_016,CONFLICTING,SECURITY,2.0,100.0,90.0,90.0,True,True,False,False,URBAN,AMBIGUOUS,AMBIGUOUS,AMBIGUOUS,SELECTED,VTOL,0.1,0.0,0.95,MULTIROTOR; VTOL,"FIXED_WING:Conventional fixed-wing aircraft cannot perform vertical takeoff, vertical landing, or sustained hover.",0.95,Combines vertical takeoff with long-range fixed-wing cruise | No runway required | High range and endurance | Optimal choice for vertical takeoff combined with long range (> 30 km).,QUESTIONABLE,,,,
CASE_CNF_017,CONFLICTING,SECURITY,15.0,30.0,180.0,90.0,True,True,False,False,URBAN,AMBIGUOUS,AMBIGUOUS,AMBIGUOUS,SELECTED,VTOL,0.05,0.0,0.95,MULTIROTOR; VTOL,"FIXED_WING:Conventional fixed-wing aircraft cannot perform vertical takeoff, vertical landing, or sustained hover.",0.95,Combines vertical takeoff with long-range fixed-wing cruise | No runway required | High range and endurance | Optimal choice for vertical takeoff combined with long range (> 30 km).,QUESTIONABLE,,,,
CASE_CNF_018,CONFLICTING,SECURITY,1.0,20.0,30.0,90.0,True,True,False,False,URBAN,AMBIGUOUS,AMBIGUOUS,AMBIGUOUS,SELECTED,VTOL,0.6,0.0,0.7,MULTIROTOR; VTOL,"FIXED_WING:Conventional fixed-wing aircraft cannot perform vertical takeoff, vertical landing, or sustained hover.",0.6,Combines vertical takeoff with long-range fixed-wing cruise | No runway required | High range and endurance,QUESTIONABLE,,,,
CASE_CNF_019,CONFLICTING,SECURITY,3.0,120.0,120.0,90.0,False,False,False,False,RURAL,AMBIGUOUS,AMBIGUOUS,AMBIGUOUS,SELECTED,FIXED_WING,0.0,1.0,0.8,FIXED_WING; VTOL,MULTIROTOR:Multirotor aerodynamic drag severely limits operational range beyond 100 km.,0.9,High aerodynamic lift-to-drag efficiency | Exceptional range capability | High cruise endurance | Wing-borne aerodynamic flight highly efficient for non-vertical launch. | Ideal candidate for long-range mapping and survey (> 30 km). | Excellent wing-borne flight endurance.,QUESTIONABLE,,,,
CASE_CNF_020,CONFLICTING,SECURITY,0.1,2.0,15.0,90.0,False,False,False,False,RURAL,AMBIGUOUS,AMBIGUOUS,AMBIGUOUS,SELECTED,FIXED_WING,0.8,0.85,0.0,FIXED_WING; MULTIROTOR,VTOL:Hybrid VTOL hardware complexity is unnecessary for non-vertical short-range missions.,0.55,High aerodynamic lift-to-drag efficiency | Exceptional range capability | High cruise endurance | Wing-borne aerodynamic flight highly efficient for non-vertical launch.,QUESTIONABLE,,,,
CASE_CNF_021,CONFLICTING,SECURITY,2.0,100.0,90.0,90.0,True,True,False,False,URBAN,AMBIGUOUS,AMBIGUOUS,AMBIGUOUS,SELECTED,VTOL,0.1,0.0,0.95,MULTIROTOR; VTOL,"FIXED_WING:Conventional fixed-wing aircraft cannot perform vertical takeoff, vertical landing, or sustained hover.",0.95,Combines vertical takeoff with long-range fixed-wing cruise | No runway required | High range and endurance | Optimal choice for vertical takeoff combined with long range (> 30 km).,QUESTIONABLE,,,,
CASE_CNF_022,CONFLICTING,SECURITY,15.0,30.0,180.0,90.0,True,True,False,False,URBAN,AMBIGUOUS,AMBIGUOUS,AMBIGUOUS,SELECTED,VTOL,0.05,0.0,0.95,MULTIROTOR; VTOL,"FIXED_WING:Conventional fixed-wing aircraft cannot perform vertical takeoff, vertical landing, or sustained hover.",0.95,Combines vertical takeoff with long-range fixed-wing cruise | No runway required | High range and endurance | Optimal choice for vertical takeoff combined with long range (> 30 km).,QUESTIONABLE,,,,
CASE_CNF_023,CONFLICTING,SECURITY,1.0,20.0,30.0,90.0,True,True,False,False,URBAN,AMBIGUOUS,AMBIGUOUS,AMBIGUOUS,SELECTED,VTOL,0.6,0.0,0.7,MULTIROTOR; VTOL,"FIXED_WING:Conventional fixed-wing aircraft cannot perform vertical takeoff, vertical landing, or sustained hover.",0.6,Combines vertical takeoff with long-range fixed-wing cruise | No runway required | High range and endurance,QUESTIONABLE,,,,
CASE_CNF_024,CONFLICTING,SECURITY,3.0,120.0,120.0,90.0,False,False,False,False,RURAL,AMBIGUOUS,AMBIGUOUS,AMBIGUOUS,SELECTED,FIXED_WING,0.0,1.0,0.8,FIXED_WING; VTOL,MULTIROTOR:Multirotor aerodynamic drag severely limits operational range beyond 100 km.,0.9,High aerodynamic lift-to-drag efficiency | Exceptional range capability | High cruise endurance | Wing-borne aerodynamic flight highly efficient for non-vertical launch. | Ideal candidate for long-range mapping and survey (> 30 km). | Excellent wing-borne flight endurance.,QUESTIONABLE,,,,
CASE_CNF_025,CONFLICTING,SECURITY,0.1,2.0,15.0,90.0,False,False,False,False,RURAL,AMBIGUOUS,AMBIGUOUS,AMBIGUOUS,SELECTED,FIXED_WING,0.8,0.85,0.0,FIXED_WING; MULTIROTOR,VTOL:Hybrid VTOL hardware complexity is unnecessary for non-vertical short-range missions.,0.55,High aerodynamic lift-to-drag efficiency | Exceptional range capability | High cruise endurance | Wing-borne aerodynamic flight highly efficient for non-vertical launch.,QUESTIONABLE,,,,
CASE_CNF_026,CONFLICTING,SECURITY,2.0,100.0,90.0,90.0,True,True,False,False,URBAN,AMBIGUOUS,AMBIGUOUS,AMBIGUOUS,SELECTED,VTOL,0.1,0.0,0.95,MULTIROTOR; VTOL,"FIXED_WING:Conventional fixed-wing aircraft cannot perform vertical takeoff, vertical landing, or sustained hover.",0.95,Combines vertical takeoff with long-range fixed-wing cruise | No runway required | High range and endurance | Optimal choice for vertical takeoff combined with long range (> 30 km).,QUESTIONABLE,,,,
CASE_CNF_027,CONFLICTING,SECURITY,15.0,30.0,180.0,90.0,True,True,False,False,URBAN,AMBIGUOUS,AMBIGUOUS,AMBIGUOUS,SELECTED,VTOL,0.05,0.0,0.95,MULTIROTOR; VTOL,"FIXED_WING:Conventional fixed-wing aircraft cannot perform vertical takeoff, vertical landing, or sustained hover.",0.95,Combines vertical takeoff with long-range fixed-wing cruise | No runway required | High range and endurance | Optimal choice for vertical takeoff combined with long range (> 30 km).,QUESTIONABLE,,,,
CASE_CNF_028,CONFLICTING,SECURITY,1.0,20.0,30.0,90.0,True,True,False,False,URBAN,AMBIGUOUS,AMBIGUOUS,AMBIGUOUS,SELECTED,VTOL,0.6,0.0,0.7,MULTIROTOR; VTOL,"FIXED_WING:Conventional fixed-wing aircraft cannot perform vertical takeoff, vertical landing, or sustained hover.",0.6,Combines vertical takeoff with long-range fixed-wing cruise | No runway required | High range and endurance,QUESTIONABLE,,,,
CASE_CNF_029,CONFLICTING,SECURITY,3.0,120.0,120.0,90.0,False,False,False,False,RURAL,AMBIGUOUS,AMBIGUOUS,AMBIGUOUS,SELECTED,FIXED_WING,0.0,1.0,0.8,FIXED_WING; VTOL,MULTIROTOR:Multirotor aerodynamic drag severely limits operational range beyond 100 km.,0.9,High aerodynamic lift-to-drag efficiency | Exceptional range capability | High cruise endurance | Wing-borne aerodynamic flight highly efficient for non-vertical launch. | Ideal candidate for long-range mapping and survey (> 30 km). | Excellent wing-borne flight endurance.,QUESTIONABLE,,,,
CASE_CNF_030,CONFLICTING,SECURITY,0.1,2.0,15.0,90.0,False,False,False,False,RURAL,AMBIGUOUS,AMBIGUOUS,AMBIGUOUS,SELECTED,FIXED_WING,0.8,0.85,0.0,FIXED_WING; MULTIROTOR,VTOL:Hybrid VTOL hardware complexity is unnecessary for non-vertical short-range missions.,0.55,High aerodynamic lift-to-drag efficiency | Exceptional range capability | High cruise endurance | Wing-borne aerodynamic flight highly efficient for non-vertical launch.,QUESTIONABLE,,,,
CASE_INF_001,INFEASIBLE,DELIVERY,100.0,10.0,60.0,100.0,False,True,False,False,RURAL,INFEASIBLE,OCTOCOPTER,MULTIROTOR,NO_FEASIBLE_SOLUTION,NONE,0.0,0.0,0.0,,MULTIROTOR:Exceeds physical energy limits; FIXED_WING:Exceeds physical energy limits; VTOL:Exceeds physical energy limits,0.0, ; CONS: Payload requirement (100.0 kg) exceeds maximum studio envelope limit (35.0 kg).,PASS,,,,
CASE_INF_002,INFEASIBLE,DELIVERY,2.0,2000.0,300.0,150.0,False,True,False,False,RURAL,INFEASIBLE,VTOL,VTOL,NO_FEASIBLE_SOLUTION,NONE,0.0,0.0,0.0,,MULTIROTOR:Exceeds physical energy limits; FIXED_WING:Exceeds physical energy limits; VTOL:Exceeds physical energy limits,0.0, ; CONS: Range requirement (2000.0 km) exceeds maximum studio envelope limit (450.0 km).,PASS,,,,
CASE_INF_003,INFEASIBLE,DELIVERY,1.0,50.0,1000.0,80.0,False,True,False,False,RURAL,INFEASIBLE,OCTOCOPTER,MULTIROTOR,NO_FEASIBLE_SOLUTION,NONE,0.0,0.0,0.0,,MULTIROTOR:Exceeds physical energy limits; FIXED_WING:Exceeds physical energy limits; VTOL:Exceeds physical energy limits,0.0, ; CONS: Endurance requirement (1000.0 min) exceeds battery/fuel energy storage density limit (450.0 min).,PASS,,,,
CASE_INF_004,INFEASIBLE,DELIVERY,50.0,500.0,240.0,200.0,False,True,False,False,RURAL,INFEASIBLE,VTOL,VTOL,NO_FEASIBLE_SOLUTION,NONE,0.0,0.0,0.0,,MULTIROTOR:Exceeds physical energy limits; FIXED_WING:Exceeds physical energy limits; VTOL:Exceeds physical energy limits,0.0, ; CONS: Payload requirement (50.0 kg) exceeds maximum studio envelope limit (35.0 kg). | Range requirement (500.0 km) exceeds maximum studio envelope limit (450.0 km). | Combined heavy payload (50.0 kg) and extended range (500.0 km) exceeds structural MTOW limit.,PASS,,,,
CASE_INF_005,INFEASIBLE,DELIVERY,100.0,10.0,60.0,100.0,False,True,False,False,RURAL,INFEASIBLE,OCTOCOPTER,MULTIROTOR,NO_FEASIBLE_SOLUTION,NONE,0.0,0.0,0.0,,MULTIROTOR:Exceeds physical energy limits; FIXED_WING:Exceeds physical energy limits; VTOL:Exceeds physical energy limits,0.0, ; CONS: Payload requirement (100.0 kg) exceeds maximum studio envelope limit (35.0 kg).,PASS,,,,
CASE_INF_006,INFEASIBLE,DELIVERY,2.0,2000.0,300.0,150.0,False,True,False,False,RURAL,INFEASIBLE,VTOL,VTOL,NO_FEASIBLE_SOLUTION,NONE,0.0,0.0,0.0,,MULTIROTOR:Exceeds physical energy limits; FIXED_WING:Exceeds physical energy limits; VTOL:Exceeds physical energy limits,0.0, ; CONS: Range requirement (2000.0 km) exceeds maximum studio envelope limit (450.0 km).,PASS,,,,
CASE_INF_007,INFEASIBLE,DELIVERY,1.0,50.0,1000.0,80.0,False,True,False,False,RURAL,INFEASIBLE,OCTOCOPTER,MULTIROTOR,NO_FEASIBLE_SOLUTION,NONE,0.0,0.0,0.0,,MULTIROTOR:Exceeds physical energy limits; FIXED_WING:Exceeds physical energy limits; VTOL:Exceeds physical energy limits,0.0, ; CONS: Endurance requirement (1000.0 min) exceeds battery/fuel energy storage density limit (450.0 min).,PASS,,,,
CASE_INF_008,INFEASIBLE,DELIVERY,50.0,500.0,240.0,200.0,False,True,False,False,RURAL,INFEASIBLE,VTOL,VTOL,NO_FEASIBLE_SOLUTION,NONE,0.0,0.0,0.0,,MULTIROTOR:Exceeds physical energy limits; FIXED_WING:Exceeds physical energy limits; VTOL:Exceeds physical energy limits,0.0, ; CONS: Payload requirement (50.0 kg) exceeds maximum studio envelope limit (35.0 kg). | Range requirement (500.0 km) exceeds maximum studio envelope limit (450.0 km). | Combined heavy payload (50.0 kg) and extended range (500.0 km) exceeds structural MTOW limit.,PASS,,,,
CASE_INF_009,INFEASIBLE,DELIVERY,100.0,10.0,60.0,100.0,False,True,False,False,RURAL,INFEASIBLE,OCTOCOPTER,MULTIROTOR,NO_FEASIBLE_SOLUTION,NONE,0.0,0.0,0.0,,MULTIROTOR:Exceeds physical energy limits; FIXED_WING:Exceeds physical energy limits; VTOL:Exceeds physical energy limits,0.0, ; CONS: Payload requirement (100.0 kg) exceeds maximum studio envelope limit (35.0 kg).,PASS,,,,
CASE_INF_010,INFEASIBLE,DELIVERY,2.0,2000.0,300.0,150.0,False,True,False,False,RURAL,INFEASIBLE,VTOL,VTOL,NO_FEASIBLE_SOLUTION,NONE,0.0,0.0,0.0,,MULTIROTOR:Exceeds physical energy limits; FIXED_WING:Exceeds physical energy limits; VTOL:Exceeds physical energy limits,0.0, ; CONS: Range requirement (2000.0 km) exceeds maximum studio envelope limit (450.0 km).,PASS,,,,
CASE_INF_011,INFEASIBLE,DELIVERY,1.0,50.0,1000.0,80.0,False,True,False,False,RURAL,INFEASIBLE,OCTOCOPTER,MULTIROTOR,NO_FEASIBLE_SOLUTION,NONE,0.0,0.0,0.0,,MULTIROTOR:Exceeds physical energy limits; FIXED_WING:Exceeds physical energy limits; VTOL:Exceeds physical energy limits,0.0, ; CONS: Endurance requirement (1000.0 min) exceeds battery/fuel energy storage density limit (450.0 min).,PASS,,,,
CASE_INF_012,INFEASIBLE,DELIVERY,50.0,500.0,240.0,200.0,False,True,False,False,RURAL,INFEASIBLE,VTOL,VTOL,NO_FEASIBLE_SOLUTION,NONE,0.0,0.0,0.0,,MULTIROTOR:Exceeds physical energy limits; FIXED_WING:Exceeds physical energy limits; VTOL:Exceeds physical energy limits,0.0, ; CONS: Payload requirement (50.0 kg) exceeds maximum studio envelope limit (35.0 kg). | Range requirement (500.0 km) exceeds maximum studio envelope limit (450.0 km). | Combined heavy payload (50.0 kg) and extended range (500.0 km) exceeds structural MTOW limit.,PASS,,,,
CASE_INF_013,INFEASIBLE,DELIVERY,100.0,10.0,60.0,100.0,False,True,False,False,RURAL,INFEASIBLE,OCTOCOPTER,MULTIROTOR,NO_FEASIBLE_SOLUTION,NONE,0.0,0.0,0.0,,MULTIROTOR:Exceeds physical energy limits; FIXED_WING:Exceeds physical energy limits; VTOL:Exceeds physical energy limits,0.0, ; CONS: Payload requirement (100.0 kg) exceeds maximum studio envelope limit (35.0 kg).,PASS,,,,
CASE_INF_014,INFEASIBLE,DELIVERY,2.0,2000.0,300.0,150.0,False,True,False,False,RURAL,INFEASIBLE,VTOL,VTOL,NO_FEASIBLE_SOLUTION,NONE,0.0,0.0,0.0,,MULTIROTOR:Exceeds physical energy limits; FIXED_WING:Exceeds physical energy limits; VTOL:Exceeds physical energy limits,0.0, ; CONS: Range requirement (2000.0 km) exceeds maximum studio envelope limit (450.0 km).,PASS,,,,
CASE_INF_015,INFEASIBLE,DELIVERY,1.0,50.0,1000.0,80.0,False,True,False,False,RURAL,INFEASIBLE,OCTOCOPTER,MULTIROTOR,NO_FEASIBLE_SOLUTION,NONE,0.0,0.0,0.0,,MULTIROTOR:Exceeds physical energy limits; FIXED_WING:Exceeds physical energy limits; VTOL:Exceeds physical energy limits,0.0, ; CONS: Endurance requirement (1000.0 min) exceeds battery/fuel energy storage density limit (450.0 min).,PASS,,,,
CASE_INF_016,INFEASIBLE,DELIVERY,50.0,500.0,240.0,200.0,False,True,False,False,RURAL,INFEASIBLE,VTOL,VTOL,NO_FEASIBLE_SOLUTION,NONE,0.0,0.0,0.0,,MULTIROTOR:Exceeds physical energy limits; FIXED_WING:Exceeds physical energy limits; VTOL:Exceeds physical energy limits,0.0, ; CONS: Payload requirement (50.0 kg) exceeds maximum studio envelope limit (35.0 kg). | Range requirement (500.0 km) exceeds maximum studio envelope limit (450.0 km). | Combined heavy payload (50.0 kg) and extended range (500.0 km) exceeds structural MTOW limit.,PASS,,,,
CASE_INF_017,INFEASIBLE,DELIVERY,100.0,10.0,60.0,100.0,False,True,False,False,RURAL,INFEASIBLE,OCTOCOPTER,MULTIROTOR,NO_FEASIBLE_SOLUTION,NONE,0.0,0.0,0.0,,MULTIROTOR:Exceeds physical energy limits; FIXED_WING:Exceeds physical energy limits; VTOL:Exceeds physical energy limits,0.0, ; CONS: Payload requirement (100.0 kg) exceeds maximum studio envelope limit (35.0 kg).,PASS,,,,
CASE_INF_018,INFEASIBLE,DELIVERY,2.0,2000.0,300.0,150.0,False,True,False,False,RURAL,INFEASIBLE,VTOL,VTOL,NO_FEASIBLE_SOLUTION,NONE,0.0,0.0,0.0,,MULTIROTOR:Exceeds physical energy limits; FIXED_WING:Exceeds physical energy limits; VTOL:Exceeds physical energy limits,0.0, ; CONS: Range requirement (2000.0 km) exceeds maximum studio envelope limit (450.0 km).,PASS,,,,
CASE_INF_019,INFEASIBLE,DELIVERY,1.0,50.0,1000.0,80.0,False,True,False,False,RURAL,INFEASIBLE,OCTOCOPTER,MULTIROTOR,NO_FEASIBLE_SOLUTION,NONE,0.0,0.0,0.0,,MULTIROTOR:Exceeds physical energy limits; FIXED_WING:Exceeds physical energy limits; VTOL:Exceeds physical energy limits,0.0, ; CONS: Endurance requirement (1000.0 min) exceeds battery/fuel energy storage density limit (450.0 min).,PASS,,,,
CASE_INF_020,INFEASIBLE,DELIVERY,50.0,500.0,240.0,200.0,False,True,False,False,RURAL,INFEASIBLE,VTOL,VTOL,NO_FEASIBLE_SOLUTION,NONE,0.0,0.0,0.0,,MULTIROTOR:Exceeds physical energy limits; FIXED_WING:Exceeds physical energy limits; VTOL:Exceeds physical energy limits,0.0, ; CONS: Payload requirement (50.0 kg) exceeds maximum studio envelope limit (35.0 kg). | Range requirement (500.0 km) exceeds maximum studio envelope limit (450.0 km). | Combined heavy payload (50.0 kg) and extended range (500.0 km) exceeds structural MTOW limit.,PASS,,,,
CASE_INV_001,INVALID,SURVEY,-5.0,10.0,30.0,60.0,False,True,False,False,RURAL,INVALID,REJECTED,REJECTED,INVALID_REQUIREMENTS,NONE,0.0,0.0,0.0,,,0.0,,PASS,,,,
CASE_INV_002,INVALID,SURVEY,0.0,10.0,30.0,60.0,False,True,False,False,RURAL,INVALID,REJECTED,REJECTED,INVALID_REQUIREMENTS,NONE,0.0,0.0,0.0,,,0.0,,PASS,,,,
CASE_INV_003,INVALID,SURVEY,2.0,-10.0,30.0,60.0,False,True,False,False,RURAL,INVALID,REJECTED,REJECTED,INVALID_REQUIREMENTS,NONE,0.0,0.0,0.0,,,0.0,,PASS,,,,
CASE_INV_004,INVALID,SURVEY,2.0,10.0,0.0,60.0,False,True,False,False,RURAL,INVALID,REJECTED,REJECTED,INVALID_REQUIREMENTS,NONE,0.0,0.0,0.0,,,0.0,,PASS,,,,
CASE_INV_005,INVALID,SURVEY,2.0,10.0,30.0,-40.0,False,True,False,False,RURAL,INVALID,REJECTED,REJECTED,INVALID_REQUIREMENTS,NONE,0.0,0.0,0.0,,,0.0,,PASS,,,,
CASE_INV_006,INVALID,SURVEY,2.0,10.0,30.0,60.0,False,True,False,False,RURAL,INVALID,REJECTED,REJECTED,INVALID_REQUIREMENTS,NONE,0.0,0.0,0.0,,,0.0,,PASS,,,,
CASE_INV_007,INVALID,SURVEY,2.0,10.0,30.0,60.0,False,True,False,False,RURAL,INVALID,REJECTED,REJECTED,INVALID_REQUIREMENTS,NONE,0.0,0.0,0.0,,,0.0,,PASS,,,,
CASE_INV_008,INVALID,SURVEY,-5.0,10.0,30.0,60.0,False,True,False,False,RURAL,INVALID,REJECTED,REJECTED,INVALID_REQUIREMENTS,NONE,0.0,0.0,0.0,,,0.0,,PASS,,,,
CASE_INV_009,INVALID,SURVEY,0.0,10.0,30.0,60.0,False,True,False,False,RURAL,INVALID,REJECTED,REJECTED,INVALID_REQUIREMENTS,NONE,0.0,0.0,0.0,,,0.0,,PASS,,,,
CASE_INV_010,INVALID,SURVEY,2.0,-10.0,30.0,60.0,False,True,False,False,RURAL,INVALID,REJECTED,REJECTED,INVALID_REQUIREMENTS,NONE,0.0,0.0,0.0,,,0.0,,PASS,,,,
CASE_INV_011,INVALID,SURVEY,2.0,10.0,0.0,60.0,False,True,False,False,RURAL,INVALID,REJECTED,REJECTED,INVALID_REQUIREMENTS,NONE,0.0,0.0,0.0,,,0.0,,PASS,,,,
CASE_INV_012,INVALID,SURVEY,2.0,10.0,30.0,-40.0,False,True,False,False,RURAL,INVALID,REJECTED,REJECTED,INVALID_REQUIREMENTS,NONE,0.0,0.0,0.0,,,0.0,,PASS,,,,
CASE_INV_013,INVALID,SURVEY,2.0,10.0,30.0,60.0,False,True,False,False,RURAL,INVALID,REJECTED,REJECTED,INVALID_REQUIREMENTS,NONE,0.0,0.0,0.0,,,0.0,,PASS,,,,
CASE_INV_014,INVALID,SURVEY,2.0,10.0,30.0,60.0,False,True,False,False,RURAL,INVALID,REJECTED,REJECTED,INVALID_REQUIREMENTS,NONE,0.0,0.0,0.0,,,0.0,,PASS,,,,
CASE_INV_015,INVALID,SURVEY,-5.0,10.0,30.0,60.0,False,True,False,False,RURAL,INVALID,REJECTED,REJECTED,INVALID_REQUIREMENTS,NONE,0.0,0.0,0.0,,,0.0,,PASS,,,,
CASE_INV_016,INVALID,SURVEY,0.0,10.0,30.0,60.0,False,True,False,False,RURAL,INVALID,REJECTED,REJECTED,INVALID_REQUIREMENTS,NONE,0.0,0.0,0.0,,,0.0,,PASS,,,,
CASE_INV_017,INVALID,SURVEY,2.0,-10.0,30.0,60.0,False,True,False,False,RURAL,INVALID,REJECTED,REJECTED,INVALID_REQUIREMENTS,NONE,0.0,0.0,0.0,,,0.0,,PASS,,,,
CASE_INV_018,INVALID,SURVEY,2.0,10.0,0.0,60.0,False,True,False,False,RURAL,INVALID,REJECTED,REJECTED,INVALID_REQUIREMENTS,NONE,0.0,0.0,0.0,,,0.0,,PASS,,,,
CASE_INV_019,INVALID,SURVEY,2.0,10.0,30.0,-40.0,False,True,False,False,RURAL,INVALID,REJECTED,REJECTED,INVALID_REQUIREMENTS,NONE,0.0,0.0,0.0,,,0.0,,PASS,,,,
CASE_INV_020,INVALID,SURVEY,2.0,10.0,30.0,60.0,False,True,False,False,RURAL,INVALID,REJECTED,REJECTED,INVALID_REQUIREMENTS,NONE,0.0,0.0,0.0,,,0.0,,PASS,,,,
CASE_INV_021,INVALID,SURVEY,2.0,10.0,30.0,60.0,False,True,False,False,RURAL,INVALID,REJECTED,REJECTED,INVALID_REQUIREMENTS,NONE,0.0,0.0,0.0,,,0.0,,PASS,,,,
CASE_INV_022,INVALID,SURVEY,-5.0,10.0,30.0,60.0,False,True,False,False,RURAL,INVALID,REJECTED,REJECTED,INVALID_REQUIREMENTS,NONE,0.0,0.0,0.0,,,0.0,,PASS,,,,
CASE_INV_023,INVALID,SURVEY,0.0,10.0,30.0,60.0,False,True,False,False,RURAL,INVALID,REJECTED,REJECTED,INVALID_REQUIREMENTS,NONE,0.0,0.0,0.0,,,0.0,,PASS,,,,
CASE_INV_024,INVALID,SURVEY,2.0,-10.0,30.0,60.0,False,True,False,False,RURAL,INVALID,REJECTED,REJECTED,INVALID_REQUIREMENTS,NONE,0.0,0.0,0.0,,,0.0,,PASS,,,,
CASE_INV_025,INVALID,SURVEY,2.0,10.0,0.0,60.0,False,True,False,False,RURAL,INVALID,REJECTED,REJECTED,INVALID_REQUIREMENTS,NONE,0.0,0.0,0.0,,,0.0,,PASS,,,,
CASE_INV_026,INVALID,SURVEY,2.0,10.0,30.0,-40.0,False,True,False,False,RURAL,INVALID,REJECTED,REJECTED,INVALID_REQUIREMENTS,NONE,0.0,0.0,0.0,,,0.0,,PASS,,,,
CASE_INV_027,INVALID,SURVEY,2.0,10.0,30.0,60.0,False,True,False,False,RURAL,INVALID,REJECTED,REJECTED,INVALID_REQUIREMENTS,NONE,0.0,0.0,0.0,,,0.0,,PASS,,,,
CASE_INV_028,INVALID,SURVEY,2.0,10.0,30.0,60.0,False,True,False,False,RURAL,INVALID,REJECTED,REJECTED,INVALID_REQUIREMENTS,NONE,0.0,0.0,0.0,,,0.0,,PASS,,,,
CASE_INV_029,INVALID,SURVEY,-5.0,10.0,30.0,60.0,False,True,False,False,RURAL,INVALID,REJECTED,REJECTED,INVALID_REQUIREMENTS,NONE,0.0,0.0,0.0,,,0.0,,PASS,,,,
CASE_INV_030,INVALID,SURVEY,0.0,10.0,30.0,60.0,False,True,False,False,RURAL,INVALID,REJECTED,REJECTED,INVALID_REQUIREMENTS,NONE,0.0,0.0,0.0,,,0.0,,PASS,,,,
CASE_INV_031,INVALID,SURVEY,2.0,-10.0,30.0,60.0,False,True,False,False,RURAL,INVALID,REJECTED,REJECTED,INVALID_REQUIREMENTS,NONE,0.0,0.0,0.0,,,0.0,,PASS,,,,
CASE_INV_032,INVALID,SURVEY,2.0,10.0,0.0,60.0,False,True,False,False,RURAL,INVALID,REJECTED,REJECTED,INVALID_REQUIREMENTS,NONE,0.0,0.0,0.0,,,0.0,,PASS,,,,
CASE_INV_033,INVALID,SURVEY,2.0,10.0,30.0,-40.0,False,True,False,False,RURAL,INVALID,REJECTED,REJECTED,INVALID_REQUIREMENTS,NONE,0.0,0.0,0.0,,,0.0,,PASS,,,,
CASE_INV_034,INVALID,SURVEY,2.0,10.0,30.0,60.0,False,True,False,False,RURAL,INVALID,REJECTED,REJECTED,INVALID_REQUIREMENTS,NONE,0.0,0.0,0.0,,,0.0,,PASS,,,,
CASE_INV_035,INVALID,SURVEY,2.0,10.0,30.0,60.0,False,True,False,False,RURAL,INVALID,REJECTED,REJECTED,INVALID_REQUIREMENTS,NONE,0.0,0.0,0.0,,,0.0,,PASS,,,,
CASE_INV_036,INVALID,SURVEY,-5.0,10.0,30.0,60.0,False,True,False,False,RURAL,INVALID,REJECTED,REJECTED,INVALID_REQUIREMENTS,NONE,0.0,0.0,0.0,,,0.0,,PASS,,,,
CASE_INV_037,INVALID,SURVEY,0.0,10.0,30.0,60.0,False,True,False,False,RURAL,INVALID,REJECTED,REJECTED,INVALID_REQUIREMENTS,NONE,0.0,0.0,0.0,,,0.0,,PASS,,,,
CASE_INV_038,INVALID,SURVEY,2.0,-10.0,30.0,60.0,False,True,False,False,RURAL,INVALID,REJECTED,REJECTED,INVALID_REQUIREMENTS,NONE,0.0,0.0,0.0,,,0.0,,PASS,,,,
CASE_INV_039,INVALID,SURVEY,2.0,10.0,0.0,60.0,False,True,False,False,RURAL,INVALID,REJECTED,REJECTED,INVALID_REQUIREMENTS,NONE,0.0,0.0,0.0,,,0.0,,PASS,,,,
CASE_INV_040,INVALID,SURVEY,2.0,10.0,30.0,-40.0,False,True,False,False,RURAL,INVALID,REJECTED,REJECTED,INVALID_REQUIREMENTS,NONE,0.0,0.0,0.0,,,0.0,,PASS,,,,
CASE_INV_041,INVALID,SURVEY,2.0,10.0,30.0,60.0,False,True,False,False,RURAL,INVALID,REJECTED,REJECTED,INVALID_REQUIREMENTS,NONE,0.0,0.0,0.0,,,0.0,,PASS,,,,
CASE_INV_042,INVALID,SURVEY,2.0,10.0,30.0,60.0,False,True,False,False,RURAL,INVALID,REJECTED,REJECTED,INVALID_REQUIREMENTS,NONE,0.0,0.0,0.0,,,0.0,,PASS,,,,
CASE_INV_043,INVALID,SURVEY,-5.0,10.0,30.0,60.0,False,True,False,False,RURAL,INVALID,REJECTED,REJECTED,INVALID_REQUIREMENTS,NONE,0.0,0.0,0.0,,,0.0,,PASS,,,,
CASE_INV_044,INVALID,SURVEY,0.0,10.0,30.0,60.0,False,True,False,False,RURAL,INVALID,REJECTED,REJECTED,INVALID_REQUIREMENTS,NONE,0.0,0.0,0.0,,,0.0,,PASS,,,,
CASE_INV_045,INVALID,SURVEY,2.0,-10.0,30.0,60.0,False,True,False,False,RURAL,INVALID,REJECTED,REJECTED,INVALID_REQUIREMENTS,NONE,0.0,0.0,0.0,,,0.0,,PASS,,,,
CASE_INV_046,INVALID,SURVEY,2.0,10.0,0.0,60.0,False,True,False,False,RURAL,INVALID,REJECTED,REJECTED,INVALID_REQUIREMENTS,NONE,0.0,0.0,0.0,,,0.0,,PASS,,,,
CASE_INV_047,INVALID,SURVEY,2.0,10.0,30.0,-40.0,False,True,False,False,RURAL,INVALID,REJECTED,REJECTED,INVALID_REQUIREMENTS,NONE,0.0,0.0,0.0,,,0.0,,PASS,,,,
CASE_INV_048,INVALID,SURVEY,2.0,10.0,30.0,60.0,False,True,False,False,RURAL,INVALID,REJECTED,REJECTED,INVALID_REQUIREMENTS,NONE,0.0,0.0,0.0,,,0.0,,PASS,,,,
CASE_INV_049,INVALID,SURVEY,2.0,10.0,30.0,60.0,False,True,False,False,RURAL,INVALID,REJECTED,REJECTED,INVALID_REQUIREMENTS,NONE,0.0,0.0,0.0,,,0.0,,PASS,,,,
CASE_INV_050,INVALID,SURVEY,-5.0,10.0,30.0,60.0,False,True,False,False,RURAL,INVALID,REJECTED,REJECTED,INVALID_REQUIREMENTS,NONE,0.0,0.0,0.0,,,0.0,,PASS,,,,
CASE_STR_PAY_001,DETERMINISTIC,DELIVERY,25.0,10.0,30.0,60.0,True,True,False,False,RURAL,MULTIROTOR,QUADCOPTER,MULTIROTOR,SELECTED,MULTIROTOR,0.7,0.0,0.5,MULTIROTOR; VTOL,"FIXED_WING:Conventional fixed-wing aircraft cannot perform vertical takeoff, vertical landing, or sustained hover.",0.9,Vertical takeoff and precision hover capability | High station-keeping flight control precision | No runway required ; CONS: Heavy payload mass requires high multi-rotor motor power draw.,PASS,,,,
CASE_STR_PAY_002,DETERMINISTIC,DELIVERY,28.0,11.5,31.0,61.0,True,True,False,False,RURAL,MULTIROTOR,QUADCOPTER,MULTIROTOR,SELECTED,MULTIROTOR,0.7,0.0,0.5,MULTIROTOR; VTOL,"FIXED_WING:Conventional fixed-wing aircraft cannot perform vertical takeoff, vertical landing, or sustained hover.",0.9,Vertical takeoff and precision hover capability | High station-keeping flight control precision | No runway required ; CONS: Heavy payload mass requires high multi-rotor motor power draw.,PASS,,,,
CASE_STR_PAY_003,DETERMINISTIC,DELIVERY,31.0,13.0,32.0,62.0,True,True,False,False,RURAL,MULTIROTOR,QUADCOPTER,MULTIROTOR,SELECTED,MULTIROTOR,0.7,0.0,0.5,MULTIROTOR; VTOL,"FIXED_WING:Conventional fixed-wing aircraft cannot perform vertical takeoff, vertical landing, or sustained hover.",0.9,Vertical takeoff and precision hover capability | High station-keeping flight control precision | No runway required ; CONS: Heavy payload mass requires high multi-rotor motor power draw.,PASS,,,,
CASE_STR_PAY_004,DETERMINISTIC,DELIVERY,34.0,14.5,33.0,63.0,True,True,False,False,RURAL,MULTIROTOR,QUADCOPTER,MULTIROTOR,SELECTED,MULTIROTOR,0.7,0.0,0.5,MULTIROTOR; VTOL,"FIXED_WING:Conventional fixed-wing aircraft cannot perform vertical takeoff, vertical landing, or sustained hover.",0.9,Vertical takeoff and precision hover capability | High station-keeping flight control precision | No runway required ; CONS: Heavy payload mass requires high multi-rotor motor power draw.,PASS,,,,
CASE_STR_PAY_005,INFEASIBLE,DELIVERY,37.0,16.0,34.0,64.0,True,True,False,False,RURAL,INFEASIBLE,OCTOCOPTER,MULTIROTOR,NO_FEASIBLE_SOLUTION,NONE,0.0,0.0,0.0,,MULTIROTOR:Exceeds physical energy limits; FIXED_WING:Exceeds physical energy limits; VTOL:Exceeds physical energy limits,0.0, ; CONS: Payload requirement (37.0 kg) exceeds maximum studio envelope limit (35.0 kg).,PASS,,,,
CASE_STR_PAY_006,INFEASIBLE,DELIVERY,40.0,17.5,35.0,65.0,True,True,False,False,RURAL,INFEASIBLE,VTOL,VTOL,NO_FEASIBLE_SOLUTION,NONE,0.0,0.0,0.0,,MULTIROTOR:Exceeds physical energy limits; FIXED_WING:Exceeds physical energy limits; VTOL:Exceeds physical energy limits,0.0, ; CONS: Payload requirement (40.0 kg) exceeds maximum studio envelope limit (35.0 kg).,PASS,,,,
CASE_STR_PAY_007,INFEASIBLE,DELIVERY,43.0,19.0,36.0,66.0,True,True,False,False,RURAL,INFEASIBLE,OCTOCOPTER,MULTIROTOR,NO_FEASIBLE_SOLUTION,NONE,0.0,0.0,0.0,,MULTIROTOR:Exceeds physical energy limits; FIXED_WING:Exceeds physical energy limits; VTOL:Exceeds physical energy limits,0.0, ; CONS: Payload requirement (43.0 kg) exceeds maximum studio envelope limit (35.0 kg).,PASS,,,,
CASE_STR_PAY_008,INFEASIBLE,DELIVERY,46.0,20.5,37.0,67.0,True,True,False,False,RURAL,INFEASIBLE,VTOL,VTOL,NO_FEASIBLE_SOLUTION,NONE,0.0,0.0,0.0,,MULTIROTOR:Exceeds physical energy limits; FIXED_WING:Exceeds physical energy limits; VTOL:Exceeds physical energy limits,0.0, ; CONS: Payload requirement (46.0 kg) exceeds maximum studio envelope limit (35.0 kg).,PASS,,,,
CASE_STR_PAY_009,INFEASIBLE,DELIVERY,49.0,22.0,38.0,68.0,True,True,False,False,RURAL,INFEASIBLE,OCTOCOPTER,MULTIROTOR,NO_FEASIBLE_SOLUTION,NONE,0.0,0.0,0.0,,MULTIROTOR:Exceeds physical energy limits; FIXED_WING:Exceeds physical energy limits; VTOL:Exceeds physical energy limits,0.0, ; CONS: Payload requirement (49.0 kg) exceeds maximum studio envelope limit (35.0 kg).,PASS,,,,
CASE_STR_PAY_010,INFEASIBLE,DELIVERY,52.0,23.5,39.0,69.0,True,True,False,False,RURAL,INFEASIBLE,VTOL,VTOL,NO_FEASIBLE_SOLUTION,NONE,0.0,0.0,0.0,,MULTIROTOR:Exceeds physical energy limits; FIXED_WING:Exceeds physical energy limits; VTOL:Exceeds physical energy limits,0.0, ; CONS: Payload requirement (52.0 kg) exceeds maximum studio envelope limit (35.0 kg).,PASS,,,,
CASE_STR_PAY_011,INFEASIBLE,DELIVERY,55.0,25.0,40.0,70.0,True,True,False,False,RURAL,INFEASIBLE,OCTOCOPTER,MULTIROTOR,NO_FEASIBLE_SOLUTION,NONE,0.0,0.0,0.0,,MULTIROTOR:Exceeds physical energy limits; FIXED_WING:Exceeds physical energy limits; VTOL:Exceeds physical energy limits,0.0, ; CONS: Payload requirement (55.0 kg) exceeds maximum studio envelope limit (35.0 kg).,PASS,,,,
CASE_STR_PAY_012,INFEASIBLE,DELIVERY,58.0,26.5,41.0,71.0,True,True,False,False,RURAL,INFEASIBLE,VTOL,VTOL,NO_FEASIBLE_SOLUTION,NONE,0.0,0.0,0.0,,MULTIROTOR:Exceeds physical energy limits; FIXED_WING:Exceeds physical energy limits; VTOL:Exceeds physical energy limits,0.0, ; CONS: Payload requirement (58.0 kg) exceeds maximum studio envelope limit (35.0 kg).,PASS,,,,
CASE_STR_PAY_013,INFEASIBLE,DELIVERY,61.0,28.0,42.0,72.0,True,True,False,False,RURAL,INFEASIBLE,OCTOCOPTER,MULTIROTOR,NO_FEASIBLE_SOLUTION,NONE,0.0,0.0,0.0,,MULTIROTOR:Exceeds physical energy limits; FIXED_WING:Exceeds physical energy limits; VTOL:Exceeds physical energy limits,0.0, ; CONS: Payload requirement (61.0 kg) exceeds maximum studio envelope limit (35.0 kg).,PASS,,,,
CASE_STR_PAY_014,INFEASIBLE,DELIVERY,64.0,29.5,43.0,73.0,True,True,False,False,RURAL,INFEASIBLE,VTOL,VTOL,NO_FEASIBLE_SOLUTION,NONE,0.0,0.0,0.0,,MULTIROTOR:Exceeds physical energy limits; FIXED_WING:Exceeds physical energy limits; VTOL:Exceeds physical energy limits,0.0, ; CONS: Payload requirement (64.0 kg) exceeds maximum studio envelope limit (35.0 kg).,PASS,,,,
CASE_STR_PAY_015,INFEASIBLE,DELIVERY,67.0,31.0,44.0,74.0,True,True,False,False,RURAL,INFEASIBLE,OCTOCOPTER,MULTIROTOR,NO_FEASIBLE_SOLUTION,NONE,0.0,0.0,0.0,,MULTIROTOR:Exceeds physical energy limits; FIXED_WING:Exceeds physical energy limits; VTOL:Exceeds physical energy limits,0.0, ; CONS: Payload requirement (67.0 kg) exceeds maximum studio envelope limit (35.0 kg).,PASS,,,,
CASE_STR_RNG_001,DETERMINISTIC,SURVEY,2.0,220.0,180.0,110.0,False,False,True,False,RURAL,FIXED_WING,FIXED_WING,FIXED_WING,SELECTED,FIXED_WING,0.0,1.0,0.8,FIXED_WING; VTOL,MULTIROTOR:Multirotor aerodynamic drag severely limits operational range beyond 100 km.,0.9,High aerodynamic lift-to-drag efficiency | Exceptional range capability | High cruise endurance | Wing-borne aerodynamic flight highly efficient for non-vertical launch. | Ideal candidate for long-range mapping and survey (> 30 km). | Excellent wing-borne flight endurance.,PASS,,,,
CASE_STR_RNG_002,DETERMINISTIC,SURVEY,2.0,245.0,195.0,111.0,False,False,True,False,RURAL,FIXED_WING,FIXED_WING,FIXED_WING,SELECTED,FIXED_WING,0.0,1.0,0.8,FIXED_WING; VTOL,MULTIROTOR:Multirotor aerodynamic drag severely limits operational range beyond 100 km.,0.9,High aerodynamic lift-to-drag efficiency | Exceptional range capability | High cruise endurance | Wing-borne aerodynamic flight highly efficient for non-vertical launch. | Ideal candidate for long-range mapping and survey (> 30 km). | Excellent wing-borne flight endurance.,PASS,,,,
CASE_STR_RNG_003,DETERMINISTIC,SURVEY,2.0,270.0,210.0,112.0,False,False,True,False,RURAL,FIXED_WING,FIXED_WING,FIXED_WING,SELECTED,FIXED_WING,0.0,1.0,0.8,FIXED_WING; VTOL,MULTIROTOR:Multirotor aerodynamic drag severely limits operational range beyond 100 km.,0.9,High aerodynamic lift-to-drag efficiency | Exceptional range capability | High cruise endurance | Wing-borne aerodynamic flight highly efficient for non-vertical launch. | Ideal candidate for long-range mapping and survey (> 30 km). | Excellent wing-borne flight endurance.,PASS,,,,
CASE_STR_RNG_004,DETERMINISTIC,SURVEY,2.0,295.0,225.0,113.0,False,False,True,False,RURAL,FIXED_WING,FIXED_WING,FIXED_WING,SELECTED,FIXED_WING,0.0,1.0,0.8,FIXED_WING; VTOL,MULTIROTOR:Multirotor aerodynamic drag severely limits operational range beyond 100 km.,0.9,High aerodynamic lift-to-drag efficiency | Exceptional range capability | High cruise endurance | Wing-borne aerodynamic flight highly efficient for non-vertical launch. | Ideal candidate for long-range mapping and survey (> 30 km). | Excellent wing-borne flight endurance.,PASS,,,,
CASE_STR_RNG_005,DETERMINISTIC,SURVEY,2.0,320.0,240.0,114.0,False,False,True,False,RURAL,FIXED_WING,FIXED_WING,FIXED_WING,SELECTED,FIXED_WING,0.0,1.0,0.8,FIXED_WING; VTOL,MULTIROTOR:Multirotor aerodynamic drag severely limits operational range beyond 100 km.,0.9,High aerodynamic lift-to-drag efficiency | Exceptional range capability | High cruise endurance | Wing-borne aerodynamic flight highly efficient for non-vertical launch. | Ideal candidate for long-range mapping and survey (> 30 km). | Excellent wing-borne flight endurance.,PASS,,,,
CASE_STR_RNG_006,DETERMINISTIC,SURVEY,2.0,345.0,255.0,115.0,False,False,True,False,RURAL,FIXED_WING,FIXED_WING,FIXED_WING,SELECTED,FIXED_WING,0.0,1.0,0.8,FIXED_WING; VTOL,MULTIROTOR:Multirotor aerodynamic drag severely limits operational range beyond 100 km.,0.9,High aerodynamic lift-to-drag efficiency | Exceptional range capability | High cruise endurance | Wing-borne aerodynamic flight highly efficient for non-vertical launch. | Ideal candidate for long-range mapping and survey (> 30 km). | Excellent wing-borne flight endurance.,PASS,,,,
CASE_STR_RNG_007,DETERMINISTIC,SURVEY,2.0,370.0,270.0,116.0,False,False,True,False,RURAL,FIXED_WING,FIXED_WING,FIXED_WING,SELECTED,FIXED_WING,0.0,1.0,0.8,FIXED_WING; VTOL,MULTIROTOR:Multirotor aerodynamic drag severely limits operational range beyond 100 km.,0.9,High aerodynamic lift-to-drag efficiency | Exceptional range capability | High cruise endurance | Wing-borne aerodynamic flight highly efficient for non-vertical launch. | Ideal candidate for long-range mapping and survey (> 30 km). | Excellent wing-borne flight endurance.,PASS,,,,
CASE_STR_RNG_008,DETERMINISTIC,SURVEY,2.0,395.0,285.0,117.0,False,False,True,False,RURAL,FIXED_WING,FIXED_WING,FIXED_WING,SELECTED,FIXED_WING,0.0,1.0,0.8,FIXED_WING; VTOL,MULTIROTOR:Multirotor aerodynamic drag severely limits operational range beyond 100 km.,0.9,High aerodynamic lift-to-drag efficiency | Exceptional range capability | High cruise endurance | Wing-borne aerodynamic flight highly efficient for non-vertical launch. | Ideal candidate for long-range mapping and survey (> 30 km). | Excellent wing-borne flight endurance.,PASS,,,,
CASE_STR_RNG_009,DETERMINISTIC,SURVEY,2.0,420.0,300.0,118.0,False,False,True,False,RURAL,FIXED_WING,FIXED_WING,FIXED_WING,SELECTED,FIXED_WING,0.0,1.0,0.8,FIXED_WING; VTOL,MULTIROTOR:Multirotor aerodynamic drag severely limits operational range beyond 100 km.,0.9,High aerodynamic lift-to-drag efficiency | Exceptional range capability | High cruise endurance | Wing-borne aerodynamic flight highly efficient for non-vertical launch. | Ideal candidate for long-range mapping and survey (> 30 km). | Excellent wing-borne flight endurance.,PASS,,,,
CASE_STR_RNG_010,DETERMINISTIC,SURVEY,2.0,445.0,315.0,119.0,False,False,True,False,RURAL,FIXED_WING,FIXED_WING,FIXED_WING,SELECTED,FIXED_WING,0.0,1.0,0.8,FIXED_WING; VTOL,MULTIROTOR:Multirotor aerodynamic drag severely limits operational range beyond 100 km.,0.9,High aerodynamic lift-to-drag efficiency | Exceptional range capability | High cruise endurance | Wing-borne aerodynamic flight highly efficient for non-vertical launch. | Ideal candidate for long-range mapping and survey (> 30 km). | Excellent wing-borne flight endurance.,PASS,,,,
CASE_STR_RNG_011,INFEASIBLE,SURVEY,2.0,470.0,330.0,120.0,False,False,True,False,RURAL,INFEASIBLE,VTOL,VTOL,NO_FEASIBLE_SOLUTION,NONE,0.0,0.0,0.0,,MULTIROTOR:Exceeds physical energy limits; FIXED_WING:Exceeds physical energy limits; VTOL:Exceeds physical energy limits,0.0, ; CONS: Range requirement (470.0 km) exceeds maximum studio envelope limit (450.0 km).,PASS,,,,
CASE_STR_RNG_012,INFEASIBLE,SURVEY,2.0,495.0,345.0,121.0,False,False,True,False,RURAL,INFEASIBLE,OCTOCOPTER,MULTIROTOR,NO_FEASIBLE_SOLUTION,NONE,0.0,0.0,0.0,,MULTIROTOR:Exceeds physical energy limits; FIXED_WING:Exceeds physical energy limits; VTOL:Exceeds physical energy limits,0.0, ; CONS: Range requirement (495.0 km) exceeds maximum studio envelope limit (450.0 km).,PASS,,,,
CASE_STR_RNG_013,INFEASIBLE,SURVEY,2.0,520.0,360.0,122.0,False,False,True,False,RURAL,INFEASIBLE,VTOL,VTOL,NO_FEASIBLE_SOLUTION,NONE,0.0,0.0,0.0,,MULTIROTOR:Exceeds physical energy limits; FIXED_WING:Exceeds physical energy limits; VTOL:Exceeds physical energy limits,0.0, ; CONS: Range requirement (520.0 km) exceeds maximum studio envelope limit (450.0 km).,PASS,,,,
CASE_STR_RNG_014,INFEASIBLE,SURVEY,2.0,545.0,375.0,123.0,False,False,True,False,RURAL,INFEASIBLE,OCTOCOPTER,MULTIROTOR,NO_FEASIBLE_SOLUTION,NONE,0.0,0.0,0.0,,MULTIROTOR:Exceeds physical energy limits; FIXED_WING:Exceeds physical energy limits; VTOL:Exceeds physical energy limits,0.0, ; CONS: Range requirement (545.0 km) exceeds maximum studio envelope limit (450.0 km).,PASS,,,,
CASE_STR_RNG_015,INFEASIBLE,SURVEY,2.0,570.0,390.0,124.0,False,False,True,False,RURAL,INFEASIBLE,VTOL,VTOL,NO_FEASIBLE_SOLUTION,NONE,0.0,0.0,0.0,,MULTIROTOR:Exceeds physical energy limits; FIXED_WING:Exceeds physical energy limits; VTOL:Exceeds physical energy limits,0.0, ; CONS: Range requirement (570.0 km) exceeds maximum studio envelope limit (450.0 km).,PASS,,,,
CASE_STR_ENV_001,DETERMINISTIC,RESEARCH,1.5,15.0,35.0,70.0,False,True,False,False,MOUNTAIN,MULTIROTOR,QUADCOPTER,MULTIROTOR,SELECTED,MULTIROTOR,0.8,0.0,0.7,MULTIROTOR; VTOL,"FIXED_WING:Conventional fixed-wing aircraft cannot perform vertical takeoff, vertical landing, or sustained hover.",0.8,Vertical takeoff and precision hover capability | High station-keeping flight control precision | No runway required,PASS,,,,
CASE_STR_ENV_002,DETERMINISTIC,RESEARCH,1.7,18.0,37.0,71.0,False,False,True,False,DESERT,FIXED_WING,FIXED_WING,FIXED_WING,SELECTED,FIXED_WING,0.6,0.85,0.7,FIXED_WING; MULTIROTOR; VTOL,,0.85,High aerodynamic lift-to-drag efficiency | Exceptional range capability | High cruise endurance | Wing-borne aerodynamic flight highly efficient for non-vertical launch.,PASS,,,,
CASE_STR_ENV_003,DETERMINISTIC,RESEARCH,1.9,21.0,39.0,72.0,False,True,False,False,COASTAL,VTOL,VTOL,VTOL,SELECTED,VTOL,0.6,0.0,0.7,MULTIROTOR; VTOL,"FIXED_WING:Conventional fixed-wing aircraft cannot perform vertical takeoff, vertical landing, or sustained hover.",0.6,Combines vertical takeoff with long-range fixed-wing cruise | No runway required | High range and endurance,PASS,,,,
CASE_STR_ENV_004,DETERMINISTIC,RESEARCH,2.1,24.0,41.0,73.0,False,True,False,False,MARINE,VTOL,VTOL,VTOL,SELECTED,VTOL,0.6,0.0,0.7,MULTIROTOR; VTOL,"FIXED_WING:Conventional fixed-wing aircraft cannot perform vertical takeoff, vertical landing, or sustained hover.",0.6,Combines vertical takeoff with long-range fixed-wing cruise | No runway required | High range and endurance,PASS,,,,
CASE_STR_ENV_005,DETERMINISTIC,RESEARCH,2.3,27.0,43.0,74.0,True,True,False,True,INDOOR,MULTIROTOR,QUADCOPTER,MULTIROTOR,SELECTED,MULTIROTOR,0.6,0.0,0.0,MULTIROTOR,FIXED_WING:Indoor operating environment prohibits wing-borne forward cruise flight.; VTOL:Indoor operating environment prohibits wing-borne forward cruise flight.,0.6,Vertical takeoff and precision hover capability | High station-keeping flight control precision | No runway required ; CONS: Moderate energy consumption for mid-range flights.,PASS,,,,
CASE_STR_ENV_006,DETERMINISTIC,RESEARCH,2.5,30.0,45.0,75.0,False,True,False,False,MOUNTAIN,VTOL,VTOL,VTOL,SELECTED,VTOL,0.6,0.0,0.95,MULTIROTOR; VTOL,"FIXED_WING:Conventional fixed-wing aircraft cannot perform vertical takeoff, vertical landing, or sustained hover.",0.95,Combines vertical takeoff with long-range fixed-wing cruise | No runway required | High range and endurance | Optimal choice for vertical takeoff combined with long range (> 30 km).,PASS,,,,
CASE_STR_ENV_007,DETERMINISTIC,RESEARCH,2.7,33.0,47.0,76.0,False,False,True,False,DESERT,FIXED_WING,FIXED_WING,FIXED_WING,SELECTED,FIXED_WING,0.1,1.0,0.8,FIXED_WING; MULTIROTOR; VTOL,,0.9,High aerodynamic lift-to-drag efficiency | Exceptional range capability | High cruise endurance | Wing-borne aerodynamic flight highly efficient for non-vertical launch. | Ideal candidate for long-range mapping and survey (> 30 km).,PASS,,,,
CASE_STR_ENV_008,DETERMINISTIC,RESEARCH,2.9000000000000004,36.0,49.0,77.0,False,True,False,False,COASTAL,VTOL,VTOL,VTOL,SELECTED,VTOL,0.1,0.0,0.95,MULTIROTOR; VTOL,"FIXED_WING:Conventional fixed-wing aircraft cannot perform vertical takeoff, vertical landing, or sustained hover.",0.95,Combines vertical takeoff with long-range fixed-wing cruise | No runway required | High range and endurance | Optimal choice for vertical takeoff combined with long range (> 30 km).,PASS,,,,
CASE_STR_ENV_009,DETERMINISTIC,RESEARCH,3.1,39.0,51.0,78.0,False,True,False,False,MARINE,VTOL,VTOL,VTOL,SELECTED,VTOL,0.1,0.0,0.95,MULTIROTOR; VTOL,"FIXED_WING:Conventional fixed-wing aircraft cannot perform vertical takeoff, vertical landing, or sustained hover.",0.95,Combines vertical takeoff with long-range fixed-wing cruise | No runway required | High range and endurance | Optimal choice for vertical takeoff combined with long range (> 30 km).,PASS,,,,
CASE_STR_ENV_010,DETERMINISTIC,RESEARCH,3.3,42.0,53.0,79.0,True,True,False,True,INDOOR,MULTIROTOR,QUADCOPTER,MULTIROTOR,SELECTED,MULTIROTOR,0.1,0.0,0.0,MULTIROTOR,FIXED_WING:Indoor operating environment prohibits wing-borne forward cruise flight.; VTOL:Indoor operating environment prohibits wing-borne forward cruise flight.,0.1,Vertical takeoff and precision hover capability | High station-keeping flight control precision | No runway required ; CONS: High aerodynamic drag limits long-range performance (> 30 km). | LiPo battery energy density limits hover endurance beyond 45 minutes.,PASS,,,,
CASE_STR_ENV_011,DETERMINISTIC,RESEARCH,3.5,45.0,55.0,80.0,False,True,False,False,MOUNTAIN,VTOL,VTOL,VTOL,SELECTED,VTOL,0.1,0.0,0.95,MULTIROTOR; VTOL,"FIXED_WING:Conventional fixed-wing aircraft cannot perform vertical takeoff, vertical landing, or sustained hover.",0.95,Combines vertical takeoff with long-range fixed-wing cruise | No runway required | High range and endurance | Optimal choice for vertical takeoff combined with long range (> 30 km).,PASS,,,,
CASE_STR_ENV_012,DETERMINISTIC,RESEARCH,3.7,48.0,57.0,81.0,False,False,True,False,DESERT,FIXED_WING,FIXED_WING,FIXED_WING,SELECTED,FIXED_WING,0.1,1.0,0.8,FIXED_WING; MULTIROTOR; VTOL,,0.9,High aerodynamic lift-to-drag efficiency | Exceptional range capability | High cruise endurance | Wing-borne aerodynamic flight highly efficient for non-vertical launch. | Ideal candidate for long-range mapping and survey (> 30 km).,PASS,,,,
CASE_STR_ENV_013,DETERMINISTIC,RESEARCH,3.9000000000000004,51.0,59.0,82.0,False,True,False,False,COASTAL,VTOL,VTOL,VTOL,SELECTED,VTOL,0.1,0.0,0.95,MULTIROTOR; VTOL,"FIXED_WING:Conventional fixed-wing aircraft cannot perform vertical takeoff, vertical landing, or sustained hover.",0.95,Combines vertical takeoff with long-range fixed-wing cruise | No runway required | High range and endurance | Optimal choice for vertical takeoff combined with long range (> 30 km).,PASS,,,,
CASE_STR_ENV_014,DETERMINISTIC,RESEARCH,4.1,54.0,61.0,83.0,False,True,False,False,MARINE,VTOL,VTOL,VTOL,SELECTED,VTOL,0.1,0.0,0.95,MULTIROTOR; VTOL,"FIXED_WING:Conventional fixed-wing aircraft cannot perform vertical takeoff, vertical landing, or sustained hover.",0.95,Combines vertical takeoff with long-range fixed-wing cruise | No runway required | High range and endurance | Optimal choice for vertical takeoff combined with long range (> 30 km).,PASS,,,,
CASE_STR_ENV_015,DETERMINISTIC,RESEARCH,4.300000000000001,57.0,63.0,84.0,True,True,False,True,INDOOR,MULTIROTOR,QUADCOPTER,MULTIROTOR,SELECTED,MULTIROTOR,0.1,0.0,0.0,MULTIROTOR,FIXED_WING:Indoor operating environment prohibits wing-borne forward cruise flight.; VTOL:Indoor operating environment prohibits wing-borne forward cruise flight.,0.1,Vertical takeoff and precision hover capability | High station-keeping flight control precision | No runway required ; CONS: High aerodynamic drag limits long-range performance (> 30 km). | LiPo battery energy density limits hover endurance beyond 45 minutes.,PASS,,,,
CASE_STR_ENV_016,DETERMINISTIC,RESEARCH,4.5,60.0,65.0,85.0,False,True,False,False,MOUNTAIN,VTOL,VTOL,VTOL,SELECTED,VTOL,0.1,0.0,0.95,MULTIROTOR; VTOL,"FIXED_WING:Conventional fixed-wing aircraft cannot perform vertical takeoff, vertical landing, or sustained hover.",0.95,Combines vertical takeoff with long-range fixed-wing cruise | No runway required | High range and endurance | Optimal choice for vertical takeoff combined with long range (> 30 km).,PASS,,,,
CASE_STR_ENV_017,DETERMINISTIC,RESEARCH,4.7,63.0,67.0,86.0,False,False,True,False,DESERT,FIXED_WING,FIXED_WING,FIXED_WING,SELECTED,FIXED_WING,0.1,1.0,0.8,FIXED_WING; MULTIROTOR; VTOL,,0.9,High aerodynamic lift-to-drag efficiency | Exceptional range capability | High cruise endurance | Wing-borne aerodynamic flight highly efficient for non-vertical launch. | Ideal candidate for long-range mapping and survey (> 30 km). | Excellent wing-borne flight endurance.,PASS,,,,
CASE_STR_ENV_018,DETERMINISTIC,RESEARCH,4.9,66.0,69.0,87.0,False,True,False,False,COASTAL,VTOL,VTOL,VTOL,SELECTED,VTOL,0.1,0.0,0.95,MULTIROTOR; VTOL,"FIXED_WING:Conventional fixed-wing aircraft cannot perform vertical takeoff, vertical landing, or sustained hover.",0.95,Combines vertical takeoff with long-range fixed-wing cruise | No runway required | High range and endurance | Optimal choice for vertical takeoff combined with long range (> 30 km).,PASS,,,,
CASE_STR_ENV_019,DETERMINISTIC,RESEARCH,5.1,69.0,71.0,88.0,False,True,False,False,MARINE,VTOL,VTOL,VTOL,SELECTED,VTOL,0.1,0.0,0.95,MULTIROTOR; VTOL,"FIXED_WING:Conventional fixed-wing aircraft cannot perform vertical takeoff, vertical landing, or sustained hover.",0.95,Combines vertical takeoff with long-range fixed-wing cruise | No runway required | High range and endurance | Optimal choice for vertical takeoff combined with long range (> 30 km).,PASS,,,,
CASE_STR_ENV_020,DETERMINISTIC,RESEARCH,5.300000000000001,72.0,73.0,89.0,True,True,False,True,INDOOR,MULTIROTOR,QUADCOPTER,MULTIROTOR,SELECTED,MULTIROTOR,0.1,0.0,0.0,MULTIROTOR,FIXED_WING:Indoor operating environment prohibits wing-borne forward cruise flight.; VTOL:Indoor operating environment prohibits wing-borne forward cruise flight.,0.1,Vertical takeoff and precision hover capability | High station-keeping flight control precision | No runway required ; CONS: High aerodynamic drag limits long-range performance (> 30 km). | LiPo battery energy density limits hover endurance beyond 45 minutes.,PASS,,,,
CASE_STR_BND_001,BOUNDARY,SECURITY,2.5,25.0,45.0,75.0,False,True,False,False,RURAL,VTOL,VTOL,VTOL,SELECTED,VTOL,0.6,0.0,0.8,MULTIROTOR; VTOL,"FIXED_WING:Conventional fixed-wing aircraft cannot perform vertical takeoff, vertical landing, or sustained hover.",0.8,Combines vertical takeoff with long-range fixed-wing cruise | No runway required | High range and endurance,QUESTIONABLE,,,,
CASE_STR_BND_002,BOUNDARY,SECURITY,2.5,25.8,45.0,75.0,False,True,False,False,RURAL,VTOL,VTOL,VTOL,SELECTED,VTOL,0.6,0.0,0.8,MULTIROTOR; VTOL,"FIXED_WING:Conventional fixed-wing aircraft cannot perform vertical takeoff, vertical landing, or sustained hover.",0.8,Combines vertical takeoff with long-range fixed-wing cruise | No runway required | High range and endurance,QUESTIONABLE,,,,
CASE_STR_BND_003,BOUNDARY,SECURITY,2.5,26.6,45.0,75.0,False,True,False,False,RURAL,VTOL,VTOL,VTOL,SELECTED,VTOL,0.6,0.0,0.8,MULTIROTOR; VTOL,"FIXED_WING:Conventional fixed-wing aircraft cannot perform vertical takeoff, vertical landing, or sustained hover.",0.8,Combines vertical takeoff with long-range fixed-wing cruise | No runway required | High range and endurance,QUESTIONABLE,,,,
CASE_STR_BND_004,BOUNDARY,SECURITY,2.5,27.4,45.0,75.0,False,True,False,False,RURAL,VTOL,VTOL,VTOL,SELECTED,VTOL,0.6,0.0,0.8,MULTIROTOR; VTOL,"FIXED_WING:Conventional fixed-wing aircraft cannot perform vertical takeoff, vertical landing, or sustained hover.",0.8,Combines vertical takeoff with long-range fixed-wing cruise | No runway required | High range and endurance,QUESTIONABLE,,,,
CASE_STR_BND_005,BOUNDARY,SECURITY,2.5,28.2,45.0,75.0,False,True,False,False,RURAL,VTOL,VTOL,VTOL,SELECTED,VTOL,0.6,0.0,0.8,MULTIROTOR; VTOL,"FIXED_WING:Conventional fixed-wing aircraft cannot perform vertical takeoff, vertical landing, or sustained hover.",0.8,Combines vertical takeoff with long-range fixed-wing cruise | No runway required | High range and endurance,QUESTIONABLE,,,,
CASE_STR_BND_006,BOUNDARY,SECURITY,2.5,29.0,45.0,75.0,False,True,False,False,RURAL,VTOL,VTOL,VTOL,SELECTED,VTOL,0.6,0.0,0.8,MULTIROTOR; VTOL,"FIXED_WING:Conventional fixed-wing aircraft cannot perform vertical takeoff, vertical landing, or sustained hover.",0.8,Combines vertical takeoff with long-range fixed-wing cruise | No runway required | High range and endurance,QUESTIONABLE,,,,
CASE_STR_BND_007,BOUNDARY,SECURITY,2.5,29.8,45.0,75.0,False,True,False,False,RURAL,VTOL,VTOL,VTOL,SELECTED,VTOL,0.6,0.0,0.8,MULTIROTOR; VTOL,"FIXED_WING:Conventional fixed-wing aircraft cannot perform vertical takeoff, vertical landing, or sustained hover.",0.8,Combines vertical takeoff with long-range fixed-wing cruise | No runway required | High range and endurance,QUESTIONABLE,,,,
CASE_STR_BND_008,BOUNDARY,SECURITY,2.5,30.6,45.0,75.0,False,True,False,False,RURAL,VTOL,VTOL,VTOL,SELECTED,VTOL,0.4,0.0,0.95,MULTIROTOR; VTOL,"FIXED_WING:Conventional fixed-wing aircraft cannot perform vertical takeoff, vertical landing, or sustained hover.",0.95,Combines vertical takeoff with long-range fixed-wing cruise | No runway required | High range and endurance | Optimal choice for vertical takeoff combined with long range (> 30 km).,QUESTIONABLE,,,,
CASE_STR_BND_009,BOUNDARY,SECURITY,2.5,31.4,45.0,75.0,False,True,False,False,RURAL,VTOL,VTOL,VTOL,SELECTED,VTOL,0.4,0.0,0.95,MULTIROTOR; VTOL,"FIXED_WING:Conventional fixed-wing aircraft cannot perform vertical takeoff, vertical landing, or sustained hover.",0.95,Combines vertical takeoff with long-range fixed-wing cruise | No runway required | High range and endurance | Optimal choice for vertical takeoff combined with long range (> 30 km).,QUESTIONABLE,,,,
CASE_STR_BND_010,BOUNDARY,SECURITY,2.5,32.2,45.0,75.0,False,True,False,False,RURAL,VTOL,VTOL,VTOL,SELECTED,VTOL,0.4,0.0,0.95,MULTIROTOR; VTOL,"FIXED_WING:Conventional fixed-wing aircraft cannot perform vertical takeoff, vertical landing, or sustained hover.",0.95,Combines vertical takeoff with long-range fixed-wing cruise | No runway required | High range and endurance | Optimal choice for vertical takeoff combined with long range (> 30 km).,QUESTIONABLE,,,,
CASE_STR_BND_011,BOUNDARY,SECURITY,2.5,33.0,45.0,75.0,False,True,False,False,RURAL,VTOL,VTOL,VTOL,SELECTED,VTOL,0.4,0.0,0.95,MULTIROTOR; VTOL,"FIXED_WING:Conventional fixed-wing aircraft cannot perform vertical takeoff, vertical landing, or sustained hover.",0.95,Combines vertical takeoff with long-range fixed-wing cruise | No runway required | High range and endurance | Optimal choice for vertical takeoff combined with long range (> 30 km).,QUESTIONABLE,,,,
CASE_STR_BND_012,BOUNDARY,SECURITY,2.5,33.8,45.0,75.0,False,True,False,False,RURAL,VTOL,VTOL,VTOL,SELECTED,VTOL,0.4,0.0,0.95,MULTIROTOR; VTOL,"FIXED_WING:Conventional fixed-wing aircraft cannot perform vertical takeoff, vertical landing, or sustained hover.",0.95,Combines vertical takeoff with long-range fixed-wing cruise | No runway required | High range and endurance | Optimal choice for vertical takeoff combined with long range (> 30 km).,QUESTIONABLE,,,,
CASE_STR_BND_013,BOUNDARY,SECURITY,2.5,34.6,45.0,75.0,False,True,False,False,RURAL,VTOL,VTOL,VTOL,SELECTED,VTOL,0.4,0.0,0.95,MULTIROTOR; VTOL,"FIXED_WING:Conventional fixed-wing aircraft cannot perform vertical takeoff, vertical landing, or sustained hover.",0.95,Combines vertical takeoff with long-range fixed-wing cruise | No runway required | High range and endurance | Optimal choice for vertical takeoff combined with long range (> 30 km).,QUESTIONABLE,,,,
CASE_STR_BND_014,BOUNDARY,SECURITY,2.5,35.4,45.0,75.0,False,True,False,False,RURAL,VTOL,VTOL,VTOL,SELECTED,VTOL,0.4,0.0,0.95,MULTIROTOR; VTOL,"FIXED_WING:Conventional fixed-wing aircraft cannot perform vertical takeoff, vertical landing, or sustained hover.",0.95,Combines vertical takeoff with long-range fixed-wing cruise | No runway required | High range and endurance | Optimal choice for vertical takeoff combined with long range (> 30 km).,QUESTIONABLE,,,,
CASE_STR_BND_015,BOUNDARY,SECURITY,2.5,36.2,45.0,75.0,False,True,False,False,RURAL,VTOL,VTOL,VTOL,SELECTED,VTOL,0.4,0.0,0.95,MULTIROTOR; VTOL,"FIXED_WING:Conventional fixed-wing aircraft cannot perform vertical takeoff, vertical landing, or sustained hover.",0.95,Combines vertical takeoff with long-range fixed-wing cruise | No runway required | High range and endurance | Optimal choice for vertical takeoff combined with long range (> 30 km).,QUESTIONABLE,,,,
CASE_STR_BND_016,BOUNDARY,SECURITY,2.5,37.0,45.0,75.0,False,True,False,False,RURAL,VTOL,VTOL,VTOL,SELECTED,VTOL,0.4,0.0,0.95,MULTIROTOR; VTOL,"FIXED_WING:Conventional fixed-wing aircraft cannot perform vertical takeoff, vertical landing, or sustained hover.",0.95,Combines vertical takeoff with long-range fixed-wing cruise | No runway required | High range and endurance | Optimal choice for vertical takeoff combined with long range (> 30 km).,QUESTIONABLE,,,,
CASE_STR_BND_017,BOUNDARY,SECURITY,2.5,37.8,45.0,75.0,False,True,False,False,RURAL,VTOL,VTOL,VTOL,SELECTED,VTOL,0.4,0.0,0.95,MULTIROTOR; VTOL,"FIXED_WING:Conventional fixed-wing aircraft cannot perform vertical takeoff, vertical landing, or sustained hover.",0.95,Combines vertical takeoff with long-range fixed-wing cruise | No runway required | High range and endurance | Optimal choice for vertical takeoff combined with long range (> 30 km).,QUESTIONABLE,,,,
CASE_STR_BND_018,BOUNDARY,SECURITY,2.5,38.6,45.0,75.0,False,True,False,False,RURAL,VTOL,VTOL,VTOL,SELECTED,VTOL,0.4,0.0,0.95,MULTIROTOR; VTOL,"FIXED_WING:Conventional fixed-wing aircraft cannot perform vertical takeoff, vertical landing, or sustained hover.",0.95,Combines vertical takeoff with long-range fixed-wing cruise | No runway required | High range and endurance | Optimal choice for vertical takeoff combined with long range (> 30 km).,QUESTIONABLE,,,,
CASE_STR_BND_019,BOUNDARY,SECURITY,2.5,39.4,45.0,75.0,False,True,False,False,RURAL,VTOL,VTOL,VTOL,SELECTED,VTOL,0.4,0.0,0.95,MULTIROTOR; VTOL,"FIXED_WING:Conventional fixed-wing aircraft cannot perform vertical takeoff, vertical landing, or sustained hover.",0.95,Combines vertical takeoff with long-range fixed-wing cruise | No runway required | High range and endurance | Optimal choice for vertical takeoff combined with long range (> 30 km).,QUESTIONABLE,,,,
CASE_STR_BND_020,BOUNDARY,SECURITY,2.5,40.2,45.0,75.0,False,True,False,False,RURAL,VTOL,VTOL,VTOL,SELECTED,VTOL,0.4,0.0,0.95,MULTIROTOR; VTOL,"FIXED_WING:Conventional fixed-wing aircraft cannot perform vertical takeoff, vertical landing, or sustained hover.",0.95,Combines vertical takeoff with long-range fixed-wing cruise | No runway required | High range and endurance | Optimal choice for vertical takeoff combined with long range (> 30 km).,QUESTIONABLE,,,,
CASE_STR_BND_021,BOUNDARY,SECURITY,2.5,41.0,45.0,75.0,False,True,False,False,RURAL,VTOL,VTOL,VTOL,SELECTED,VTOL,0.4,0.0,0.95,MULTIROTOR; VTOL,"FIXED_WING:Conventional fixed-wing aircraft cannot perform vertical takeoff, vertical landing, or sustained hover.",0.95,Combines vertical takeoff with long-range fixed-wing cruise | No runway required | High range and endurance | Optimal choice for vertical takeoff combined with long range (> 30 km).,QUESTIONABLE,,,,
CASE_STR_BND_022,BOUNDARY,SECURITY,2.5,41.8,45.0,75.0,False,True,False,False,RURAL,VTOL,VTOL,VTOL,SELECTED,VTOL,0.4,0.0,0.95,MULTIROTOR; VTOL,"FIXED_WING:Conventional fixed-wing aircraft cannot perform vertical takeoff, vertical landing, or sustained hover.",0.95,Combines vertical takeoff with long-range fixed-wing cruise | No runway required | High range and endurance | Optimal choice for vertical takeoff combined with long range (> 30 km).,QUESTIONABLE,,,,
CASE_STR_BND_023,BOUNDARY,SECURITY,2.5,42.6,45.0,75.0,False,True,False,False,RURAL,VTOL,VTOL,VTOL,SELECTED,VTOL,0.4,0.0,0.95,MULTIROTOR; VTOL,"FIXED_WING:Conventional fixed-wing aircraft cannot perform vertical takeoff, vertical landing, or sustained hover.",0.95,Combines vertical takeoff with long-range fixed-wing cruise | No runway required | High range and endurance | Optimal choice for vertical takeoff combined with long range (> 30 km).,QUESTIONABLE,,,,
CASE_STR_BND_024,BOUNDARY,SECURITY,2.5,43.400000000000006,45.0,75.0,False,True,False,False,RURAL,VTOL,VTOL,VTOL,SELECTED,VTOL,0.4,0.0,0.95,MULTIROTOR; VTOL,"FIXED_WING:Conventional fixed-wing aircraft cannot perform vertical takeoff, vertical landing, or sustained hover.",0.95,Combines vertical takeoff with long-range fixed-wing cruise | No runway required | High range and endurance | Optimal choice for vertical takeoff combined with long range (> 30 km).,QUESTIONABLE,,,,
CASE_STR_BND_025,BOUNDARY,SECURITY,2.5,44.2,45.0,75.0,False,True,False,False,RURAL,VTOL,VTOL,VTOL,SELECTED,VTOL,0.4,0.0,0.95,MULTIROTOR; VTOL,"FIXED_WING:Conventional fixed-wing aircraft cannot perform vertical takeoff, vertical landing, or sustained hover.",0.95,Combines vertical takeoff with long-range fixed-wing cruise | No runway required | High range and endurance | Optimal choice for vertical takeoff combined with long range (> 30 km).,QUESTIONABLE,,,,
CASE_STR_CNF_001,CONFLICTING,MILITARY,5.0,150.0,90.0,120.0,False,False,False,False,FOREST,FIXED_WING,FIXED_WING,FIXED_WING,SELECTED,FIXED_WING,0.0,1.0,0.8,FIXED_WING; VTOL,MULTIROTOR:Multirotor aerodynamic drag severely limits operational range beyond 100 km.,0.9,High aerodynamic lift-to-drag efficiency | Exceptional range capability | High cruise endurance | Wing-borne aerodynamic flight highly efficient for non-vertical launch. | Ideal candidate for long-range mapping and survey (> 30 km). | Excellent wing-borne flight endurance.,QUESTIONABLE,,,,
CASE_STR_CNF_002,CONFLICTING,MILITARY,6.0,155.0,95.0,120.0,False,True,False,False,FOREST,VTOL,VTOL,VTOL,SELECTED,VTOL,0.1,0.0,0.95,MULTIROTOR; VTOL,"FIXED_WING:Conventional fixed-wing aircraft cannot perform vertical takeoff, vertical landing, or sustained hover.",0.95,Combines vertical takeoff with long-range fixed-wing cruise | No runway required | High range and endurance | Optimal choice for vertical takeoff combined with long range (> 30 km).,QUESTIONABLE,,,,
CASE_STR_CNF_003,CONFLICTING,MILITARY,7.0,160.0,100.0,120.0,False,False,False,False,FOREST,FIXED_WING,FIXED_WING,FIXED_WING,SELECTED,FIXED_WING,0.0,1.0,0.8,FIXED_WING; VTOL,MULTIROTOR:Multirotor aerodynamic drag severely limits operational range beyond 100 km.,0.9,High aerodynamic lift-to-drag efficiency | Exceptional range capability | High cruise endurance | Wing-borne aerodynamic flight highly efficient for non-vertical launch. | Ideal candidate for long-range mapping and survey (> 30 km). | Excellent wing-borne flight endurance.,QUESTIONABLE,,,,
CASE_STR_CNF_004,CONFLICTING,MILITARY,8.0,165.0,105.0,120.0,False,True,False,False,FOREST,VTOL,VTOL,VTOL,SELECTED,VTOL,0.1,0.0,0.95,MULTIROTOR; VTOL,"FIXED_WING:Conventional fixed-wing aircraft cannot perform vertical takeoff, vertical landing, or sustained hover.",0.95,Combines vertical takeoff with long-range fixed-wing cruise | No runway required | High range and endurance | Optimal choice for vertical takeoff combined with long range (> 30 km).,QUESTIONABLE,,,,
CASE_STR_CNF_005,CONFLICTING,MILITARY,9.0,170.0,110.0,120.0,False,False,False,False,FOREST,FIXED_WING,FIXED_WING,FIXED_WING,SELECTED,FIXED_WING,0.0,1.0,0.8,FIXED_WING; VTOL,MULTIROTOR:Multirotor aerodynamic drag severely limits operational range beyond 100 km.,0.9,High aerodynamic lift-to-drag efficiency | Exceptional range capability | High cruise endurance | Wing-borne aerodynamic flight highly efficient for non-vertical launch. | Ideal candidate for long-range mapping and survey (> 30 km). | Excellent wing-borne flight endurance.,QUESTIONABLE,,,,
CASE_STR_CNF_006,CONFLICTING,MILITARY,10.0,175.0,115.0,120.0,False,True,False,False,FOREST,VTOL,VTOL,VTOL,SELECTED,VTOL,0.1,0.0,0.95,MULTIROTOR; VTOL,"FIXED_WING:Conventional fixed-wing aircraft cannot perform vertical takeoff, vertical landing, or sustained hover.",0.95,Combines vertical takeoff with long-range fixed-wing cruise | No runway required | High range and endurance | Optimal choice for vertical takeoff combined with long range (> 30 km).,QUESTIONABLE,,,,
CASE_STR_CNF_007,CONFLICTING,MILITARY,11.0,180.0,120.0,120.0,False,False,False,False,FOREST,FIXED_WING,FIXED_WING,FIXED_WING,SELECTED,FIXED_WING,0.0,1.0,0.8,FIXED_WING; VTOL,MULTIROTOR:Multirotor aerodynamic drag severely limits operational range beyond 100 km.,0.9,High aerodynamic lift-to-drag efficiency | Exceptional range capability | High cruise endurance | Wing-borne aerodynamic flight highly efficient for non-vertical launch. | Ideal candidate for long-range mapping and survey (> 30 km). | Excellent wing-borne flight endurance.,QUESTIONABLE,,,,
CASE_STR_CNF_008,CONFLICTING,MILITARY,12.0,185.0,125.0,120.0,False,True,False,False,FOREST,VTOL,VTOL,VTOL,SELECTED,VTOL,0.0,0.0,0.95,MULTIROTOR; VTOL,"FIXED_WING:Conventional fixed-wing aircraft cannot perform vertical takeoff, vertical landing, or sustained hover.",0.95,Combines vertical takeoff with long-range fixed-wing cruise | No runway required | High range and endurance | Optimal choice for vertical takeoff combined with long range (> 30 km).,QUESTIONABLE,,,,
CASE_STR_CNF_009,CONFLICTING,MILITARY,13.0,190.0,130.0,120.0,False,False,False,False,FOREST,FIXED_WING,FIXED_WING,FIXED_WING,SELECTED,FIXED_WING,0.0,1.0,0.8,FIXED_WING; VTOL,MULTIROTOR:Multirotor aerodynamic drag severely limits operational range beyond 100 km.,0.9,High aerodynamic lift-to-drag efficiency | Exceptional range capability | High cruise endurance | Wing-borne aerodynamic flight highly efficient for non-vertical launch. | Ideal candidate for long-range mapping and survey (> 30 km). | Excellent wing-borne flight endurance.,QUESTIONABLE,,,,
CASE_STR_CNF_010,CONFLICTING,MILITARY,14.0,195.0,135.0,120.0,False,True,False,False,FOREST,VTOL,VTOL,VTOL,SELECTED,VTOL,0.0,0.0,0.95,MULTIROTOR; VTOL,"FIXED_WING:Conventional fixed-wing aircraft cannot perform vertical takeoff, vertical landing, or sustained hover.",0.95,Combines vertical takeoff with long-range fixed-wing cruise | No runway required | High range and endurance | Optimal choice for vertical takeoff combined with long range (> 30 km).,QUESTIONABLE,,,,
CASE_STR_CNF_011,CONFLICTING,MILITARY,15.0,200.0,140.0,120.0,False,False,False,False,FOREST,FIXED_WING,FIXED_WING,FIXED_WING,SELECTED,FIXED_WING,0.0,1.0,0.8,FIXED_WING; VTOL,MULTIROTOR:Multirotor aerodynamic drag severely limits operational range beyond 100 km.,0.9,High aerodynamic lift-to-drag efficiency | Exceptional range capability | High cruise endurance | Wing-borne aerodynamic flight highly efficient for non-vertical launch. | Ideal candidate for long-range mapping and survey (> 30 km). | Excellent wing-borne flight endurance.,QUESTIONABLE,,,,
CASE_STR_CNF_012,CONFLICTING,MILITARY,16.0,205.0,145.0,120.0,False,True,False,False,FOREST,VTOL,VTOL,VTOL,SELECTED,VTOL,0.0,0.0,0.95,MULTIROTOR; VTOL,"FIXED_WING:Conventional fixed-wing aircraft cannot perform vertical takeoff, vertical landing, or sustained hover.",0.95,Combines vertical takeoff with long-range fixed-wing cruise | No runway required | High range and endurance | Optimal choice for vertical takeoff combined with long range (> 30 km).,QUESTIONABLE,,,,
CASE_STR_CNF_013,CONFLICTING,MILITARY,17.0,210.0,150.0,120.0,False,False,False,False,FOREST,FIXED_WING,FIXED_WING,FIXED_WING,SELECTED,FIXED_WING,0.0,1.0,0.8,FIXED_WING; VTOL,MULTIROTOR:Multirotor aerodynamic drag severely limits operational range beyond 100 km.,0.9,High aerodynamic lift-to-drag efficiency | Exceptional range capability | High cruise endurance | Wing-borne aerodynamic flight highly efficient for non-vertical launch. | Ideal candidate for long-range mapping and survey (> 30 km). | Excellent wing-borne flight endurance.,QUESTIONABLE,,,,
CASE_STR_CNF_014,CONFLICTING,MILITARY,18.0,215.0,155.0,120.0,False,True,False,False,FOREST,VTOL,VTOL,VTOL,SELECTED,VTOL,0.0,0.0,0.95,MULTIROTOR; VTOL,"FIXED_WING:Conventional fixed-wing aircraft cannot perform vertical takeoff, vertical landing, or sustained hover.",0.95,Combines vertical takeoff with long-range fixed-wing cruise | No runway required | High range and endurance | Optimal choice for vertical takeoff combined with long range (> 30 km).,QUESTIONABLE,,,,
CASE_STR_CNF_015,CONFLICTING,MILITARY,19.0,220.0,160.0,120.0,False,False,False,False,FOREST,FIXED_WING,FIXED_WING,FIXED_WING,SELECTED,FIXED_WING,0.0,1.0,0.8,FIXED_WING; VTOL,MULTIROTOR:Multirotor aerodynamic drag severely limits operational range beyond 100 km.,0.9,High aerodynamic lift-to-drag efficiency | Exceptional range capability | High cruise endurance | Wing-borne aerodynamic flight highly efficient for non-vertical launch. | Ideal candidate for long-range mapping and survey (> 30 km). | Excellent wing-borne flight endurance.,QUESTIONABLE,,,,
CASE_STR_CNF_016,CONFLICTING,MILITARY,20.0,225.0,165.0,120.0,False,True,False,False,FOREST,VTOL,VTOL,VTOL,SELECTED,VTOL,0.0,0.0,0.95,MULTIROTOR; VTOL,"FIXED_WING:Conventional fixed-wing aircraft cannot perform vertical takeoff, vertical landing, or sustained hover.",0.95,Combines vertical takeoff with long-range fixed-wing cruise | No runway required | High range and endurance | Optimal choice for vertical takeoff combined with long range (> 30 km).,QUESTIONABLE,,,,
CASE_STR_CNF_017,INFEASIBLE,MILITARY,21.0,230.0,170.0,120.0,False,False,False,False,FOREST,INFEASIBLE,VTOL,VTOL,NO_FEASIBLE_SOLUTION,NONE,0.0,0.0,0.0,,MULTIROTOR:Exceeds physical energy limits; FIXED_WING:Exceeds physical energy limits; VTOL:Exceeds physical energy limits,0.0, ; CONS: Combined heavy payload (21.0 kg) and extended range (230.0 km) exceeds structural MTOW limit.,PASS,,,,
CASE_STR_CNF_018,INFEASIBLE,MILITARY,22.0,235.0,175.0,120.0,False,True,False,False,FOREST,INFEASIBLE,OCTOCOPTER,MULTIROTOR,NO_FEASIBLE_SOLUTION,NONE,0.0,0.0,0.0,,MULTIROTOR:Exceeds physical energy limits; FIXED_WING:Exceeds physical energy limits; VTOL:Exceeds physical energy limits,0.0, ; CONS: Combined heavy payload (22.0 kg) and extended range (235.0 km) exceeds structural MTOW limit.,PASS,,,,
CASE_STR_CNF_019,INFEASIBLE,MILITARY,23.0,240.0,180.0,120.0,False,False,False,False,FOREST,INFEASIBLE,VTOL,VTOL,NO_FEASIBLE_SOLUTION,NONE,0.0,0.0,0.0,,MULTIROTOR:Exceeds physical energy limits; FIXED_WING:Exceeds physical energy limits; VTOL:Exceeds physical energy limits,0.0, ; CONS: Combined heavy payload (23.0 kg) and extended range (240.0 km) exceeds structural MTOW limit.,PASS,,,,
CASE_STR_CNF_020,INFEASIBLE,MILITARY,24.0,245.0,185.0,120.0,False,True,False,False,FOREST,INFEASIBLE,OCTOCOPTER,MULTIROTOR,NO_FEASIBLE_SOLUTION,NONE,0.0,0.0,0.0,,MULTIROTOR:Exceeds physical energy limits; FIXED_WING:Exceeds physical energy limits; VTOL:Exceeds physical energy limits,0.0, ; CONS: Combined heavy payload (24.0 kg) and extended range (245.0 km) exceeds structural MTOW limit.,PASS,,,,
CASE_STR_CNF_021,INFEASIBLE,MILITARY,25.0,250.0,190.0,120.0,False,False,False,False,FOREST,INFEASIBLE,VTOL,VTOL,NO_FEASIBLE_SOLUTION,NONE,0.0,0.0,0.0,,MULTIROTOR:Exceeds physical energy limits; FIXED_WING:Exceeds physical energy limits; VTOL:Exceeds physical energy limits,0.0, ; CONS: Combined heavy payload (25.0 kg) and extended range (250.0 km) exceeds structural MTOW limit.,PASS,,,,
CASE_STR_CNF_022,INFEASIBLE,MILITARY,26.0,255.0,195.0,120.0,False,True,False,False,FOREST,INFEASIBLE,OCTOCOPTER,MULTIROTOR,NO_FEASIBLE_SOLUTION,NONE,0.0,0.0,0.0,,MULTIROTOR:Exceeds physical energy limits; FIXED_WING:Exceeds physical energy limits; VTOL:Exceeds physical energy limits,0.0, ; CONS: Combined heavy payload (26.0 kg) and extended range (255.0 km) exceeds structural MTOW limit.,PASS,,,,
CASE_STR_CNF_023,INFEASIBLE,MILITARY,27.0,260.0,200.0,120.0,False,False,False,False,FOREST,INFEASIBLE,VTOL,VTOL,NO_FEASIBLE_SOLUTION,NONE,0.0,0.0,0.0,,MULTIROTOR:Exceeds physical energy limits; FIXED_WING:Exceeds physical energy limits; VTOL:Exceeds physical energy limits,0.0, ; CONS: Combined heavy payload (27.0 kg) and extended range (260.0 km) exceeds structural MTOW limit.,PASS,,,,
CASE_STR_CNF_024,INFEASIBLE,MILITARY,28.0,265.0,205.0,120.0,False,True,False,False,FOREST,INFEASIBLE,OCTOCOPTER,MULTIROTOR,NO_FEASIBLE_SOLUTION,NONE,0.0,0.0,0.0,,MULTIROTOR:Exceeds physical energy limits; FIXED_WING:Exceeds physical energy limits; VTOL:Exceeds physical energy limits,0.0, ; CONS: Combined heavy payload (28.0 kg) and extended range (265.0 km) exceeds structural MTOW limit.,PASS,,,,
CASE_STR_CNF_025,INFEASIBLE,MILITARY,29.0,270.0,210.0,120.0,False,False,False,False,FOREST,INFEASIBLE,VTOL,VTOL,NO_FEASIBLE_SOLUTION,NONE,0.0,0.0,0.0,,MULTIROTOR:Exceeds physical energy limits; FIXED_WING:Exceeds physical energy limits; VTOL:Exceeds physical energy limits,0.0, ; CONS: Combined heavy payload (29.0 kg) and extended range (270.0 km) exceeds structural MTOW limit.,PASS,,,,
